WY_adj,StormDate,DayofFF,AfterFirstFlush,stratum,StormDOWY_adj,discharge_tf_Δ,sp_cond_Δ,turbidity_Δ,velocity_tf_Δ,water_temp_Δ,FFDOWY_adj,3DayAvgVol_preFF,3DayAvgVol_postFF,NumStorms_postFF,PeakDate,PeakVolume,FFtoPeak_days,PreFFtoPeak_mag,Yr_type_Sac,DSMIndex_FMWT,LFSIndex_FMWT,DSMIndex_PriorWY,LFSIndex_PriorWY,X2
1974,1973-11-12,1973-11-12,FALSE,Cache Slough and Liberty Island,73,NA,NA,NA,NA,NA,73,43491.5702479339,101174.214876033,5,1973-11-19,230284.958677686,7,186793.388429752,W,NA,NA,1145,5896,NA
1974,1973-11-12,1973-11-12,FALSE,Confluence,73,NA,NA,NA,NA,NA,73,43491.5702479339,101174.214876033,5,1973-11-19,230284.958677686,7,186793.388429752,W,NA,NA,1145,5896,NA
1974,1973-11-12,1973-11-12,FALSE,North and South Forks Mokelumne River,73,NA,NA,NA,NA,NA,73,43491.5702479339,101174.214876033,5,1973-11-19,230284.958677686,7,186793.388429752,W,NA,NA,1145,5896,NA
1974,1973-11-12,1973-11-12,FALSE,Out of Bounds,73,NA,NA,NA,NA,NA,73,43491.5702479339,101174.214876033,5,1973-11-19,230284.958677686,7,186793.388429752,W,NA,NA,1145,5896,NA
1974,1973-11-12,1973-11-12,FALSE,Sacramento River Deep Water Ship Channel,73,NA,NA,NA,NA,NA,73,43491.5702479339,101174.214876033,5,1973-11-19,230284.958677686,7,186793.388429752,W,NA,NA,1145,5896,NA
1974,1973-11-12,1973-11-12,FALSE,Sacramento River Mainstem,73,NA,NA,NA,NA,NA,73,43491.5702479339,101174.214876033,5,1973-11-19,230284.958677686,7,186793.388429752,W,NA,NA,1145,5896,NA
1974,1973-11-12,1973-11-12,FALSE,San Pablo Bay and Carquinez Strait,73,NA,NA,NA,NA,NA,73,43491.5702479339,101174.214876033,5,1973-11-19,230284.958677686,7,186793.388429752,W,NA,NA,1145,5896,NA
1974,1973-11-12,1973-11-12,FALSE,South Delta,73,NA,NA,NA,NA,NA,73,43491.5702479339,101174.214876033,5,1973-11-19,230284.958677686,7,186793.388429752,W,NA,NA,1145,5896,NA
1974,1973-11-12,1973-11-12,FALSE,Suisun Marsh and Montezuma Slough,73,NA,NA,NA,NA,NA,73,43491.5702479339,101174.214876033,5,1973-11-19,230284.958677686,7,186793.388429752,W,NA,NA,1145,5896,NA
1974,1973-11-12,1973-11-12,FALSE,Suisun and Honker Bays,73,NA,NA,NA,NA,NA,73,43491.5702479339,101174.214876033,5,1973-11-19,230284.958677686,7,186793.388429752,W,NA,NA,1145,5896,NA
1974,1973-11-12,1973-11-12,FALSE,NA,73,NA,NA,NA,NA,NA,73,43491.5702479339,101174.214876033,5,1973-11-19,230284.958677686,7,186793.388429752,W,NA,NA,1145,5896,NA
1974,1973-12-02,1973-11-12,TRUE,Cache Slough and Liberty Island,93,NA,NA,NA,NA,NA,73,43491.5702479339,101174.214876033,5,1973-11-19,230284.958677686,7,186793.388429752,W,NA,NA,1145,5896,NA
1974,1973-12-02,1973-11-12,TRUE,Confluence,93,NA,NA,NA,NA,NA,73,43491.5702479339,101174.214876033,5,1973-11-19,230284.958677686,7,186793.388429752,W,NA,NA,1145,5896,NA
1974,1973-12-02,1973-11-12,TRUE,North and South Forks Mokelumne River,93,NA,NA,NA,NA,NA,73,43491.5702479339,101174.214876033,5,1973-11-19,230284.958677686,7,186793.388429752,W,NA,NA,1145,5896,NA
1974,1973-12-02,1973-11-12,TRUE,Out of Bounds,93,NA,NA,NA,NA,NA,73,43491.5702479339,101174.214876033,5,1973-11-19,230284.958677686,7,186793.388429752,W,NA,NA,1145,5896,NA
1974,1973-12-02,1973-11-12,TRUE,Sacramento River Deep Water Ship Channel,93,NA,NA,NA,NA,NA,73,43491.5702479339,101174.214876033,5,1973-11-19,230284.958677686,7,186793.388429752,W,NA,NA,1145,5896,NA
1974,1973-12-02,1973-11-12,TRUE,Sacramento River Mainstem,93,NA,NA,NA,NA,NA,73,43491.5702479339,101174.214876033,5,1973-11-19,230284.958677686,7,186793.388429752,W,NA,NA,1145,5896,NA
1974,1973-12-02,1973-11-12,TRUE,Sacramento River Mainstem,93,NA,NA,NA,NA,NA,73,43491.5702479339,101174.214876033,5,1973-11-19,230284.958677686,7,186793.388429752,W,NA,NA,1145,5896,NA
1974,1973-12-02,1973-11-12,TRUE,San Pablo Bay and Carquinez Strait,93,NA,NA,NA,NA,NA,73,43491.5702479339,101174.214876033,5,1973-11-19,230284.958677686,7,186793.388429752,W,NA,NA,1145,5896,NA
1974,1973-12-02,1973-11-12,TRUE,South Delta,93,NA,NA,NA,NA,NA,73,43491.5702479339,101174.214876033,5,1973-11-19,230284.958677686,7,186793.388429752,W,NA,NA,1145,5896,NA
1974,1973-12-02,1973-11-12,TRUE,Suisun Marsh and Montezuma Slough,93,NA,NA,NA,NA,NA,73,43491.5702479339,101174.214876033,5,1973-11-19,230284.958677686,7,186793.388429752,W,NA,NA,1145,5896,NA
1974,1973-12-02,1973-11-12,TRUE,Suisun and Honker Bays,93,NA,NA,NA,NA,NA,73,43491.5702479339,101174.214876033,5,1973-11-19,230284.958677686,7,186793.388429752,W,NA,NA,1145,5896,NA
1974,1973-12-02,1973-11-12,TRUE,NA,93,NA,NA,NA,NA,NA,73,43491.5702479339,101174.214876033,5,1973-11-19,230284.958677686,7,186793.388429752,W,NA,NA,1145,5896,NA
1974,1973-12-30,1973-11-12,TRUE,Cache Slough and Liberty Island,121,NA,NA,NA,NA,NA,73,43491.5702479339,101174.214876033,5,1973-11-19,230284.958677686,7,186793.388429752,W,NA,NA,1145,5896,NA
1974,1973-12-30,1973-11-12,TRUE,Confluence,121,NA,NA,NA,NA,NA,73,43491.5702479339,101174.214876033,5,1973-11-19,230284.958677686,7,186793.388429752,W,NA,NA,1145,5896,NA
1974,1973-12-30,1973-11-12,TRUE,North and South Forks Mokelumne River,121,NA,NA,NA,NA,NA,73,43491.5702479339,101174.214876033,5,1973-11-19,230284.958677686,7,186793.388429752,W,NA,NA,1145,5896,NA
1974,1973-12-30,1973-11-12,TRUE,Out of Bounds,121,NA,NA,NA,NA,NA,73,43491.5702479339,101174.214876033,5,1973-11-19,230284.958677686,7,186793.388429752,W,NA,NA,1145,5896,NA
1974,1973-12-30,1973-11-12,TRUE,Sacramento River Deep Water Ship Channel,121,NA,NA,NA,NA,NA,73,43491.5702479339,101174.214876033,5,1973-11-19,230284.958677686,7,186793.388429752,W,NA,NA,1145,5896,NA
1974,1973-12-30,1973-11-12,TRUE,Sacramento River Mainstem,121,NA,NA,NA,NA,0.09999999999999964,73,43491.5702479339,101174.214876033,5,1973-11-19,230284.958677686,7,186793.388429752,W,NA,NA,1145,5896,NA
1974,1973-12-30,1973-11-12,TRUE,Sacramento River Mainstem,121,NA,NA,NA,NA,NA,73,43491.5702479339,101174.214876033,5,1973-11-19,230284.958677686,7,186793.388429752,W,NA,NA,1145,5896,NA
1974,1973-12-30,1973-11-12,TRUE,San Pablo Bay and Carquinez Strait,121,NA,NA,NA,NA,NA,73,43491.5702479339,101174.214876033,5,1973-11-19,230284.958677686,7,186793.388429752,W,NA,NA,1145,5896,NA
1974,1973-12-30,1973-11-12,TRUE,South Delta,121,NA,NA,NA,NA,NA,73,43491.5702479339,101174.214876033,5,1973-11-19,230284.958677686,7,186793.388429752,W,NA,NA,1145,5896,NA
1974,1973-12-30,1973-11-12,TRUE,Suisun Marsh and Montezuma Slough,121,NA,NA,NA,NA,NA,73,43491.5702479339,101174.214876033,5,1973-11-19,230284.958677686,7,186793.388429752,W,NA,NA,1145,5896,NA
1974,1973-12-30,1973-11-12,TRUE,Suisun and Honker Bays,121,NA,NA,NA,NA,NA,73,43491.5702479339,101174.214876033,5,1973-11-19,230284.958677686,7,186793.388429752,W,NA,NA,1145,5896,NA
1974,1973-12-30,1973-11-12,TRUE,NA,121,NA,NA,NA,NA,NA,73,43491.5702479339,101174.214876033,5,1973-11-19,230284.958677686,7,186793.388429752,W,NA,NA,1145,5896,NA
1974,1974-01-15,1973-11-12,TRUE,Cache Slough and Liberty Island,137,NA,NA,NA,NA,NA,73,43491.5702479339,101174.214876033,5,1973-11-19,230284.958677686,7,186793.388429752,W,NA,NA,1145,5896,NA
1974,1974-01-15,1973-11-12,TRUE,Confluence,137,NA,NA,NA,NA,NA,73,43491.5702479339,101174.214876033,5,1973-11-19,230284.958677686,7,186793.388429752,W,NA,NA,1145,5896,NA
1974,1974-01-15,1973-11-12,TRUE,North and South Forks Mokelumne River,137,NA,NA,NA,NA,NA,73,43491.5702479339,101174.214876033,5,1973-11-19,230284.958677686,7,186793.388429752,W,NA,NA,1145,5896,NA
1974,1974-01-15,1973-11-12,TRUE,Out of Bounds,137,NA,NA,NA,NA,NA,73,43491.5702479339,101174.214876033,5,1973-11-19,230284.958677686,7,186793.388429752,W,NA,NA,1145,5896,NA
1974,1974-01-15,1973-11-12,TRUE,Sacramento River Deep Water Ship Channel,137,NA,NA,NA,NA,NA,73,43491.5702479339,101174.214876033,5,1973-11-19,230284.958677686,7,186793.388429752,W,NA,NA,1145,5896,NA
1974,1974-01-15,1973-11-12,TRUE,Sacramento River Mainstem,137,NA,NA,NA,NA,1.0666666666666664,73,43491.5702479339,101174.214876033,5,1973-11-19,230284.958677686,7,186793.388429752,W,NA,NA,1145,5896,NA
1974,1974-01-15,1973-11-12,TRUE,Sacramento River Mainstem,137,NA,NA,NA,NA,NA,73,43491.5702479339,101174.214876033,5,1973-11-19,230284.958677686,7,186793.388429752,W,NA,NA,1145,5896,NA
1974,1974-01-15,1973-11-12,TRUE,San Pablo Bay and Carquinez Strait,137,NA,NA,NA,NA,NA,73,43491.5702479339,101174.214876033,5,1973-11-19,230284.958677686,7,186793.388429752,W,NA,NA,1145,5896,NA
1974,1974-01-15,1973-11-12,TRUE,South Delta,137,NA,NA,NA,NA,NA,73,43491.5702479339,101174.214876033,5,1973-11-19,230284.958677686,7,186793.388429752,W,NA,NA,1145,5896,NA
1974,1974-01-15,1973-11-12,TRUE,Suisun Marsh and Montezuma Slough,137,NA,NA,NA,NA,NA,73,43491.5702479339,101174.214876033,5,1973-11-19,230284.958677686,7,186793.388429752,W,NA,NA,1145,5896,NA
1974,1974-01-15,1973-11-12,TRUE,Suisun and Honker Bays,137,NA,NA,NA,NA,NA,73,43491.5702479339,101174.214876033,5,1973-11-19,230284.958677686,7,186793.388429752,W,NA,NA,1145,5896,NA
1974,1974-01-15,1973-11-12,TRUE,NA,137,NA,NA,NA,NA,NA,73,43491.5702479339,101174.214876033,5,1973-11-19,230284.958677686,7,186793.388429752,W,NA,NA,1145,5896,NA
1974,1974-03-02,1973-11-12,TRUE,Cache Slough and Liberty Island,183,NA,NA,NA,NA,NA,73,43491.5702479339,101174.214876033,5,1973-11-19,230284.958677686,7,186793.388429752,W,NA,NA,1145,5896,NA
1974,1974-03-02,1973-11-12,TRUE,Confluence,183,NA,NA,NA,NA,NA,73,43491.5702479339,101174.214876033,5,1973-11-19,230284.958677686,7,186793.388429752,W,NA,NA,1145,5896,NA
1974,1974-03-02,1973-11-12,TRUE,North and South Forks Mokelumne River,183,NA,NA,NA,NA,NA,73,43491.5702479339,101174.214876033,5,1973-11-19,230284.958677686,7,186793.388429752,W,NA,NA,1145,5896,NA
1974,1974-03-02,1973-11-12,TRUE,Out of Bounds,183,NA,NA,NA,NA,NA,73,43491.5702479339,101174.214876033,5,1973-11-19,230284.958677686,7,186793.388429752,W,NA,NA,1145,5896,NA
1974,1974-03-02,1973-11-12,TRUE,Sacramento River Deep Water Ship Channel,183,NA,NA,NA,NA,NA,73,43491.5702479339,101174.214876033,5,1973-11-19,230284.958677686,7,186793.388429752,W,NA,NA,1145,5896,NA
1974,1974-03-02,1973-11-12,TRUE,Sacramento River Mainstem,183,NA,NA,NA,NA,NA,73,43491.5702479339,101174.214876033,5,1973-11-19,230284.958677686,7,186793.388429752,W,NA,NA,1145,5896,NA
1974,1974-03-02,1973-11-12,TRUE,San Pablo Bay and Carquinez Strait,183,NA,NA,NA,NA,NA,73,43491.5702479339,101174.214876033,5,1973-11-19,230284.958677686,7,186793.388429752,W,NA,NA,1145,5896,NA
1974,1974-03-02,1973-11-12,TRUE,South Delta,183,NA,NA,NA,NA,NA,73,43491.5702479339,101174.214876033,5,1973-11-19,230284.958677686,7,186793.388429752,W,NA,NA,1145,5896,NA
1974,1974-03-02,1973-11-12,TRUE,Suisun Marsh and Montezuma Slough,183,NA,NA,NA,NA,NA,73,43491.5702479339,101174.214876033,5,1973-11-19,230284.958677686,7,186793.388429752,W,NA,NA,1145,5896,NA
1974,1974-03-02,1973-11-12,TRUE,Suisun and Honker Bays,183,NA,NA,NA,NA,NA,73,43491.5702479339,101174.214876033,5,1973-11-19,230284.958677686,7,186793.388429752,W,NA,NA,1145,5896,NA
1974,1974-03-02,1973-11-12,TRUE,NA,183,NA,NA,NA,NA,NA,73,43491.5702479339,101174.214876033,5,1973-11-19,230284.958677686,7,186793.388429752,W,NA,NA,1145,5896,NA
1974,1974-03-30,1973-11-12,TRUE,Cache Slough and Liberty Island,211,NA,NA,NA,NA,NA,73,43491.5702479339,101174.214876033,5,1973-11-19,230284.958677686,7,186793.388429752,W,NA,NA,1145,5896,NA
1974,1974-03-30,1973-11-12,TRUE,Confluence,211,NA,NA,NA,NA,NA,73,43491.5702479339,101174.214876033,5,1973-11-19,230284.958677686,7,186793.388429752,W,NA,NA,1145,5896,NA
1974,1974-03-30,1973-11-12,TRUE,North and South Forks Mokelumne River,211,NA,NA,NA,NA,NA,73,43491.5702479339,101174.214876033,5,1973-11-19,230284.958677686,7,186793.388429752,W,NA,NA,1145,5896,NA
1974,1974-03-30,1973-11-12,TRUE,Out of Bounds,211,NA,NA,NA,NA,NA,73,43491.5702479339,101174.214876033,5,1973-11-19,230284.958677686,7,186793.388429752,W,NA,NA,1145,5896,NA
1974,1974-03-30,1973-11-12,TRUE,Sacramento River Deep Water Ship Channel,211,NA,NA,NA,NA,NA,73,43491.5702479339,101174.214876033,5,1973-11-19,230284.958677686,7,186793.388429752,W,NA,NA,1145,5896,NA
1974,1974-03-30,1973-11-12,TRUE,Sacramento River Mainstem,211,NA,NA,NA,NA,NA,73,43491.5702479339,101174.214876033,5,1973-11-19,230284.958677686,7,186793.388429752,W,NA,NA,1145,5896,NA
1974,1974-03-30,1973-11-12,TRUE,San Pablo Bay and Carquinez Strait,211,NA,NA,NA,NA,NA,73,43491.5702479339,101174.214876033,5,1973-11-19,230284.958677686,7,186793.388429752,W,NA,NA,1145,5896,NA
1974,1974-03-30,1973-11-12,TRUE,South Delta,211,NA,NA,NA,NA,NA,73,43491.5702479339,101174.214876033,5,1973-11-19,230284.958677686,7,186793.388429752,W,NA,NA,1145,5896,NA
1974,1974-03-30,1973-11-12,TRUE,Suisun Marsh and Montezuma Slough,211,NA,NA,NA,NA,NA,73,43491.5702479339,101174.214876033,5,1973-11-19,230284.958677686,7,186793.388429752,W,NA,NA,1145,5896,NA
1974,1974-03-30,1973-11-12,TRUE,Suisun and Honker Bays,211,NA,NA,NA,NA,NA,73,43491.5702479339,101174.214876033,5,1973-11-19,230284.958677686,7,186793.388429752,W,NA,NA,1145,5896,NA
1974,1974-03-30,1973-11-12,TRUE,NA,211,NA,NA,NA,NA,NA,73,43491.5702479339,101174.214876033,5,1973-11-19,230284.958677686,7,186793.388429752,W,NA,NA,1145,5896,NA
1975,1975-02-02,1975-02-02,FALSE,Cache Slough and Liberty Island,155,NA,NA,NA,NA,NA,155,32774.2148760331,70170.5785123967,5,1975-02-16,185559.669421488,14,152785.454545455,W,697,2819,NA,NA,NA
1975,1975-02-02,1975-02-02,FALSE,Confluence,155,NA,NA,NA,NA,NA,155,32774.2148760331,70170.5785123967,5,1975-02-16,185559.669421488,14,152785.454545455,W,697,2819,NA,NA,NA
1975,1975-02-02,1975-02-02,FALSE,North and South Forks Mokelumne River,155,NA,NA,NA,NA,NA,155,32774.2148760331,70170.5785123967,5,1975-02-16,185559.669421488,14,152785.454545455,W,697,2819,NA,NA,NA
1975,1975-02-02,1975-02-02,FALSE,Out of Bounds,155,NA,NA,NA,NA,NA,155,32774.2148760331,70170.5785123967,5,1975-02-16,185559.669421488,14,152785.454545455,W,697,2819,NA,NA,NA
1975,1975-02-02,1975-02-02,FALSE,Sacramento River Deep Water Ship Channel,155,NA,NA,NA,NA,NA,155,32774.2148760331,70170.5785123967,5,1975-02-16,185559.669421488,14,152785.454545455,W,697,2819,NA,NA,NA
1975,1975-02-02,1975-02-02,FALSE,Sacramento River Mainstem,155,NA,NA,NA,NA,NA,155,32774.2148760331,70170.5785123967,5,1975-02-16,185559.669421488,14,152785.454545455,W,697,2819,NA,NA,NA
1975,1975-02-02,1975-02-02,FALSE,San Pablo Bay and Carquinez Strait,155,NA,NA,NA,NA,NA,155,32774.2148760331,70170.5785123967,5,1975-02-16,185559.669421488,14,152785.454545455,W,697,2819,NA,NA,NA
1975,1975-02-02,1975-02-02,FALSE,South Delta,155,NA,NA,NA,NA,NA,155,32774.2148760331,70170.5785123967,5,1975-02-16,185559.669421488,14,152785.454545455,W,697,2819,NA,NA,NA
1975,1975-02-02,1975-02-02,FALSE,Suisun Marsh and Montezuma Slough,155,NA,NA,NA,NA,NA,155,32774.2148760331,70170.5785123967,5,1975-02-16,185559.669421488,14,152785.454545455,W,697,2819,NA,NA,NA
1975,1975-02-02,1975-02-02,FALSE,Suisun and Honker Bays,155,NA,NA,NA,NA,NA,155,32774.2148760331,70170.5785123967,5,1975-02-16,185559.669421488,14,152785.454545455,W,697,2819,NA,NA,NA
1975,1975-02-02,1975-02-02,FALSE,NA,155,NA,NA,NA,NA,NA,155,32774.2148760331,70170.5785123967,5,1975-02-16,185559.669421488,14,152785.454545455,W,697,2819,NA,NA,NA
1975,1975-02-09,1975-02-02,TRUE,Cache Slough and Liberty Island,162,NA,NA,NA,NA,NA,155,32774.2148760331,70170.5785123967,5,1975-02-16,185559.669421488,14,152785.454545455,W,697,2819,NA,NA,NA
1975,1975-02-09,1975-02-02,TRUE,Confluence,162,NA,NA,NA,NA,NA,155,32774.2148760331,70170.5785123967,5,1975-02-16,185559.669421488,14,152785.454545455,W,697,2819,NA,NA,NA
1975,1975-02-09,1975-02-02,TRUE,North and South Forks Mokelumne River,162,NA,NA,NA,NA,NA,155,32774.2148760331,70170.5785123967,5,1975-02-16,185559.669421488,14,152785.454545455,W,697,2819,NA,NA,NA
1975,1975-02-09,1975-02-02,TRUE,Out of Bounds,162,NA,NA,NA,NA,NA,155,32774.2148760331,70170.5785123967,5,1975-02-16,185559.669421488,14,152785.454545455,W,697,2819,NA,NA,NA
1975,1975-02-09,1975-02-02,TRUE,Sacramento River Deep Water Ship Channel,162,NA,NA,NA,NA,NA,155,32774.2148760331,70170.5785123967,5,1975-02-16,185559.669421488,14,152785.454545455,W,697,2819,NA,NA,NA
1975,1975-02-09,1975-02-02,TRUE,Sacramento River Mainstem,162,NA,NA,NA,NA,NA,155,32774.2148760331,70170.5785123967,5,1975-02-16,185559.669421488,14,152785.454545455,W,697,2819,NA,NA,NA
1975,1975-02-09,1975-02-02,TRUE,San Pablo Bay and Carquinez Strait,162,NA,NA,NA,NA,NA,155,32774.2148760331,70170.5785123967,5,1975-02-16,185559.669421488,14,152785.454545455,W,697,2819,NA,NA,NA
1975,1975-02-09,1975-02-02,TRUE,South Delta,162,NA,NA,NA,NA,NA,155,32774.2148760331,70170.5785123967,5,1975-02-16,185559.669421488,14,152785.454545455,W,697,2819,NA,NA,NA
1975,1975-02-09,1975-02-02,TRUE,Suisun Marsh and Montezuma Slough,162,NA,NA,NA,NA,NA,155,32774.2148760331,70170.5785123967,5,1975-02-16,185559.669421488,14,152785.454545455,W,697,2819,NA,NA,NA
1975,1975-02-09,1975-02-02,TRUE,Suisun and Honker Bays,162,NA,NA,NA,NA,NA,155,32774.2148760331,70170.5785123967,5,1975-02-16,185559.669421488,14,152785.454545455,W,697,2819,NA,NA,NA
1975,1975-02-09,1975-02-02,TRUE,NA,162,NA,NA,NA,NA,NA,155,32774.2148760331,70170.5785123967,5,1975-02-16,185559.669421488,14,152785.454545455,W,697,2819,NA,NA,NA
1975,1975-02-13,1975-02-02,TRUE,Cache Slough and Liberty Island,166,NA,NA,NA,NA,NA,155,32774.2148760331,70170.5785123967,5,1975-02-16,185559.669421488,14,152785.454545455,W,697,2819,NA,NA,NA
1975,1975-02-13,1975-02-02,TRUE,Confluence,166,NA,NA,NA,NA,NA,155,32774.2148760331,70170.5785123967,5,1975-02-16,185559.669421488,14,152785.454545455,W,697,2819,NA,NA,NA
1975,1975-02-13,1975-02-02,TRUE,North and South Forks Mokelumne River,166,NA,NA,NA,NA,NA,155,32774.2148760331,70170.5785123967,5,1975-02-16,185559.669421488,14,152785.454545455,W,697,2819,NA,NA,NA
1975,1975-02-13,1975-02-02,TRUE,Out of Bounds,166,NA,NA,NA,NA,NA,155,32774.2148760331,70170.5785123967,5,1975-02-16,185559.669421488,14,152785.454545455,W,697,2819,NA,NA,NA
1975,1975-02-13,1975-02-02,TRUE,Sacramento River Deep Water Ship Channel,166,NA,NA,NA,NA,NA,155,32774.2148760331,70170.5785123967,5,1975-02-16,185559.669421488,14,152785.454545455,W,697,2819,NA,NA,NA
1975,1975-02-13,1975-02-02,TRUE,Sacramento River Mainstem,166,NA,NA,NA,NA,NA,155,32774.2148760331,70170.5785123967,5,1975-02-16,185559.669421488,14,152785.454545455,W,697,2819,NA,NA,NA
1975,1975-02-13,1975-02-02,TRUE,San Pablo Bay and Carquinez Strait,166,NA,NA,NA,NA,NA,155,32774.2148760331,70170.5785123967,5,1975-02-16,185559.669421488,14,152785.454545455,W,697,2819,NA,NA,NA
1975,1975-02-13,1975-02-02,TRUE,South Delta,166,NA,NA,NA,NA,NA,155,32774.2148760331,70170.5785123967,5,1975-02-16,185559.669421488,14,152785.454545455,W,697,2819,NA,NA,NA
1975,1975-02-13,1975-02-02,TRUE,Suisun Marsh and Montezuma Slough,166,NA,NA,NA,NA,NA,155,32774.2148760331,70170.5785123967,5,1975-02-16,185559.669421488,14,152785.454545455,W,697,2819,NA,NA,NA
1975,1975-02-13,1975-02-02,TRUE,Suisun and Honker Bays,166,NA,NA,NA,NA,NA,155,32774.2148760331,70170.5785123967,5,1975-02-16,185559.669421488,14,152785.454545455,W,697,2819,NA,NA,NA
1975,1975-02-13,1975-02-02,TRUE,NA,166,NA,NA,NA,NA,NA,155,32774.2148760331,70170.5785123967,5,1975-02-16,185559.669421488,14,152785.454545455,W,697,2819,NA,NA,NA
1975,1975-03-09,1975-02-02,TRUE,Cache Slough and Liberty Island,190,NA,NA,NA,NA,NA,155,32774.2148760331,70170.5785123967,5,1975-02-16,185559.669421488,14,152785.454545455,W,697,2819,NA,NA,NA
1975,1975-03-09,1975-02-02,TRUE,Confluence,190,NA,NA,NA,NA,NA,155,32774.2148760331,70170.5785123967,5,1975-02-16,185559.669421488,14,152785.454545455,W,697,2819,NA,NA,NA
1975,1975-03-09,1975-02-02,TRUE,North and South Forks Mokelumne River,190,NA,NA,NA,NA,NA,155,32774.2148760331,70170.5785123967,5,1975-02-16,185559.669421488,14,152785.454545455,W,697,2819,NA,NA,NA
1975,1975-03-09,1975-02-02,TRUE,Out of Bounds,190,NA,NA,NA,NA,NA,155,32774.2148760331,70170.5785123967,5,1975-02-16,185559.669421488,14,152785.454545455,W,697,2819,NA,NA,NA
1975,1975-03-09,1975-02-02,TRUE,Sacramento River Deep Water Ship Channel,190,NA,NA,NA,NA,NA,155,32774.2148760331,70170.5785123967,5,1975-02-16,185559.669421488,14,152785.454545455,W,697,2819,NA,NA,NA
1975,1975-03-09,1975-02-02,TRUE,Sacramento River Mainstem,190,NA,NA,NA,NA,NA,155,32774.2148760331,70170.5785123967,5,1975-02-16,185559.669421488,14,152785.454545455,W,697,2819,NA,NA,NA
1975,1975-03-09,1975-02-02,TRUE,San Pablo Bay and Carquinez Strait,190,NA,NA,NA,NA,NA,155,32774.2148760331,70170.5785123967,5,1975-02-16,185559.669421488,14,152785.454545455,W,697,2819,NA,NA,NA
1975,1975-03-09,1975-02-02,TRUE,South Delta,190,NA,NA,NA,NA,NA,155,32774.2148760331,70170.5785123967,5,1975-02-16,185559.669421488,14,152785.454545455,W,697,2819,NA,NA,NA
1975,1975-03-09,1975-02-02,TRUE,Suisun Marsh and Montezuma Slough,190,NA,NA,NA,NA,NA,155,32774.2148760331,70170.5785123967,5,1975-02-16,185559.669421488,14,152785.454545455,W,697,2819,NA,NA,NA
1975,1975-03-09,1975-02-02,TRUE,Suisun and Honker Bays,190,NA,NA,NA,NA,NA,155,32774.2148760331,70170.5785123967,5,1975-02-16,185559.669421488,14,152785.454545455,W,697,2819,NA,NA,NA
1975,1975-03-09,1975-02-02,TRUE,NA,190,NA,NA,NA,NA,NA,155,32774.2148760331,70170.5785123967,5,1975-02-16,185559.669421488,14,152785.454545455,W,697,2819,NA,NA,NA
1975,1975-03-12,1975-02-02,TRUE,Cache Slough and Liberty Island,193,NA,NA,NA,NA,NA,155,32774.2148760331,70170.5785123967,5,1975-02-16,185559.669421488,14,152785.454545455,W,697,2819,NA,NA,NA
1975,1975-03-12,1975-02-02,TRUE,Confluence,193,NA,NA,NA,NA,NA,155,32774.2148760331,70170.5785123967,5,1975-02-16,185559.669421488,14,152785.454545455,W,697,2819,NA,NA,NA
1975,1975-03-12,1975-02-02,TRUE,North and South Forks Mokelumne River,193,NA,NA,NA,NA,NA,155,32774.2148760331,70170.5785123967,5,1975-02-16,185559.669421488,14,152785.454545455,W,697,2819,NA,NA,NA
1975,1975-03-12,1975-02-02,TRUE,Out of Bounds,193,NA,NA,NA,NA,NA,155,32774.2148760331,70170.5785123967,5,1975-02-16,185559.669421488,14,152785.454545455,W,697,2819,NA,NA,NA
1975,1975-03-12,1975-02-02,TRUE,Sacramento River Deep Water Ship Channel,193,NA,NA,NA,NA,NA,155,32774.2148760331,70170.5785123967,5,1975-02-16,185559.669421488,14,152785.454545455,W,697,2819,NA,NA,NA
1975,1975-03-12,1975-02-02,TRUE,Sacramento River Mainstem,193,NA,NA,NA,NA,NA,155,32774.2148760331,70170.5785123967,5,1975-02-16,185559.669421488,14,152785.454545455,W,697,2819,NA,NA,NA
1975,1975-03-12,1975-02-02,TRUE,San Pablo Bay and Carquinez Strait,193,NA,NA,NA,NA,NA,155,32774.2148760331,70170.5785123967,5,1975-02-16,185559.669421488,14,152785.454545455,W,697,2819,NA,NA,NA
1975,1975-03-12,1975-02-02,TRUE,South Delta,193,NA,NA,NA,NA,NA,155,32774.2148760331,70170.5785123967,5,1975-02-16,185559.669421488,14,152785.454545455,W,697,2819,NA,NA,NA
1975,1975-03-12,1975-02-02,TRUE,Suisun Marsh and Montezuma Slough,193,NA,NA,NA,NA,NA,155,32774.2148760331,70170.5785123967,5,1975-02-16,185559.669421488,14,152785.454545455,W,697,2819,NA,NA,NA
1975,1975-03-12,1975-02-02,TRUE,Suisun and Honker Bays,193,NA,NA,NA,NA,NA,155,32774.2148760331,70170.5785123967,5,1975-02-16,185559.669421488,14,152785.454545455,W,697,2819,NA,NA,NA
1975,1975-03-12,1975-02-02,TRUE,NA,193,NA,NA,NA,NA,NA,155,32774.2148760331,70170.5785123967,5,1975-02-16,185559.669421488,14,152785.454545455,W,697,2819,NA,NA,NA
1975,1975-03-21,1975-02-02,TRUE,Cache Slough and Liberty Island,202,NA,NA,NA,NA,NA,155,32774.2148760331,70170.5785123967,5,1975-02-16,185559.669421488,14,152785.454545455,W,697,2819,NA,NA,NA
1975,1975-03-21,1975-02-02,TRUE,Confluence,202,NA,NA,NA,NA,NA,155,32774.2148760331,70170.5785123967,5,1975-02-16,185559.669421488,14,152785.454545455,W,697,2819,NA,NA,NA
1975,1975-03-21,1975-02-02,TRUE,North and South Forks Mokelumne River,202,NA,NA,NA,NA,NA,155,32774.2148760331,70170.5785123967,5,1975-02-16,185559.669421488,14,152785.454545455,W,697,2819,NA,NA,NA
1975,1975-03-21,1975-02-02,TRUE,Out of Bounds,202,NA,NA,NA,NA,NA,155,32774.2148760331,70170.5785123967,5,1975-02-16,185559.669421488,14,152785.454545455,W,697,2819,NA,NA,NA
1975,1975-03-21,1975-02-02,TRUE,Sacramento River Deep Water Ship Channel,202,NA,NA,NA,NA,NA,155,32774.2148760331,70170.5785123967,5,1975-02-16,185559.669421488,14,152785.454545455,W,697,2819,NA,NA,NA
1975,1975-03-21,1975-02-02,TRUE,Sacramento River Mainstem,202,NA,NA,NA,NA,NA,155,32774.2148760331,70170.5785123967,5,1975-02-16,185559.669421488,14,152785.454545455,W,697,2819,NA,NA,NA
1975,1975-03-21,1975-02-02,TRUE,San Pablo Bay and Carquinez Strait,202,NA,NA,NA,NA,NA,155,32774.2148760331,70170.5785123967,5,1975-02-16,185559.669421488,14,152785.454545455,W,697,2819,NA,NA,NA
1975,1975-03-21,1975-02-02,TRUE,South Delta,202,NA,NA,NA,NA,NA,155,32774.2148760331,70170.5785123967,5,1975-02-16,185559.669421488,14,152785.454545455,W,697,2819,NA,NA,NA
1975,1975-03-21,1975-02-02,TRUE,Suisun Marsh and Montezuma Slough,202,NA,NA,NA,NA,NA,155,32774.2148760331,70170.5785123967,5,1975-02-16,185559.669421488,14,152785.454545455,W,697,2819,NA,NA,NA
1975,1975-03-21,1975-02-02,TRUE,Suisun and Honker Bays,202,NA,NA,NA,NA,NA,155,32774.2148760331,70170.5785123967,5,1975-02-16,185559.669421488,14,152785.454545455,W,697,2819,NA,NA,NA
1975,1975-03-21,1975-02-02,TRUE,NA,202,NA,NA,NA,NA,NA,155,32774.2148760331,70170.5785123967,5,1975-02-16,185559.669421488,14,152785.454545455,W,697,2819,NA,NA,NA
1978,1977-12-17,1977-12-17,FALSE,Cache Slough and Liberty Island,108,NA,NA,NA,NA,NA,108,17190.0826446281,40264.4628099174,5,1977-12-25,45421.4876033058,8,28231.4049586777,AN,572,6619,480,210,NA
1978,1977-12-17,1977-12-17,FALSE,Confluence,108,NA,NA,NA,NA,NA,108,17190.0826446281,40264.4628099174,5,1977-12-25,45421.4876033058,8,28231.4049586777,AN,572,6619,480,210,NA
1978,1977-12-17,1977-12-17,FALSE,North and South Forks Mokelumne River,108,NA,NA,NA,NA,NA,108,17190.0826446281,40264.4628099174,5,1977-12-25,45421.4876033058,8,28231.4049586777,AN,572,6619,480,210,NA
1978,1977-12-17,1977-12-17,FALSE,Out of Bounds,108,NA,NA,NA,NA,NA,108,17190.0826446281,40264.4628099174,5,1977-12-25,45421.4876033058,8,28231.4049586777,AN,572,6619,480,210,NA
1978,1977-12-17,1977-12-17,FALSE,Sacramento River Deep Water Ship Channel,108,NA,NA,NA,NA,NA,108,17190.0826446281,40264.4628099174,5,1977-12-25,45421.4876033058,8,28231.4049586777,AN,572,6619,480,210,NA
1978,1977-12-17,1977-12-17,FALSE,Sacramento River Mainstem,108,NA,NA,NA,NA,NA,108,17190.0826446281,40264.4628099174,5,1977-12-25,45421.4876033058,8,28231.4049586777,AN,572,6619,480,210,NA
1978,1977-12-17,1977-12-17,FALSE,San Pablo Bay and Carquinez Strait,108,NA,NA,NA,NA,NA,108,17190.0826446281,40264.4628099174,5,1977-12-25,45421.4876033058,8,28231.4049586777,AN,572,6619,480,210,NA
1978,1977-12-17,1977-12-17,FALSE,South Delta,108,NA,NA,NA,NA,NA,108,17190.0826446281,40264.4628099174,5,1977-12-25,45421.4876033058,8,28231.4049586777,AN,572,6619,480,210,NA
1978,1977-12-17,1977-12-17,FALSE,Suisun Marsh and Montezuma Slough,108,NA,NA,NA,NA,NA,108,17190.0826446281,40264.4628099174,5,1977-12-25,45421.4876033058,8,28231.4049586777,AN,572,6619,480,210,NA
1978,1977-12-17,1977-12-17,FALSE,Suisun and Honker Bays,108,NA,NA,NA,NA,NA,108,17190.0826446281,40264.4628099174,5,1977-12-25,45421.4876033058,8,28231.4049586777,AN,572,6619,480,210,NA
1978,1977-12-17,1977-12-17,FALSE,NA,108,NA,NA,NA,NA,NA,108,17190.0826446281,40264.4628099174,5,1977-12-25,45421.4876033058,8,28231.4049586777,AN,572,6619,480,210,NA
1978,1977-12-25,1977-12-17,TRUE,Cache Slough and Liberty Island,116,NA,NA,NA,NA,NA,108,17190.0826446281,40264.4628099174,5,1977-12-25,45421.4876033058,8,28231.4049586777,AN,572,6619,480,210,NA
1978,1977-12-25,1977-12-17,TRUE,Confluence,116,NA,NA,NA,NA,NA,108,17190.0826446281,40264.4628099174,5,1977-12-25,45421.4876033058,8,28231.4049586777,AN,572,6619,480,210,NA
1978,1977-12-25,1977-12-17,TRUE,North and South Forks Mokelumne River,116,NA,NA,NA,NA,NA,108,17190.0826446281,40264.4628099174,5,1977-12-25,45421.4876033058,8,28231.4049586777,AN,572,6619,480,210,NA
1978,1977-12-25,1977-12-17,TRUE,Out of Bounds,116,NA,NA,NA,NA,NA,108,17190.0826446281,40264.4628099174,5,1977-12-25,45421.4876033058,8,28231.4049586777,AN,572,6619,480,210,NA
1978,1977-12-25,1977-12-17,TRUE,Sacramento River Deep Water Ship Channel,116,NA,NA,NA,NA,NA,108,17190.0826446281,40264.4628099174,5,1977-12-25,45421.4876033058,8,28231.4049586777,AN,572,6619,480,210,NA
1978,1977-12-25,1977-12-17,TRUE,Sacramento River Mainstem,116,NA,NA,NA,NA,NA,108,17190.0826446281,40264.4628099174,5,1977-12-25,45421.4876033058,8,28231.4049586777,AN,572,6619,480,210,NA
1978,1977-12-25,1977-12-17,TRUE,San Pablo Bay and Carquinez Strait,116,NA,NA,NA,NA,NA,108,17190.0826446281,40264.4628099174,5,1977-12-25,45421.4876033058,8,28231.4049586777,AN,572,6619,480,210,NA
1978,1977-12-25,1977-12-17,TRUE,South Delta,116,NA,NA,NA,NA,NA,108,17190.0826446281,40264.4628099174,5,1977-12-25,45421.4876033058,8,28231.4049586777,AN,572,6619,480,210,NA
1978,1977-12-25,1977-12-17,TRUE,Suisun Marsh and Montezuma Slough,116,NA,NA,NA,NA,NA,108,17190.0826446281,40264.4628099174,5,1977-12-25,45421.4876033058,8,28231.4049586777,AN,572,6619,480,210,NA
1978,1977-12-25,1977-12-17,TRUE,Suisun and Honker Bays,116,NA,NA,NA,NA,NA,108,17190.0826446281,40264.4628099174,5,1977-12-25,45421.4876033058,8,28231.4049586777,AN,572,6619,480,210,NA
1978,1977-12-25,1977-12-17,TRUE,NA,116,NA,NA,NA,NA,NA,108,17190.0826446281,40264.4628099174,5,1977-12-25,45421.4876033058,8,28231.4049586777,AN,572,6619,480,210,NA
1978,1978-01-06,1977-12-17,TRUE,Cache Slough and Liberty Island,128,NA,NA,NA,NA,NA,108,17190.0826446281,40264.4628099174,5,1977-12-25,45421.4876033058,8,28231.4049586777,AN,572,6619,480,210,NA
1978,1978-01-06,1977-12-17,TRUE,Confluence,128,NA,NA,NA,NA,NA,108,17190.0826446281,40264.4628099174,5,1977-12-25,45421.4876033058,8,28231.4049586777,AN,572,6619,480,210,NA
1978,1978-01-06,1977-12-17,TRUE,North and South Forks Mokelumne River,128,NA,NA,NA,NA,NA,108,17190.0826446281,40264.4628099174,5,1977-12-25,45421.4876033058,8,28231.4049586777,AN,572,6619,480,210,NA
1978,1978-01-06,1977-12-17,TRUE,Out of Bounds,128,NA,NA,NA,NA,NA,108,17190.0826446281,40264.4628099174,5,1977-12-25,45421.4876033058,8,28231.4049586777,AN,572,6619,480,210,NA
1978,1978-01-06,1977-12-17,TRUE,Sacramento River Deep Water Ship Channel,128,NA,NA,NA,NA,NA,108,17190.0826446281,40264.4628099174,5,1977-12-25,45421.4876033058,8,28231.4049586777,AN,572,6619,480,210,NA
1978,1978-01-06,1977-12-17,TRUE,Sacramento River Mainstem,128,NA,NA,NA,NA,NA,108,17190.0826446281,40264.4628099174,5,1977-12-25,45421.4876033058,8,28231.4049586777,AN,572,6619,480,210,NA
1978,1978-01-06,1977-12-17,TRUE,San Pablo Bay and Carquinez Strait,128,NA,NA,NA,NA,NA,108,17190.0826446281,40264.4628099174,5,1977-12-25,45421.4876033058,8,28231.4049586777,AN,572,6619,480,210,NA
1978,1978-01-06,1977-12-17,TRUE,South Delta,128,NA,NA,NA,NA,NA,108,17190.0826446281,40264.4628099174,5,1977-12-25,45421.4876033058,8,28231.4049586777,AN,572,6619,480,210,NA
1978,1978-01-06,1977-12-17,TRUE,Suisun Marsh and Montezuma Slough,128,NA,NA,NA,NA,NA,108,17190.0826446281,40264.4628099174,5,1977-12-25,45421.4876033058,8,28231.4049586777,AN,572,6619,480,210,NA
1978,1978-01-06,1977-12-17,TRUE,Suisun and Honker Bays,128,NA,NA,NA,NA,NA,108,17190.0826446281,40264.4628099174,5,1977-12-25,45421.4876033058,8,28231.4049586777,AN,572,6619,480,210,NA
1978,1978-01-06,1977-12-17,TRUE,NA,128,NA,NA,NA,NA,NA,108,17190.0826446281,40264.4628099174,5,1977-12-25,45421.4876033058,8,28231.4049586777,AN,572,6619,480,210,NA
1978,1978-01-13,1977-12-17,TRUE,Cache Slough and Liberty Island,135,NA,NA,NA,NA,NA,108,17190.0826446281,40264.4628099174,5,1977-12-25,45421.4876033058,8,28231.4049586777,AN,572,6619,480,210,NA
1978,1978-01-13,1977-12-17,TRUE,Confluence,135,NA,NA,NA,NA,NA,108,17190.0826446281,40264.4628099174,5,1977-12-25,45421.4876033058,8,28231.4049586777,AN,572,6619,480,210,NA
1978,1978-01-13,1977-12-17,TRUE,North and South Forks Mokelumne River,135,NA,NA,NA,NA,NA,108,17190.0826446281,40264.4628099174,5,1977-12-25,45421.4876033058,8,28231.4049586777,AN,572,6619,480,210,NA
1978,1978-01-13,1977-12-17,TRUE,Out of Bounds,135,NA,NA,NA,NA,NA,108,17190.0826446281,40264.4628099174,5,1977-12-25,45421.4876033058,8,28231.4049586777,AN,572,6619,480,210,NA
1978,1978-01-13,1977-12-17,TRUE,Sacramento River Deep Water Ship Channel,135,NA,NA,NA,NA,NA,108,17190.0826446281,40264.4628099174,5,1977-12-25,45421.4876033058,8,28231.4049586777,AN,572,6619,480,210,NA
1978,1978-01-13,1977-12-17,TRUE,Sacramento River Mainstem,135,NA,NA,NA,NA,NA,108,17190.0826446281,40264.4628099174,5,1977-12-25,45421.4876033058,8,28231.4049586777,AN,572,6619,480,210,NA
1978,1978-01-13,1977-12-17,TRUE,San Pablo Bay and Carquinez Strait,135,NA,NA,NA,NA,NA,108,17190.0826446281,40264.4628099174,5,1977-12-25,45421.4876033058,8,28231.4049586777,AN,572,6619,480,210,NA
1978,1978-01-13,1977-12-17,TRUE,South Delta,135,NA,NA,NA,NA,NA,108,17190.0826446281,40264.4628099174,5,1977-12-25,45421.4876033058,8,28231.4049586777,AN,572,6619,480,210,NA
1978,1978-01-13,1977-12-17,TRUE,Suisun Marsh and Montezuma Slough,135,NA,NA,NA,NA,NA,108,17190.0826446281,40264.4628099174,5,1977-12-25,45421.4876033058,8,28231.4049586777,AN,572,6619,480,210,NA
1978,1978-01-13,1977-12-17,TRUE,Suisun and Honker Bays,135,NA,NA,NA,NA,NA,108,17190.0826446281,40264.4628099174,5,1977-12-25,45421.4876033058,8,28231.4049586777,AN,572,6619,480,210,NA
1978,1978-01-13,1977-12-17,TRUE,NA,135,NA,NA,NA,NA,NA,108,17190.0826446281,40264.4628099174,5,1977-12-25,45421.4876033058,8,28231.4049586777,AN,572,6619,480,210,NA
1978,1978-02-07,1977-12-17,TRUE,Cache Slough and Liberty Island,160,NA,NA,NA,NA,NA,108,17190.0826446281,40264.4628099174,5,1977-12-25,45421.4876033058,8,28231.4049586777,AN,572,6619,480,210,NA
1978,1978-02-07,1977-12-17,TRUE,Confluence,160,NA,NA,NA,NA,NA,108,17190.0826446281,40264.4628099174,5,1977-12-25,45421.4876033058,8,28231.4049586777,AN,572,6619,480,210,NA
1978,1978-02-07,1977-12-17,TRUE,North and South Forks Mokelumne River,160,NA,NA,NA,NA,NA,108,17190.0826446281,40264.4628099174,5,1977-12-25,45421.4876033058,8,28231.4049586777,AN,572,6619,480,210,NA
1978,1978-02-07,1977-12-17,TRUE,Out of Bounds,160,NA,NA,NA,NA,NA,108,17190.0826446281,40264.4628099174,5,1977-12-25,45421.4876033058,8,28231.4049586777,AN,572,6619,480,210,NA
1978,1978-02-07,1977-12-17,TRUE,Sacramento River Deep Water Ship Channel,160,NA,NA,NA,NA,NA,108,17190.0826446281,40264.4628099174,5,1977-12-25,45421.4876033058,8,28231.4049586777,AN,572,6619,480,210,NA
1978,1978-02-07,1977-12-17,TRUE,Sacramento River Mainstem,160,NA,NA,NA,NA,NA,108,17190.0826446281,40264.4628099174,5,1977-12-25,45421.4876033058,8,28231.4049586777,AN,572,6619,480,210,NA
1978,1978-02-07,1977-12-17,TRUE,San Pablo Bay and Carquinez Strait,160,NA,NA,NA,NA,NA,108,17190.0826446281,40264.4628099174,5,1977-12-25,45421.4876033058,8,28231.4049586777,AN,572,6619,480,210,NA
1978,1978-02-07,1977-12-17,TRUE,South Delta,160,NA,NA,NA,NA,NA,108,17190.0826446281,40264.4628099174,5,1977-12-25,45421.4876033058,8,28231.4049586777,AN,572,6619,480,210,NA
1978,1978-02-07,1977-12-17,TRUE,Suisun Marsh and Montezuma Slough,160,NA,NA,NA,NA,NA,108,17190.0826446281,40264.4628099174,5,1977-12-25,45421.4876033058,8,28231.4049586777,AN,572,6619,480,210,NA
1978,1978-02-07,1977-12-17,TRUE,Suisun and Honker Bays,160,NA,NA,NA,NA,NA,108,17190.0826446281,40264.4628099174,5,1977-12-25,45421.4876033058,8,28231.4049586777,AN,572,6619,480,210,NA
1978,1978-02-07,1977-12-17,TRUE,NA,160,NA,NA,NA,NA,NA,108,17190.0826446281,40264.4628099174,5,1977-12-25,45421.4876033058,8,28231.4049586777,AN,572,6619,480,210,NA
1978,1978-03-04,1977-12-17,TRUE,Cache Slough and Liberty Island,185,NA,NA,NA,NA,NA,108,17190.0826446281,40264.4628099174,5,1977-12-25,45421.4876033058,8,28231.4049586777,AN,572,6619,480,210,NA
1978,1978-03-04,1977-12-17,TRUE,Confluence,185,NA,NA,NA,NA,NA,108,17190.0826446281,40264.4628099174,5,1977-12-25,45421.4876033058,8,28231.4049586777,AN,572,6619,480,210,NA
1978,1978-03-04,1977-12-17,TRUE,North and South Forks Mokelumne River,185,NA,NA,NA,NA,NA,108,17190.0826446281,40264.4628099174,5,1977-12-25,45421.4876033058,8,28231.4049586777,AN,572,6619,480,210,NA
1978,1978-03-04,1977-12-17,TRUE,Out of Bounds,185,NA,NA,NA,NA,NA,108,17190.0826446281,40264.4628099174,5,1977-12-25,45421.4876033058,8,28231.4049586777,AN,572,6619,480,210,NA
1978,1978-03-04,1977-12-17,TRUE,Sacramento River Deep Water Ship Channel,185,NA,NA,NA,NA,NA,108,17190.0826446281,40264.4628099174,5,1977-12-25,45421.4876033058,8,28231.4049586777,AN,572,6619,480,210,NA
1978,1978-03-04,1977-12-17,TRUE,Sacramento River Mainstem,185,NA,NA,NA,NA,NA,108,17190.0826446281,40264.4628099174,5,1977-12-25,45421.4876033058,8,28231.4049586777,AN,572,6619,480,210,NA
1978,1978-03-04,1977-12-17,TRUE,San Pablo Bay and Carquinez Strait,185,NA,NA,NA,NA,NA,108,17190.0826446281,40264.4628099174,5,1977-12-25,45421.4876033058,8,28231.4049586777,AN,572,6619,480,210,NA
1978,1978-03-04,1977-12-17,TRUE,South Delta,185,NA,NA,NA,NA,NA,108,17190.0826446281,40264.4628099174,5,1977-12-25,45421.4876033058,8,28231.4049586777,AN,572,6619,480,210,NA
1978,1978-03-04,1977-12-17,TRUE,Suisun Marsh and Montezuma Slough,185,NA,NA,NA,NA,NA,108,17190.0826446281,40264.4628099174,5,1977-12-25,45421.4876033058,8,28231.4049586777,AN,572,6619,480,210,NA
1978,1978-03-04,1977-12-17,TRUE,Suisun and Honker Bays,185,NA,NA,NA,NA,NA,108,17190.0826446281,40264.4628099174,5,1977-12-25,45421.4876033058,8,28231.4049586777,AN,572,6619,480,210,NA
1978,1978-03-04,1977-12-17,TRUE,NA,185,NA,NA,NA,NA,NA,108,17190.0826446281,40264.4628099174,5,1977-12-25,45421.4876033058,8,28231.4049586777,AN,572,6619,480,210,NA
1979,1979-01-12,1979-01-12,FALSE,Cache Slough and Liberty Island,134,NA,NA,NA,NA,NA,134,32956.694214876,66740.4958677686,5,1979-01-17,97031.4049586777,5,64074.7107438016,BN,NA,NA,572,6619,NA
1979,1979-01-12,1979-01-12,FALSE,Confluence,134,NA,NA,NA,NA,NA,134,32956.694214876,66740.4958677686,5,1979-01-17,97031.4049586777,5,64074.7107438016,BN,NA,NA,572,6619,NA
1979,1979-01-12,1979-01-12,FALSE,North and South Forks Mokelumne River,134,NA,NA,NA,NA,NA,134,32956.694214876,66740.4958677686,5,1979-01-17,97031.4049586777,5,64074.7107438016,BN,NA,NA,572,6619,NA
1979,1979-01-12,1979-01-12,FALSE,Out of Bounds,134,NA,NA,NA,NA,NA,134,32956.694214876,66740.4958677686,5,1979-01-17,97031.4049586777,5,64074.7107438016,BN,NA,NA,572,6619,NA
1979,1979-01-12,1979-01-12,FALSE,Sacramento River Deep Water Ship Channel,134,NA,NA,NA,NA,NA,134,32956.694214876,66740.4958677686,5,1979-01-17,97031.4049586777,5,64074.7107438016,BN,NA,NA,572,6619,NA
1979,1979-01-12,1979-01-12,FALSE,Sacramento River Mainstem,134,NA,NA,NA,NA,NA,134,32956.694214876,66740.4958677686,5,1979-01-17,97031.4049586777,5,64074.7107438016,BN,NA,NA,572,6619,NA
1979,1979-01-12,1979-01-12,FALSE,San Pablo Bay and Carquinez Strait,134,NA,NA,NA,NA,NA,134,32956.694214876,66740.4958677686,5,1979-01-17,97031.4049586777,5,64074.7107438016,BN,NA,NA,572,6619,NA
1979,1979-01-12,1979-01-12,FALSE,South Delta,134,NA,NA,NA,NA,NA,134,32956.694214876,66740.4958677686,5,1979-01-17,97031.4049586777,5,64074.7107438016,BN,NA,NA,572,6619,NA
1979,1979-01-12,1979-01-12,FALSE,Suisun Marsh and Montezuma Slough,134,NA,NA,NA,NA,NA,134,32956.694214876,66740.4958677686,5,1979-01-17,97031.4049586777,5,64074.7107438016,BN,NA,NA,572,6619,NA
1979,1979-01-12,1979-01-12,FALSE,Suisun and Honker Bays,134,NA,NA,NA,NA,NA,134,32956.694214876,66740.4958677686,5,1979-01-17,97031.4049586777,5,64074.7107438016,BN,NA,NA,572,6619,NA
1979,1979-01-12,1979-01-12,FALSE,NA,134,NA,NA,NA,NA,NA,134,32956.694214876,66740.4958677686,5,1979-01-17,97031.4049586777,5,64074.7107438016,BN,NA,NA,572,6619,NA
1979,1979-01-16,1979-01-12,TRUE,Cache Slough and Liberty Island,138,NA,NA,NA,NA,NA,134,32956.694214876,66740.4958677686,5,1979-01-17,97031.4049586777,5,64074.7107438016,BN,NA,NA,572,6619,NA
1979,1979-01-16,1979-01-12,TRUE,Confluence,138,NA,NA,NA,NA,NA,134,32956.694214876,66740.4958677686,5,1979-01-17,97031.4049586777,5,64074.7107438016,BN,NA,NA,572,6619,NA
1979,1979-01-16,1979-01-12,TRUE,North and South Forks Mokelumne River,138,NA,NA,NA,NA,NA,134,32956.694214876,66740.4958677686,5,1979-01-17,97031.4049586777,5,64074.7107438016,BN,NA,NA,572,6619,NA
1979,1979-01-16,1979-01-12,TRUE,Out of Bounds,138,NA,NA,NA,NA,NA,134,32956.694214876,66740.4958677686,5,1979-01-17,97031.4049586777,5,64074.7107438016,BN,NA,NA,572,6619,NA
1979,1979-01-16,1979-01-12,TRUE,Sacramento River Deep Water Ship Channel,138,NA,NA,NA,NA,NA,134,32956.694214876,66740.4958677686,5,1979-01-17,97031.4049586777,5,64074.7107438016,BN,NA,NA,572,6619,NA
1979,1979-01-16,1979-01-12,TRUE,Sacramento River Mainstem,138,NA,NA,NA,NA,NA,134,32956.694214876,66740.4958677686,5,1979-01-17,97031.4049586777,5,64074.7107438016,BN,NA,NA,572,6619,NA
1979,1979-01-16,1979-01-12,TRUE,San Pablo Bay and Carquinez Strait,138,NA,NA,NA,NA,NA,134,32956.694214876,66740.4958677686,5,1979-01-17,97031.4049586777,5,64074.7107438016,BN,NA,NA,572,6619,NA
1979,1979-01-16,1979-01-12,TRUE,South Delta,138,NA,NA,NA,NA,NA,134,32956.694214876,66740.4958677686,5,1979-01-17,97031.4049586777,5,64074.7107438016,BN,NA,NA,572,6619,NA
1979,1979-01-16,1979-01-12,TRUE,Suisun Marsh and Montezuma Slough,138,NA,NA,NA,NA,NA,134,32956.694214876,66740.4958677686,5,1979-01-17,97031.4049586777,5,64074.7107438016,BN,NA,NA,572,6619,NA
1979,1979-01-16,1979-01-12,TRUE,Suisun and Honker Bays,138,NA,NA,NA,NA,NA,134,32956.694214876,66740.4958677686,5,1979-01-17,97031.4049586777,5,64074.7107438016,BN,NA,NA,572,6619,NA
1979,1979-01-16,1979-01-12,TRUE,NA,138,NA,NA,NA,NA,NA,134,32956.694214876,66740.4958677686,5,1979-01-17,97031.4049586777,5,64074.7107438016,BN,NA,NA,572,6619,NA
1979,1979-02-15,1979-01-12,TRUE,Cache Slough and Liberty Island,168,NA,NA,NA,NA,NA,134,32956.694214876,66740.4958677686,5,1979-01-17,97031.4049586777,5,64074.7107438016,BN,NA,NA,572,6619,NA
1979,1979-02-15,1979-01-12,TRUE,Confluence,168,NA,NA,NA,NA,NA,134,32956.694214876,66740.4958677686,5,1979-01-17,97031.4049586777,5,64074.7107438016,BN,NA,NA,572,6619,NA
1979,1979-02-15,1979-01-12,TRUE,North and South Forks Mokelumne River,168,NA,NA,NA,NA,NA,134,32956.694214876,66740.4958677686,5,1979-01-17,97031.4049586777,5,64074.7107438016,BN,NA,NA,572,6619,NA
1979,1979-02-15,1979-01-12,TRUE,Out of Bounds,168,NA,NA,NA,NA,NA,134,32956.694214876,66740.4958677686,5,1979-01-17,97031.4049586777,5,64074.7107438016,BN,NA,NA,572,6619,NA
1979,1979-02-15,1979-01-12,TRUE,Sacramento River Deep Water Ship Channel,168,NA,NA,NA,NA,NA,134,32956.694214876,66740.4958677686,5,1979-01-17,97031.4049586777,5,64074.7107438016,BN,NA,NA,572,6619,NA
1979,1979-02-15,1979-01-12,TRUE,Sacramento River Mainstem,168,NA,NA,NA,NA,NA,134,32956.694214876,66740.4958677686,5,1979-01-17,97031.4049586777,5,64074.7107438016,BN,NA,NA,572,6619,NA
1979,1979-02-15,1979-01-12,TRUE,San Pablo Bay and Carquinez Strait,168,NA,NA,NA,NA,NA,134,32956.694214876,66740.4958677686,5,1979-01-17,97031.4049586777,5,64074.7107438016,BN,NA,NA,572,6619,NA
1979,1979-02-15,1979-01-12,TRUE,South Delta,168,NA,NA,NA,NA,NA,134,32956.694214876,66740.4958677686,5,1979-01-17,97031.4049586777,5,64074.7107438016,BN,NA,NA,572,6619,NA
1979,1979-02-15,1979-01-12,TRUE,Suisun Marsh and Montezuma Slough,168,NA,NA,NA,NA,NA,134,32956.694214876,66740.4958677686,5,1979-01-17,97031.4049586777,5,64074.7107438016,BN,NA,NA,572,6619,NA
1979,1979-02-15,1979-01-12,TRUE,Suisun and Honker Bays,168,NA,NA,NA,NA,NA,134,32956.694214876,66740.4958677686,5,1979-01-17,97031.4049586777,5,64074.7107438016,BN,NA,NA,572,6619,NA
1979,1979-02-15,1979-01-12,TRUE,NA,168,NA,NA,NA,NA,NA,134,32956.694214876,66740.4958677686,5,1979-01-17,97031.4049586777,5,64074.7107438016,BN,NA,NA,572,6619,NA
1979,1979-02-23,1979-01-12,TRUE,Cache Slough and Liberty Island,176,NA,NA,NA,NA,NA,134,32956.694214876,66740.4958677686,5,1979-01-17,97031.4049586777,5,64074.7107438016,BN,NA,NA,572,6619,NA
1979,1979-02-23,1979-01-12,TRUE,Confluence,176,NA,NA,NA,NA,NA,134,32956.694214876,66740.4958677686,5,1979-01-17,97031.4049586777,5,64074.7107438016,BN,NA,NA,572,6619,NA
1979,1979-02-23,1979-01-12,TRUE,North and South Forks Mokelumne River,176,NA,NA,NA,NA,NA,134,32956.694214876,66740.4958677686,5,1979-01-17,97031.4049586777,5,64074.7107438016,BN,NA,NA,572,6619,NA
1979,1979-02-23,1979-01-12,TRUE,Out of Bounds,176,NA,NA,NA,NA,NA,134,32956.694214876,66740.4958677686,5,1979-01-17,97031.4049586777,5,64074.7107438016,BN,NA,NA,572,6619,NA
1979,1979-02-23,1979-01-12,TRUE,Sacramento River Deep Water Ship Channel,176,NA,NA,NA,NA,NA,134,32956.694214876,66740.4958677686,5,1979-01-17,97031.4049586777,5,64074.7107438016,BN,NA,NA,572,6619,NA
1979,1979-02-23,1979-01-12,TRUE,Sacramento River Mainstem,176,NA,NA,NA,NA,NA,134,32956.694214876,66740.4958677686,5,1979-01-17,97031.4049586777,5,64074.7107438016,BN,NA,NA,572,6619,NA
1979,1979-02-23,1979-01-12,TRUE,San Pablo Bay and Carquinez Strait,176,NA,NA,NA,NA,NA,134,32956.694214876,66740.4958677686,5,1979-01-17,97031.4049586777,5,64074.7107438016,BN,NA,NA,572,6619,NA
1979,1979-02-23,1979-01-12,TRUE,South Delta,176,NA,NA,NA,NA,NA,134,32956.694214876,66740.4958677686,5,1979-01-17,97031.4049586777,5,64074.7107438016,BN,NA,NA,572,6619,NA
1979,1979-02-23,1979-01-12,TRUE,Suisun Marsh and Montezuma Slough,176,NA,NA,NA,NA,NA,134,32956.694214876,66740.4958677686,5,1979-01-17,97031.4049586777,5,64074.7107438016,BN,NA,NA,572,6619,NA
1979,1979-02-23,1979-01-12,TRUE,Suisun and Honker Bays,176,NA,NA,NA,NA,NA,134,32956.694214876,66740.4958677686,5,1979-01-17,97031.4049586777,5,64074.7107438016,BN,NA,NA,572,6619,NA
1979,1979-02-23,1979-01-12,TRUE,NA,176,NA,NA,NA,NA,NA,134,32956.694214876,66740.4958677686,5,1979-01-17,97031.4049586777,5,64074.7107438016,BN,NA,NA,572,6619,NA
1979,1979-03-02,1979-01-12,TRUE,Cache Slough and Liberty Island,183,NA,NA,NA,NA,NA,134,32956.694214876,66740.4958677686,5,1979-01-17,97031.4049586777,5,64074.7107438016,BN,NA,NA,572,6619,NA
1979,1979-03-02,1979-01-12,TRUE,Confluence,183,NA,NA,NA,NA,NA,134,32956.694214876,66740.4958677686,5,1979-01-17,97031.4049586777,5,64074.7107438016,BN,NA,NA,572,6619,NA
1979,1979-03-02,1979-01-12,TRUE,North and South Forks Mokelumne River,183,NA,NA,NA,NA,NA,134,32956.694214876,66740.4958677686,5,1979-01-17,97031.4049586777,5,64074.7107438016,BN,NA,NA,572,6619,NA
1979,1979-03-02,1979-01-12,TRUE,Out of Bounds,183,NA,NA,NA,NA,NA,134,32956.694214876,66740.4958677686,5,1979-01-17,97031.4049586777,5,64074.7107438016,BN,NA,NA,572,6619,NA
1979,1979-03-02,1979-01-12,TRUE,Sacramento River Deep Water Ship Channel,183,NA,NA,NA,NA,NA,134,32956.694214876,66740.4958677686,5,1979-01-17,97031.4049586777,5,64074.7107438016,BN,NA,NA,572,6619,NA
1979,1979-03-02,1979-01-12,TRUE,Sacramento River Mainstem,183,NA,NA,NA,NA,NA,134,32956.694214876,66740.4958677686,5,1979-01-17,97031.4049586777,5,64074.7107438016,BN,NA,NA,572,6619,NA
1979,1979-03-02,1979-01-12,TRUE,San Pablo Bay and Carquinez Strait,183,NA,NA,NA,NA,NA,134,32956.694214876,66740.4958677686,5,1979-01-17,97031.4049586777,5,64074.7107438016,BN,NA,NA,572,6619,NA
1979,1979-03-02,1979-01-12,TRUE,South Delta,183,NA,NA,NA,NA,NA,134,32956.694214876,66740.4958677686,5,1979-01-17,97031.4049586777,5,64074.7107438016,BN,NA,NA,572,6619,NA
1979,1979-03-02,1979-01-12,TRUE,Suisun Marsh and Montezuma Slough,183,NA,NA,NA,NA,NA,134,32956.694214876,66740.4958677686,5,1979-01-17,97031.4049586777,5,64074.7107438016,BN,NA,NA,572,6619,NA
1979,1979-03-02,1979-01-12,TRUE,Suisun and Honker Bays,183,NA,NA,NA,NA,NA,134,32956.694214876,66740.4958677686,5,1979-01-17,97031.4049586777,5,64074.7107438016,BN,NA,NA,572,6619,NA
1979,1979-03-02,1979-01-12,TRUE,NA,183,NA,NA,NA,NA,NA,134,32956.694214876,66740.4958677686,5,1979-01-17,97031.4049586777,5,64074.7107438016,BN,NA,NA,572,6619,NA
1979,1979-03-29,1979-01-12,TRUE,Cache Slough and Liberty Island,210,NA,NA,NA,NA,NA,134,32956.694214876,66740.4958677686,5,1979-01-17,97031.4049586777,5,64074.7107438016,BN,NA,NA,572,6619,NA
1979,1979-03-29,1979-01-12,TRUE,Confluence,210,NA,NA,NA,NA,NA,134,32956.694214876,66740.4958677686,5,1979-01-17,97031.4049586777,5,64074.7107438016,BN,NA,NA,572,6619,NA
1979,1979-03-29,1979-01-12,TRUE,North and South Forks Mokelumne River,210,NA,NA,NA,NA,NA,134,32956.694214876,66740.4958677686,5,1979-01-17,97031.4049586777,5,64074.7107438016,BN,NA,NA,572,6619,NA
1979,1979-03-29,1979-01-12,TRUE,Out of Bounds,210,NA,NA,NA,NA,NA,134,32956.694214876,66740.4958677686,5,1979-01-17,97031.4049586777,5,64074.7107438016,BN,NA,NA,572,6619,NA
1979,1979-03-29,1979-01-12,TRUE,Sacramento River Deep Water Ship Channel,210,NA,NA,NA,NA,NA,134,32956.694214876,66740.4958677686,5,1979-01-17,97031.4049586777,5,64074.7107438016,BN,NA,NA,572,6619,NA
1979,1979-03-29,1979-01-12,TRUE,Sacramento River Mainstem,210,NA,NA,NA,NA,NA,134,32956.694214876,66740.4958677686,5,1979-01-17,97031.4049586777,5,64074.7107438016,BN,NA,NA,572,6619,NA
1979,1979-03-29,1979-01-12,TRUE,San Pablo Bay and Carquinez Strait,210,NA,NA,NA,NA,NA,134,32956.694214876,66740.4958677686,5,1979-01-17,97031.4049586777,5,64074.7107438016,BN,NA,NA,572,6619,NA
1979,1979-03-29,1979-01-12,TRUE,South Delta,210,NA,NA,NA,NA,NA,134,32956.694214876,66740.4958677686,5,1979-01-17,97031.4049586777,5,64074.7107438016,BN,NA,NA,572,6619,NA
1979,1979-03-29,1979-01-12,TRUE,Suisun Marsh and Montezuma Slough,210,NA,NA,NA,NA,NA,134,32956.694214876,66740.4958677686,5,1979-01-17,97031.4049586777,5,64074.7107438016,BN,NA,NA,572,6619,NA
1979,1979-03-29,1979-01-12,TRUE,Suisun and Honker Bays,210,NA,NA,NA,NA,NA,134,32956.694214876,66740.4958677686,5,1979-01-17,97031.4049586777,5,64074.7107438016,BN,NA,NA,572,6619,NA
1979,1979-03-29,1979-01-12,TRUE,NA,210,NA,NA,NA,NA,NA,134,32956.694214876,66740.4958677686,5,1979-01-17,97031.4049586777,5,64074.7107438016,BN,NA,NA,572,6619,NA
1980,1979-12-25,1979-12-25,FALSE,Cache Slough and Liberty Island,116,NA,NA,NA,NA,NA,116,33047.2727272727,79484.2975206612,2,1979-12-28,98409.9173553719,3,65362.6446280992,AN,1654,31184,NA,NA,NA
1980,1979-12-25,1979-12-25,FALSE,Confluence,116,NA,NA,NA,NA,NA,116,33047.2727272727,79484.2975206612,2,1979-12-28,98409.9173553719,3,65362.6446280992,AN,1654,31184,NA,NA,NA
1980,1979-12-25,1979-12-25,FALSE,North and South Forks Mokelumne River,116,NA,NA,NA,NA,NA,116,33047.2727272727,79484.2975206612,2,1979-12-28,98409.9173553719,3,65362.6446280992,AN,1654,31184,NA,NA,NA
1980,1979-12-25,1979-12-25,FALSE,Out of Bounds,116,NA,NA,NA,NA,NA,116,33047.2727272727,79484.2975206612,2,1979-12-28,98409.9173553719,3,65362.6446280992,AN,1654,31184,NA,NA,NA
1980,1979-12-25,1979-12-25,FALSE,Sacramento River Deep Water Ship Channel,116,NA,NA,NA,NA,NA,116,33047.2727272727,79484.2975206612,2,1979-12-28,98409.9173553719,3,65362.6446280992,AN,1654,31184,NA,NA,NA
1980,1979-12-25,1979-12-25,FALSE,Sacramento River Mainstem,116,NA,NA,NA,NA,NA,116,33047.2727272727,79484.2975206612,2,1979-12-28,98409.9173553719,3,65362.6446280992,AN,1654,31184,NA,NA,NA
1980,1979-12-25,1979-12-25,FALSE,San Pablo Bay and Carquinez Strait,116,NA,NA,NA,NA,NA,116,33047.2727272727,79484.2975206612,2,1979-12-28,98409.9173553719,3,65362.6446280992,AN,1654,31184,NA,NA,NA
1980,1979-12-25,1979-12-25,FALSE,South Delta,116,NA,NA,NA,NA,NA,116,33047.2727272727,79484.2975206612,2,1979-12-28,98409.9173553719,3,65362.6446280992,AN,1654,31184,NA,NA,NA
1980,1979-12-25,1979-12-25,FALSE,Suisun Marsh and Montezuma Slough,116,NA,NA,NA,NA,NA,116,33047.2727272727,79484.2975206612,2,1979-12-28,98409.9173553719,3,65362.6446280992,AN,1654,31184,NA,NA,NA
1980,1979-12-25,1979-12-25,FALSE,Suisun and Honker Bays,116,NA,NA,NA,NA,NA,116,33047.2727272727,79484.2975206612,2,1979-12-28,98409.9173553719,3,65362.6446280992,AN,1654,31184,NA,NA,NA
1980,1979-12-25,1979-12-25,FALSE,NA,116,NA,NA,NA,NA,NA,116,33047.2727272727,79484.2975206612,2,1979-12-28,98409.9173553719,3,65362.6446280992,AN,1654,31184,NA,NA,NA
1980,1980-01-12,1979-12-25,TRUE,Cache Slough and Liberty Island,134,NA,NA,NA,NA,NA,116,33047.2727272727,79484.2975206612,2,1979-12-28,98409.9173553719,3,65362.6446280992,AN,1654,31184,NA,NA,NA
1980,1980-01-12,1979-12-25,TRUE,Confluence,134,NA,NA,NA,NA,NA,116,33047.2727272727,79484.2975206612,2,1979-12-28,98409.9173553719,3,65362.6446280992,AN,1654,31184,NA,NA,NA
1980,1980-01-12,1979-12-25,TRUE,North and South Forks Mokelumne River,134,NA,NA,NA,NA,NA,116,33047.2727272727,79484.2975206612,2,1979-12-28,98409.9173553719,3,65362.6446280992,AN,1654,31184,NA,NA,NA
1980,1980-01-12,1979-12-25,TRUE,Out of Bounds,134,NA,NA,NA,NA,NA,116,33047.2727272727,79484.2975206612,2,1979-12-28,98409.9173553719,3,65362.6446280992,AN,1654,31184,NA,NA,NA
1980,1980-01-12,1979-12-25,TRUE,Sacramento River Deep Water Ship Channel,134,NA,NA,NA,NA,NA,116,33047.2727272727,79484.2975206612,2,1979-12-28,98409.9173553719,3,65362.6446280992,AN,1654,31184,NA,NA,NA
1980,1980-01-12,1979-12-25,TRUE,Sacramento River Mainstem,134,NA,NA,NA,NA,NA,116,33047.2727272727,79484.2975206612,2,1979-12-28,98409.9173553719,3,65362.6446280992,AN,1654,31184,NA,NA,NA
1980,1980-01-12,1979-12-25,TRUE,San Pablo Bay and Carquinez Strait,134,NA,NA,NA,NA,NA,116,33047.2727272727,79484.2975206612,2,1979-12-28,98409.9173553719,3,65362.6446280992,AN,1654,31184,NA,NA,NA
1980,1980-01-12,1979-12-25,TRUE,South Delta,134,NA,NA,NA,NA,NA,116,33047.2727272727,79484.2975206612,2,1979-12-28,98409.9173553719,3,65362.6446280992,AN,1654,31184,NA,NA,NA
1980,1980-01-12,1979-12-25,TRUE,Suisun Marsh and Montezuma Slough,134,NA,NA,NA,NA,NA,116,33047.2727272727,79484.2975206612,2,1979-12-28,98409.9173553719,3,65362.6446280992,AN,1654,31184,NA,NA,NA
1980,1980-01-12,1979-12-25,TRUE,Suisun and Honker Bays,134,NA,NA,NA,NA,NA,116,33047.2727272727,79484.2975206612,2,1979-12-28,98409.9173553719,3,65362.6446280992,AN,1654,31184,NA,NA,NA
1980,1980-01-12,1979-12-25,TRUE,NA,134,NA,NA,NA,NA,NA,116,33047.2727272727,79484.2975206612,2,1979-12-28,98409.9173553719,3,65362.6446280992,AN,1654,31184,NA,NA,NA
1980,1980-02-16,1979-12-25,TRUE,Cache Slough and Liberty Island,169,NA,NA,NA,NA,NA,116,33047.2727272727,79484.2975206612,2,1979-12-28,98409.9173553719,3,65362.6446280992,AN,1654,31184,NA,NA,NA
1980,1980-02-16,1979-12-25,TRUE,Confluence,169,NA,NA,NA,NA,NA,116,33047.2727272727,79484.2975206612,2,1979-12-28,98409.9173553719,3,65362.6446280992,AN,1654,31184,NA,NA,NA
1980,1980-02-16,1979-12-25,TRUE,North and South Forks Mokelumne River,169,NA,NA,NA,NA,NA,116,33047.2727272727,79484.2975206612,2,1979-12-28,98409.9173553719,3,65362.6446280992,AN,1654,31184,NA,NA,NA
1980,1980-02-16,1979-12-25,TRUE,Out of Bounds,169,NA,NA,NA,NA,NA,116,33047.2727272727,79484.2975206612,2,1979-12-28,98409.9173553719,3,65362.6446280992,AN,1654,31184,NA,NA,NA
1980,1980-02-16,1979-12-25,TRUE,Sacramento River Deep Water Ship Channel,169,NA,NA,NA,NA,NA,116,33047.2727272727,79484.2975206612,2,1979-12-28,98409.9173553719,3,65362.6446280992,AN,1654,31184,NA,NA,NA
1980,1980-02-16,1979-12-25,TRUE,Sacramento River Mainstem,169,NA,NA,NA,NA,NA,116,33047.2727272727,79484.2975206612,2,1979-12-28,98409.9173553719,3,65362.6446280992,AN,1654,31184,NA,NA,NA
1980,1980-02-16,1979-12-25,TRUE,San Pablo Bay and Carquinez Strait,169,NA,NA,NA,NA,NA,116,33047.2727272727,79484.2975206612,2,1979-12-28,98409.9173553719,3,65362.6446280992,AN,1654,31184,NA,NA,NA
1980,1980-02-16,1979-12-25,TRUE,South Delta,169,NA,NA,NA,NA,NA,116,33047.2727272727,79484.2975206612,2,1979-12-28,98409.9173553719,3,65362.6446280992,AN,1654,31184,NA,NA,NA
1980,1980-02-16,1979-12-25,TRUE,Suisun Marsh and Montezuma Slough,169,NA,NA,NA,NA,NA,116,33047.2727272727,79484.2975206612,2,1979-12-28,98409.9173553719,3,65362.6446280992,AN,1654,31184,NA,NA,NA
1980,1980-02-16,1979-12-25,TRUE,Suisun and Honker Bays,169,NA,NA,NA,NA,NA,116,33047.2727272727,79484.2975206612,2,1979-12-28,98409.9173553719,3,65362.6446280992,AN,1654,31184,NA,NA,NA
1980,1980-02-16,1979-12-25,TRUE,NA,169,NA,NA,NA,NA,NA,116,33047.2727272727,79484.2975206612,2,1979-12-28,98409.9173553719,3,65362.6446280992,AN,1654,31184,NA,NA,NA
1981,1980-12-05,1980-12-05,FALSE,Cache Slough and Liberty Island,96,NA,NA,NA,NA,NA,96,25732.2314049587,55570.9090909091,3,1980-12-06,59335.5371900826,1,33603.305785124,D,374,2202,1654,31184,NA
1981,1980-12-05,1980-12-05,FALSE,Confluence,96,NA,NA,NA,NA,NA,96,25732.2314049587,55570.9090909091,3,1980-12-06,59335.5371900826,1,33603.305785124,D,374,2202,1654,31184,NA
1981,1980-12-05,1980-12-05,FALSE,North and South Forks Mokelumne River,96,NA,NA,NA,NA,NA,96,25732.2314049587,55570.9090909091,3,1980-12-06,59335.5371900826,1,33603.305785124,D,374,2202,1654,31184,NA
1981,1980-12-05,1980-12-05,FALSE,Out of Bounds,96,NA,NA,NA,NA,NA,96,25732.2314049587,55570.9090909091,3,1980-12-06,59335.5371900826,1,33603.305785124,D,374,2202,1654,31184,NA
1981,1980-12-05,1980-12-05,FALSE,Sacramento River Deep Water Ship Channel,96,NA,NA,NA,NA,NA,96,25732.2314049587,55570.9090909091,3,1980-12-06,59335.5371900826,1,33603.305785124,D,374,2202,1654,31184,NA
1981,1980-12-05,1980-12-05,FALSE,Sacramento River Mainstem,96,NA,NA,NA,NA,NA,96,25732.2314049587,55570.9090909091,3,1980-12-06,59335.5371900826,1,33603.305785124,D,374,2202,1654,31184,NA
1981,1980-12-05,1980-12-05,FALSE,San Pablo Bay and Carquinez Strait,96,NA,NA,NA,NA,NA,96,25732.2314049587,55570.9090909091,3,1980-12-06,59335.5371900826,1,33603.305785124,D,374,2202,1654,31184,NA
1981,1980-12-05,1980-12-05,FALSE,South Delta,96,NA,NA,NA,NA,NA,96,25732.2314049587,55570.9090909091,3,1980-12-06,59335.5371900826,1,33603.305785124,D,374,2202,1654,31184,NA
1981,1980-12-05,1980-12-05,FALSE,Suisun Marsh and Montezuma Slough,96,NA,NA,NA,NA,NA,96,25732.2314049587,55570.9090909091,3,1980-12-06,59335.5371900826,1,33603.305785124,D,374,2202,1654,31184,NA
1981,1980-12-05,1980-12-05,FALSE,Suisun and Honker Bays,96,NA,NA,NA,NA,NA,96,25732.2314049587,55570.9090909091,3,1980-12-06,59335.5371900826,1,33603.305785124,D,374,2202,1654,31184,NA
1981,1980-12-05,1980-12-05,FALSE,NA,96,NA,NA,NA,NA,NA,96,25732.2314049587,55570.9090909091,3,1980-12-06,59335.5371900826,1,33603.305785124,D,374,2202,1654,31184,NA
1981,1981-01-24,1980-12-05,TRUE,Cache Slough and Liberty Island,146,NA,NA,NA,NA,NA,96,25732.2314049587,55570.9090909091,3,1980-12-06,59335.5371900826,1,33603.305785124,D,374,2202,1654,31184,NA
1981,1981-01-24,1980-12-05,TRUE,Confluence,146,NA,NA,NA,NA,NA,96,25732.2314049587,55570.9090909091,3,1980-12-06,59335.5371900826,1,33603.305785124,D,374,2202,1654,31184,NA
1981,1981-01-24,1980-12-05,TRUE,North and South Forks Mokelumne River,146,NA,NA,NA,NA,NA,96,25732.2314049587,55570.9090909091,3,1980-12-06,59335.5371900826,1,33603.305785124,D,374,2202,1654,31184,NA
1981,1981-01-24,1980-12-05,TRUE,Out of Bounds,146,NA,NA,NA,NA,NA,96,25732.2314049587,55570.9090909091,3,1980-12-06,59335.5371900826,1,33603.305785124,D,374,2202,1654,31184,NA
1981,1981-01-24,1980-12-05,TRUE,Sacramento River Deep Water Ship Channel,146,NA,NA,NA,NA,NA,96,25732.2314049587,55570.9090909091,3,1980-12-06,59335.5371900826,1,33603.305785124,D,374,2202,1654,31184,NA
1981,1981-01-24,1980-12-05,TRUE,Sacramento River Mainstem,146,NA,NA,NA,NA,NA,96,25732.2314049587,55570.9090909091,3,1980-12-06,59335.5371900826,1,33603.305785124,D,374,2202,1654,31184,NA
1981,1981-01-24,1980-12-05,TRUE,San Pablo Bay and Carquinez Strait,146,NA,NA,NA,NA,NA,96,25732.2314049587,55570.9090909091,3,1980-12-06,59335.5371900826,1,33603.305785124,D,374,2202,1654,31184,NA
1981,1981-01-24,1980-12-05,TRUE,South Delta,146,NA,NA,NA,NA,NA,96,25732.2314049587,55570.9090909091,3,1980-12-06,59335.5371900826,1,33603.305785124,D,374,2202,1654,31184,NA
1981,1981-01-24,1980-12-05,TRUE,Suisun Marsh and Montezuma Slough,146,NA,NA,NA,NA,NA,96,25732.2314049587,55570.9090909091,3,1980-12-06,59335.5371900826,1,33603.305785124,D,374,2202,1654,31184,NA
1981,1981-01-24,1980-12-05,TRUE,Suisun and Honker Bays,146,NA,NA,NA,NA,NA,96,25732.2314049587,55570.9090909091,3,1980-12-06,59335.5371900826,1,33603.305785124,D,374,2202,1654,31184,NA
1981,1981-01-24,1980-12-05,TRUE,NA,146,NA,NA,NA,NA,NA,96,25732.2314049587,55570.9090909091,3,1980-12-06,59335.5371900826,1,33603.305785124,D,374,2202,1654,31184,NA
1981,1981-01-29,1980-12-05,TRUE,Cache Slough and Liberty Island,151,NA,NA,NA,NA,NA,96,25732.2314049587,55570.9090909091,3,1980-12-06,59335.5371900826,1,33603.305785124,D,374,2202,1654,31184,NA
1981,1981-01-29,1980-12-05,TRUE,Confluence,151,NA,NA,NA,NA,NA,96,25732.2314049587,55570.9090909091,3,1980-12-06,59335.5371900826,1,33603.305785124,D,374,2202,1654,31184,NA
1981,1981-01-29,1980-12-05,TRUE,North and South Forks Mokelumne River,151,NA,NA,NA,NA,NA,96,25732.2314049587,55570.9090909091,3,1980-12-06,59335.5371900826,1,33603.305785124,D,374,2202,1654,31184,NA
1981,1981-01-29,1980-12-05,TRUE,Out of Bounds,151,NA,NA,NA,NA,NA,96,25732.2314049587,55570.9090909091,3,1980-12-06,59335.5371900826,1,33603.305785124,D,374,2202,1654,31184,NA
1981,1981-01-29,1980-12-05,TRUE,Sacramento River Deep Water Ship Channel,151,NA,NA,NA,NA,NA,96,25732.2314049587,55570.9090909091,3,1980-12-06,59335.5371900826,1,33603.305785124,D,374,2202,1654,31184,NA
1981,1981-01-29,1980-12-05,TRUE,Sacramento River Mainstem,151,NA,NA,NA,NA,NA,96,25732.2314049587,55570.9090909091,3,1980-12-06,59335.5371900826,1,33603.305785124,D,374,2202,1654,31184,NA
1981,1981-01-29,1980-12-05,TRUE,San Pablo Bay and Carquinez Strait,151,NA,NA,NA,NA,NA,96,25732.2314049587,55570.9090909091,3,1980-12-06,59335.5371900826,1,33603.305785124,D,374,2202,1654,31184,NA
1981,1981-01-29,1980-12-05,TRUE,South Delta,151,NA,NA,NA,NA,NA,96,25732.2314049587,55570.9090909091,3,1980-12-06,59335.5371900826,1,33603.305785124,D,374,2202,1654,31184,NA
1981,1981-01-29,1980-12-05,TRUE,Suisun Marsh and Montezuma Slough,151,NA,NA,NA,NA,NA,96,25732.2314049587,55570.9090909091,3,1980-12-06,59335.5371900826,1,33603.305785124,D,374,2202,1654,31184,NA
1981,1981-01-29,1980-12-05,TRUE,Suisun and Honker Bays,151,NA,NA,NA,NA,NA,96,25732.2314049587,55570.9090909091,3,1980-12-06,59335.5371900826,1,33603.305785124,D,374,2202,1654,31184,NA
1981,1981-01-29,1980-12-05,TRUE,NA,151,NA,NA,NA,NA,NA,96,25732.2314049587,55570.9090909091,3,1980-12-06,59335.5371900826,1,33603.305785124,D,374,2202,1654,31184,NA
1981,1981-02-16,1980-12-05,TRUE,Cache Slough and Liberty Island,169,NA,NA,NA,NA,NA,96,25732.2314049587,55570.9090909091,3,1980-12-06,59335.5371900826,1,33603.305785124,D,374,2202,1654,31184,NA
1981,1981-02-16,1980-12-05,TRUE,Confluence,169,NA,NA,NA,NA,NA,96,25732.2314049587,55570.9090909091,3,1980-12-06,59335.5371900826,1,33603.305785124,D,374,2202,1654,31184,NA
1981,1981-02-16,1980-12-05,TRUE,North and South Forks Mokelumne River,169,NA,NA,NA,NA,NA,96,25732.2314049587,55570.9090909091,3,1980-12-06,59335.5371900826,1,33603.305785124,D,374,2202,1654,31184,NA
1981,1981-02-16,1980-12-05,TRUE,Out of Bounds,169,NA,NA,NA,NA,NA,96,25732.2314049587,55570.9090909091,3,1980-12-06,59335.5371900826,1,33603.305785124,D,374,2202,1654,31184,NA
1981,1981-02-16,1980-12-05,TRUE,Sacramento River Deep Water Ship Channel,169,NA,NA,NA,NA,NA,96,25732.2314049587,55570.9090909091,3,1980-12-06,59335.5371900826,1,33603.305785124,D,374,2202,1654,31184,NA
1981,1981-02-16,1980-12-05,TRUE,Sacramento River Mainstem,169,NA,NA,NA,NA,NA,96,25732.2314049587,55570.9090909091,3,1980-12-06,59335.5371900826,1,33603.305785124,D,374,2202,1654,31184,NA
1981,1981-02-16,1980-12-05,TRUE,San Pablo Bay and Carquinez Strait,169,NA,NA,NA,NA,NA,96,25732.2314049587,55570.9090909091,3,1980-12-06,59335.5371900826,1,33603.305785124,D,374,2202,1654,31184,NA
1981,1981-02-16,1980-12-05,TRUE,South Delta,169,NA,NA,NA,NA,NA,96,25732.2314049587,55570.9090909091,3,1980-12-06,59335.5371900826,1,33603.305785124,D,374,2202,1654,31184,NA
1981,1981-02-16,1980-12-05,TRUE,Suisun Marsh and Montezuma Slough,169,NA,NA,NA,NA,NA,96,25732.2314049587,55570.9090909091,3,1980-12-06,59335.5371900826,1,33603.305785124,D,374,2202,1654,31184,NA
1981,1981-02-16,1980-12-05,TRUE,Suisun and Honker Bays,169,NA,NA,NA,NA,NA,96,25732.2314049587,55570.9090909091,3,1980-12-06,59335.5371900826,1,33603.305785124,D,374,2202,1654,31184,NA
1981,1981-02-16,1980-12-05,TRUE,NA,169,NA,NA,NA,NA,NA,96,25732.2314049587,55570.9090909091,3,1980-12-06,59335.5371900826,1,33603.305785124,D,374,2202,1654,31184,NA
1982,1981-11-18,1981-11-18,FALSE,Cache Slough and Liberty Island,79,NA,NA,NA,NA,NA,79,55436.694214876,86694.8760330579,9,1981-11-27,210029.752066116,9,154593.05785124,W,333,62905,374,2202,NA
1982,1981-11-18,1981-11-18,FALSE,Confluence,79,NA,NA,NA,NA,NA,79,55436.694214876,86694.8760330579,9,1981-11-27,210029.752066116,9,154593.05785124,W,333,62905,374,2202,NA
1982,1981-11-18,1981-11-18,FALSE,North and South Forks Mokelumne River,79,NA,NA,NA,NA,NA,79,55436.694214876,86694.8760330579,9,1981-11-27,210029.752066116,9,154593.05785124,W,333,62905,374,2202,NA
1982,1981-11-18,1981-11-18,FALSE,Out of Bounds,79,NA,NA,NA,NA,NA,79,55436.694214876,86694.8760330579,9,1981-11-27,210029.752066116,9,154593.05785124,W,333,62905,374,2202,NA
1982,1981-11-18,1981-11-18,FALSE,Sacramento River Deep Water Ship Channel,79,NA,NA,NA,NA,NA,79,55436.694214876,86694.8760330579,9,1981-11-27,210029.752066116,9,154593.05785124,W,333,62905,374,2202,NA
1982,1981-11-18,1981-11-18,FALSE,Sacramento River Mainstem,79,NA,NA,NA,NA,NA,79,55436.694214876,86694.8760330579,9,1981-11-27,210029.752066116,9,154593.05785124,W,333,62905,374,2202,NA
1982,1981-11-18,1981-11-18,FALSE,San Pablo Bay and Carquinez Strait,79,NA,NA,NA,NA,NA,79,55436.694214876,86694.8760330579,9,1981-11-27,210029.752066116,9,154593.05785124,W,333,62905,374,2202,NA
1982,1981-11-18,1981-11-18,FALSE,South Delta,79,NA,NA,NA,NA,NA,79,55436.694214876,86694.8760330579,9,1981-11-27,210029.752066116,9,154593.05785124,W,333,62905,374,2202,NA
1982,1981-11-18,1981-11-18,FALSE,Suisun Marsh and Montezuma Slough,79,NA,NA,NA,NA,NA,79,55436.694214876,86694.8760330579,9,1981-11-27,210029.752066116,9,154593.05785124,W,333,62905,374,2202,NA
1982,1981-11-18,1981-11-18,FALSE,Suisun and Honker Bays,79,NA,NA,NA,NA,NA,79,55436.694214876,86694.8760330579,9,1981-11-27,210029.752066116,9,154593.05785124,W,333,62905,374,2202,NA
1982,1981-11-18,1981-11-18,FALSE,NA,79,NA,NA,NA,NA,NA,79,55436.694214876,86694.8760330579,9,1981-11-27,210029.752066116,9,154593.05785124,W,333,62905,374,2202,NA
1982,1981-11-23,1981-11-18,TRUE,Cache Slough and Liberty Island,84,NA,NA,NA,NA,NA,79,55436.694214876,86694.8760330579,9,1981-11-27,210029.752066116,9,154593.05785124,W,333,62905,374,2202,NA
1982,1981-11-23,1981-11-18,TRUE,Confluence,84,NA,NA,NA,NA,NA,79,55436.694214876,86694.8760330579,9,1981-11-27,210029.752066116,9,154593.05785124,W,333,62905,374,2202,NA
1982,1981-11-23,1981-11-18,TRUE,North and South Forks Mokelumne River,84,NA,NA,NA,NA,NA,79,55436.694214876,86694.8760330579,9,1981-11-27,210029.752066116,9,154593.05785124,W,333,62905,374,2202,NA
1982,1981-11-23,1981-11-18,TRUE,Out of Bounds,84,NA,NA,NA,NA,NA,79,55436.694214876,86694.8760330579,9,1981-11-27,210029.752066116,9,154593.05785124,W,333,62905,374,2202,NA
1982,1981-11-23,1981-11-18,TRUE,Sacramento River Deep Water Ship Channel,84,NA,NA,NA,NA,NA,79,55436.694214876,86694.8760330579,9,1981-11-27,210029.752066116,9,154593.05785124,W,333,62905,374,2202,NA
1982,1981-11-23,1981-11-18,TRUE,Sacramento River Mainstem,84,NA,NA,NA,NA,NA,79,55436.694214876,86694.8760330579,9,1981-11-27,210029.752066116,9,154593.05785124,W,333,62905,374,2202,NA
1982,1981-11-23,1981-11-18,TRUE,San Pablo Bay and Carquinez Strait,84,NA,NA,NA,NA,NA,79,55436.694214876,86694.8760330579,9,1981-11-27,210029.752066116,9,154593.05785124,W,333,62905,374,2202,NA
1982,1981-11-23,1981-11-18,TRUE,South Delta,84,NA,NA,NA,NA,NA,79,55436.694214876,86694.8760330579,9,1981-11-27,210029.752066116,9,154593.05785124,W,333,62905,374,2202,NA
1982,1981-11-23,1981-11-18,TRUE,Suisun Marsh and Montezuma Slough,84,NA,NA,NA,NA,NA,79,55436.694214876,86694.8760330579,9,1981-11-27,210029.752066116,9,154593.05785124,W,333,62905,374,2202,NA
1982,1981-11-23,1981-11-18,TRUE,Suisun and Honker Bays,84,NA,NA,NA,NA,NA,79,55436.694214876,86694.8760330579,9,1981-11-27,210029.752066116,9,154593.05785124,W,333,62905,374,2202,NA
1982,1981-11-23,1981-11-18,TRUE,NA,84,NA,NA,NA,NA,NA,79,55436.694214876,86694.8760330579,9,1981-11-27,210029.752066116,9,154593.05785124,W,333,62905,374,2202,NA
1982,1981-11-25,1981-11-18,TRUE,Cache Slough and Liberty Island,86,NA,NA,NA,NA,NA,79,55436.694214876,86694.8760330579,9,1981-11-27,210029.752066116,9,154593.05785124,W,333,62905,374,2202,NA
1982,1981-11-25,1981-11-18,TRUE,Confluence,86,NA,NA,NA,NA,NA,79,55436.694214876,86694.8760330579,9,1981-11-27,210029.752066116,9,154593.05785124,W,333,62905,374,2202,NA
1982,1981-11-25,1981-11-18,TRUE,North and South Forks Mokelumne River,86,NA,NA,NA,NA,NA,79,55436.694214876,86694.8760330579,9,1981-11-27,210029.752066116,9,154593.05785124,W,333,62905,374,2202,NA
1982,1981-11-25,1981-11-18,TRUE,Out of Bounds,86,NA,NA,NA,NA,NA,79,55436.694214876,86694.8760330579,9,1981-11-27,210029.752066116,9,154593.05785124,W,333,62905,374,2202,NA
1982,1981-11-25,1981-11-18,TRUE,Sacramento River Deep Water Ship Channel,86,NA,NA,NA,NA,NA,79,55436.694214876,86694.8760330579,9,1981-11-27,210029.752066116,9,154593.05785124,W,333,62905,374,2202,NA
1982,1981-11-25,1981-11-18,TRUE,Sacramento River Mainstem,86,NA,NA,NA,NA,NA,79,55436.694214876,86694.8760330579,9,1981-11-27,210029.752066116,9,154593.05785124,W,333,62905,374,2202,NA
1982,1981-11-25,1981-11-18,TRUE,San Pablo Bay and Carquinez Strait,86,NA,NA,NA,NA,NA,79,55436.694214876,86694.8760330579,9,1981-11-27,210029.752066116,9,154593.05785124,W,333,62905,374,2202,NA
1982,1981-11-25,1981-11-18,TRUE,South Delta,86,NA,NA,NA,NA,NA,79,55436.694214876,86694.8760330579,9,1981-11-27,210029.752066116,9,154593.05785124,W,333,62905,374,2202,NA
1982,1981-11-25,1981-11-18,TRUE,Suisun Marsh and Montezuma Slough,86,NA,NA,NA,NA,NA,79,55436.694214876,86694.8760330579,9,1981-11-27,210029.752066116,9,154593.05785124,W,333,62905,374,2202,NA
1982,1981-11-25,1981-11-18,TRUE,Suisun and Honker Bays,86,NA,NA,NA,NA,NA,79,55436.694214876,86694.8760330579,9,1981-11-27,210029.752066116,9,154593.05785124,W,333,62905,374,2202,NA
1982,1981-11-25,1981-11-18,TRUE,NA,86,NA,NA,NA,NA,NA,79,55436.694214876,86694.8760330579,9,1981-11-27,210029.752066116,9,154593.05785124,W,333,62905,374,2202,NA
1982,1981-12-20,1981-11-18,TRUE,Cache Slough and Liberty Island,111,NA,NA,NA,NA,NA,79,55436.694214876,86694.8760330579,9,1981-11-27,210029.752066116,9,154593.05785124,W,333,62905,374,2202,NA
1982,1981-12-20,1981-11-18,TRUE,Confluence,111,NA,NA,NA,NA,NA,79,55436.694214876,86694.8760330579,9,1981-11-27,210029.752066116,9,154593.05785124,W,333,62905,374,2202,NA
1982,1981-12-20,1981-11-18,TRUE,North and South Forks Mokelumne River,111,NA,NA,NA,NA,NA,79,55436.694214876,86694.8760330579,9,1981-11-27,210029.752066116,9,154593.05785124,W,333,62905,374,2202,NA
1982,1981-12-20,1981-11-18,TRUE,Out of Bounds,111,NA,NA,NA,NA,NA,79,55436.694214876,86694.8760330579,9,1981-11-27,210029.752066116,9,154593.05785124,W,333,62905,374,2202,NA
1982,1981-12-20,1981-11-18,TRUE,Sacramento River Deep Water Ship Channel,111,NA,NA,NA,NA,NA,79,55436.694214876,86694.8760330579,9,1981-11-27,210029.752066116,9,154593.05785124,W,333,62905,374,2202,NA
1982,1981-12-20,1981-11-18,TRUE,Sacramento River Mainstem,111,NA,NA,NA,NA,NA,79,55436.694214876,86694.8760330579,9,1981-11-27,210029.752066116,9,154593.05785124,W,333,62905,374,2202,NA
1982,1981-12-20,1981-11-18,TRUE,San Pablo Bay and Carquinez Strait,111,NA,NA,NA,NA,NA,79,55436.694214876,86694.8760330579,9,1981-11-27,210029.752066116,9,154593.05785124,W,333,62905,374,2202,NA
1982,1981-12-20,1981-11-18,TRUE,South Delta,111,NA,NA,NA,NA,NA,79,55436.694214876,86694.8760330579,9,1981-11-27,210029.752066116,9,154593.05785124,W,333,62905,374,2202,NA
1982,1981-12-20,1981-11-18,TRUE,Suisun Marsh and Montezuma Slough,111,NA,NA,NA,NA,NA,79,55436.694214876,86694.8760330579,9,1981-11-27,210029.752066116,9,154593.05785124,W,333,62905,374,2202,NA
1982,1981-12-20,1981-11-18,TRUE,Suisun and Honker Bays,111,NA,NA,NA,NA,NA,79,55436.694214876,86694.8760330579,9,1981-11-27,210029.752066116,9,154593.05785124,W,333,62905,374,2202,NA
1982,1981-12-20,1981-11-18,TRUE,NA,111,NA,NA,NA,NA,NA,79,55436.694214876,86694.8760330579,9,1981-11-27,210029.752066116,9,154593.05785124,W,333,62905,374,2202,NA
1982,1981-12-30,1981-11-18,TRUE,Cache Slough and Liberty Island,121,NA,NA,NA,NA,NA,79,55436.694214876,86694.8760330579,9,1981-11-27,210029.752066116,9,154593.05785124,W,333,62905,374,2202,NA
1982,1981-12-30,1981-11-18,TRUE,Confluence,121,NA,NA,NA,NA,NA,79,55436.694214876,86694.8760330579,9,1981-11-27,210029.752066116,9,154593.05785124,W,333,62905,374,2202,NA
1982,1981-12-30,1981-11-18,TRUE,North and South Forks Mokelumne River,121,NA,NA,NA,NA,NA,79,55436.694214876,86694.8760330579,9,1981-11-27,210029.752066116,9,154593.05785124,W,333,62905,374,2202,NA
1982,1981-12-30,1981-11-18,TRUE,Out of Bounds,121,NA,NA,NA,NA,NA,79,55436.694214876,86694.8760330579,9,1981-11-27,210029.752066116,9,154593.05785124,W,333,62905,374,2202,NA
1982,1981-12-30,1981-11-18,TRUE,Sacramento River Deep Water Ship Channel,121,NA,NA,NA,NA,NA,79,55436.694214876,86694.8760330579,9,1981-11-27,210029.752066116,9,154593.05785124,W,333,62905,374,2202,NA
1982,1981-12-30,1981-11-18,TRUE,Sacramento River Mainstem,121,NA,NA,NA,NA,NA,79,55436.694214876,86694.8760330579,9,1981-11-27,210029.752066116,9,154593.05785124,W,333,62905,374,2202,NA
1982,1981-12-30,1981-11-18,TRUE,San Pablo Bay and Carquinez Strait,121,NA,NA,NA,NA,NA,79,55436.694214876,86694.8760330579,9,1981-11-27,210029.752066116,9,154593.05785124,W,333,62905,374,2202,NA
1982,1981-12-30,1981-11-18,TRUE,South Delta,121,NA,NA,NA,NA,NA,79,55436.694214876,86694.8760330579,9,1981-11-27,210029.752066116,9,154593.05785124,W,333,62905,374,2202,NA
1982,1981-12-30,1981-11-18,TRUE,Suisun Marsh and Montezuma Slough,121,NA,NA,NA,NA,NA,79,55436.694214876,86694.8760330579,9,1981-11-27,210029.752066116,9,154593.05785124,W,333,62905,374,2202,NA
1982,1981-12-30,1981-11-18,TRUE,Suisun and Honker Bays,121,NA,NA,NA,NA,NA,79,55436.694214876,86694.8760330579,9,1981-11-27,210029.752066116,9,154593.05785124,W,333,62905,374,2202,NA
1982,1981-12-30,1981-11-18,TRUE,NA,121,NA,NA,NA,NA,NA,79,55436.694214876,86694.8760330579,9,1981-11-27,210029.752066116,9,154593.05785124,W,333,62905,374,2202,NA
1982,1982-01-05,1981-11-18,TRUE,Cache Slough and Liberty Island,127,NA,NA,NA,NA,NA,79,55436.694214876,86694.8760330579,9,1981-11-27,210029.752066116,9,154593.05785124,W,333,62905,374,2202,NA
1982,1982-01-05,1981-11-18,TRUE,Confluence,127,NA,NA,NA,NA,NA,79,55436.694214876,86694.8760330579,9,1981-11-27,210029.752066116,9,154593.05785124,W,333,62905,374,2202,NA
1982,1982-01-05,1981-11-18,TRUE,North and South Forks Mokelumne River,127,NA,NA,NA,NA,NA,79,55436.694214876,86694.8760330579,9,1981-11-27,210029.752066116,9,154593.05785124,W,333,62905,374,2202,NA
1982,1982-01-05,1981-11-18,TRUE,Out of Bounds,127,NA,NA,NA,NA,NA,79,55436.694214876,86694.8760330579,9,1981-11-27,210029.752066116,9,154593.05785124,W,333,62905,374,2202,NA
1982,1982-01-05,1981-11-18,TRUE,Sacramento River Deep Water Ship Channel,127,NA,NA,NA,NA,NA,79,55436.694214876,86694.8760330579,9,1981-11-27,210029.752066116,9,154593.05785124,W,333,62905,374,2202,NA
1982,1982-01-05,1981-11-18,TRUE,Sacramento River Mainstem,127,NA,NA,NA,NA,NA,79,55436.694214876,86694.8760330579,9,1981-11-27,210029.752066116,9,154593.05785124,W,333,62905,374,2202,NA
1982,1982-01-05,1981-11-18,TRUE,San Pablo Bay and Carquinez Strait,127,NA,NA,NA,NA,NA,79,55436.694214876,86694.8760330579,9,1981-11-27,210029.752066116,9,154593.05785124,W,333,62905,374,2202,NA
1982,1982-01-05,1981-11-18,TRUE,South Delta,127,NA,NA,NA,NA,NA,79,55436.694214876,86694.8760330579,9,1981-11-27,210029.752066116,9,154593.05785124,W,333,62905,374,2202,NA
1982,1982-01-05,1981-11-18,TRUE,Suisun Marsh and Montezuma Slough,127,NA,NA,NA,NA,NA,79,55436.694214876,86694.8760330579,9,1981-11-27,210029.752066116,9,154593.05785124,W,333,62905,374,2202,NA
1982,1982-01-05,1981-11-18,TRUE,Suisun and Honker Bays,127,NA,NA,NA,NA,NA,79,55436.694214876,86694.8760330579,9,1981-11-27,210029.752066116,9,154593.05785124,W,333,62905,374,2202,NA
1982,1982-01-05,1981-11-18,TRUE,NA,127,NA,NA,NA,NA,NA,79,55436.694214876,86694.8760330579,9,1981-11-27,210029.752066116,9,154593.05785124,W,333,62905,374,2202,NA
1982,1982-02-15,1981-11-18,TRUE,Cache Slough and Liberty Island,168,NA,NA,NA,NA,NA,79,55436.694214876,86694.8760330579,9,1981-11-27,210029.752066116,9,154593.05785124,W,333,62905,374,2202,NA
1982,1982-02-15,1981-11-18,TRUE,Confluence,168,NA,NA,NA,NA,NA,79,55436.694214876,86694.8760330579,9,1981-11-27,210029.752066116,9,154593.05785124,W,333,62905,374,2202,NA
1982,1982-02-15,1981-11-18,TRUE,North and South Forks Mokelumne River,168,NA,NA,NA,NA,NA,79,55436.694214876,86694.8760330579,9,1981-11-27,210029.752066116,9,154593.05785124,W,333,62905,374,2202,NA
1982,1982-02-15,1981-11-18,TRUE,Out of Bounds,168,NA,NA,NA,NA,NA,79,55436.694214876,86694.8760330579,9,1981-11-27,210029.752066116,9,154593.05785124,W,333,62905,374,2202,NA
1982,1982-02-15,1981-11-18,TRUE,Sacramento River Deep Water Ship Channel,168,NA,NA,NA,NA,NA,79,55436.694214876,86694.8760330579,9,1981-11-27,210029.752066116,9,154593.05785124,W,333,62905,374,2202,NA
1982,1982-02-15,1981-11-18,TRUE,Sacramento River Mainstem,168,NA,NA,NA,NA,NA,79,55436.694214876,86694.8760330579,9,1981-11-27,210029.752066116,9,154593.05785124,W,333,62905,374,2202,NA
1982,1982-02-15,1981-11-18,TRUE,San Pablo Bay and Carquinez Strait,168,NA,NA,NA,NA,NA,79,55436.694214876,86694.8760330579,9,1981-11-27,210029.752066116,9,154593.05785124,W,333,62905,374,2202,NA
1982,1982-02-15,1981-11-18,TRUE,South Delta,168,NA,NA,NA,NA,NA,79,55436.694214876,86694.8760330579,9,1981-11-27,210029.752066116,9,154593.05785124,W,333,62905,374,2202,NA
1982,1982-02-15,1981-11-18,TRUE,Suisun Marsh and Montezuma Slough,168,NA,NA,NA,NA,NA,79,55436.694214876,86694.8760330579,9,1981-11-27,210029.752066116,9,154593.05785124,W,333,62905,374,2202,NA
1982,1982-02-15,1981-11-18,TRUE,Suisun and Honker Bays,168,NA,NA,NA,NA,NA,79,55436.694214876,86694.8760330579,9,1981-11-27,210029.752066116,9,154593.05785124,W,333,62905,374,2202,NA
1982,1982-02-15,1981-11-18,TRUE,NA,168,NA,NA,NA,NA,NA,79,55436.694214876,86694.8760330579,9,1981-11-27,210029.752066116,9,154593.05785124,W,333,62905,374,2202,NA
1982,1982-03-06,1981-11-18,TRUE,Cache Slough and Liberty Island,187,NA,NA,NA,NA,NA,79,55436.694214876,86694.8760330579,9,1981-11-27,210029.752066116,9,154593.05785124,W,333,62905,374,2202,NA
1982,1982-03-06,1981-11-18,TRUE,Confluence,187,NA,NA,NA,NA,NA,79,55436.694214876,86694.8760330579,9,1981-11-27,210029.752066116,9,154593.05785124,W,333,62905,374,2202,NA
1982,1982-03-06,1981-11-18,TRUE,North and South Forks Mokelumne River,187,NA,NA,NA,NA,NA,79,55436.694214876,86694.8760330579,9,1981-11-27,210029.752066116,9,154593.05785124,W,333,62905,374,2202,NA
1982,1982-03-06,1981-11-18,TRUE,Out of Bounds,187,NA,NA,NA,NA,NA,79,55436.694214876,86694.8760330579,9,1981-11-27,210029.752066116,9,154593.05785124,W,333,62905,374,2202,NA
1982,1982-03-06,1981-11-18,TRUE,Sacramento River Deep Water Ship Channel,187,NA,NA,NA,NA,NA,79,55436.694214876,86694.8760330579,9,1981-11-27,210029.752066116,9,154593.05785124,W,333,62905,374,2202,NA
1982,1982-03-06,1981-11-18,TRUE,Sacramento River Mainstem,187,NA,NA,NA,NA,NA,79,55436.694214876,86694.8760330579,9,1981-11-27,210029.752066116,9,154593.05785124,W,333,62905,374,2202,NA
1982,1982-03-06,1981-11-18,TRUE,San Pablo Bay and Carquinez Strait,187,NA,NA,NA,NA,NA,79,55436.694214876,86694.8760330579,9,1981-11-27,210029.752066116,9,154593.05785124,W,333,62905,374,2202,NA
1982,1982-03-06,1981-11-18,TRUE,South Delta,187,NA,NA,NA,NA,NA,79,55436.694214876,86694.8760330579,9,1981-11-27,210029.752066116,9,154593.05785124,W,333,62905,374,2202,NA
1982,1982-03-06,1981-11-18,TRUE,Suisun Marsh and Montezuma Slough,187,NA,NA,NA,NA,NA,79,55436.694214876,86694.8760330579,9,1981-11-27,210029.752066116,9,154593.05785124,W,333,62905,374,2202,NA
1982,1982-03-06,1981-11-18,TRUE,Suisun and Honker Bays,187,NA,NA,NA,NA,NA,79,55436.694214876,86694.8760330579,9,1981-11-27,210029.752066116,9,154593.05785124,W,333,62905,374,2202,NA
1982,1982-03-06,1981-11-18,TRUE,NA,187,NA,NA,NA,NA,NA,79,55436.694214876,86694.8760330579,9,1981-11-27,210029.752066116,9,154593.05785124,W,333,62905,374,2202,NA
1982,1982-03-31,1981-11-18,TRUE,Cache Slough and Liberty Island,212,NA,NA,NA,NA,NA,79,55436.694214876,86694.8760330579,9,1981-11-27,210029.752066116,9,154593.05785124,W,333,62905,374,2202,NA
1982,1982-03-31,1981-11-18,TRUE,Confluence,212,NA,NA,NA,NA,NA,79,55436.694214876,86694.8760330579,9,1981-11-27,210029.752066116,9,154593.05785124,W,333,62905,374,2202,NA
1982,1982-03-31,1981-11-18,TRUE,North and South Forks Mokelumne River,212,NA,NA,NA,NA,NA,79,55436.694214876,86694.8760330579,9,1981-11-27,210029.752066116,9,154593.05785124,W,333,62905,374,2202,NA
1982,1982-03-31,1981-11-18,TRUE,Out of Bounds,212,NA,NA,NA,NA,NA,79,55436.694214876,86694.8760330579,9,1981-11-27,210029.752066116,9,154593.05785124,W,333,62905,374,2202,NA
1982,1982-03-31,1981-11-18,TRUE,Sacramento River Deep Water Ship Channel,212,NA,NA,NA,NA,NA,79,55436.694214876,86694.8760330579,9,1981-11-27,210029.752066116,9,154593.05785124,W,333,62905,374,2202,NA
1982,1982-03-31,1981-11-18,TRUE,Sacramento River Mainstem,212,NA,NA,NA,NA,NA,79,55436.694214876,86694.8760330579,9,1981-11-27,210029.752066116,9,154593.05785124,W,333,62905,374,2202,NA
1982,1982-03-31,1981-11-18,TRUE,San Pablo Bay and Carquinez Strait,212,NA,NA,NA,NA,NA,79,55436.694214876,86694.8760330579,9,1981-11-27,210029.752066116,9,154593.05785124,W,333,62905,374,2202,NA
1982,1982-03-31,1981-11-18,TRUE,South Delta,212,NA,NA,NA,NA,NA,79,55436.694214876,86694.8760330579,9,1981-11-27,210029.752066116,9,154593.05785124,W,333,62905,374,2202,NA
1982,1982-03-31,1981-11-18,TRUE,Suisun Marsh and Montezuma Slough,212,NA,NA,NA,NA,NA,79,55436.694214876,86694.8760330579,9,1981-11-27,210029.752066116,9,154593.05785124,W,333,62905,374,2202,NA
1982,1982-03-31,1981-11-18,TRUE,Suisun and Honker Bays,212,NA,NA,NA,NA,NA,79,55436.694214876,86694.8760330579,9,1981-11-27,210029.752066116,9,154593.05785124,W,333,62905,374,2202,NA
1982,1982-03-31,1981-11-18,TRUE,NA,212,NA,NA,NA,NA,NA,79,55436.694214876,86694.8760330579,9,1981-11-27,210029.752066116,9,154593.05785124,W,333,62905,374,2202,NA
1982,1982-04-11,1981-11-18,TRUE,Cache Slough and Liberty Island,223,NA,NA,NA,NA,NA,79,55436.694214876,86694.8760330579,9,1981-11-27,210029.752066116,9,154593.05785124,W,333,62905,374,2202,NA
1982,1982-04-11,1981-11-18,TRUE,Confluence,223,NA,NA,NA,NA,NA,79,55436.694214876,86694.8760330579,9,1981-11-27,210029.752066116,9,154593.05785124,W,333,62905,374,2202,NA
1982,1982-04-11,1981-11-18,TRUE,North and South Forks Mokelumne River,223,NA,NA,NA,NA,NA,79,55436.694214876,86694.8760330579,9,1981-11-27,210029.752066116,9,154593.05785124,W,333,62905,374,2202,NA
1982,1982-04-11,1981-11-18,TRUE,Out of Bounds,223,NA,NA,NA,NA,NA,79,55436.694214876,86694.8760330579,9,1981-11-27,210029.752066116,9,154593.05785124,W,333,62905,374,2202,NA
1982,1982-04-11,1981-11-18,TRUE,Sacramento River Deep Water Ship Channel,223,NA,NA,NA,NA,NA,79,55436.694214876,86694.8760330579,9,1981-11-27,210029.752066116,9,154593.05785124,W,333,62905,374,2202,NA
1982,1982-04-11,1981-11-18,TRUE,Sacramento River Mainstem,223,NA,NA,NA,NA,NA,79,55436.694214876,86694.8760330579,9,1981-11-27,210029.752066116,9,154593.05785124,W,333,62905,374,2202,NA
1982,1982-04-11,1981-11-18,TRUE,San Pablo Bay and Carquinez Strait,223,NA,NA,NA,NA,NA,79,55436.694214876,86694.8760330579,9,1981-11-27,210029.752066116,9,154593.05785124,W,333,62905,374,2202,NA
1982,1982-04-11,1981-11-18,TRUE,South Delta,223,NA,NA,NA,NA,NA,79,55436.694214876,86694.8760330579,9,1981-11-27,210029.752066116,9,154593.05785124,W,333,62905,374,2202,NA
1982,1982-04-11,1981-11-18,TRUE,Suisun Marsh and Montezuma Slough,223,NA,NA,NA,NA,NA,79,55436.694214876,86694.8760330579,9,1981-11-27,210029.752066116,9,154593.05785124,W,333,62905,374,2202,NA
1982,1982-04-11,1981-11-18,TRUE,Suisun and Honker Bays,223,NA,NA,NA,NA,NA,79,55436.694214876,86694.8760330579,9,1981-11-27,210029.752066116,9,154593.05785124,W,333,62905,374,2202,NA
1982,1982-04-11,1981-11-18,TRUE,NA,223,NA,NA,NA,NA,NA,79,55436.694214876,86694.8760330579,9,1981-11-27,210029.752066116,9,154593.05785124,W,333,62905,374,2202,NA
1983,1982-11-19,1982-11-19,FALSE,Cache Slough and Liberty Island,80,NA,NA,NA,NA,NA,80,42571.2396694215,81955.041322314,9,1982-12-02,150263.801652893,13,107692.561983471,W,132,11864,333,62905,NA
1983,1982-11-19,1982-11-19,FALSE,Confluence,80,NA,NA,NA,NA,NA,80,42571.2396694215,81955.041322314,9,1982-12-02,150263.801652893,13,107692.561983471,W,132,11864,333,62905,NA
1983,1982-11-19,1982-11-19,FALSE,North and South Forks Mokelumne River,80,NA,NA,NA,NA,NA,80,42571.2396694215,81955.041322314,9,1982-12-02,150263.801652893,13,107692.561983471,W,132,11864,333,62905,NA
1983,1982-11-19,1982-11-19,FALSE,Out of Bounds,80,NA,NA,NA,NA,NA,80,42571.2396694215,81955.041322314,9,1982-12-02,150263.801652893,13,107692.561983471,W,132,11864,333,62905,NA
1983,1982-11-19,1982-11-19,FALSE,Sacramento River Deep Water Ship Channel,80,NA,NA,NA,NA,NA,80,42571.2396694215,81955.041322314,9,1982-12-02,150263.801652893,13,107692.561983471,W,132,11864,333,62905,NA
1983,1982-11-19,1982-11-19,FALSE,Sacramento River Mainstem,80,NA,NA,NA,NA,NA,80,42571.2396694215,81955.041322314,9,1982-12-02,150263.801652893,13,107692.561983471,W,132,11864,333,62905,NA
1983,1982-11-19,1982-11-19,FALSE,San Pablo Bay and Carquinez Strait,80,NA,NA,NA,NA,NA,80,42571.2396694215,81955.041322314,9,1982-12-02,150263.801652893,13,107692.561983471,W,132,11864,333,62905,NA
1983,1982-11-19,1982-11-19,FALSE,South Delta,80,NA,NA,NA,NA,NA,80,42571.2396694215,81955.041322314,9,1982-12-02,150263.801652893,13,107692.561983471,W,132,11864,333,62905,NA
1983,1982-11-19,1982-11-19,FALSE,Suisun Marsh and Montezuma Slough,80,NA,NA,NA,NA,NA,80,42571.2396694215,81955.041322314,9,1982-12-02,150263.801652893,13,107692.561983471,W,132,11864,333,62905,NA
1983,1982-11-19,1982-11-19,FALSE,Suisun and Honker Bays,80,NA,NA,NA,NA,NA,80,42571.2396694215,81955.041322314,9,1982-12-02,150263.801652893,13,107692.561983471,W,132,11864,333,62905,NA
1983,1982-11-19,1982-11-19,FALSE,NA,80,NA,NA,NA,NA,NA,80,42571.2396694215,81955.041322314,9,1982-12-02,150263.801652893,13,107692.561983471,W,132,11864,333,62905,NA
1983,1982-11-30,1982-11-19,TRUE,Cache Slough and Liberty Island,91,NA,NA,NA,NA,NA,80,42571.2396694215,81955.041322314,9,1982-12-02,150263.801652893,13,107692.561983471,W,132,11864,333,62905,NA
1983,1982-11-30,1982-11-19,TRUE,Confluence,91,NA,NA,NA,NA,NA,80,42571.2396694215,81955.041322314,9,1982-12-02,150263.801652893,13,107692.561983471,W,132,11864,333,62905,NA
1983,1982-11-30,1982-11-19,TRUE,North and South Forks Mokelumne River,91,NA,NA,NA,NA,NA,80,42571.2396694215,81955.041322314,9,1982-12-02,150263.801652893,13,107692.561983471,W,132,11864,333,62905,NA
1983,1982-11-30,1982-11-19,TRUE,Out of Bounds,91,NA,NA,NA,NA,NA,80,42571.2396694215,81955.041322314,9,1982-12-02,150263.801652893,13,107692.561983471,W,132,11864,333,62905,NA
1983,1982-11-30,1982-11-19,TRUE,Sacramento River Deep Water Ship Channel,91,NA,NA,NA,NA,NA,80,42571.2396694215,81955.041322314,9,1982-12-02,150263.801652893,13,107692.561983471,W,132,11864,333,62905,NA
1983,1982-11-30,1982-11-19,TRUE,Sacramento River Mainstem,91,NA,NA,NA,NA,NA,80,42571.2396694215,81955.041322314,9,1982-12-02,150263.801652893,13,107692.561983471,W,132,11864,333,62905,NA
1983,1982-11-30,1982-11-19,TRUE,San Pablo Bay and Carquinez Strait,91,NA,NA,NA,NA,NA,80,42571.2396694215,81955.041322314,9,1982-12-02,150263.801652893,13,107692.561983471,W,132,11864,333,62905,NA
1983,1982-11-30,1982-11-19,TRUE,South Delta,91,NA,NA,NA,NA,NA,80,42571.2396694215,81955.041322314,9,1982-12-02,150263.801652893,13,107692.561983471,W,132,11864,333,62905,NA
1983,1982-11-30,1982-11-19,TRUE,Suisun Marsh and Montezuma Slough,91,NA,NA,NA,NA,NA,80,42571.2396694215,81955.041322314,9,1982-12-02,150263.801652893,13,107692.561983471,W,132,11864,333,62905,NA
1983,1982-11-30,1982-11-19,TRUE,Suisun and Honker Bays,91,NA,NA,NA,NA,NA,80,42571.2396694215,81955.041322314,9,1982-12-02,150263.801652893,13,107692.561983471,W,132,11864,333,62905,NA
1983,1982-11-30,1982-11-19,TRUE,NA,91,NA,NA,NA,NA,NA,80,42571.2396694215,81955.041322314,9,1982-12-02,150263.801652893,13,107692.561983471,W,132,11864,333,62905,NA
1983,1982-12-22,1982-11-19,TRUE,Cache Slough and Liberty Island,113,NA,NA,NA,NA,NA,80,42571.2396694215,81955.041322314,9,1982-12-02,150263.801652893,13,107692.561983471,W,132,11864,333,62905,NA
1983,1982-12-22,1982-11-19,TRUE,Confluence,113,NA,NA,NA,NA,NA,80,42571.2396694215,81955.041322314,9,1982-12-02,150263.801652893,13,107692.561983471,W,132,11864,333,62905,NA
1983,1982-12-22,1982-11-19,TRUE,North and South Forks Mokelumne River,113,NA,NA,NA,NA,NA,80,42571.2396694215,81955.041322314,9,1982-12-02,150263.801652893,13,107692.561983471,W,132,11864,333,62905,NA
1983,1982-12-22,1982-11-19,TRUE,Out of Bounds,113,NA,NA,NA,NA,NA,80,42571.2396694215,81955.041322314,9,1982-12-02,150263.801652893,13,107692.561983471,W,132,11864,333,62905,NA
1983,1982-12-22,1982-11-19,TRUE,Sacramento River Deep Water Ship Channel,113,NA,NA,NA,NA,NA,80,42571.2396694215,81955.041322314,9,1982-12-02,150263.801652893,13,107692.561983471,W,132,11864,333,62905,NA
1983,1982-12-22,1982-11-19,TRUE,Sacramento River Mainstem,113,NA,NA,NA,NA,NA,80,42571.2396694215,81955.041322314,9,1982-12-02,150263.801652893,13,107692.561983471,W,132,11864,333,62905,NA
1983,1982-12-22,1982-11-19,TRUE,San Pablo Bay and Carquinez Strait,113,NA,NA,NA,NA,NA,80,42571.2396694215,81955.041322314,9,1982-12-02,150263.801652893,13,107692.561983471,W,132,11864,333,62905,NA
1983,1982-12-22,1982-11-19,TRUE,South Delta,113,NA,NA,NA,NA,NA,80,42571.2396694215,81955.041322314,9,1982-12-02,150263.801652893,13,107692.561983471,W,132,11864,333,62905,NA
1983,1982-12-22,1982-11-19,TRUE,Suisun Marsh and Montezuma Slough,113,NA,NA,NA,NA,NA,80,42571.2396694215,81955.041322314,9,1982-12-02,150263.801652893,13,107692.561983471,W,132,11864,333,62905,NA
1983,1982-12-22,1982-11-19,TRUE,Suisun and Honker Bays,113,NA,NA,NA,NA,NA,80,42571.2396694215,81955.041322314,9,1982-12-02,150263.801652893,13,107692.561983471,W,132,11864,333,62905,NA
1983,1982-12-22,1982-11-19,TRUE,NA,113,NA,NA,NA,NA,NA,80,42571.2396694215,81955.041322314,9,1982-12-02,150263.801652893,13,107692.561983471,W,132,11864,333,62905,NA
1983,1983-01-23,1982-11-19,TRUE,Cache Slough and Liberty Island,145,NA,NA,NA,NA,NA,80,42571.2396694215,81955.041322314,9,1982-12-02,150263.801652893,13,107692.561983471,W,132,11864,333,62905,NA
1983,1983-01-23,1982-11-19,TRUE,Confluence,145,NA,NA,NA,NA,NA,80,42571.2396694215,81955.041322314,9,1982-12-02,150263.801652893,13,107692.561983471,W,132,11864,333,62905,NA
1983,1983-01-23,1982-11-19,TRUE,North and South Forks Mokelumne River,145,NA,NA,NA,NA,NA,80,42571.2396694215,81955.041322314,9,1982-12-02,150263.801652893,13,107692.561983471,W,132,11864,333,62905,NA
1983,1983-01-23,1982-11-19,TRUE,Out of Bounds,145,NA,NA,NA,NA,NA,80,42571.2396694215,81955.041322314,9,1982-12-02,150263.801652893,13,107692.561983471,W,132,11864,333,62905,NA
1983,1983-01-23,1982-11-19,TRUE,Sacramento River Deep Water Ship Channel,145,NA,NA,NA,NA,NA,80,42571.2396694215,81955.041322314,9,1982-12-02,150263.801652893,13,107692.561983471,W,132,11864,333,62905,NA
1983,1983-01-23,1982-11-19,TRUE,Sacramento River Mainstem,145,NA,NA,NA,NA,NA,80,42571.2396694215,81955.041322314,9,1982-12-02,150263.801652893,13,107692.561983471,W,132,11864,333,62905,NA
1983,1983-01-23,1982-11-19,TRUE,San Pablo Bay and Carquinez Strait,145,NA,NA,NA,NA,NA,80,42571.2396694215,81955.041322314,9,1982-12-02,150263.801652893,13,107692.561983471,W,132,11864,333,62905,NA
1983,1983-01-23,1982-11-19,TRUE,South Delta,145,NA,NA,NA,NA,NA,80,42571.2396694215,81955.041322314,9,1982-12-02,150263.801652893,13,107692.561983471,W,132,11864,333,62905,NA
1983,1983-01-23,1982-11-19,TRUE,Suisun Marsh and Montezuma Slough,145,NA,NA,NA,NA,NA,80,42571.2396694215,81955.041322314,9,1982-12-02,150263.801652893,13,107692.561983471,W,132,11864,333,62905,NA
1983,1983-01-23,1982-11-19,TRUE,Suisun and Honker Bays,145,NA,NA,NA,NA,NA,80,42571.2396694215,81955.041322314,9,1982-12-02,150263.801652893,13,107692.561983471,W,132,11864,333,62905,NA
1983,1983-01-23,1982-11-19,TRUE,NA,145,NA,NA,NA,NA,NA,80,42571.2396694215,81955.041322314,9,1982-12-02,150263.801652893,13,107692.561983471,W,132,11864,333,62905,NA
1983,1983-02-08,1982-11-19,TRUE,Cache Slough and Liberty Island,161,NA,NA,NA,NA,NA,80,42571.2396694215,81955.041322314,9,1982-12-02,150263.801652893,13,107692.561983471,W,132,11864,333,62905,NA
1983,1983-02-08,1982-11-19,TRUE,Confluence,161,NA,NA,NA,NA,NA,80,42571.2396694215,81955.041322314,9,1982-12-02,150263.801652893,13,107692.561983471,W,132,11864,333,62905,NA
1983,1983-02-08,1982-11-19,TRUE,North and South Forks Mokelumne River,161,NA,NA,NA,NA,NA,80,42571.2396694215,81955.041322314,9,1982-12-02,150263.801652893,13,107692.561983471,W,132,11864,333,62905,NA
1983,1983-02-08,1982-11-19,TRUE,Out of Bounds,161,NA,NA,NA,NA,NA,80,42571.2396694215,81955.041322314,9,1982-12-02,150263.801652893,13,107692.561983471,W,132,11864,333,62905,NA
1983,1983-02-08,1982-11-19,TRUE,Sacramento River Deep Water Ship Channel,161,NA,NA,NA,NA,NA,80,42571.2396694215,81955.041322314,9,1982-12-02,150263.801652893,13,107692.561983471,W,132,11864,333,62905,NA
1983,1983-02-08,1982-11-19,TRUE,Sacramento River Mainstem,161,NA,NA,NA,NA,NA,80,42571.2396694215,81955.041322314,9,1982-12-02,150263.801652893,13,107692.561983471,W,132,11864,333,62905,NA
1983,1983-02-08,1982-11-19,TRUE,San Pablo Bay and Carquinez Strait,161,NA,NA,NA,NA,NA,80,42571.2396694215,81955.041322314,9,1982-12-02,150263.801652893,13,107692.561983471,W,132,11864,333,62905,NA
1983,1983-02-08,1982-11-19,TRUE,South Delta,161,NA,NA,NA,NA,NA,80,42571.2396694215,81955.041322314,9,1982-12-02,150263.801652893,13,107692.561983471,W,132,11864,333,62905,NA
1983,1983-02-08,1982-11-19,TRUE,Suisun Marsh and Montezuma Slough,161,NA,NA,NA,NA,NA,80,42571.2396694215,81955.041322314,9,1982-12-02,150263.801652893,13,107692.561983471,W,132,11864,333,62905,NA
1983,1983-02-08,1982-11-19,TRUE,Suisun and Honker Bays,161,NA,NA,NA,NA,NA,80,42571.2396694215,81955.041322314,9,1982-12-02,150263.801652893,13,107692.561983471,W,132,11864,333,62905,NA
1983,1983-02-08,1982-11-19,TRUE,NA,161,NA,NA,NA,NA,NA,80,42571.2396694215,81955.041322314,9,1982-12-02,150263.801652893,13,107692.561983471,W,132,11864,333,62905,NA
1983,1983-02-13,1982-11-19,TRUE,Cache Slough and Liberty Island,166,NA,NA,NA,NA,NA,80,42571.2396694215,81955.041322314,9,1982-12-02,150263.801652893,13,107692.561983471,W,132,11864,333,62905,NA
1983,1983-02-13,1982-11-19,TRUE,Confluence,166,NA,NA,NA,NA,NA,80,42571.2396694215,81955.041322314,9,1982-12-02,150263.801652893,13,107692.561983471,W,132,11864,333,62905,NA
1983,1983-02-13,1982-11-19,TRUE,North and South Forks Mokelumne River,166,NA,NA,NA,NA,NA,80,42571.2396694215,81955.041322314,9,1982-12-02,150263.801652893,13,107692.561983471,W,132,11864,333,62905,NA
1983,1983-02-13,1982-11-19,TRUE,Out of Bounds,166,NA,NA,NA,NA,NA,80,42571.2396694215,81955.041322314,9,1982-12-02,150263.801652893,13,107692.561983471,W,132,11864,333,62905,NA
1983,1983-02-13,1982-11-19,TRUE,Sacramento River Deep Water Ship Channel,166,NA,NA,NA,NA,NA,80,42571.2396694215,81955.041322314,9,1982-12-02,150263.801652893,13,107692.561983471,W,132,11864,333,62905,NA
1983,1983-02-13,1982-11-19,TRUE,Sacramento River Mainstem,166,NA,NA,NA,NA,NA,80,42571.2396694215,81955.041322314,9,1982-12-02,150263.801652893,13,107692.561983471,W,132,11864,333,62905,NA
1983,1983-02-13,1982-11-19,TRUE,San Pablo Bay and Carquinez Strait,166,NA,NA,NA,NA,NA,80,42571.2396694215,81955.041322314,9,1982-12-02,150263.801652893,13,107692.561983471,W,132,11864,333,62905,NA
1983,1983-02-13,1982-11-19,TRUE,South Delta,166,NA,NA,NA,NA,NA,80,42571.2396694215,81955.041322314,9,1982-12-02,150263.801652893,13,107692.561983471,W,132,11864,333,62905,NA
1983,1983-02-13,1982-11-19,TRUE,Suisun Marsh and Montezuma Slough,166,NA,NA,NA,NA,NA,80,42571.2396694215,81955.041322314,9,1982-12-02,150263.801652893,13,107692.561983471,W,132,11864,333,62905,NA
1983,1983-02-13,1982-11-19,TRUE,Suisun and Honker Bays,166,NA,NA,NA,NA,NA,80,42571.2396694215,81955.041322314,9,1982-12-02,150263.801652893,13,107692.561983471,W,132,11864,333,62905,NA
1983,1983-02-13,1982-11-19,TRUE,NA,166,NA,NA,NA,NA,NA,80,42571.2396694215,81955.041322314,9,1982-12-02,150263.801652893,13,107692.561983471,W,132,11864,333,62905,NA
1983,1983-02-27,1982-11-19,TRUE,Cache Slough and Liberty Island,180,NA,NA,NA,NA,NA,80,42571.2396694215,81955.041322314,9,1982-12-02,150263.801652893,13,107692.561983471,W,132,11864,333,62905,NA
1983,1983-02-27,1982-11-19,TRUE,Confluence,180,NA,NA,NA,NA,NA,80,42571.2396694215,81955.041322314,9,1982-12-02,150263.801652893,13,107692.561983471,W,132,11864,333,62905,NA
1983,1983-02-27,1982-11-19,TRUE,North and South Forks Mokelumne River,180,NA,NA,NA,NA,NA,80,42571.2396694215,81955.041322314,9,1982-12-02,150263.801652893,13,107692.561983471,W,132,11864,333,62905,NA
1983,1983-02-27,1982-11-19,TRUE,Out of Bounds,180,NA,NA,NA,NA,NA,80,42571.2396694215,81955.041322314,9,1982-12-02,150263.801652893,13,107692.561983471,W,132,11864,333,62905,NA
1983,1983-02-27,1982-11-19,TRUE,Sacramento River Deep Water Ship Channel,180,NA,NA,NA,NA,NA,80,42571.2396694215,81955.041322314,9,1982-12-02,150263.801652893,13,107692.561983471,W,132,11864,333,62905,NA
1983,1983-02-27,1982-11-19,TRUE,Sacramento River Mainstem,180,NA,NA,NA,NA,NA,80,42571.2396694215,81955.041322314,9,1982-12-02,150263.801652893,13,107692.561983471,W,132,11864,333,62905,NA
1983,1983-02-27,1982-11-19,TRUE,San Pablo Bay and Carquinez Strait,180,NA,NA,NA,NA,NA,80,42571.2396694215,81955.041322314,9,1982-12-02,150263.801652893,13,107692.561983471,W,132,11864,333,62905,NA
1983,1983-02-27,1982-11-19,TRUE,South Delta,180,NA,NA,NA,NA,NA,80,42571.2396694215,81955.041322314,9,1982-12-02,150263.801652893,13,107692.561983471,W,132,11864,333,62905,NA
1983,1983-02-27,1982-11-19,TRUE,Suisun Marsh and Montezuma Slough,180,NA,NA,NA,NA,NA,80,42571.2396694215,81955.041322314,9,1982-12-02,150263.801652893,13,107692.561983471,W,132,11864,333,62905,NA
1983,1983-02-27,1982-11-19,TRUE,Suisun and Honker Bays,180,NA,NA,NA,NA,NA,80,42571.2396694215,81955.041322314,9,1982-12-02,150263.801652893,13,107692.561983471,W,132,11864,333,62905,NA
1983,1983-02-27,1982-11-19,TRUE,NA,180,NA,NA,NA,NA,NA,80,42571.2396694215,81955.041322314,9,1982-12-02,150263.801652893,13,107692.561983471,W,132,11864,333,62905,NA
1983,1983-03-13,1982-11-19,TRUE,Cache Slough and Liberty Island,194,NA,NA,NA,NA,NA,80,42571.2396694215,81955.041322314,9,1982-12-02,150263.801652893,13,107692.561983471,W,132,11864,333,62905,NA
1983,1983-03-13,1982-11-19,TRUE,Confluence,194,NA,NA,NA,NA,NA,80,42571.2396694215,81955.041322314,9,1982-12-02,150263.801652893,13,107692.561983471,W,132,11864,333,62905,NA
1983,1983-03-13,1982-11-19,TRUE,North and South Forks Mokelumne River,194,NA,NA,NA,NA,NA,80,42571.2396694215,81955.041322314,9,1982-12-02,150263.801652893,13,107692.561983471,W,132,11864,333,62905,NA
1983,1983-03-13,1982-11-19,TRUE,Out of Bounds,194,NA,NA,NA,NA,NA,80,42571.2396694215,81955.041322314,9,1982-12-02,150263.801652893,13,107692.561983471,W,132,11864,333,62905,NA
1983,1983-03-13,1982-11-19,TRUE,Sacramento River Deep Water Ship Channel,194,NA,NA,NA,NA,NA,80,42571.2396694215,81955.041322314,9,1982-12-02,150263.801652893,13,107692.561983471,W,132,11864,333,62905,NA
1983,1983-03-13,1982-11-19,TRUE,Sacramento River Mainstem,194,NA,NA,NA,NA,NA,80,42571.2396694215,81955.041322314,9,1982-12-02,150263.801652893,13,107692.561983471,W,132,11864,333,62905,NA
1983,1983-03-13,1982-11-19,TRUE,San Pablo Bay and Carquinez Strait,194,NA,NA,NA,NA,NA,80,42571.2396694215,81955.041322314,9,1982-12-02,150263.801652893,13,107692.561983471,W,132,11864,333,62905,NA
1983,1983-03-13,1982-11-19,TRUE,South Delta,194,NA,NA,NA,NA,NA,80,42571.2396694215,81955.041322314,9,1982-12-02,150263.801652893,13,107692.561983471,W,132,11864,333,62905,NA
1983,1983-03-13,1982-11-19,TRUE,Suisun Marsh and Montezuma Slough,194,NA,NA,NA,NA,NA,80,42571.2396694215,81955.041322314,9,1982-12-02,150263.801652893,13,107692.561983471,W,132,11864,333,62905,NA
1983,1983-03-13,1982-11-19,TRUE,Suisun and Honker Bays,194,NA,NA,NA,NA,NA,80,42571.2396694215,81955.041322314,9,1982-12-02,150263.801652893,13,107692.561983471,W,132,11864,333,62905,NA
1983,1983-03-13,1982-11-19,TRUE,NA,194,NA,NA,NA,NA,NA,80,42571.2396694215,81955.041322314,9,1982-12-02,150263.801652893,13,107692.561983471,W,132,11864,333,62905,NA
1983,1983-03-24,1982-11-19,TRUE,Cache Slough and Liberty Island,205,NA,NA,NA,NA,NA,80,42571.2396694215,81955.041322314,9,1982-12-02,150263.801652893,13,107692.561983471,W,132,11864,333,62905,NA
1983,1983-03-24,1982-11-19,TRUE,Confluence,205,NA,NA,NA,NA,NA,80,42571.2396694215,81955.041322314,9,1982-12-02,150263.801652893,13,107692.561983471,W,132,11864,333,62905,NA
1983,1983-03-24,1982-11-19,TRUE,North and South Forks Mokelumne River,205,NA,NA,NA,NA,NA,80,42571.2396694215,81955.041322314,9,1982-12-02,150263.801652893,13,107692.561983471,W,132,11864,333,62905,NA
1983,1983-03-24,1982-11-19,TRUE,Out of Bounds,205,NA,NA,NA,NA,NA,80,42571.2396694215,81955.041322314,9,1982-12-02,150263.801652893,13,107692.561983471,W,132,11864,333,62905,NA
1983,1983-03-24,1982-11-19,TRUE,Sacramento River Deep Water Ship Channel,205,NA,NA,NA,NA,NA,80,42571.2396694215,81955.041322314,9,1982-12-02,150263.801652893,13,107692.561983471,W,132,11864,333,62905,NA
1983,1983-03-24,1982-11-19,TRUE,Sacramento River Mainstem,205,NA,NA,NA,NA,NA,80,42571.2396694215,81955.041322314,9,1982-12-02,150263.801652893,13,107692.561983471,W,132,11864,333,62905,NA
1983,1983-03-24,1982-11-19,TRUE,San Pablo Bay and Carquinez Strait,205,NA,NA,NA,NA,NA,80,42571.2396694215,81955.041322314,9,1982-12-02,150263.801652893,13,107692.561983471,W,132,11864,333,62905,NA
1983,1983-03-24,1982-11-19,TRUE,South Delta,205,NA,NA,NA,NA,NA,80,42571.2396694215,81955.041322314,9,1982-12-02,150263.801652893,13,107692.561983471,W,132,11864,333,62905,NA
1983,1983-03-24,1982-11-19,TRUE,Suisun Marsh and Montezuma Slough,205,NA,NA,NA,NA,NA,80,42571.2396694215,81955.041322314,9,1982-12-02,150263.801652893,13,107692.561983471,W,132,11864,333,62905,NA
1983,1983-03-24,1982-11-19,TRUE,Suisun and Honker Bays,205,NA,NA,NA,NA,NA,80,42571.2396694215,81955.041322314,9,1982-12-02,150263.801652893,13,107692.561983471,W,132,11864,333,62905,NA
1983,1983-03-24,1982-11-19,TRUE,NA,205,NA,NA,NA,NA,NA,80,42571.2396694215,81955.041322314,9,1982-12-02,150263.801652893,13,107692.561983471,W,132,11864,333,62905,NA
1983,1983-04-30,1982-11-19,TRUE,Cache Slough and Liberty Island,242,NA,NA,NA,NA,NA,80,42571.2396694215,81955.041322314,9,1982-12-02,150263.801652893,13,107692.561983471,W,132,11864,333,62905,NA
1983,1983-04-30,1982-11-19,TRUE,Confluence,242,NA,NA,NA,NA,NA,80,42571.2396694215,81955.041322314,9,1982-12-02,150263.801652893,13,107692.561983471,W,132,11864,333,62905,NA
1983,1983-04-30,1982-11-19,TRUE,North and South Forks Mokelumne River,242,NA,NA,NA,NA,NA,80,42571.2396694215,81955.041322314,9,1982-12-02,150263.801652893,13,107692.561983471,W,132,11864,333,62905,NA
1983,1983-04-30,1982-11-19,TRUE,Out of Bounds,242,NA,NA,NA,NA,NA,80,42571.2396694215,81955.041322314,9,1982-12-02,150263.801652893,13,107692.561983471,W,132,11864,333,62905,NA
1983,1983-04-30,1982-11-19,TRUE,Sacramento River Deep Water Ship Channel,242,NA,NA,NA,NA,NA,80,42571.2396694215,81955.041322314,9,1982-12-02,150263.801652893,13,107692.561983471,W,132,11864,333,62905,NA
1983,1983-04-30,1982-11-19,TRUE,Sacramento River Mainstem,242,NA,NA,NA,NA,NA,80,42571.2396694215,81955.041322314,9,1982-12-02,150263.801652893,13,107692.561983471,W,132,11864,333,62905,NA
1983,1983-04-30,1982-11-19,TRUE,San Pablo Bay and Carquinez Strait,242,NA,NA,NA,NA,NA,80,42571.2396694215,81955.041322314,9,1982-12-02,150263.801652893,13,107692.561983471,W,132,11864,333,62905,NA
1983,1983-04-30,1982-11-19,TRUE,South Delta,242,NA,NA,NA,NA,NA,80,42571.2396694215,81955.041322314,9,1982-12-02,150263.801652893,13,107692.561983471,W,132,11864,333,62905,NA
1983,1983-04-30,1982-11-19,TRUE,Suisun Marsh and Montezuma Slough,242,NA,NA,NA,NA,NA,80,42571.2396694215,81955.041322314,9,1982-12-02,150263.801652893,13,107692.561983471,W,132,11864,333,62905,NA
1983,1983-04-30,1982-11-19,TRUE,Suisun and Honker Bays,242,NA,NA,NA,NA,NA,80,42571.2396694215,81955.041322314,9,1982-12-02,150263.801652893,13,107692.561983471,W,132,11864,333,62905,NA
1983,1983-04-30,1982-11-19,TRUE,NA,242,NA,NA,NA,NA,NA,80,42571.2396694215,81955.041322314,9,1982-12-02,150263.801652893,13,107692.561983471,W,132,11864,333,62905,NA
1984,1983-11-11,1983-11-11,FALSE,Cache Slough and Liberty Island,72,NA,NA,NA,NA,NA,72,37242.3140495868,73115.3719008264,5,1983-11-22,185791.73553719,11,148549.421487603,W,182,7408,132,11864,NA
1984,1983-11-11,1983-11-11,FALSE,Confluence,72,NA,NA,NA,NA,NA,72,37242.3140495868,73115.3719008264,5,1983-11-22,185791.73553719,11,148549.421487603,W,182,7408,132,11864,NA
1984,1983-11-11,1983-11-11,FALSE,North and South Forks Mokelumne River,72,NA,NA,NA,NA,NA,72,37242.3140495868,73115.3719008264,5,1983-11-22,185791.73553719,11,148549.421487603,W,182,7408,132,11864,NA
1984,1983-11-11,1983-11-11,FALSE,Out of Bounds,72,NA,NA,NA,NA,NA,72,37242.3140495868,73115.3719008264,5,1983-11-22,185791.73553719,11,148549.421487603,W,182,7408,132,11864,NA
1984,1983-11-11,1983-11-11,FALSE,Sacramento River Deep Water Ship Channel,72,NA,NA,NA,NA,NA,72,37242.3140495868,73115.3719008264,5,1983-11-22,185791.73553719,11,148549.421487603,W,182,7408,132,11864,NA
1984,1983-11-11,1983-11-11,FALSE,Sacramento River Mainstem,72,NA,NA,NA,NA,NA,72,37242.3140495868,73115.3719008264,5,1983-11-22,185791.73553719,11,148549.421487603,W,182,7408,132,11864,NA
1984,1983-11-11,1983-11-11,FALSE,San Pablo Bay and Carquinez Strait,72,NA,NA,NA,NA,NA,72,37242.3140495868,73115.3719008264,5,1983-11-22,185791.73553719,11,148549.421487603,W,182,7408,132,11864,NA
1984,1983-11-11,1983-11-11,FALSE,South Delta,72,NA,NA,NA,NA,NA,72,37242.3140495868,73115.3719008264,5,1983-11-22,185791.73553719,11,148549.421487603,W,182,7408,132,11864,NA
1984,1983-11-11,1983-11-11,FALSE,Suisun Marsh and Montezuma Slough,72,NA,NA,NA,NA,NA,72,37242.3140495868,73115.3719008264,5,1983-11-22,185791.73553719,11,148549.421487603,W,182,7408,132,11864,NA
1984,1983-11-11,1983-11-11,FALSE,Suisun and Honker Bays,72,NA,NA,NA,NA,NA,72,37242.3140495868,73115.3719008264,5,1983-11-22,185791.73553719,11,148549.421487603,W,182,7408,132,11864,NA
1984,1983-11-11,1983-11-11,FALSE,NA,72,NA,NA,NA,NA,NA,72,37242.3140495868,73115.3719008264,5,1983-11-22,185791.73553719,11,148549.421487603,W,182,7408,132,11864,NA
1984,1983-11-18,1983-11-11,TRUE,Cache Slough and Liberty Island,79,NA,NA,NA,NA,NA,72,37242.3140495868,73115.3719008264,5,1983-11-22,185791.73553719,11,148549.421487603,W,182,7408,132,11864,NA
1984,1983-11-18,1983-11-11,TRUE,Confluence,79,NA,NA,NA,NA,NA,72,37242.3140495868,73115.3719008264,5,1983-11-22,185791.73553719,11,148549.421487603,W,182,7408,132,11864,NA
1984,1983-11-18,1983-11-11,TRUE,North and South Forks Mokelumne River,79,NA,NA,NA,NA,NA,72,37242.3140495868,73115.3719008264,5,1983-11-22,185791.73553719,11,148549.421487603,W,182,7408,132,11864,NA
1984,1983-11-18,1983-11-11,TRUE,Out of Bounds,79,NA,NA,NA,NA,NA,72,37242.3140495868,73115.3719008264,5,1983-11-22,185791.73553719,11,148549.421487603,W,182,7408,132,11864,NA
1984,1983-11-18,1983-11-11,TRUE,Sacramento River Deep Water Ship Channel,79,NA,NA,NA,NA,NA,72,37242.3140495868,73115.3719008264,5,1983-11-22,185791.73553719,11,148549.421487603,W,182,7408,132,11864,NA
1984,1983-11-18,1983-11-11,TRUE,Sacramento River Mainstem,79,NA,NA,NA,NA,NA,72,37242.3140495868,73115.3719008264,5,1983-11-22,185791.73553719,11,148549.421487603,W,182,7408,132,11864,NA
1984,1983-11-18,1983-11-11,TRUE,San Pablo Bay and Carquinez Strait,79,NA,NA,NA,NA,NA,72,37242.3140495868,73115.3719008264,5,1983-11-22,185791.73553719,11,148549.421487603,W,182,7408,132,11864,NA
1984,1983-11-18,1983-11-11,TRUE,South Delta,79,NA,NA,NA,NA,NA,72,37242.3140495868,73115.3719008264,5,1983-11-22,185791.73553719,11,148549.421487603,W,182,7408,132,11864,NA
1984,1983-11-18,1983-11-11,TRUE,Suisun Marsh and Montezuma Slough,79,NA,NA,NA,NA,NA,72,37242.3140495868,73115.3719008264,5,1983-11-22,185791.73553719,11,148549.421487603,W,182,7408,132,11864,NA
1984,1983-11-18,1983-11-11,TRUE,Suisun and Honker Bays,79,NA,NA,NA,NA,NA,72,37242.3140495868,73115.3719008264,5,1983-11-22,185791.73553719,11,148549.421487603,W,182,7408,132,11864,NA
1984,1983-11-18,1983-11-11,TRUE,NA,79,NA,NA,NA,NA,NA,72,37242.3140495868,73115.3719008264,5,1983-11-22,185791.73553719,11,148549.421487603,W,182,7408,132,11864,NA
1984,1983-11-25,1983-11-11,TRUE,Cache Slough and Liberty Island,86,NA,NA,NA,NA,NA,72,37242.3140495868,73115.3719008264,5,1983-11-22,185791.73553719,11,148549.421487603,W,182,7408,132,11864,NA
1984,1983-11-25,1983-11-11,TRUE,Confluence,86,NA,NA,NA,NA,NA,72,37242.3140495868,73115.3719008264,5,1983-11-22,185791.73553719,11,148549.421487603,W,182,7408,132,11864,NA
1984,1983-11-25,1983-11-11,TRUE,North and South Forks Mokelumne River,86,NA,NA,NA,NA,NA,72,37242.3140495868,73115.3719008264,5,1983-11-22,185791.73553719,11,148549.421487603,W,182,7408,132,11864,NA
1984,1983-11-25,1983-11-11,TRUE,Out of Bounds,86,NA,NA,NA,NA,NA,72,37242.3140495868,73115.3719008264,5,1983-11-22,185791.73553719,11,148549.421487603,W,182,7408,132,11864,NA
1984,1983-11-25,1983-11-11,TRUE,Sacramento River Deep Water Ship Channel,86,NA,NA,NA,NA,NA,72,37242.3140495868,73115.3719008264,5,1983-11-22,185791.73553719,11,148549.421487603,W,182,7408,132,11864,NA
1984,1983-11-25,1983-11-11,TRUE,Sacramento River Mainstem,86,NA,NA,NA,NA,NA,72,37242.3140495868,73115.3719008264,5,1983-11-22,185791.73553719,11,148549.421487603,W,182,7408,132,11864,NA
1984,1983-11-25,1983-11-11,TRUE,San Pablo Bay and Carquinez Strait,86,NA,NA,NA,NA,NA,72,37242.3140495868,73115.3719008264,5,1983-11-22,185791.73553719,11,148549.421487603,W,182,7408,132,11864,NA
1984,1983-11-25,1983-11-11,TRUE,South Delta,86,NA,NA,NA,NA,NA,72,37242.3140495868,73115.3719008264,5,1983-11-22,185791.73553719,11,148549.421487603,W,182,7408,132,11864,NA
1984,1983-11-25,1983-11-11,TRUE,Suisun Marsh and Montezuma Slough,86,NA,NA,NA,NA,NA,72,37242.3140495868,73115.3719008264,5,1983-11-22,185791.73553719,11,148549.421487603,W,182,7408,132,11864,NA
1984,1983-11-25,1983-11-11,TRUE,Suisun and Honker Bays,86,NA,NA,NA,NA,NA,72,37242.3140495868,73115.3719008264,5,1983-11-22,185791.73553719,11,148549.421487603,W,182,7408,132,11864,NA
1984,1983-11-25,1983-11-11,TRUE,NA,86,NA,NA,NA,NA,NA,72,37242.3140495868,73115.3719008264,5,1983-11-22,185791.73553719,11,148549.421487603,W,182,7408,132,11864,NA
1984,1983-12-10,1983-11-11,TRUE,Cache Slough and Liberty Island,101,NA,NA,NA,NA,NA,72,37242.3140495868,73115.3719008264,5,1983-11-22,185791.73553719,11,148549.421487603,W,182,7408,132,11864,NA
1984,1983-12-10,1983-11-11,TRUE,Confluence,101,NA,NA,NA,NA,NA,72,37242.3140495868,73115.3719008264,5,1983-11-22,185791.73553719,11,148549.421487603,W,182,7408,132,11864,NA
1984,1983-12-10,1983-11-11,TRUE,North and South Forks Mokelumne River,101,NA,NA,NA,NA,NA,72,37242.3140495868,73115.3719008264,5,1983-11-22,185791.73553719,11,148549.421487603,W,182,7408,132,11864,NA
1984,1983-12-10,1983-11-11,TRUE,Out of Bounds,101,NA,NA,NA,NA,NA,72,37242.3140495868,73115.3719008264,5,1983-11-22,185791.73553719,11,148549.421487603,W,182,7408,132,11864,NA
1984,1983-12-10,1983-11-11,TRUE,Sacramento River Deep Water Ship Channel,101,NA,NA,NA,NA,NA,72,37242.3140495868,73115.3719008264,5,1983-11-22,185791.73553719,11,148549.421487603,W,182,7408,132,11864,NA
1984,1983-12-10,1983-11-11,TRUE,Sacramento River Mainstem,101,NA,NA,NA,NA,NA,72,37242.3140495868,73115.3719008264,5,1983-11-22,185791.73553719,11,148549.421487603,W,182,7408,132,11864,NA
1984,1983-12-10,1983-11-11,TRUE,San Pablo Bay and Carquinez Strait,101,NA,NA,NA,NA,NA,72,37242.3140495868,73115.3719008264,5,1983-11-22,185791.73553719,11,148549.421487603,W,182,7408,132,11864,NA
1984,1983-12-10,1983-11-11,TRUE,South Delta,101,NA,NA,NA,NA,NA,72,37242.3140495868,73115.3719008264,5,1983-11-22,185791.73553719,11,148549.421487603,W,182,7408,132,11864,NA
1984,1983-12-10,1983-11-11,TRUE,Suisun Marsh and Montezuma Slough,101,NA,NA,NA,NA,NA,72,37242.3140495868,73115.3719008264,5,1983-11-22,185791.73553719,11,148549.421487603,W,182,7408,132,11864,NA
1984,1983-12-10,1983-11-11,TRUE,Suisun and Honker Bays,101,NA,NA,NA,NA,NA,72,37242.3140495868,73115.3719008264,5,1983-11-22,185791.73553719,11,148549.421487603,W,182,7408,132,11864,NA
1984,1983-12-10,1983-11-11,TRUE,NA,101,NA,NA,NA,NA,NA,72,37242.3140495868,73115.3719008264,5,1983-11-22,185791.73553719,11,148549.421487603,W,182,7408,132,11864,NA
1984,1983-12-24,1983-11-11,TRUE,Cache Slough and Liberty Island,115,NA,NA,NA,NA,NA,72,37242.3140495868,73115.3719008264,5,1983-11-22,185791.73553719,11,148549.421487603,W,182,7408,132,11864,NA
1984,1983-12-24,1983-11-11,TRUE,Confluence,115,NA,NA,NA,NA,NA,72,37242.3140495868,73115.3719008264,5,1983-11-22,185791.73553719,11,148549.421487603,W,182,7408,132,11864,NA
1984,1983-12-24,1983-11-11,TRUE,North and South Forks Mokelumne River,115,NA,NA,NA,NA,NA,72,37242.3140495868,73115.3719008264,5,1983-11-22,185791.73553719,11,148549.421487603,W,182,7408,132,11864,NA
1984,1983-12-24,1983-11-11,TRUE,Out of Bounds,115,NA,NA,NA,NA,NA,72,37242.3140495868,73115.3719008264,5,1983-11-22,185791.73553719,11,148549.421487603,W,182,7408,132,11864,NA
1984,1983-12-24,1983-11-11,TRUE,Sacramento River Deep Water Ship Channel,115,NA,NA,NA,NA,NA,72,37242.3140495868,73115.3719008264,5,1983-11-22,185791.73553719,11,148549.421487603,W,182,7408,132,11864,NA
1984,1983-12-24,1983-11-11,TRUE,Sacramento River Mainstem,115,NA,NA,NA,NA,NA,72,37242.3140495868,73115.3719008264,5,1983-11-22,185791.73553719,11,148549.421487603,W,182,7408,132,11864,NA
1984,1983-12-24,1983-11-11,TRUE,San Pablo Bay and Carquinez Strait,115,NA,NA,NA,NA,NA,72,37242.3140495868,73115.3719008264,5,1983-11-22,185791.73553719,11,148549.421487603,W,182,7408,132,11864,NA
1984,1983-12-24,1983-11-11,TRUE,South Delta,115,NA,NA,NA,NA,NA,72,37242.3140495868,73115.3719008264,5,1983-11-22,185791.73553719,11,148549.421487603,W,182,7408,132,11864,NA
1984,1983-12-24,1983-11-11,TRUE,Suisun Marsh and Montezuma Slough,115,NA,NA,NA,NA,NA,72,37242.3140495868,73115.3719008264,5,1983-11-22,185791.73553719,11,148549.421487603,W,182,7408,132,11864,NA
1984,1983-12-24,1983-11-11,TRUE,Suisun and Honker Bays,115,NA,NA,NA,NA,NA,72,37242.3140495868,73115.3719008264,5,1983-11-22,185791.73553719,11,148549.421487603,W,182,7408,132,11864,NA
1984,1983-12-24,1983-11-11,TRUE,NA,115,NA,NA,NA,NA,NA,72,37242.3140495868,73115.3719008264,5,1983-11-22,185791.73553719,11,148549.421487603,W,182,7408,132,11864,NA
1984,1984-02-15,1983-11-11,TRUE,Cache Slough and Liberty Island,168,NA,NA,NA,NA,NA,72,37242.3140495868,73115.3719008264,5,1983-11-22,185791.73553719,11,148549.421487603,W,182,7408,132,11864,NA
1984,1984-02-15,1983-11-11,TRUE,Confluence,168,NA,NA,NA,NA,NA,72,37242.3140495868,73115.3719008264,5,1983-11-22,185791.73553719,11,148549.421487603,W,182,7408,132,11864,NA
1984,1984-02-15,1983-11-11,TRUE,North and South Forks Mokelumne River,168,NA,NA,NA,NA,NA,72,37242.3140495868,73115.3719008264,5,1983-11-22,185791.73553719,11,148549.421487603,W,182,7408,132,11864,NA
1984,1984-02-15,1983-11-11,TRUE,Out of Bounds,168,NA,NA,NA,NA,NA,72,37242.3140495868,73115.3719008264,5,1983-11-22,185791.73553719,11,148549.421487603,W,182,7408,132,11864,NA
1984,1984-02-15,1983-11-11,TRUE,Sacramento River Deep Water Ship Channel,168,NA,NA,NA,NA,NA,72,37242.3140495868,73115.3719008264,5,1983-11-22,185791.73553719,11,148549.421487603,W,182,7408,132,11864,NA
1984,1984-02-15,1983-11-11,TRUE,Sacramento River Mainstem,168,NA,NA,NA,NA,NA,72,37242.3140495868,73115.3719008264,5,1983-11-22,185791.73553719,11,148549.421487603,W,182,7408,132,11864,NA
1984,1984-02-15,1983-11-11,TRUE,San Pablo Bay and Carquinez Strait,168,NA,NA,NA,NA,NA,72,37242.3140495868,73115.3719008264,5,1983-11-22,185791.73553719,11,148549.421487603,W,182,7408,132,11864,NA
1984,1984-02-15,1983-11-11,TRUE,South Delta,168,NA,NA,NA,NA,NA,72,37242.3140495868,73115.3719008264,5,1983-11-22,185791.73553719,11,148549.421487603,W,182,7408,132,11864,NA
1984,1984-02-15,1983-11-11,TRUE,Suisun Marsh and Montezuma Slough,168,NA,NA,NA,NA,NA,72,37242.3140495868,73115.3719008264,5,1983-11-22,185791.73553719,11,148549.421487603,W,182,7408,132,11864,NA
1984,1984-02-15,1983-11-11,TRUE,Suisun and Honker Bays,168,NA,NA,NA,NA,NA,72,37242.3140495868,73115.3719008264,5,1983-11-22,185791.73553719,11,148549.421487603,W,182,7408,132,11864,NA
1984,1984-02-15,1983-11-11,TRUE,NA,168,NA,NA,NA,NA,NA,72,37242.3140495868,73115.3719008264,5,1983-11-22,185791.73553719,11,148549.421487603,W,182,7408,132,11864,NA
1985,1984-11-14,1984-11-14,FALSE,Cache Slough and Liberty Island,75,NA,NA,NA,NA,NA,75,37810.2479338843,67549.7520661157,1,1984-11-28,80501.1570247934,14,42690.9090909091,D,110,992,182,7408,NA
1985,1984-11-14,1984-11-14,FALSE,Confluence,75,NA,NA,NA,NA,NA,75,37810.2479338843,67549.7520661157,1,1984-11-28,80501.1570247934,14,42690.9090909091,D,110,992,182,7408,NA
1985,1984-11-14,1984-11-14,FALSE,North and South Forks Mokelumne River,75,NA,NA,NA,NA,NA,75,37810.2479338843,67549.7520661157,1,1984-11-28,80501.1570247934,14,42690.9090909091,D,110,992,182,7408,NA
1985,1984-11-14,1984-11-14,FALSE,Out of Bounds,75,NA,NA,NA,NA,NA,75,37810.2479338843,67549.7520661157,1,1984-11-28,80501.1570247934,14,42690.9090909091,D,110,992,182,7408,NA
1985,1984-11-14,1984-11-14,FALSE,Sacramento River Deep Water Ship Channel,75,NA,NA,NA,NA,NA,75,37810.2479338843,67549.7520661157,1,1984-11-28,80501.1570247934,14,42690.9090909091,D,110,992,182,7408,NA
1985,1984-11-14,1984-11-14,FALSE,Sacramento River Mainstem,75,NA,NA,NA,NA,NA,75,37810.2479338843,67549.7520661157,1,1984-11-28,80501.1570247934,14,42690.9090909091,D,110,992,182,7408,NA
1985,1984-11-14,1984-11-14,FALSE,San Pablo Bay and Carquinez Strait,75,NA,NA,NA,NA,NA,75,37810.2479338843,67549.7520661157,1,1984-11-28,80501.1570247934,14,42690.9090909091,D,110,992,182,7408,NA
1985,1984-11-14,1984-11-14,FALSE,South Delta,75,NA,NA,NA,NA,NA,75,37810.2479338843,67549.7520661157,1,1984-11-28,80501.1570247934,14,42690.9090909091,D,110,992,182,7408,NA
1985,1984-11-14,1984-11-14,FALSE,Suisun Marsh and Montezuma Slough,75,NA,NA,NA,NA,NA,75,37810.2479338843,67549.7520661157,1,1984-11-28,80501.1570247934,14,42690.9090909091,D,110,992,182,7408,NA
1985,1984-11-14,1984-11-14,FALSE,Suisun and Honker Bays,75,NA,NA,NA,NA,NA,75,37810.2479338843,67549.7520661157,1,1984-11-28,80501.1570247934,14,42690.9090909091,D,110,992,182,7408,NA
1985,1984-11-14,1984-11-14,FALSE,NA,75,NA,NA,NA,NA,NA,75,37810.2479338843,67549.7520661157,1,1984-11-28,80501.1570247934,14,42690.9090909091,D,110,992,182,7408,NA
1985,1985-02-09,1984-11-14,TRUE,Cache Slough and Liberty Island,162,NA,NA,NA,NA,NA,75,37810.2479338843,67549.7520661157,1,1984-11-28,80501.1570247934,14,42690.9090909091,D,110,992,182,7408,NA
1985,1985-02-09,1984-11-14,TRUE,Confluence,162,NA,NA,NA,NA,NA,75,37810.2479338843,67549.7520661157,1,1984-11-28,80501.1570247934,14,42690.9090909091,D,110,992,182,7408,NA
1985,1985-02-09,1984-11-14,TRUE,North and South Forks Mokelumne River,162,NA,NA,NA,NA,NA,75,37810.2479338843,67549.7520661157,1,1984-11-28,80501.1570247934,14,42690.9090909091,D,110,992,182,7408,NA
1985,1985-02-09,1984-11-14,TRUE,Out of Bounds,162,NA,NA,NA,NA,NA,75,37810.2479338843,67549.7520661157,1,1984-11-28,80501.1570247934,14,42690.9090909091,D,110,992,182,7408,NA
1985,1985-02-09,1984-11-14,TRUE,Sacramento River Deep Water Ship Channel,162,NA,NA,NA,NA,NA,75,37810.2479338843,67549.7520661157,1,1984-11-28,80501.1570247934,14,42690.9090909091,D,110,992,182,7408,NA
1985,1985-02-09,1984-11-14,TRUE,Sacramento River Mainstem,162,NA,NA,NA,NA,NA,75,37810.2479338843,67549.7520661157,1,1984-11-28,80501.1570247934,14,42690.9090909091,D,110,992,182,7408,NA
1985,1985-02-09,1984-11-14,TRUE,San Pablo Bay and Carquinez Strait,162,NA,NA,NA,NA,NA,75,37810.2479338843,67549.7520661157,1,1984-11-28,80501.1570247934,14,42690.9090909091,D,110,992,182,7408,NA
1985,1985-02-09,1984-11-14,TRUE,South Delta,162,NA,NA,NA,NA,NA,75,37810.2479338843,67549.7520661157,1,1984-11-28,80501.1570247934,14,42690.9090909091,D,110,992,182,7408,NA
1985,1985-02-09,1984-11-14,TRUE,Suisun Marsh and Montezuma Slough,162,NA,NA,NA,NA,NA,75,37810.2479338843,67549.7520661157,1,1984-11-28,80501.1570247934,14,42690.9090909091,D,110,992,182,7408,NA
1985,1985-02-09,1984-11-14,TRUE,Suisun and Honker Bays,162,NA,NA,NA,NA,NA,75,37810.2479338843,67549.7520661157,1,1984-11-28,80501.1570247934,14,42690.9090909091,D,110,992,182,7408,NA
1985,1985-02-09,1984-11-14,TRUE,NA,162,NA,NA,NA,NA,NA,75,37810.2479338843,67549.7520661157,1,1984-11-28,80501.1570247934,14,42690.9090909091,D,110,992,182,7408,NA
1986,1986-01-18,1986-01-18,FALSE,Cache Slough and Liberty Island,140,NA,NA,NA,NA,NA,140,30777.520661157,63839.3388429752,3,1986-02-01,99050.5785123967,14,68273.0578512397,W,212,6160,110,992,NA
1986,1986-01-18,1986-01-18,FALSE,Confluence,140,NA,NA,NA,NA,NA,140,30777.520661157,63839.3388429752,3,1986-02-01,99050.5785123967,14,68273.0578512397,W,212,6160,110,992,NA
1986,1986-01-18,1986-01-18,FALSE,North and South Forks Mokelumne River,140,NA,NA,NA,NA,NA,140,30777.520661157,63839.3388429752,3,1986-02-01,99050.5785123967,14,68273.0578512397,W,212,6160,110,992,NA
1986,1986-01-18,1986-01-18,FALSE,Out of Bounds,140,NA,NA,NA,NA,2.166666666666666,140,30777.520661157,63839.3388429752,3,1986-02-01,99050.5785123967,14,68273.0578512397,W,212,6160,110,992,NA
1986,1986-01-18,1986-01-18,FALSE,Out of Bounds,140,NA,NA,NA,NA,NA,140,30777.520661157,63839.3388429752,3,1986-02-01,99050.5785123967,14,68273.0578512397,W,212,6160,110,992,NA
1986,1986-01-18,1986-01-18,FALSE,Sacramento River Deep Water Ship Channel,140,NA,NA,NA,NA,NA,140,30777.520661157,63839.3388429752,3,1986-02-01,99050.5785123967,14,68273.0578512397,W,212,6160,110,992,NA
1986,1986-01-18,1986-01-18,FALSE,Sacramento River Mainstem,140,NA,NA,NA,NA,1.166666666666668,140,30777.520661157,63839.3388429752,3,1986-02-01,99050.5785123967,14,68273.0578512397,W,212,6160,110,992,NA
1986,1986-01-18,1986-01-18,FALSE,Sacramento River Mainstem,140,NA,NA,NA,NA,NA,140,30777.520661157,63839.3388429752,3,1986-02-01,99050.5785123967,14,68273.0578512397,W,212,6160,110,992,NA
1986,1986-01-18,1986-01-18,FALSE,San Pablo Bay and Carquinez Strait,140,NA,NA,NA,NA,NA,140,30777.520661157,63839.3388429752,3,1986-02-01,99050.5785123967,14,68273.0578512397,W,212,6160,110,992,NA
1986,1986-01-18,1986-01-18,FALSE,South Delta,140,NA,NA,NA,NA,NA,140,30777.520661157,63839.3388429752,3,1986-02-01,99050.5785123967,14,68273.0578512397,W,212,6160,110,992,NA
1986,1986-01-18,1986-01-18,FALSE,Suisun Marsh and Montezuma Slough,140,NA,NA,NA,NA,NA,140,30777.520661157,63839.3388429752,3,1986-02-01,99050.5785123967,14,68273.0578512397,W,212,6160,110,992,NA
1986,1986-01-18,1986-01-18,FALSE,Suisun and Honker Bays,140,NA,NA,NA,NA,NA,140,30777.520661157,63839.3388429752,3,1986-02-01,99050.5785123967,14,68273.0578512397,W,212,6160,110,992,NA
1986,1986-01-18,1986-01-18,FALSE,NA,140,NA,NA,NA,NA,NA,140,30777.520661157,63839.3388429752,3,1986-02-01,99050.5785123967,14,68273.0578512397,W,212,6160,110,992,NA
1986,1986-01-31,1986-01-18,TRUE,Cache Slough and Liberty Island,153,NA,NA,NA,NA,NA,140,30777.520661157,63839.3388429752,3,1986-02-01,99050.5785123967,14,68273.0578512397,W,212,6160,110,992,NA
1986,1986-01-31,1986-01-18,TRUE,Confluence,153,NA,NA,NA,NA,NA,140,30777.520661157,63839.3388429752,3,1986-02-01,99050.5785123967,14,68273.0578512397,W,212,6160,110,992,NA
1986,1986-01-31,1986-01-18,TRUE,North and South Forks Mokelumne River,153,NA,NA,NA,NA,NA,140,30777.520661157,63839.3388429752,3,1986-02-01,99050.5785123967,14,68273.0578512397,W,212,6160,110,992,NA
1986,1986-01-31,1986-01-18,TRUE,Out of Bounds,153,NA,NA,NA,NA,1,140,30777.520661157,63839.3388429752,3,1986-02-01,99050.5785123967,14,68273.0578512397,W,212,6160,110,992,NA
1986,1986-01-31,1986-01-18,TRUE,Out of Bounds,153,NA,NA,NA,NA,NA,140,30777.520661157,63839.3388429752,3,1986-02-01,99050.5785123967,14,68273.0578512397,W,212,6160,110,992,NA
1986,1986-01-31,1986-01-18,TRUE,Sacramento River Deep Water Ship Channel,153,NA,NA,NA,NA,NA,140,30777.520661157,63839.3388429752,3,1986-02-01,99050.5785123967,14,68273.0578512397,W,212,6160,110,992,NA
1986,1986-01-31,1986-01-18,TRUE,Sacramento River Mainstem,153,NA,NA,NA,NA,NA,140,30777.520661157,63839.3388429752,3,1986-02-01,99050.5785123967,14,68273.0578512397,W,212,6160,110,992,NA
1986,1986-01-31,1986-01-18,TRUE,Sacramento River Mainstem,153,NA,NA,NA,NA,NA,140,30777.520661157,63839.3388429752,3,1986-02-01,99050.5785123967,14,68273.0578512397,W,212,6160,110,992,NA
1986,1986-01-31,1986-01-18,TRUE,San Pablo Bay and Carquinez Strait,153,NA,NA,NA,NA,NA,140,30777.520661157,63839.3388429752,3,1986-02-01,99050.5785123967,14,68273.0578512397,W,212,6160,110,992,NA
1986,1986-01-31,1986-01-18,TRUE,South Delta,153,NA,NA,NA,NA,NA,140,30777.520661157,63839.3388429752,3,1986-02-01,99050.5785123967,14,68273.0578512397,W,212,6160,110,992,NA
1986,1986-01-31,1986-01-18,TRUE,Suisun Marsh and Montezuma Slough,153,NA,NA,NA,NA,NA,140,30777.520661157,63839.3388429752,3,1986-02-01,99050.5785123967,14,68273.0578512397,W,212,6160,110,992,NA
1986,1986-01-31,1986-01-18,TRUE,Suisun and Honker Bays,153,NA,NA,NA,NA,NA,140,30777.520661157,63839.3388429752,3,1986-02-01,99050.5785123967,14,68273.0578512397,W,212,6160,110,992,NA
1986,1986-01-31,1986-01-18,TRUE,NA,153,NA,NA,NA,NA,NA,140,30777.520661157,63839.3388429752,3,1986-02-01,99050.5785123967,14,68273.0578512397,W,212,6160,110,992,NA
1986,1986-02-14,1986-01-18,TRUE,Cache Slough and Liberty Island,167,NA,NA,NA,NA,NA,140,30777.520661157,63839.3388429752,3,1986-02-01,99050.5785123967,14,68273.0578512397,W,212,6160,110,992,NA
1986,1986-02-14,1986-01-18,TRUE,Confluence,167,NA,NA,NA,NA,NA,140,30777.520661157,63839.3388429752,3,1986-02-01,99050.5785123967,14,68273.0578512397,W,212,6160,110,992,NA
1986,1986-02-14,1986-01-18,TRUE,North and South Forks Mokelumne River,167,NA,NA,NA,NA,NA,140,30777.520661157,63839.3388429752,3,1986-02-01,99050.5785123967,14,68273.0578512397,W,212,6160,110,992,NA
1986,1986-02-14,1986-01-18,TRUE,Out of Bounds,167,NA,NA,NA,NA,2.166666666666666,140,30777.520661157,63839.3388429752,3,1986-02-01,99050.5785123967,14,68273.0578512397,W,212,6160,110,992,NA
1986,1986-02-14,1986-01-18,TRUE,Out of Bounds,167,NA,NA,NA,NA,NA,140,30777.520661157,63839.3388429752,3,1986-02-01,99050.5785123967,14,68273.0578512397,W,212,6160,110,992,NA
1986,1986-02-14,1986-01-18,TRUE,Sacramento River Deep Water Ship Channel,167,NA,NA,NA,NA,NA,140,30777.520661157,63839.3388429752,3,1986-02-01,99050.5785123967,14,68273.0578512397,W,212,6160,110,992,NA
1986,1986-02-14,1986-01-18,TRUE,Sacramento River Mainstem,167,NA,NA,NA,NA,NA,140,30777.520661157,63839.3388429752,3,1986-02-01,99050.5785123967,14,68273.0578512397,W,212,6160,110,992,NA
1986,1986-02-14,1986-01-18,TRUE,San Pablo Bay and Carquinez Strait,167,NA,NA,NA,NA,NA,140,30777.520661157,63839.3388429752,3,1986-02-01,99050.5785123967,14,68273.0578512397,W,212,6160,110,992,NA
1986,1986-02-14,1986-01-18,TRUE,South Delta,167,NA,NA,NA,NA,NA,140,30777.520661157,63839.3388429752,3,1986-02-01,99050.5785123967,14,68273.0578512397,W,212,6160,110,992,NA
1986,1986-02-14,1986-01-18,TRUE,Suisun Marsh and Montezuma Slough,167,NA,NA,NA,NA,NA,140,30777.520661157,63839.3388429752,3,1986-02-01,99050.5785123967,14,68273.0578512397,W,212,6160,110,992,NA
1986,1986-02-14,1986-01-18,TRUE,Suisun and Honker Bays,167,NA,NA,NA,NA,NA,140,30777.520661157,63839.3388429752,3,1986-02-01,99050.5785123967,14,68273.0578512397,W,212,6160,110,992,NA
1986,1986-02-14,1986-01-18,TRUE,NA,167,NA,NA,NA,NA,NA,140,30777.520661157,63839.3388429752,3,1986-02-01,99050.5785123967,14,68273.0578512397,W,212,6160,110,992,NA
1986,1986-03-08,1986-01-18,TRUE,Cache Slough and Liberty Island,189,NA,NA,NA,NA,NA,140,30777.520661157,63839.3388429752,3,1986-02-01,99050.5785123967,14,68273.0578512397,W,212,6160,110,992,NA
1986,1986-03-08,1986-01-18,TRUE,Confluence,189,NA,NA,NA,NA,NA,140,30777.520661157,63839.3388429752,3,1986-02-01,99050.5785123967,14,68273.0578512397,W,212,6160,110,992,NA
1986,1986-03-08,1986-01-18,TRUE,North and South Forks Mokelumne River,189,NA,NA,NA,NA,NA,140,30777.520661157,63839.3388429752,3,1986-02-01,99050.5785123967,14,68273.0578512397,W,212,6160,110,992,NA
1986,1986-03-08,1986-01-18,TRUE,Out of Bounds,189,NA,NA,NA,NA,-1.833333333333334,140,30777.520661157,63839.3388429752,3,1986-02-01,99050.5785123967,14,68273.0578512397,W,212,6160,110,992,NA
1986,1986-03-08,1986-01-18,TRUE,Out of Bounds,189,NA,NA,NA,NA,NA,140,30777.520661157,63839.3388429752,3,1986-02-01,99050.5785123967,14,68273.0578512397,W,212,6160,110,992,NA
1986,1986-03-08,1986-01-18,TRUE,Sacramento River Deep Water Ship Channel,189,NA,NA,NA,NA,NA,140,30777.520661157,63839.3388429752,3,1986-02-01,99050.5785123967,14,68273.0578512397,W,212,6160,110,992,NA
1986,1986-03-08,1986-01-18,TRUE,Sacramento River Mainstem,189,NA,NA,NA,NA,NA,140,30777.520661157,63839.3388429752,3,1986-02-01,99050.5785123967,14,68273.0578512397,W,212,6160,110,992,NA
1986,1986-03-08,1986-01-18,TRUE,San Pablo Bay and Carquinez Strait,189,NA,NA,NA,NA,NA,140,30777.520661157,63839.3388429752,3,1986-02-01,99050.5785123967,14,68273.0578512397,W,212,6160,110,992,NA
1986,1986-03-08,1986-01-18,TRUE,South Delta,189,NA,NA,NA,NA,NA,140,30777.520661157,63839.3388429752,3,1986-02-01,99050.5785123967,14,68273.0578512397,W,212,6160,110,992,NA
1986,1986-03-08,1986-01-18,TRUE,Suisun Marsh and Montezuma Slough,189,NA,NA,NA,NA,NA,140,30777.520661157,63839.3388429752,3,1986-02-01,99050.5785123967,14,68273.0578512397,W,212,6160,110,992,NA
1986,1986-03-08,1986-01-18,TRUE,Suisun and Honker Bays,189,NA,NA,NA,NA,NA,140,30777.520661157,63839.3388429752,3,1986-02-01,99050.5785123967,14,68273.0578512397,W,212,6160,110,992,NA
1986,1986-03-08,1986-01-18,TRUE,NA,189,NA,NA,NA,NA,NA,140,30777.520661157,63839.3388429752,3,1986-02-01,99050.5785123967,14,68273.0578512397,W,212,6160,110,992,NA
1987,1987-02-14,1987-02-14,FALSE,Cache Slough and Liberty Island,167,NA,NA,NA,NA,NA,167,26747.7685950413,61188.7603305785,2,1987-02-15,66676.3636363636,1,39928.5950413223,D,280,1520,212,6160,NA
1987,1987-02-14,1987-02-14,FALSE,Confluence,167,NA,NA,NA,NA,NA,167,26747.7685950413,61188.7603305785,2,1987-02-15,66676.3636363636,1,39928.5950413223,D,280,1520,212,6160,NA
1987,1987-02-14,1987-02-14,FALSE,North and South Forks Mokelumne River,167,NA,NA,NA,NA,NA,167,26747.7685950413,61188.7603305785,2,1987-02-15,66676.3636363636,1,39928.5950413223,D,280,1520,212,6160,NA
1987,1987-02-14,1987-02-14,FALSE,Out of Bounds,167,NA,NA,NA,NA,-0.6666666666666661,167,26747.7685950413,61188.7603305785,2,1987-02-15,66676.3636363636,1,39928.5950413223,D,280,1520,212,6160,NA
1987,1987-02-14,1987-02-14,FALSE,Out of Bounds,167,NA,NA,NA,NA,NA,167,26747.7685950413,61188.7603305785,2,1987-02-15,66676.3636363636,1,39928.5950413223,D,280,1520,212,6160,NA
1987,1987-02-14,1987-02-14,FALSE,Sacramento River Deep Water Ship Channel,167,NA,NA,NA,NA,NA,167,26747.7685950413,61188.7603305785,2,1987-02-15,66676.3636363636,1,39928.5950413223,D,280,1520,212,6160,NA
1987,1987-02-14,1987-02-14,FALSE,Sacramento River Mainstem,167,NA,NA,NA,NA,-0.3333333333333339,167,26747.7685950413,61188.7603305785,2,1987-02-15,66676.3636363636,1,39928.5950413223,D,280,1520,212,6160,NA
1987,1987-02-14,1987-02-14,FALSE,Sacramento River Mainstem,167,NA,NA,NA,NA,NA,167,26747.7685950413,61188.7603305785,2,1987-02-15,66676.3636363636,1,39928.5950413223,D,280,1520,212,6160,NA
1987,1987-02-14,1987-02-14,FALSE,San Pablo Bay and Carquinez Strait,167,NA,NA,NA,NA,NA,167,26747.7685950413,61188.7603305785,2,1987-02-15,66676.3636363636,1,39928.5950413223,D,280,1520,212,6160,NA
1987,1987-02-14,1987-02-14,FALSE,South Delta,167,NA,NA,NA,NA,NA,167,26747.7685950413,61188.7603305785,2,1987-02-15,66676.3636363636,1,39928.5950413223,D,280,1520,212,6160,NA
1987,1987-02-14,1987-02-14,FALSE,South Delta,167,NA,NA,NA,NA,NA,167,26747.7685950413,61188.7603305785,2,1987-02-15,66676.3636363636,1,39928.5950413223,D,280,1520,212,6160,NA
1987,1987-02-14,1987-02-14,FALSE,Suisun Marsh and Montezuma Slough,167,NA,NA,NA,NA,NA,167,26747.7685950413,61188.7603305785,2,1987-02-15,66676.3636363636,1,39928.5950413223,D,280,1520,212,6160,NA
1987,1987-02-14,1987-02-14,FALSE,Suisun and Honker Bays,167,NA,NA,NA,NA,NA,167,26747.7685950413,61188.7603305785,2,1987-02-15,66676.3636363636,1,39928.5950413223,D,280,1520,212,6160,NA
1987,1987-02-14,1987-02-14,FALSE,NA,167,NA,NA,NA,NA,NA,167,26747.7685950413,61188.7603305785,2,1987-02-15,66676.3636363636,1,39928.5950413223,D,280,1520,212,6160,NA
1987,1987-03-07,1987-02-14,TRUE,Cache Slough and Liberty Island,188,NA,NA,NA,NA,NA,167,26747.7685950413,61188.7603305785,2,1987-02-15,66676.3636363636,1,39928.5950413223,D,280,1520,212,6160,NA
1987,1987-03-07,1987-02-14,TRUE,Confluence,188,NA,NA,NA,NA,NA,167,26747.7685950413,61188.7603305785,2,1987-02-15,66676.3636363636,1,39928.5950413223,D,280,1520,212,6160,NA
1987,1987-03-07,1987-02-14,TRUE,North and South Forks Mokelumne River,188,NA,NA,NA,NA,NA,167,26747.7685950413,61188.7603305785,2,1987-02-15,66676.3636363636,1,39928.5950413223,D,280,1520,212,6160,NA
1987,1987-03-07,1987-02-14,TRUE,Out of Bounds,188,NA,NA,NA,NA,0.6666666666666661,167,26747.7685950413,61188.7603305785,2,1987-02-15,66676.3636363636,1,39928.5950413223,D,280,1520,212,6160,NA
1987,1987-03-07,1987-02-14,TRUE,Out of Bounds,188,NA,NA,NA,NA,NA,167,26747.7685950413,61188.7603305785,2,1987-02-15,66676.3636363636,1,39928.5950413223,D,280,1520,212,6160,NA
1987,1987-03-07,1987-02-14,TRUE,Sacramento River Deep Water Ship Channel,188,NA,NA,NA,NA,NA,167,26747.7685950413,61188.7603305785,2,1987-02-15,66676.3636363636,1,39928.5950413223,D,280,1520,212,6160,NA
1987,1987-03-07,1987-02-14,TRUE,Sacramento River Mainstem,188,NA,NA,NA,NA,0.33333333333333215,167,26747.7685950413,61188.7603305785,2,1987-02-15,66676.3636363636,1,39928.5950413223,D,280,1520,212,6160,NA
1987,1987-03-07,1987-02-14,TRUE,Sacramento River Mainstem,188,NA,NA,NA,NA,NA,167,26747.7685950413,61188.7603305785,2,1987-02-15,66676.3636363636,1,39928.5950413223,D,280,1520,212,6160,NA
1987,1987-03-07,1987-02-14,TRUE,San Pablo Bay and Carquinez Strait,188,NA,NA,NA,NA,NA,167,26747.7685950413,61188.7603305785,2,1987-02-15,66676.3636363636,1,39928.5950413223,D,280,1520,212,6160,NA
1987,1987-03-07,1987-02-14,TRUE,South Delta,188,NA,NA,NA,NA,NA,167,26747.7685950413,61188.7603305785,2,1987-02-15,66676.3636363636,1,39928.5950413223,D,280,1520,212,6160,NA
1987,1987-03-07,1987-02-14,TRUE,South Delta,188,997.333333333333,NA,NA,NA,NA,167,26747.7685950413,61188.7603305785,2,1987-02-15,66676.3636363636,1,39928.5950413223,D,280,1520,212,6160,NA
1987,1987-03-07,1987-02-14,TRUE,Suisun Marsh and Montezuma Slough,188,NA,NA,NA,NA,NA,167,26747.7685950413,61188.7603305785,2,1987-02-15,66676.3636363636,1,39928.5950413223,D,280,1520,212,6160,NA
1987,1987-03-07,1987-02-14,TRUE,Suisun and Honker Bays,188,NA,NA,NA,NA,NA,167,26747.7685950413,61188.7603305785,2,1987-02-15,66676.3636363636,1,39928.5950413223,D,280,1520,212,6160,NA
1987,1987-03-07,1987-02-14,TRUE,NA,188,NA,NA,NA,NA,NA,167,26747.7685950413,61188.7603305785,2,1987-02-15,66676.3636363636,1,39928.5950413223,D,280,1520,212,6160,NA
1987,1987-03-14,1987-02-14,TRUE,Cache Slough and Liberty Island,195,NA,NA,NA,NA,NA,167,26747.7685950413,61188.7603305785,2,1987-02-15,66676.3636363636,1,39928.5950413223,D,280,1520,212,6160,NA
1987,1987-03-14,1987-02-14,TRUE,Confluence,195,NA,NA,NA,NA,NA,167,26747.7685950413,61188.7603305785,2,1987-02-15,66676.3636363636,1,39928.5950413223,D,280,1520,212,6160,NA
1987,1987-03-14,1987-02-14,TRUE,North and South Forks Mokelumne River,195,NA,NA,NA,NA,NA,167,26747.7685950413,61188.7603305785,2,1987-02-15,66676.3636363636,1,39928.5950413223,D,280,1520,212,6160,NA
1987,1987-03-14,1987-02-14,TRUE,Out of Bounds,195,NA,NA,NA,NA,-1.333333333333334,167,26747.7685950413,61188.7603305785,2,1987-02-15,66676.3636363636,1,39928.5950413223,D,280,1520,212,6160,NA
1987,1987-03-14,1987-02-14,TRUE,Out of Bounds,195,NA,NA,NA,NA,NA,167,26747.7685950413,61188.7603305785,2,1987-02-15,66676.3636363636,1,39928.5950413223,D,280,1520,212,6160,NA
1987,1987-03-14,1987-02-14,TRUE,Sacramento River Deep Water Ship Channel,195,NA,NA,NA,NA,NA,167,26747.7685950413,61188.7603305785,2,1987-02-15,66676.3636363636,1,39928.5950413223,D,280,1520,212,6160,NA
1987,1987-03-14,1987-02-14,TRUE,Sacramento River Mainstem,195,NA,NA,NA,NA,-0.6666666666666661,167,26747.7685950413,61188.7603305785,2,1987-02-15,66676.3636363636,1,39928.5950413223,D,280,1520,212,6160,NA
1987,1987-03-14,1987-02-14,TRUE,Sacramento River Mainstem,195,NA,NA,NA,NA,NA,167,26747.7685950413,61188.7603305785,2,1987-02-15,66676.3636363636,1,39928.5950413223,D,280,1520,212,6160,NA
1987,1987-03-14,1987-02-14,TRUE,San Pablo Bay and Carquinez Strait,195,NA,NA,NA,NA,NA,167,26747.7685950413,61188.7603305785,2,1987-02-15,66676.3636363636,1,39928.5950413223,D,280,1520,212,6160,NA
1987,1987-03-14,1987-02-14,TRUE,South Delta,195,NA,NA,NA,NA,NA,167,26747.7685950413,61188.7603305785,2,1987-02-15,66676.3636363636,1,39928.5950413223,D,280,1520,212,6160,NA
1987,1987-03-14,1987-02-14,TRUE,South Delta,195,-651.1111111111111,NA,NA,NA,NA,167,26747.7685950413,61188.7603305785,2,1987-02-15,66676.3636363636,1,39928.5950413223,D,280,1520,212,6160,NA
1987,1987-03-14,1987-02-14,TRUE,Suisun Marsh and Montezuma Slough,195,NA,NA,NA,NA,NA,167,26747.7685950413,61188.7603305785,2,1987-02-15,66676.3636363636,1,39928.5950413223,D,280,1520,212,6160,NA
1987,1987-03-14,1987-02-14,TRUE,Suisun and Honker Bays,195,NA,NA,NA,NA,NA,167,26747.7685950413,61188.7603305785,2,1987-02-15,66676.3636363636,1,39928.5950413223,D,280,1520,212,6160,NA
1987,1987-03-14,1987-02-14,TRUE,NA,195,NA,NA,NA,NA,NA,167,26747.7685950413,61188.7603305785,2,1987-02-15,66676.3636363636,1,39928.5950413223,D,280,1520,212,6160,NA
1988,1988-01-05,1988-01-05,FALSE,Cache Slough and Liberty Island,127,NA,NA,NA,NA,NA,127,28596.3636363636,73062.479338843,0,1988-01-07,80221.4876033058,2,51625.1239669421,C,174,791,280,1520,NA
1988,1988-01-05,1988-01-05,FALSE,Confluence,127,NA,NA,NA,NA,NA,127,28596.3636363636,73062.479338843,0,1988-01-07,80221.4876033058,2,51625.1239669421,C,174,791,280,1520,NA
1988,1988-01-05,1988-01-05,FALSE,North and South Forks Mokelumne River,127,NA,NA,NA,NA,NA,127,28596.3636363636,73062.479338843,0,1988-01-07,80221.4876033058,2,51625.1239669421,C,174,791,280,1520,NA
1988,1988-01-05,1988-01-05,FALSE,Out of Bounds,127,NA,NA,NA,NA,2.833333333333334,127,28596.3636363636,73062.479338843,0,1988-01-07,80221.4876033058,2,51625.1239669421,C,174,791,280,1520,NA
1988,1988-01-05,1988-01-05,FALSE,Out of Bounds,127,NA,NA,NA,NA,NA,127,28596.3636363636,73062.479338843,0,1988-01-07,80221.4876033058,2,51625.1239669421,C,174,791,280,1520,NA
1988,1988-01-05,1988-01-05,FALSE,Sacramento River Deep Water Ship Channel,127,NA,NA,NA,NA,NA,127,28596.3636363636,73062.479338843,0,1988-01-07,80221.4876033058,2,51625.1239669421,C,174,791,280,1520,NA
1988,1988-01-05,1988-01-05,FALSE,Sacramento River Mainstem,127,NA,NA,NA,NA,NA,127,28596.3636363636,73062.479338843,0,1988-01-07,80221.4876033058,2,51625.1239669421,C,174,791,280,1520,NA
1988,1988-01-05,1988-01-05,FALSE,San Pablo Bay and Carquinez Strait,127,NA,NA,NA,NA,NA,127,28596.3636363636,73062.479338843,0,1988-01-07,80221.4876033058,2,51625.1239669421,C,174,791,280,1520,NA
1988,1988-01-05,1988-01-05,FALSE,South Delta,127,NA,NA,NA,NA,NA,127,28596.3636363636,73062.479338843,0,1988-01-07,80221.4876033058,2,51625.1239669421,C,174,791,280,1520,NA
1988,1988-01-05,1988-01-05,FALSE,South Delta,127,407.77777777777783,NA,NA,NA,NA,127,28596.3636363636,73062.479338843,0,1988-01-07,80221.4876033058,2,51625.1239669421,C,174,791,280,1520,NA
1988,1988-01-05,1988-01-05,FALSE,Suisun Marsh and Montezuma Slough,127,NA,NA,NA,NA,NA,127,28596.3636363636,73062.479338843,0,1988-01-07,80221.4876033058,2,51625.1239669421,C,174,791,280,1520,NA
1988,1988-01-05,1988-01-05,FALSE,Suisun and Honker Bays,127,NA,NA,NA,NA,NA,127,28596.3636363636,73062.479338843,0,1988-01-07,80221.4876033058,2,51625.1239669421,C,174,791,280,1520,NA
1988,1988-01-05,1988-01-05,FALSE,NA,127,NA,NA,NA,NA,NA,127,28596.3636363636,73062.479338843,0,1988-01-07,80221.4876033058,2,51625.1239669421,C,174,791,280,1520,NA
1989,1988-11-24,1988-11-24,FALSE,Cache Slough and Liberty Island,85,NA,NA,NA,NA,NA,85,18304.132231405,48842.9752066116,2,1988-11-25,57371.9008264463,1,39067.7685950413,D,366,456,174,791,NA
1989,1988-11-24,1988-11-24,FALSE,Confluence,85,NA,NA,NA,NA,NA,85,18304.132231405,48842.9752066116,2,1988-11-25,57371.9008264463,1,39067.7685950413,D,366,456,174,791,NA
1989,1988-11-24,1988-11-24,FALSE,North and South Forks Mokelumne River,85,NA,NA,NA,NA,NA,85,18304.132231405,48842.9752066116,2,1988-11-25,57371.9008264463,1,39067.7685950413,D,366,456,174,791,NA
1989,1988-11-24,1988-11-24,FALSE,Out of Bounds,85,NA,NA,NA,NA,-0.8333333333333339,85,18304.132231405,48842.9752066116,2,1988-11-25,57371.9008264463,1,39067.7685950413,D,366,456,174,791,NA
1989,1988-11-24,1988-11-24,FALSE,Out of Bounds,85,NA,NA,NA,NA,NA,85,18304.132231405,48842.9752066116,2,1988-11-25,57371.9008264463,1,39067.7685950413,D,366,456,174,791,NA
1989,1988-11-24,1988-11-24,FALSE,Sacramento River Deep Water Ship Channel,85,NA,NA,NA,NA,NA,85,18304.132231405,48842.9752066116,2,1988-11-25,57371.9008264463,1,39067.7685950413,D,366,456,174,791,NA
1989,1988-11-24,1988-11-24,FALSE,Sacramento River Mainstem,85,NA,NA,NA,NA,0,85,18304.132231405,48842.9752066116,2,1988-11-25,57371.9008264463,1,39067.7685950413,D,366,456,174,791,NA
1989,1988-11-24,1988-11-24,FALSE,Sacramento River Mainstem,85,NA,NA,NA,NA,NA,85,18304.132231405,48842.9752066116,2,1988-11-25,57371.9008264463,1,39067.7685950413,D,366,456,174,791,NA
1989,1988-11-24,1988-11-24,FALSE,San Pablo Bay and Carquinez Strait,85,NA,NA,NA,NA,NA,85,18304.132231405,48842.9752066116,2,1988-11-25,57371.9008264463,1,39067.7685950413,D,366,456,174,791,NA
1989,1988-11-24,1988-11-24,FALSE,South Delta,85,NA,NA,NA,NA,NA,85,18304.132231405,48842.9752066116,2,1988-11-25,57371.9008264463,1,39067.7685950413,D,366,456,174,791,NA
1989,1988-11-24,1988-11-24,FALSE,South Delta,85,313.3333333333335,NA,NA,NA,NA,85,18304.132231405,48842.9752066116,2,1988-11-25,57371.9008264463,1,39067.7685950413,D,366,456,174,791,NA
1989,1988-11-24,1988-11-24,FALSE,Suisun Marsh and Montezuma Slough,85,NA,NA,NA,NA,NA,85,18304.132231405,48842.9752066116,2,1988-11-25,57371.9008264463,1,39067.7685950413,D,366,456,174,791,NA
1989,1988-11-24,1988-11-24,FALSE,Suisun and Honker Bays,85,NA,NA,NA,NA,NA,85,18304.132231405,48842.9752066116,2,1988-11-25,57371.9008264463,1,39067.7685950413,D,366,456,174,791,NA
1989,1988-11-24,1988-11-24,FALSE,NA,85,NA,NA,NA,NA,NA,85,18304.132231405,48842.9752066116,2,1988-11-25,57371.9008264463,1,39067.7685950413,D,366,456,174,791,NA
1989,1989-03-10,1988-11-24,TRUE,Cache Slough and Liberty Island,191,NA,NA,NA,NA,NA,85,18304.132231405,48842.9752066116,2,1988-11-25,57371.9008264463,1,39067.7685950413,D,366,456,174,791,NA
1989,1989-03-10,1988-11-24,TRUE,Confluence,191,NA,NA,NA,NA,NA,85,18304.132231405,48842.9752066116,2,1988-11-25,57371.9008264463,1,39067.7685950413,D,366,456,174,791,NA
1989,1989-03-10,1988-11-24,TRUE,North and South Forks Mokelumne River,191,NA,NA,NA,NA,NA,85,18304.132231405,48842.9752066116,2,1988-11-25,57371.9008264463,1,39067.7685950413,D,366,456,174,791,NA
1989,1989-03-10,1988-11-24,TRUE,Out of Bounds,191,NA,NA,NA,NA,2.5000000000000018,85,18304.132231405,48842.9752066116,2,1988-11-25,57371.9008264463,1,39067.7685950413,D,366,456,174,791,NA
1989,1989-03-10,1988-11-24,TRUE,Out of Bounds,191,NA,NA,NA,NA,NA,85,18304.132231405,48842.9752066116,2,1988-11-25,57371.9008264463,1,39067.7685950413,D,366,456,174,791,NA
1989,1989-03-10,1988-11-24,TRUE,Sacramento River Deep Water Ship Channel,191,NA,NA,NA,NA,NA,85,18304.132231405,48842.9752066116,2,1988-11-25,57371.9008264463,1,39067.7685950413,D,366,456,174,791,NA
1989,1989-03-10,1988-11-24,TRUE,Sacramento River Mainstem,191,NA,NA,NA,NA,2,85,18304.132231405,48842.9752066116,2,1988-11-25,57371.9008264463,1,39067.7685950413,D,366,456,174,791,NA
1989,1989-03-10,1988-11-24,TRUE,Sacramento River Mainstem,191,NA,NA,NA,NA,NA,85,18304.132231405,48842.9752066116,2,1988-11-25,57371.9008264463,1,39067.7685950413,D,366,456,174,791,NA
1989,1989-03-10,1988-11-24,TRUE,San Pablo Bay and Carquinez Strait,191,NA,NA,NA,NA,NA,85,18304.132231405,48842.9752066116,2,1988-11-25,57371.9008264463,1,39067.7685950413,D,366,456,174,791,NA
1989,1989-03-10,1988-11-24,TRUE,South Delta,191,NA,NA,NA,NA,NA,85,18304.132231405,48842.9752066116,2,1988-11-25,57371.9008264463,1,39067.7685950413,D,366,456,174,791,NA
1989,1989-03-10,1988-11-24,TRUE,South Delta,191,316.6666666666665,NA,NA,NA,NA,85,18304.132231405,48842.9752066116,2,1988-11-25,57371.9008264463,1,39067.7685950413,D,366,456,174,791,NA
1989,1989-03-10,1988-11-24,TRUE,Suisun Marsh and Montezuma Slough,191,NA,NA,NA,NA,NA,85,18304.132231405,48842.9752066116,2,1988-11-25,57371.9008264463,1,39067.7685950413,D,366,456,174,791,NA
1989,1989-03-10,1988-11-24,TRUE,Suisun and Honker Bays,191,NA,NA,NA,NA,NA,85,18304.132231405,48842.9752066116,2,1988-11-25,57371.9008264463,1,39067.7685950413,D,366,456,174,791,NA
1989,1989-03-10,1988-11-24,TRUE,NA,191,NA,NA,NA,NA,NA,85,18304.132231405,48842.9752066116,2,1988-11-25,57371.9008264463,1,39067.7685950413,D,366,456,174,791,NA
1989,1989-03-25,1988-11-24,TRUE,Cache Slough and Liberty Island,206,NA,NA,NA,NA,NA,85,18304.132231405,48842.9752066116,2,1988-11-25,57371.9008264463,1,39067.7685950413,D,366,456,174,791,NA
1989,1989-03-25,1988-11-24,TRUE,Confluence,206,NA,NA,NA,NA,NA,85,18304.132231405,48842.9752066116,2,1988-11-25,57371.9008264463,1,39067.7685950413,D,366,456,174,791,NA
1989,1989-03-25,1988-11-24,TRUE,North and South Forks Mokelumne River,206,NA,NA,NA,NA,NA,85,18304.132231405,48842.9752066116,2,1988-11-25,57371.9008264463,1,39067.7685950413,D,366,456,174,791,NA
1989,1989-03-25,1988-11-24,TRUE,Out of Bounds,206,NA,NA,NA,NA,-0.8333333333333357,85,18304.132231405,48842.9752066116,2,1988-11-25,57371.9008264463,1,39067.7685950413,D,366,456,174,791,NA
1989,1989-03-25,1988-11-24,TRUE,Out of Bounds,206,NA,NA,NA,NA,NA,85,18304.132231405,48842.9752066116,2,1988-11-25,57371.9008264463,1,39067.7685950413,D,366,456,174,791,NA
1989,1989-03-25,1988-11-24,TRUE,Sacramento River Deep Water Ship Channel,206,NA,NA,NA,NA,NA,85,18304.132231405,48842.9752066116,2,1988-11-25,57371.9008264463,1,39067.7685950413,D,366,456,174,791,NA
1989,1989-03-25,1988-11-24,TRUE,Sacramento River Mainstem,206,NA,NA,NA,NA,-1,85,18304.132231405,48842.9752066116,2,1988-11-25,57371.9008264463,1,39067.7685950413,D,366,456,174,791,NA
1989,1989-03-25,1988-11-24,TRUE,Sacramento River Mainstem,206,NA,NA,NA,NA,NA,85,18304.132231405,48842.9752066116,2,1988-11-25,57371.9008264463,1,39067.7685950413,D,366,456,174,791,NA
1989,1989-03-25,1988-11-24,TRUE,San Pablo Bay and Carquinez Strait,206,NA,NA,NA,NA,NA,85,18304.132231405,48842.9752066116,2,1988-11-25,57371.9008264463,1,39067.7685950413,D,366,456,174,791,NA
1989,1989-03-25,1988-11-24,TRUE,South Delta,206,NA,NA,NA,NA,NA,85,18304.132231405,48842.9752066116,2,1988-11-25,57371.9008264463,1,39067.7685950413,D,366,456,174,791,NA
1989,1989-03-25,1988-11-24,TRUE,South Delta,206,292.2222222222222,NA,NA,NA,NA,85,18304.132231405,48842.9752066116,2,1988-11-25,57371.9008264463,1,39067.7685950413,D,366,456,174,791,NA
1989,1989-03-25,1988-11-24,TRUE,Suisun Marsh and Montezuma Slough,206,NA,NA,NA,NA,NA,85,18304.132231405,48842.9752066116,2,1988-11-25,57371.9008264463,1,39067.7685950413,D,366,456,174,791,NA
1989,1989-03-25,1988-11-24,TRUE,Suisun and Honker Bays,206,NA,NA,NA,NA,NA,85,18304.132231405,48842.9752066116,2,1988-11-25,57371.9008264463,1,39067.7685950413,D,366,456,174,791,NA
1989,1989-03-25,1988-11-24,TRUE,NA,206,NA,NA,NA,NA,NA,85,18304.132231405,48842.9752066116,2,1988-11-25,57371.9008264463,1,39067.7685950413,D,366,456,174,791,NA
1990,1990-01-10,1990-01-10,FALSE,Cache Slough and Liberty Island,132,NA,NA,NA,NA,NA,132,31652.8925619835,45471.0743801653,1,1990-01-16,73239.6694214876,6,41586.7768595041,C,364,243,366,456,NA
1990,1990-01-10,1990-01-10,FALSE,Confluence,132,NA,NA,NA,NA,NA,132,31652.8925619835,45471.0743801653,1,1990-01-16,73239.6694214876,6,41586.7768595041,C,364,243,366,456,NA
1990,1990-01-10,1990-01-10,FALSE,North and South Forks Mokelumne River,132,NA,NA,NA,NA,NA,132,31652.8925619835,45471.0743801653,1,1990-01-16,73239.6694214876,6,41586.7768595041,C,364,243,366,456,NA
1990,1990-01-10,1990-01-10,FALSE,Out of Bounds,132,NA,NA,NA,NA,NA,132,31652.8925619835,45471.0743801653,1,1990-01-16,73239.6694214876,6,41586.7768595041,C,364,243,366,456,NA
1990,1990-01-10,1990-01-10,FALSE,Out of Bounds,132,NA,NA,NA,NA,NA,132,31652.8925619835,45471.0743801653,1,1990-01-16,73239.6694214876,6,41586.7768595041,C,364,243,366,456,NA
1990,1990-01-10,1990-01-10,FALSE,Sacramento River Deep Water Ship Channel,132,NA,NA,NA,NA,NA,132,31652.8925619835,45471.0743801653,1,1990-01-16,73239.6694214876,6,41586.7768595041,C,364,243,366,456,NA
1990,1990-01-10,1990-01-10,FALSE,Sacramento River Mainstem,132,NA,NA,NA,NA,1.5,132,31652.8925619835,45471.0743801653,1,1990-01-16,73239.6694214876,6,41586.7768595041,C,364,243,366,456,NA
1990,1990-01-10,1990-01-10,FALSE,Sacramento River Mainstem,132,NA,NA,NA,NA,NA,132,31652.8925619835,45471.0743801653,1,1990-01-16,73239.6694214876,6,41586.7768595041,C,364,243,366,456,NA
1990,1990-01-10,1990-01-10,FALSE,San Pablo Bay and Carquinez Strait,132,NA,NA,NA,NA,NA,132,31652.8925619835,45471.0743801653,1,1990-01-16,73239.6694214876,6,41586.7768595041,C,364,243,366,456,NA
1990,1990-01-10,1990-01-10,FALSE,South Delta,132,NA,NA,NA,NA,NA,132,31652.8925619835,45471.0743801653,1,1990-01-16,73239.6694214876,6,41586.7768595041,C,364,243,366,456,NA
1990,1990-01-10,1990-01-10,FALSE,South Delta,132,-60,NA,NA,NA,NA,132,31652.8925619835,45471.0743801653,1,1990-01-16,73239.6694214876,6,41586.7768595041,C,364,243,366,456,NA
1990,1990-01-10,1990-01-10,FALSE,Suisun Marsh and Montezuma Slough,132,NA,NA,NA,NA,NA,132,31652.8925619835,45471.0743801653,1,1990-01-16,73239.6694214876,6,41586.7768595041,C,364,243,366,456,NA
1990,1990-01-10,1990-01-10,FALSE,Suisun and Honker Bays,132,NA,NA,NA,NA,NA,132,31652.8925619835,45471.0743801653,1,1990-01-16,73239.6694214876,6,41586.7768595041,C,364,243,366,456,NA
1990,1990-01-10,1990-01-10,FALSE,NA,132,NA,NA,NA,NA,NA,132,31652.8925619835,45471.0743801653,1,1990-01-16,73239.6694214876,6,41586.7768595041,C,364,243,366,456,NA
1990,1990-01-15,1990-01-10,TRUE,Cache Slough and Liberty Island,137,NA,NA,NA,NA,NA,132,31652.8925619835,45471.0743801653,1,1990-01-16,73239.6694214876,6,41586.7768595041,C,364,243,366,456,NA
1990,1990-01-15,1990-01-10,TRUE,Confluence,137,NA,NA,NA,NA,NA,132,31652.8925619835,45471.0743801653,1,1990-01-16,73239.6694214876,6,41586.7768595041,C,364,243,366,456,NA
1990,1990-01-15,1990-01-10,TRUE,North and South Forks Mokelumne River,137,NA,NA,NA,NA,NA,132,31652.8925619835,45471.0743801653,1,1990-01-16,73239.6694214876,6,41586.7768595041,C,364,243,366,456,NA
1990,1990-01-15,1990-01-10,TRUE,Out of Bounds,137,NA,NA,NA,NA,0.5,132,31652.8925619835,45471.0743801653,1,1990-01-16,73239.6694214876,6,41586.7768595041,C,364,243,366,456,NA
1990,1990-01-15,1990-01-10,TRUE,Out of Bounds,137,NA,NA,NA,NA,NA,132,31652.8925619835,45471.0743801653,1,1990-01-16,73239.6694214876,6,41586.7768595041,C,364,243,366,456,NA
1990,1990-01-15,1990-01-10,TRUE,Sacramento River Deep Water Ship Channel,137,NA,NA,NA,NA,NA,132,31652.8925619835,45471.0743801653,1,1990-01-16,73239.6694214876,6,41586.7768595041,C,364,243,366,456,NA
1990,1990-01-15,1990-01-10,TRUE,Sacramento River Mainstem,137,NA,NA,NA,NA,-0.8333333333333339,132,31652.8925619835,45471.0743801653,1,1990-01-16,73239.6694214876,6,41586.7768595041,C,364,243,366,456,NA
1990,1990-01-15,1990-01-10,TRUE,Sacramento River Mainstem,137,NA,NA,NA,NA,NA,132,31652.8925619835,45471.0743801653,1,1990-01-16,73239.6694214876,6,41586.7768595041,C,364,243,366,456,NA
1990,1990-01-15,1990-01-10,TRUE,San Pablo Bay and Carquinez Strait,137,NA,NA,NA,NA,NA,132,31652.8925619835,45471.0743801653,1,1990-01-16,73239.6694214876,6,41586.7768595041,C,364,243,366,456,NA
1990,1990-01-15,1990-01-10,TRUE,South Delta,137,NA,NA,NA,NA,NA,132,31652.8925619835,45471.0743801653,1,1990-01-16,73239.6694214876,6,41586.7768595041,C,364,243,366,456,NA
1990,1990-01-15,1990-01-10,TRUE,South Delta,137,303.3333333333335,NA,NA,NA,NA,132,31652.8925619835,45471.0743801653,1,1990-01-16,73239.6694214876,6,41586.7768595041,C,364,243,366,456,NA
1990,1990-01-15,1990-01-10,TRUE,Suisun Marsh and Montezuma Slough,137,NA,NA,NA,NA,NA,132,31652.8925619835,45471.0743801653,1,1990-01-16,73239.6694214876,6,41586.7768595041,C,364,243,366,456,NA
1990,1990-01-15,1990-01-10,TRUE,Suisun and Honker Bays,137,NA,NA,NA,NA,NA,132,31652.8925619835,45471.0743801653,1,1990-01-16,73239.6694214876,6,41586.7768595041,C,364,243,366,456,NA
1990,1990-01-15,1990-01-10,TRUE,NA,137,NA,NA,NA,NA,NA,132,31652.8925619835,45471.0743801653,1,1990-01-16,73239.6694214876,6,41586.7768595041,C,364,243,366,456,NA
1991,1991-03-05,1991-03-05,FALSE,Cache Slough and Liberty Island,186,NA,NA,NA,NA,NA,186,25016.8595041322,73711.7355371901,2,1991-03-06,80362.3140495868,1,55345.4545454545,C,689,134,364,243,NA
1991,1991-03-05,1991-03-05,FALSE,Confluence,186,NA,NA,NA,NA,NA,186,25016.8595041322,73711.7355371901,2,1991-03-06,80362.3140495868,1,55345.4545454545,C,689,134,364,243,NA
1991,1991-03-05,1991-03-05,FALSE,North and South Forks Mokelumne River,186,NA,NA,NA,NA,NA,186,25016.8595041322,73711.7355371901,2,1991-03-06,80362.3140495868,1,55345.4545454545,C,689,134,364,243,NA
1991,1991-03-05,1991-03-05,FALSE,Out of Bounds,186,NA,NA,NA,NA,-0.6666666666666661,186,25016.8595041322,73711.7355371901,2,1991-03-06,80362.3140495868,1,55345.4545454545,C,689,134,364,243,NA
1991,1991-03-05,1991-03-05,FALSE,Out of Bounds,186,NA,NA,NA,NA,NA,186,25016.8595041322,73711.7355371901,2,1991-03-06,80362.3140495868,1,55345.4545454545,C,689,134,364,243,NA
1991,1991-03-05,1991-03-05,FALSE,Sacramento River Deep Water Ship Channel,186,NA,NA,NA,NA,NA,186,25016.8595041322,73711.7355371901,2,1991-03-06,80362.3140495868,1,55345.4545454545,C,689,134,364,243,NA
1991,1991-03-05,1991-03-05,FALSE,Sacramento River Mainstem,186,NA,NA,NA,NA,-0.33333333333333215,186,25016.8595041322,73711.7355371901,2,1991-03-06,80362.3140495868,1,55345.4545454545,C,689,134,364,243,NA
1991,1991-03-05,1991-03-05,FALSE,Sacramento River Mainstem,186,NA,NA,NA,NA,NA,186,25016.8595041322,73711.7355371901,2,1991-03-06,80362.3140495868,1,55345.4545454545,C,689,134,364,243,NA
1991,1991-03-05,1991-03-05,FALSE,San Pablo Bay and Carquinez Strait,186,NA,NA,NA,NA,NA,186,25016.8595041322,73711.7355371901,2,1991-03-06,80362.3140495868,1,55345.4545454545,C,689,134,364,243,NA
1991,1991-03-05,1991-03-05,FALSE,South Delta,186,NA,NA,NA,NA,NA,186,25016.8595041322,73711.7355371901,2,1991-03-06,80362.3140495868,1,55345.4545454545,C,689,134,364,243,NA
1991,1991-03-05,1991-03-05,FALSE,South Delta,186,-1596.333333333333,NA,NA,NA,NA,186,25016.8595041322,73711.7355371901,2,1991-03-06,80362.3140495868,1,55345.4545454545,C,689,134,364,243,NA
1991,1991-03-05,1991-03-05,FALSE,Suisun Marsh and Montezuma Slough,186,NA,NA,NA,NA,NA,186,25016.8595041322,73711.7355371901,2,1991-03-06,80362.3140495868,1,55345.4545454545,C,689,134,364,243,NA
1991,1991-03-05,1991-03-05,FALSE,Suisun and Honker Bays,186,NA,NA,NA,NA,NA,186,25016.8595041322,73711.7355371901,2,1991-03-06,80362.3140495868,1,55345.4545454545,C,689,134,364,243,NA
1991,1991-03-05,1991-03-05,FALSE,NA,186,NA,NA,NA,NA,NA,186,25016.8595041322,73711.7355371901,2,1991-03-06,80362.3140495868,1,55345.4545454545,C,689,134,364,243,NA
1991,1991-03-14,1991-03-05,TRUE,Cache Slough and Liberty Island,195,NA,NA,NA,NA,NA,186,25016.8595041322,73711.7355371901,2,1991-03-06,80362.3140495868,1,55345.4545454545,C,689,134,364,243,NA
1991,1991-03-14,1991-03-05,TRUE,Confluence,195,NA,NA,NA,NA,NA,186,25016.8595041322,73711.7355371901,2,1991-03-06,80362.3140495868,1,55345.4545454545,C,689,134,364,243,NA
1991,1991-03-14,1991-03-05,TRUE,North and South Forks Mokelumne River,195,NA,NA,NA,NA,NA,186,25016.8595041322,73711.7355371901,2,1991-03-06,80362.3140495868,1,55345.4545454545,C,689,134,364,243,NA
1991,1991-03-14,1991-03-05,TRUE,Out of Bounds,195,NA,NA,NA,NA,0,186,25016.8595041322,73711.7355371901,2,1991-03-06,80362.3140495868,1,55345.4545454545,C,689,134,364,243,NA
1991,1991-03-14,1991-03-05,TRUE,Out of Bounds,195,NA,NA,NA,NA,NA,186,25016.8595041322,73711.7355371901,2,1991-03-06,80362.3140495868,1,55345.4545454545,C,689,134,364,243,NA
1991,1991-03-14,1991-03-05,TRUE,Sacramento River Deep Water Ship Channel,195,NA,NA,NA,NA,NA,186,25016.8595041322,73711.7355371901,2,1991-03-06,80362.3140495868,1,55345.4545454545,C,689,134,364,243,NA
1991,1991-03-14,1991-03-05,TRUE,Sacramento River Mainstem,195,NA,NA,NA,NA,-0.8333333333333339,186,25016.8595041322,73711.7355371901,2,1991-03-06,80362.3140495868,1,55345.4545454545,C,689,134,364,243,NA
1991,1991-03-14,1991-03-05,TRUE,Sacramento River Mainstem,195,NA,NA,NA,NA,NA,186,25016.8595041322,73711.7355371901,2,1991-03-06,80362.3140495868,1,55345.4545454545,C,689,134,364,243,NA
1991,1991-03-14,1991-03-05,TRUE,San Pablo Bay and Carquinez Strait,195,NA,NA,NA,NA,NA,186,25016.8595041322,73711.7355371901,2,1991-03-06,80362.3140495868,1,55345.4545454545,C,689,134,364,243,NA
1991,1991-03-14,1991-03-05,TRUE,South Delta,195,NA,NA,NA,NA,NA,186,25016.8595041322,73711.7355371901,2,1991-03-06,80362.3140495868,1,55345.4545454545,C,689,134,364,243,NA
1991,1991-03-14,1991-03-05,TRUE,South Delta,195,42.22222222222172,NA,NA,NA,NA,186,25016.8595041322,73711.7355371901,2,1991-03-06,80362.3140495868,1,55345.4545454545,C,689,134,364,243,NA
1991,1991-03-14,1991-03-05,TRUE,Suisun Marsh and Montezuma Slough,195,NA,NA,NA,NA,NA,186,25016.8595041322,73711.7355371901,2,1991-03-06,80362.3140495868,1,55345.4545454545,C,689,134,364,243,NA
1991,1991-03-14,1991-03-05,TRUE,Suisun and Honker Bays,195,NA,NA,NA,NA,NA,186,25016.8595041322,73711.7355371901,2,1991-03-06,80362.3140495868,1,55345.4545454545,C,689,134,364,243,NA
1991,1991-03-14,1991-03-05,TRUE,NA,195,NA,NA,NA,NA,NA,186,25016.8595041322,73711.7355371901,2,1991-03-06,80362.3140495868,1,55345.4545454545,C,689,134,364,243,NA
1991,1991-03-25,1991-03-05,TRUE,Cache Slough and Liberty Island,206,NA,NA,NA,NA,NA,186,25016.8595041322,73711.7355371901,2,1991-03-06,80362.3140495868,1,55345.4545454545,C,689,134,364,243,NA
1991,1991-03-25,1991-03-05,TRUE,Confluence,206,NA,NA,NA,NA,NA,186,25016.8595041322,73711.7355371901,2,1991-03-06,80362.3140495868,1,55345.4545454545,C,689,134,364,243,NA
1991,1991-03-25,1991-03-05,TRUE,North and South Forks Mokelumne River,206,NA,NA,NA,NA,NA,186,25016.8595041322,73711.7355371901,2,1991-03-06,80362.3140495868,1,55345.4545454545,C,689,134,364,243,NA
1991,1991-03-25,1991-03-05,TRUE,Out of Bounds,206,NA,NA,NA,NA,-0.6666666666666661,186,25016.8595041322,73711.7355371901,2,1991-03-06,80362.3140495868,1,55345.4545454545,C,689,134,364,243,NA
1991,1991-03-25,1991-03-05,TRUE,Out of Bounds,206,NA,NA,NA,NA,NA,186,25016.8595041322,73711.7355371901,2,1991-03-06,80362.3140495868,1,55345.4545454545,C,689,134,364,243,NA
1991,1991-03-25,1991-03-05,TRUE,Sacramento River Deep Water Ship Channel,206,NA,NA,NA,NA,NA,186,25016.8595041322,73711.7355371901,2,1991-03-06,80362.3140495868,1,55345.4545454545,C,689,134,364,243,NA
1991,1991-03-25,1991-03-05,TRUE,Sacramento River Mainstem,206,NA,NA,NA,NA,-1.833333333333334,186,25016.8595041322,73711.7355371901,2,1991-03-06,80362.3140495868,1,55345.4545454545,C,689,134,364,243,NA
1991,1991-03-25,1991-03-05,TRUE,Sacramento River Mainstem,206,NA,NA,NA,NA,NA,186,25016.8595041322,73711.7355371901,2,1991-03-06,80362.3140495868,1,55345.4545454545,C,689,134,364,243,NA
1991,1991-03-25,1991-03-05,TRUE,San Pablo Bay and Carquinez Strait,206,NA,NA,NA,NA,NA,186,25016.8595041322,73711.7355371901,2,1991-03-06,80362.3140495868,1,55345.4545454545,C,689,134,364,243,NA
1991,1991-03-25,1991-03-05,TRUE,South Delta,206,NA,NA,NA,NA,NA,186,25016.8595041322,73711.7355371901,2,1991-03-06,80362.3140495868,1,55345.4545454545,C,689,134,364,243,NA
1991,1991-03-25,1991-03-05,TRUE,South Delta,206,691.1111111111113,NA,NA,NA,NA,186,25016.8595041322,73711.7355371901,2,1991-03-06,80362.3140495868,1,55345.4545454545,C,689,134,364,243,NA
1991,1991-03-25,1991-03-05,TRUE,Suisun Marsh and Montezuma Slough,206,NA,NA,NA,NA,NA,186,25016.8595041322,73711.7355371901,2,1991-03-06,80362.3140495868,1,55345.4545454545,C,689,134,364,243,NA
1991,1991-03-25,1991-03-05,TRUE,Suisun and Honker Bays,206,NA,NA,NA,NA,NA,186,25016.8595041322,73711.7355371901,2,1991-03-06,80362.3140495868,1,55345.4545454545,C,689,134,364,243,NA
1991,1991-03-25,1991-03-05,TRUE,NA,206,NA,NA,NA,NA,NA,186,25016.8595041322,73711.7355371901,2,1991-03-06,80362.3140495868,1,55345.4545454545,C,689,134,364,243,NA
1992,1992-02-12,1992-02-12,FALSE,Cache Slough and Liberty Island,165,NA,NA,NA,NA,NA,165,16699.5041322314,58282.3140495868,1,1992-02-16,98156.0330578512,4,81456.5289256198,C,156,76,689,134,NA
1992,1992-02-12,1992-02-12,FALSE,Confluence,165,NA,NA,NA,NA,NA,165,16699.5041322314,58282.3140495868,1,1992-02-16,98156.0330578512,4,81456.5289256198,C,156,76,689,134,NA
1992,1992-02-12,1992-02-12,FALSE,North and South Forks Mokelumne River,165,NA,NA,NA,NA,NA,165,16699.5041322314,58282.3140495868,1,1992-02-16,98156.0330578512,4,81456.5289256198,C,156,76,689,134,NA
1992,1992-02-12,1992-02-12,FALSE,Out of Bounds,165,NA,NA,NA,NA,0.0666666666666682,165,16699.5041322314,58282.3140495868,1,1992-02-16,98156.0330578512,4,81456.5289256198,C,156,76,689,134,NA
1992,1992-02-12,1992-02-12,FALSE,Out of Bounds,165,NA,NA,NA,NA,NA,165,16699.5041322314,58282.3140495868,1,1992-02-16,98156.0330578512,4,81456.5289256198,C,156,76,689,134,NA
1992,1992-02-12,1992-02-12,FALSE,Sacramento River Deep Water Ship Channel,165,NA,NA,NA,NA,NA,165,16699.5041322314,58282.3140495868,1,1992-02-16,98156.0330578512,4,81456.5289256198,C,156,76,689,134,NA
1992,1992-02-12,1992-02-12,FALSE,Sacramento River Mainstem,165,NA,NA,NA,NA,0.03333333333333321,165,16699.5041322314,58282.3140495868,1,1992-02-16,98156.0330578512,4,81456.5289256198,C,156,76,689,134,NA
1992,1992-02-12,1992-02-12,FALSE,Sacramento River Mainstem,165,NA,NA,NA,NA,NA,165,16699.5041322314,58282.3140495868,1,1992-02-16,98156.0330578512,4,81456.5289256198,C,156,76,689,134,NA
1992,1992-02-12,1992-02-12,FALSE,San Pablo Bay and Carquinez Strait,165,NA,NA,NA,NA,NA,165,16699.5041322314,58282.3140495868,1,1992-02-16,98156.0330578512,4,81456.5289256198,C,156,76,689,134,NA
1992,1992-02-12,1992-02-12,FALSE,South Delta,165,NA,NA,NA,NA,NA,165,16699.5041322314,58282.3140495868,1,1992-02-16,98156.0330578512,4,81456.5289256198,C,156,76,689,134,NA
1992,1992-02-12,1992-02-12,FALSE,South Delta,165,-181.0888888888889,NA,NA,NA,NA,165,16699.5041322314,58282.3140495868,1,1992-02-16,98156.0330578512,4,81456.5289256198,C,156,76,689,134,NA
1992,1992-02-12,1992-02-12,FALSE,Suisun Marsh and Montezuma Slough,165,NA,NA,NA,NA,NA,165,16699.5041322314,58282.3140495868,1,1992-02-16,98156.0330578512,4,81456.5289256198,C,156,76,689,134,NA
1992,1992-02-12,1992-02-12,FALSE,Suisun and Honker Bays,165,NA,NA,NA,NA,NA,165,16699.5041322314,58282.3140495868,1,1992-02-16,98156.0330578512,4,81456.5289256198,C,156,76,689,134,NA
1992,1992-02-12,1992-02-12,FALSE,NA,165,NA,NA,NA,NA,NA,165,16699.5041322314,58282.3140495868,1,1992-02-16,98156.0330578512,4,81456.5289256198,C,156,76,689,134,NA
1992,1992-03-17,1992-02-12,TRUE,Cache Slough and Liberty Island,199,NA,NA,NA,NA,NA,165,16699.5041322314,58282.3140495868,1,1992-02-16,98156.0330578512,4,81456.5289256198,C,156,76,689,134,NA
1992,1992-03-17,1992-02-12,TRUE,Confluence,199,NA,NA,NA,NA,NA,165,16699.5041322314,58282.3140495868,1,1992-02-16,98156.0330578512,4,81456.5289256198,C,156,76,689,134,NA
1992,1992-03-17,1992-02-12,TRUE,North and South Forks Mokelumne River,199,NA,NA,NA,NA,NA,165,16699.5041322314,58282.3140495868,1,1992-02-16,98156.0330578512,4,81456.5289256198,C,156,76,689,134,NA
1992,1992-03-17,1992-02-12,TRUE,Out of Bounds,199,NA,NA,NA,NA,-0.2333333333333325,165,16699.5041322314,58282.3140495868,1,1992-02-16,98156.0330578512,4,81456.5289256198,C,156,76,689,134,NA
1992,1992-03-17,1992-02-12,TRUE,Out of Bounds,199,NA,NA,NA,NA,NA,165,16699.5041322314,58282.3140495868,1,1992-02-16,98156.0330578512,4,81456.5289256198,C,156,76,689,134,NA
1992,1992-03-17,1992-02-12,TRUE,Sacramento River Deep Water Ship Channel,199,NA,NA,NA,NA,NA,165,16699.5041322314,58282.3140495868,1,1992-02-16,98156.0330578512,4,81456.5289256198,C,156,76,689,134,NA
1992,1992-03-17,1992-02-12,TRUE,Sacramento River Mainstem,199,NA,NA,NA,NA,-1.4666666666666668,165,16699.5041322314,58282.3140495868,1,1992-02-16,98156.0330578512,4,81456.5289256198,C,156,76,689,134,NA
1992,1992-03-17,1992-02-12,TRUE,Sacramento River Mainstem,199,NA,NA,NA,NA,NA,165,16699.5041322314,58282.3140495868,1,1992-02-16,98156.0330578512,4,81456.5289256198,C,156,76,689,134,NA
1992,1992-03-17,1992-02-12,TRUE,San Pablo Bay and Carquinez Strait,199,NA,NA,NA,NA,NA,165,16699.5041322314,58282.3140495868,1,1992-02-16,98156.0330578512,4,81456.5289256198,C,156,76,689,134,NA
1992,1992-03-17,1992-02-12,TRUE,South Delta,199,NA,NA,NA,NA,NA,165,16699.5041322314,58282.3140495868,1,1992-02-16,98156.0330578512,4,81456.5289256198,C,156,76,689,134,NA
1992,1992-03-17,1992-02-12,TRUE,South Delta,199,-45.5555555555552,NA,NA,NA,NA,165,16699.5041322314,58282.3140495868,1,1992-02-16,98156.0330578512,4,81456.5289256198,C,156,76,689,134,NA
1992,1992-03-17,1992-02-12,TRUE,Suisun Marsh and Montezuma Slough,199,NA,NA,NA,NA,NA,165,16699.5041322314,58282.3140495868,1,1992-02-16,98156.0330578512,4,81456.5289256198,C,156,76,689,134,NA
1992,1992-03-17,1992-02-12,TRUE,Suisun and Honker Bays,199,NA,NA,NA,NA,NA,165,16699.5041322314,58282.3140495868,1,1992-02-16,98156.0330578512,4,81456.5289256198,C,156,76,689,134,NA
1992,1992-03-17,1992-02-12,TRUE,NA,199,NA,NA,NA,NA,NA,165,16699.5041322314,58282.3140495868,1,1992-02-16,98156.0330578512,4,81456.5289256198,C,156,76,689,134,NA
1993,1992-12-11,1992-12-11,FALSE,Cache Slough and Liberty Island,102,NA,NA,NA,NA,NA,102,21926.6115702479,55730.2479338843,10,1992-12-13,62562.6446280992,2,40636.0330578512,AN,1078,798,156,76,NA
1993,1992-12-11,1992-12-11,FALSE,Confluence,102,NA,NA,NA,NA,NA,102,21926.6115702479,55730.2479338843,10,1992-12-13,62562.6446280992,2,40636.0330578512,AN,1078,798,156,76,NA
1993,1992-12-11,1992-12-11,FALSE,North and South Forks Mokelumne River,102,NA,NA,NA,NA,NA,102,21926.6115702479,55730.2479338843,10,1992-12-13,62562.6446280992,2,40636.0330578512,AN,1078,798,156,76,NA
1993,1992-12-11,1992-12-11,FALSE,Out of Bounds,102,NA,NA,NA,NA,-0.2333333333333325,102,21926.6115702479,55730.2479338843,10,1992-12-13,62562.6446280992,2,40636.0330578512,AN,1078,798,156,76,NA
1993,1992-12-11,1992-12-11,FALSE,Out of Bounds,102,NA,NA,NA,NA,NA,102,21926.6115702479,55730.2479338843,10,1992-12-13,62562.6446280992,2,40636.0330578512,AN,1078,798,156,76,NA
1993,1992-12-11,1992-12-11,FALSE,Sacramento River Deep Water Ship Channel,102,NA,NA,NA,NA,NA,102,21926.6115702479,55730.2479338843,10,1992-12-13,62562.6446280992,2,40636.0330578512,AN,1078,798,156,76,NA
1993,1992-12-11,1992-12-11,FALSE,Sacramento River Mainstem,102,NA,NA,NA,NA,0,102,21926.6115702479,55730.2479338843,10,1992-12-13,62562.6446280992,2,40636.0330578512,AN,1078,798,156,76,NA
1993,1992-12-11,1992-12-11,FALSE,Sacramento River Mainstem,102,NA,NA,NA,NA,NA,102,21926.6115702479,55730.2479338843,10,1992-12-13,62562.6446280992,2,40636.0330578512,AN,1078,798,156,76,NA
1993,1992-12-11,1992-12-11,FALSE,San Pablo Bay and Carquinez Strait,102,NA,NA,NA,NA,NA,102,21926.6115702479,55730.2479338843,10,1992-12-13,62562.6446280992,2,40636.0330578512,AN,1078,798,156,76,NA
1993,1992-12-11,1992-12-11,FALSE,South Delta,102,NA,NA,NA,NA,NA,102,21926.6115702479,55730.2479338843,10,1992-12-13,62562.6446280992,2,40636.0330578512,AN,1078,798,156,76,NA
1993,1992-12-11,1992-12-11,FALSE,South Delta,102,-45.93333333333332,NA,NA,NA,NA,102,21926.6115702479,55730.2479338843,10,1992-12-13,62562.6446280992,2,40636.0330578512,AN,1078,798,156,76,NA
1993,1992-12-11,1992-12-11,FALSE,Suisun Marsh and Montezuma Slough,102,NA,NA,NA,NA,NA,102,21926.6115702479,55730.2479338843,10,1992-12-13,62562.6446280992,2,40636.0330578512,AN,1078,798,156,76,NA
1993,1992-12-11,1992-12-11,FALSE,Suisun and Honker Bays,102,NA,NA,NA,NA,NA,102,21926.6115702479,55730.2479338843,10,1992-12-13,62562.6446280992,2,40636.0330578512,AN,1078,798,156,76,NA
1993,1992-12-11,1992-12-11,FALSE,NA,102,NA,NA,NA,NA,NA,102,21926.6115702479,55730.2479338843,10,1992-12-13,62562.6446280992,2,40636.0330578512,AN,1078,798,156,76,NA
1993,1993-01-02,1992-12-11,TRUE,Cache Slough and Liberty Island,124,NA,NA,NA,NA,NA,102,21926.6115702479,55730.2479338843,10,1992-12-13,62562.6446280992,2,40636.0330578512,AN,1078,798,156,76,NA
1993,1993-01-02,1992-12-11,TRUE,Confluence,124,NA,NA,NA,NA,NA,102,21926.6115702479,55730.2479338843,10,1992-12-13,62562.6446280992,2,40636.0330578512,AN,1078,798,156,76,NA
1993,1993-01-02,1992-12-11,TRUE,North and South Forks Mokelumne River,124,NA,NA,NA,NA,NA,102,21926.6115702479,55730.2479338843,10,1992-12-13,62562.6446280992,2,40636.0330578512,AN,1078,798,156,76,NA
1993,1993-01-02,1992-12-11,TRUE,Out of Bounds,124,NA,NA,NA,NA,-1.4333333333333336,102,21926.6115702479,55730.2479338843,10,1992-12-13,62562.6446280992,2,40636.0330578512,AN,1078,798,156,76,NA
1993,1993-01-02,1992-12-11,TRUE,Out of Bounds,124,NA,NA,NA,NA,NA,102,21926.6115702479,55730.2479338843,10,1992-12-13,62562.6446280992,2,40636.0330578512,AN,1078,798,156,76,NA
1993,1993-01-02,1992-12-11,TRUE,Sacramento River Deep Water Ship Channel,124,NA,NA,NA,NA,NA,102,21926.6115702479,55730.2479338843,10,1992-12-13,62562.6446280992,2,40636.0330578512,AN,1078,798,156,76,NA
1993,1993-01-02,1992-12-11,TRUE,Sacramento River Mainstem,124,NA,NA,NA,NA,-0.16666666666666696,102,21926.6115702479,55730.2479338843,10,1992-12-13,62562.6446280992,2,40636.0330578512,AN,1078,798,156,76,NA
1993,1993-01-02,1992-12-11,TRUE,Sacramento River Mainstem,124,NA,NA,NA,NA,NA,102,21926.6115702479,55730.2479338843,10,1992-12-13,62562.6446280992,2,40636.0330578512,AN,1078,798,156,76,NA
1993,1993-01-02,1992-12-11,TRUE,San Pablo Bay and Carquinez Strait,124,NA,NA,NA,NA,NA,102,21926.6115702479,55730.2479338843,10,1992-12-13,62562.6446280992,2,40636.0330578512,AN,1078,798,156,76,NA
1993,1993-01-02,1992-12-11,TRUE,South Delta,124,NA,NA,NA,NA,NA,102,21926.6115702479,55730.2479338843,10,1992-12-13,62562.6446280992,2,40636.0330578512,AN,1078,798,156,76,NA
1993,1993-01-02,1992-12-11,TRUE,South Delta,124,-366.6666666666665,NA,NA,NA,NA,102,21926.6115702479,55730.2479338843,10,1992-12-13,62562.6446280992,2,40636.0330578512,AN,1078,798,156,76,NA
1993,1993-01-02,1992-12-11,TRUE,Suisun Marsh and Montezuma Slough,124,NA,NA,NA,NA,NA,102,21926.6115702479,55730.2479338843,10,1992-12-13,62562.6446280992,2,40636.0330578512,AN,1078,798,156,76,NA
1993,1993-01-02,1992-12-11,TRUE,Suisun and Honker Bays,124,NA,NA,NA,NA,NA,102,21926.6115702479,55730.2479338843,10,1992-12-13,62562.6446280992,2,40636.0330578512,AN,1078,798,156,76,NA
1993,1993-01-02,1992-12-11,TRUE,NA,124,NA,NA,NA,NA,NA,102,21926.6115702479,55730.2479338843,10,1992-12-13,62562.6446280992,2,40636.0330578512,AN,1078,798,156,76,NA
1993,1993-01-09,1992-12-11,TRUE,Cache Slough and Liberty Island,131,NA,NA,NA,NA,NA,102,21926.6115702479,55730.2479338843,10,1992-12-13,62562.6446280992,2,40636.0330578512,AN,1078,798,156,76,NA
1993,1993-01-09,1992-12-11,TRUE,Confluence,131,NA,NA,NA,NA,NA,102,21926.6115702479,55730.2479338843,10,1992-12-13,62562.6446280992,2,40636.0330578512,AN,1078,798,156,76,NA
1993,1993-01-09,1992-12-11,TRUE,North and South Forks Mokelumne River,131,NA,NA,NA,NA,NA,102,21926.6115702479,55730.2479338843,10,1992-12-13,62562.6446280992,2,40636.0330578512,AN,1078,798,156,76,NA
1993,1993-01-09,1992-12-11,TRUE,Out of Bounds,131,NA,NA,NA,NA,1.666666666666667,102,21926.6115702479,55730.2479338843,10,1992-12-13,62562.6446280992,2,40636.0330578512,AN,1078,798,156,76,NA
1993,1993-01-09,1992-12-11,TRUE,Out of Bounds,131,NA,NA,NA,NA,NA,102,21926.6115702479,55730.2479338843,10,1992-12-13,62562.6446280992,2,40636.0330578512,AN,1078,798,156,76,NA
1993,1993-01-09,1992-12-11,TRUE,Sacramento River Deep Water Ship Channel,131,NA,NA,NA,NA,NA,102,21926.6115702479,55730.2479338843,10,1992-12-13,62562.6446280992,2,40636.0330578512,AN,1078,798,156,76,NA
1993,1993-01-09,1992-12-11,TRUE,Sacramento River Mainstem,131,NA,NA,NA,NA,0.833333333333333,102,21926.6115702479,55730.2479338843,10,1992-12-13,62562.6446280992,2,40636.0330578512,AN,1078,798,156,76,NA
1993,1993-01-09,1992-12-11,TRUE,Sacramento River Mainstem,131,NA,NA,NA,NA,NA,102,21926.6115702479,55730.2479338843,10,1992-12-13,62562.6446280992,2,40636.0330578512,AN,1078,798,156,76,NA
1993,1993-01-09,1992-12-11,TRUE,San Pablo Bay and Carquinez Strait,131,NA,NA,NA,NA,NA,102,21926.6115702479,55730.2479338843,10,1992-12-13,62562.6446280992,2,40636.0330578512,AN,1078,798,156,76,NA
1993,1993-01-09,1992-12-11,TRUE,South Delta,131,NA,NA,NA,NA,NA,102,21926.6115702479,55730.2479338843,10,1992-12-13,62562.6446280992,2,40636.0330578512,AN,1078,798,156,76,NA
1993,1993-01-09,1992-12-11,TRUE,South Delta,131,796.666666666667,NA,NA,NA,NA,102,21926.6115702479,55730.2479338843,10,1992-12-13,62562.6446280992,2,40636.0330578512,AN,1078,798,156,76,NA
1993,1993-01-09,1992-12-11,TRUE,Suisun Marsh and Montezuma Slough,131,NA,NA,NA,NA,NA,102,21926.6115702479,55730.2479338843,10,1992-12-13,62562.6446280992,2,40636.0330578512,AN,1078,798,156,76,NA
1993,1993-01-09,1992-12-11,TRUE,Suisun and Honker Bays,131,NA,NA,NA,NA,NA,102,21926.6115702479,55730.2479338843,10,1992-12-13,62562.6446280992,2,40636.0330578512,AN,1078,798,156,76,NA
1993,1993-01-09,1992-12-11,TRUE,NA,131,NA,NA,NA,NA,NA,102,21926.6115702479,55730.2479338843,10,1992-12-13,62562.6446280992,2,40636.0330578512,AN,1078,798,156,76,NA
1993,1993-01-14,1992-12-11,TRUE,Cache Slough and Liberty Island,136,NA,NA,NA,NA,NA,102,21926.6115702479,55730.2479338843,10,1992-12-13,62562.6446280992,2,40636.0330578512,AN,1078,798,156,76,NA
1993,1993-01-14,1992-12-11,TRUE,Confluence,136,NA,NA,NA,NA,NA,102,21926.6115702479,55730.2479338843,10,1992-12-13,62562.6446280992,2,40636.0330578512,AN,1078,798,156,76,NA
1993,1993-01-14,1992-12-11,TRUE,North and South Forks Mokelumne River,136,NA,NA,NA,NA,NA,102,21926.6115702479,55730.2479338843,10,1992-12-13,62562.6446280992,2,40636.0330578512,AN,1078,798,156,76,NA
1993,1993-01-14,1992-12-11,TRUE,Out of Bounds,136,NA,NA,NA,NA,1.5666666666666682,102,21926.6115702479,55730.2479338843,10,1992-12-13,62562.6446280992,2,40636.0330578512,AN,1078,798,156,76,NA
1993,1993-01-14,1992-12-11,TRUE,Out of Bounds,136,NA,NA,NA,NA,NA,102,21926.6115702479,55730.2479338843,10,1992-12-13,62562.6446280992,2,40636.0330578512,AN,1078,798,156,76,NA
1993,1993-01-14,1992-12-11,TRUE,Sacramento River Deep Water Ship Channel,136,NA,NA,NA,NA,NA,102,21926.6115702479,55730.2479338843,10,1992-12-13,62562.6446280992,2,40636.0330578512,AN,1078,798,156,76,NA
1993,1993-01-14,1992-12-11,TRUE,Sacramento River Mainstem,136,NA,NA,NA,NA,0.5,102,21926.6115702479,55730.2479338843,10,1992-12-13,62562.6446280992,2,40636.0330578512,AN,1078,798,156,76,NA
1993,1993-01-14,1992-12-11,TRUE,Sacramento River Mainstem,136,NA,NA,NA,NA,NA,102,21926.6115702479,55730.2479338843,10,1992-12-13,62562.6446280992,2,40636.0330578512,AN,1078,798,156,76,NA
1993,1993-01-14,1992-12-11,TRUE,San Pablo Bay and Carquinez Strait,136,NA,NA,NA,NA,NA,102,21926.6115702479,55730.2479338843,10,1992-12-13,62562.6446280992,2,40636.0330578512,AN,1078,798,156,76,NA
1993,1993-01-14,1992-12-11,TRUE,South Delta,136,NA,NA,NA,NA,NA,102,21926.6115702479,55730.2479338843,10,1992-12-13,62562.6446280992,2,40636.0330578512,AN,1078,798,156,76,NA
1993,1993-01-14,1992-12-11,TRUE,South Delta,136,192.22222222222217,NA,NA,NA,NA,102,21926.6115702479,55730.2479338843,10,1992-12-13,62562.6446280992,2,40636.0330578512,AN,1078,798,156,76,NA
1993,1993-01-14,1992-12-11,TRUE,Suisun Marsh and Montezuma Slough,136,NA,NA,NA,NA,NA,102,21926.6115702479,55730.2479338843,10,1992-12-13,62562.6446280992,2,40636.0330578512,AN,1078,798,156,76,NA
1993,1993-01-14,1992-12-11,TRUE,Suisun and Honker Bays,136,NA,NA,NA,NA,NA,102,21926.6115702479,55730.2479338843,10,1992-12-13,62562.6446280992,2,40636.0330578512,AN,1078,798,156,76,NA
1993,1993-01-14,1992-12-11,TRUE,NA,136,NA,NA,NA,NA,NA,102,21926.6115702479,55730.2479338843,10,1992-12-13,62562.6446280992,2,40636.0330578512,AN,1078,798,156,76,NA
1993,1993-01-17,1992-12-11,TRUE,Cache Slough and Liberty Island,139,NA,NA,NA,NA,NA,102,21926.6115702479,55730.2479338843,10,1992-12-13,62562.6446280992,2,40636.0330578512,AN,1078,798,156,76,NA
1993,1993-01-17,1992-12-11,TRUE,Confluence,139,NA,NA,NA,NA,NA,102,21926.6115702479,55730.2479338843,10,1992-12-13,62562.6446280992,2,40636.0330578512,AN,1078,798,156,76,NA
1993,1993-01-17,1992-12-11,TRUE,North and South Forks Mokelumne River,139,NA,NA,NA,NA,NA,102,21926.6115702479,55730.2479338843,10,1992-12-13,62562.6446280992,2,40636.0330578512,AN,1078,798,156,76,NA
1993,1993-01-17,1992-12-11,TRUE,Out of Bounds,139,NA,NA,NA,NA,0.29999999999999893,102,21926.6115702479,55730.2479338843,10,1992-12-13,62562.6446280992,2,40636.0330578512,AN,1078,798,156,76,NA
1993,1993-01-17,1992-12-11,TRUE,Out of Bounds,139,NA,NA,NA,NA,NA,102,21926.6115702479,55730.2479338843,10,1992-12-13,62562.6446280992,2,40636.0330578512,AN,1078,798,156,76,NA
1993,1993-01-17,1992-12-11,TRUE,Sacramento River Deep Water Ship Channel,139,NA,NA,NA,NA,NA,102,21926.6115702479,55730.2479338843,10,1992-12-13,62562.6446280992,2,40636.0330578512,AN,1078,798,156,76,NA
1993,1993-01-17,1992-12-11,TRUE,Sacramento River Mainstem,139,NA,NA,NA,NA,0.5,102,21926.6115702479,55730.2479338843,10,1992-12-13,62562.6446280992,2,40636.0330578512,AN,1078,798,156,76,NA
1993,1993-01-17,1992-12-11,TRUE,Sacramento River Mainstem,139,NA,NA,NA,NA,NA,102,21926.6115702479,55730.2479338843,10,1992-12-13,62562.6446280992,2,40636.0330578512,AN,1078,798,156,76,NA
1993,1993-01-17,1992-12-11,TRUE,San Pablo Bay and Carquinez Strait,139,NA,NA,NA,NA,NA,102,21926.6115702479,55730.2479338843,10,1992-12-13,62562.6446280992,2,40636.0330578512,AN,1078,798,156,76,NA
1993,1993-01-17,1992-12-11,TRUE,South Delta,139,NA,NA,NA,NA,NA,102,21926.6115702479,55730.2479338843,10,1992-12-13,62562.6446280992,2,40636.0330578512,AN,1078,798,156,76,NA
1993,1993-01-17,1992-12-11,TRUE,South Delta,139,142.22222222222217,NA,NA,NA,NA,102,21926.6115702479,55730.2479338843,10,1992-12-13,62562.6446280992,2,40636.0330578512,AN,1078,798,156,76,NA
1993,1993-01-17,1992-12-11,TRUE,Suisun Marsh and Montezuma Slough,139,NA,NA,NA,NA,NA,102,21926.6115702479,55730.2479338843,10,1992-12-13,62562.6446280992,2,40636.0330578512,AN,1078,798,156,76,NA
1993,1993-01-17,1992-12-11,TRUE,Suisun and Honker Bays,139,NA,NA,NA,NA,NA,102,21926.6115702479,55730.2479338843,10,1992-12-13,62562.6446280992,2,40636.0330578512,AN,1078,798,156,76,NA
1993,1993-01-17,1992-12-11,TRUE,NA,139,NA,NA,NA,NA,NA,102,21926.6115702479,55730.2479338843,10,1992-12-13,62562.6446280992,2,40636.0330578512,AN,1078,798,156,76,NA
1993,1993-01-21,1992-12-11,TRUE,Cache Slough and Liberty Island,143,NA,NA,NA,NA,NA,102,21926.6115702479,55730.2479338843,10,1992-12-13,62562.6446280992,2,40636.0330578512,AN,1078,798,156,76,NA
1993,1993-01-21,1992-12-11,TRUE,Confluence,143,NA,NA,NA,NA,NA,102,21926.6115702479,55730.2479338843,10,1992-12-13,62562.6446280992,2,40636.0330578512,AN,1078,798,156,76,NA
1993,1993-01-21,1992-12-11,TRUE,North and South Forks Mokelumne River,143,NA,NA,NA,NA,NA,102,21926.6115702479,55730.2479338843,10,1992-12-13,62562.6446280992,2,40636.0330578512,AN,1078,798,156,76,NA
1993,1993-01-21,1992-12-11,TRUE,Out of Bounds,143,NA,NA,NA,NA,0.8666666666666671,102,21926.6115702479,55730.2479338843,10,1992-12-13,62562.6446280992,2,40636.0330578512,AN,1078,798,156,76,NA
1993,1993-01-21,1992-12-11,TRUE,Out of Bounds,143,NA,NA,NA,NA,NA,102,21926.6115702479,55730.2479338843,10,1992-12-13,62562.6446280992,2,40636.0330578512,AN,1078,798,156,76,NA
1993,1993-01-21,1992-12-11,TRUE,Sacramento River Deep Water Ship Channel,143,NA,NA,NA,NA,NA,102,21926.6115702479,55730.2479338843,10,1992-12-13,62562.6446280992,2,40636.0330578512,AN,1078,798,156,76,NA
1993,1993-01-21,1992-12-11,TRUE,Sacramento River Mainstem,143,NA,NA,NA,NA,1.166666666666666,102,21926.6115702479,55730.2479338843,10,1992-12-13,62562.6446280992,2,40636.0330578512,AN,1078,798,156,76,NA
1993,1993-01-21,1992-12-11,TRUE,Sacramento River Mainstem,143,NA,NA,NA,NA,NA,102,21926.6115702479,55730.2479338843,10,1992-12-13,62562.6446280992,2,40636.0330578512,AN,1078,798,156,76,NA
1993,1993-01-21,1992-12-11,TRUE,Sacramento River Mainstem,143,NA,NA,NA,NA,NA,102,21926.6115702479,55730.2479338843,10,1992-12-13,62562.6446280992,2,40636.0330578512,AN,1078,798,156,76,NA
1993,1993-01-21,1992-12-11,TRUE,San Pablo Bay and Carquinez Strait,143,NA,NA,NA,NA,NA,102,21926.6115702479,55730.2479338843,10,1992-12-13,62562.6446280992,2,40636.0330578512,AN,1078,798,156,76,NA
1993,1993-01-21,1992-12-11,TRUE,South Delta,143,NA,NA,NA,NA,NA,102,21926.6115702479,55730.2479338843,10,1992-12-13,62562.6446280992,2,40636.0330578512,AN,1078,798,156,76,NA
1993,1993-01-21,1992-12-11,TRUE,South Delta,143,-65.55555555555566,NA,NA,NA,NA,102,21926.6115702479,55730.2479338843,10,1992-12-13,62562.6446280992,2,40636.0330578512,AN,1078,798,156,76,NA
1993,1993-01-21,1992-12-11,TRUE,Suisun Marsh and Montezuma Slough,143,NA,NA,NA,NA,NA,102,21926.6115702479,55730.2479338843,10,1992-12-13,62562.6446280992,2,40636.0330578512,AN,1078,798,156,76,NA
1993,1993-01-21,1992-12-11,TRUE,Suisun and Honker Bays,143,NA,NA,NA,NA,NA,102,21926.6115702479,55730.2479338843,10,1992-12-13,62562.6446280992,2,40636.0330578512,AN,1078,798,156,76,NA
1993,1993-01-21,1992-12-11,TRUE,NA,143,NA,NA,NA,NA,NA,102,21926.6115702479,55730.2479338843,10,1992-12-13,62562.6446280992,2,40636.0330578512,AN,1078,798,156,76,NA
1993,1993-02-09,1992-12-11,TRUE,Cache Slough and Liberty Island,162,NA,NA,NA,NA,NA,102,21926.6115702479,55730.2479338843,10,1992-12-13,62562.6446280992,2,40636.0330578512,AN,1078,798,156,76,NA
1993,1993-02-09,1992-12-11,TRUE,Confluence,162,NA,NA,NA,NA,NA,102,21926.6115702479,55730.2479338843,10,1992-12-13,62562.6446280992,2,40636.0330578512,AN,1078,798,156,76,NA
1993,1993-02-09,1992-12-11,TRUE,North and South Forks Mokelumne River,162,NA,NA,NA,NA,NA,102,21926.6115702479,55730.2479338843,10,1992-12-13,62562.6446280992,2,40636.0330578512,AN,1078,798,156,76,NA
1993,1993-02-09,1992-12-11,TRUE,Out of Bounds,162,NA,NA,NA,NA,0.0666666666666682,102,21926.6115702479,55730.2479338843,10,1992-12-13,62562.6446280992,2,40636.0330578512,AN,1078,798,156,76,NA
1993,1993-02-09,1992-12-11,TRUE,Out of Bounds,162,NA,NA,NA,NA,NA,102,21926.6115702479,55730.2479338843,10,1992-12-13,62562.6446280992,2,40636.0330578512,AN,1078,798,156,76,NA
1993,1993-02-09,1992-12-11,TRUE,Sacramento River Deep Water Ship Channel,162,NA,NA,NA,NA,NA,102,21926.6115702479,55730.2479338843,10,1992-12-13,62562.6446280992,2,40636.0330578512,AN,1078,798,156,76,NA
1993,1993-02-09,1992-12-11,TRUE,Sacramento River Mainstem,162,NA,NA,NA,NA,0.33333333333333215,102,21926.6115702479,55730.2479338843,10,1992-12-13,62562.6446280992,2,40636.0330578512,AN,1078,798,156,76,NA
1993,1993-02-09,1992-12-11,TRUE,Sacramento River Mainstem,162,NA,NA,NA,NA,NA,102,21926.6115702479,55730.2479338843,10,1992-12-13,62562.6446280992,2,40636.0330578512,AN,1078,798,156,76,NA
1993,1993-02-09,1992-12-11,TRUE,Sacramento River Mainstem,162,5863.333333333334,NA,NA,NA,NA,102,21926.6115702479,55730.2479338843,10,1992-12-13,62562.6446280992,2,40636.0330578512,AN,1078,798,156,76,NA
1993,1993-02-09,1992-12-11,TRUE,San Pablo Bay and Carquinez Strait,162,NA,NA,NA,NA,NA,102,21926.6115702479,55730.2479338843,10,1992-12-13,62562.6446280992,2,40636.0330578512,AN,1078,798,156,76,NA
1993,1993-02-09,1992-12-11,TRUE,South Delta,162,NA,NA,NA,NA,NA,102,21926.6115702479,55730.2479338843,10,1992-12-13,62562.6446280992,2,40636.0330578512,AN,1078,798,156,76,NA
1993,1993-02-09,1992-12-11,TRUE,South Delta,162,-1703.3333333333337,NA,NA,NA,NA,102,21926.6115702479,55730.2479338843,10,1992-12-13,62562.6446280992,2,40636.0330578512,AN,1078,798,156,76,NA
1993,1993-02-09,1992-12-11,TRUE,Suisun Marsh and Montezuma Slough,162,NA,NA,NA,NA,NA,102,21926.6115702479,55730.2479338843,10,1992-12-13,62562.6446280992,2,40636.0330578512,AN,1078,798,156,76,NA
1993,1993-02-09,1992-12-11,TRUE,Suisun and Honker Bays,162,NA,NA,NA,NA,NA,102,21926.6115702479,55730.2479338843,10,1992-12-13,62562.6446280992,2,40636.0330578512,AN,1078,798,156,76,NA
1993,1993-02-09,1992-12-11,TRUE,NA,162,NA,NA,NA,NA,NA,102,21926.6115702479,55730.2479338843,10,1992-12-13,62562.6446280992,2,40636.0330578512,AN,1078,798,156,76,NA
1993,1993-02-19,1992-12-11,TRUE,Cache Slough and Liberty Island,172,NA,NA,NA,NA,NA,102,21926.6115702479,55730.2479338843,10,1992-12-13,62562.6446280992,2,40636.0330578512,AN,1078,798,156,76,NA
1993,1993-02-19,1992-12-11,TRUE,Confluence,172,NA,NA,NA,NA,NA,102,21926.6115702479,55730.2479338843,10,1992-12-13,62562.6446280992,2,40636.0330578512,AN,1078,798,156,76,NA
1993,1993-02-19,1992-12-11,TRUE,North and South Forks Mokelumne River,172,NA,NA,NA,NA,NA,102,21926.6115702479,55730.2479338843,10,1992-12-13,62562.6446280992,2,40636.0330578512,AN,1078,798,156,76,NA
1993,1993-02-19,1992-12-11,TRUE,Out of Bounds,172,NA,NA,NA,NA,-0.03333333333333499,102,21926.6115702479,55730.2479338843,10,1992-12-13,62562.6446280992,2,40636.0330578512,AN,1078,798,156,76,NA
1993,1993-02-19,1992-12-11,TRUE,Out of Bounds,172,NA,NA,NA,NA,NA,102,21926.6115702479,55730.2479338843,10,1992-12-13,62562.6446280992,2,40636.0330578512,AN,1078,798,156,76,NA
1993,1993-02-19,1992-12-11,TRUE,Sacramento River Deep Water Ship Channel,172,NA,NA,NA,NA,NA,102,21926.6115702479,55730.2479338843,10,1992-12-13,62562.6446280992,2,40636.0330578512,AN,1078,798,156,76,NA
1993,1993-02-19,1992-12-11,TRUE,Sacramento River Mainstem,172,NA,NA,NA,NA,-0.33333333333333215,102,21926.6115702479,55730.2479338843,10,1992-12-13,62562.6446280992,2,40636.0330578512,AN,1078,798,156,76,NA
1993,1993-02-19,1992-12-11,TRUE,Sacramento River Mainstem,172,NA,NA,NA,NA,NA,102,21926.6115702479,55730.2479338843,10,1992-12-13,62562.6446280992,2,40636.0330578512,AN,1078,798,156,76,NA
1993,1993-02-19,1992-12-11,TRUE,Sacramento River Mainstem,172,3100,NA,NA,NA,NA,102,21926.6115702479,55730.2479338843,10,1992-12-13,62562.6446280992,2,40636.0330578512,AN,1078,798,156,76,NA
1993,1993-02-19,1992-12-11,TRUE,San Pablo Bay and Carquinez Strait,172,NA,NA,NA,NA,NA,102,21926.6115702479,55730.2479338843,10,1992-12-13,62562.6446280992,2,40636.0330578512,AN,1078,798,156,76,NA
1993,1993-02-19,1992-12-11,TRUE,South Delta,172,NA,NA,NA,NA,NA,102,21926.6115702479,55730.2479338843,10,1992-12-13,62562.6446280992,2,40636.0330578512,AN,1078,798,156,76,NA
1993,1993-02-19,1992-12-11,TRUE,South Delta,172,693.3333333333339,NA,NA,NA,NA,102,21926.6115702479,55730.2479338843,10,1992-12-13,62562.6446280992,2,40636.0330578512,AN,1078,798,156,76,NA
1993,1993-02-19,1992-12-11,TRUE,Suisun Marsh and Montezuma Slough,172,NA,NA,NA,NA,NA,102,21926.6115702479,55730.2479338843,10,1992-12-13,62562.6446280992,2,40636.0330578512,AN,1078,798,156,76,NA
1993,1993-02-19,1992-12-11,TRUE,Suisun and Honker Bays,172,NA,NA,NA,NA,NA,102,21926.6115702479,55730.2479338843,10,1992-12-13,62562.6446280992,2,40636.0330578512,AN,1078,798,156,76,NA
1993,1993-02-19,1992-12-11,TRUE,NA,172,NA,NA,NA,NA,NA,102,21926.6115702479,55730.2479338843,10,1992-12-13,62562.6446280992,2,40636.0330578512,AN,1078,798,156,76,NA
1993,1993-03-18,1992-12-11,TRUE,Cache Slough and Liberty Island,199,NA,NA,NA,NA,NA,102,21926.6115702479,55730.2479338843,10,1992-12-13,62562.6446280992,2,40636.0330578512,AN,1078,798,156,76,NA
1993,1993-03-18,1992-12-11,TRUE,Confluence,199,NA,NA,NA,NA,NA,102,21926.6115702479,55730.2479338843,10,1992-12-13,62562.6446280992,2,40636.0330578512,AN,1078,798,156,76,NA
1993,1993-03-18,1992-12-11,TRUE,North and South Forks Mokelumne River,199,NA,NA,NA,NA,NA,102,21926.6115702479,55730.2479338843,10,1992-12-13,62562.6446280992,2,40636.0330578512,AN,1078,798,156,76,NA
1993,1993-03-18,1992-12-11,TRUE,Out of Bounds,199,NA,NA,NA,NA,0.16666666666666785,102,21926.6115702479,55730.2479338843,10,1992-12-13,62562.6446280992,2,40636.0330578512,AN,1078,798,156,76,NA
1993,1993-03-18,1992-12-11,TRUE,Out of Bounds,199,NA,NA,NA,NA,NA,102,21926.6115702479,55730.2479338843,10,1992-12-13,62562.6446280992,2,40636.0330578512,AN,1078,798,156,76,NA
1993,1993-03-18,1992-12-11,TRUE,Sacramento River Deep Water Ship Channel,199,NA,NA,NA,NA,NA,102,21926.6115702479,55730.2479338843,10,1992-12-13,62562.6446280992,2,40636.0330578512,AN,1078,798,156,76,NA
1993,1993-03-18,1992-12-11,TRUE,Sacramento River Mainstem,199,NA,NA,NA,NA,-1.333333333333334,102,21926.6115702479,55730.2479338843,10,1992-12-13,62562.6446280992,2,40636.0330578512,AN,1078,798,156,76,NA
1993,1993-03-18,1992-12-11,TRUE,Sacramento River Mainstem,199,NA,NA,NA,NA,NA,102,21926.6115702479,55730.2479338843,10,1992-12-13,62562.6446280992,2,40636.0330578512,AN,1078,798,156,76,NA
1993,1993-03-18,1992-12-11,TRUE,Sacramento River Mainstem,199,8333.333333333334,NA,NA,NA,NA,102,21926.6115702479,55730.2479338843,10,1992-12-13,62562.6446280992,2,40636.0330578512,AN,1078,798,156,76,NA
1993,1993-03-18,1992-12-11,TRUE,San Pablo Bay and Carquinez Strait,199,NA,NA,NA,NA,NA,102,21926.6115702479,55730.2479338843,10,1992-12-13,62562.6446280992,2,40636.0330578512,AN,1078,798,156,76,NA
1993,1993-03-18,1992-12-11,TRUE,South Delta,199,NA,NA,NA,NA,NA,102,21926.6115702479,55730.2479338843,10,1992-12-13,62562.6446280992,2,40636.0330578512,AN,1078,798,156,76,NA
1993,1993-03-18,1992-12-11,TRUE,South Delta,199,52.22222222222217,NA,NA,NA,NA,102,21926.6115702479,55730.2479338843,10,1992-12-13,62562.6446280992,2,40636.0330578512,AN,1078,798,156,76,NA
1993,1993-03-18,1992-12-11,TRUE,Suisun Marsh and Montezuma Slough,199,NA,NA,NA,NA,NA,102,21926.6115702479,55730.2479338843,10,1992-12-13,62562.6446280992,2,40636.0330578512,AN,1078,798,156,76,NA
1993,1993-03-18,1992-12-11,TRUE,Suisun and Honker Bays,199,NA,NA,NA,NA,NA,102,21926.6115702479,55730.2479338843,10,1992-12-13,62562.6446280992,2,40636.0330578512,AN,1078,798,156,76,NA
1993,1993-03-18,1992-12-11,TRUE,NA,199,NA,NA,NA,NA,NA,102,21926.6115702479,55730.2479338843,10,1992-12-13,62562.6446280992,2,40636.0330578512,AN,1078,798,156,76,NA
1993,1993-03-23,1992-12-11,TRUE,Cache Slough and Liberty Island,204,NA,NA,NA,NA,NA,102,21926.6115702479,55730.2479338843,10,1992-12-13,62562.6446280992,2,40636.0330578512,AN,1078,798,156,76,NA
1993,1993-03-23,1992-12-11,TRUE,Confluence,204,NA,NA,NA,NA,NA,102,21926.6115702479,55730.2479338843,10,1992-12-13,62562.6446280992,2,40636.0330578512,AN,1078,798,156,76,NA
1993,1993-03-23,1992-12-11,TRUE,North and South Forks Mokelumne River,204,NA,NA,NA,NA,NA,102,21926.6115702479,55730.2479338843,10,1992-12-13,62562.6446280992,2,40636.0330578512,AN,1078,798,156,76,NA
1993,1993-03-23,1992-12-11,TRUE,Out of Bounds,204,NA,NA,NA,NA,-1.8000000000000007,102,21926.6115702479,55730.2479338843,10,1992-12-13,62562.6446280992,2,40636.0330578512,AN,1078,798,156,76,NA
1993,1993-03-23,1992-12-11,TRUE,Out of Bounds,204,NA,NA,NA,NA,NA,102,21926.6115702479,55730.2479338843,10,1992-12-13,62562.6446280992,2,40636.0330578512,AN,1078,798,156,76,NA
1993,1993-03-23,1992-12-11,TRUE,Sacramento River Deep Water Ship Channel,204,NA,NA,NA,NA,NA,102,21926.6115702479,55730.2479338843,10,1992-12-13,62562.6446280992,2,40636.0330578512,AN,1078,798,156,76,NA
1993,1993-03-23,1992-12-11,TRUE,Sacramento River Mainstem,204,NA,NA,NA,NA,-0.16666666666666785,102,21926.6115702479,55730.2479338843,10,1992-12-13,62562.6446280992,2,40636.0330578512,AN,1078,798,156,76,NA
1993,1993-03-23,1992-12-11,TRUE,Sacramento River Mainstem,204,NA,NA,NA,NA,NA,102,21926.6115702479,55730.2479338843,10,1992-12-13,62562.6446280992,2,40636.0330578512,AN,1078,798,156,76,NA
1993,1993-03-23,1992-12-11,TRUE,Sacramento River Mainstem,204,3166.666666666664,NA,NA,NA,NA,102,21926.6115702479,55730.2479338843,10,1992-12-13,62562.6446280992,2,40636.0330578512,AN,1078,798,156,76,NA
1993,1993-03-23,1992-12-11,TRUE,San Pablo Bay and Carquinez Strait,204,NA,NA,NA,NA,NA,102,21926.6115702479,55730.2479338843,10,1992-12-13,62562.6446280992,2,40636.0330578512,AN,1078,798,156,76,NA
1993,1993-03-23,1992-12-11,TRUE,South Delta,204,NA,NA,NA,NA,NA,102,21926.6115702479,55730.2479338843,10,1992-12-13,62562.6446280992,2,40636.0330578512,AN,1078,798,156,76,NA
1993,1993-03-23,1992-12-11,TRUE,South Delta,204,70,NA,NA,NA,NA,102,21926.6115702479,55730.2479338843,10,1992-12-13,62562.6446280992,2,40636.0330578512,AN,1078,798,156,76,NA
1993,1993-03-23,1992-12-11,TRUE,Suisun Marsh and Montezuma Slough,204,NA,NA,NA,NA,NA,102,21926.6115702479,55730.2479338843,10,1992-12-13,62562.6446280992,2,40636.0330578512,AN,1078,798,156,76,NA
1993,1993-03-23,1992-12-11,TRUE,Suisun and Honker Bays,204,NA,NA,NA,NA,NA,102,21926.6115702479,55730.2479338843,10,1992-12-13,62562.6446280992,2,40636.0330578512,AN,1078,798,156,76,NA
1993,1993-03-23,1992-12-11,TRUE,NA,204,NA,NA,NA,NA,NA,102,21926.6115702479,55730.2479338843,10,1992-12-13,62562.6446280992,2,40636.0330578512,AN,1078,798,156,76,NA
1993,1993-06-03,1992-12-11,TRUE,Cache Slough and Liberty Island,276,NA,NA,NA,NA,NA,102,21926.6115702479,55730.2479338843,10,1992-12-13,62562.6446280992,2,40636.0330578512,AN,1078,798,156,76,NA
1993,1993-06-03,1992-12-11,TRUE,Confluence,276,NA,NA,NA,NA,NA,102,21926.6115702479,55730.2479338843,10,1992-12-13,62562.6446280992,2,40636.0330578512,AN,1078,798,156,76,NA
1993,1993-06-03,1992-12-11,TRUE,North and South Forks Mokelumne River,276,NA,NA,NA,NA,NA,102,21926.6115702479,55730.2479338843,10,1992-12-13,62562.6446280992,2,40636.0330578512,AN,1078,798,156,76,NA
1993,1993-06-03,1992-12-11,TRUE,Out of Bounds,276,NA,NA,NA,NA,-0.93333333333333,102,21926.6115702479,55730.2479338843,10,1992-12-13,62562.6446280992,2,40636.0330578512,AN,1078,798,156,76,NA
1993,1993-06-03,1992-12-11,TRUE,Out of Bounds,276,NA,NA,NA,NA,NA,102,21926.6115702479,55730.2479338843,10,1992-12-13,62562.6446280992,2,40636.0330578512,AN,1078,798,156,76,NA
1993,1993-06-03,1992-12-11,TRUE,Sacramento River Deep Water Ship Channel,276,NA,NA,NA,NA,NA,102,21926.6115702479,55730.2479338843,10,1992-12-13,62562.6446280992,2,40636.0330578512,AN,1078,798,156,76,NA
1993,1993-06-03,1992-12-11,TRUE,Sacramento River Mainstem,276,NA,NA,NA,NA,-0.6666666666666643,102,21926.6115702479,55730.2479338843,10,1992-12-13,62562.6446280992,2,40636.0330578512,AN,1078,798,156,76,NA
1993,1993-06-03,1992-12-11,TRUE,Sacramento River Mainstem,276,NA,NA,NA,NA,NA,102,21926.6115702479,55730.2479338843,10,1992-12-13,62562.6446280992,2,40636.0330578512,AN,1078,798,156,76,NA
1993,1993-06-03,1992-12-11,TRUE,San Pablo Bay and Carquinez Strait,276,NA,NA,NA,NA,NA,102,21926.6115702479,55730.2479338843,10,1992-12-13,62562.6446280992,2,40636.0330578512,AN,1078,798,156,76,NA
1993,1993-06-03,1992-12-11,TRUE,South Delta,276,NA,NA,NA,NA,NA,102,21926.6115702479,55730.2479338843,10,1992-12-13,62562.6446280992,2,40636.0330578512,AN,1078,798,156,76,NA
1993,1993-06-03,1992-12-11,TRUE,South Delta,276,-8.888888888888914,NA,NA,NA,NA,102,21926.6115702479,55730.2479338843,10,1992-12-13,62562.6446280992,2,40636.0330578512,AN,1078,798,156,76,NA
1993,1993-06-03,1992-12-11,TRUE,Suisun Marsh and Montezuma Slough,276,NA,NA,NA,NA,NA,102,21926.6115702479,55730.2479338843,10,1992-12-13,62562.6446280992,2,40636.0330578512,AN,1078,798,156,76,NA
1993,1993-06-03,1992-12-11,TRUE,Suisun and Honker Bays,276,NA,NA,NA,NA,NA,102,21926.6115702479,55730.2479338843,10,1992-12-13,62562.6446280992,2,40636.0330578512,AN,1078,798,156,76,NA
1993,1993-06-03,1992-12-11,TRUE,NA,276,NA,NA,NA,NA,NA,102,21926.6115702479,55730.2479338843,10,1992-12-13,62562.6446280992,2,40636.0330578512,AN,1078,798,156,76,NA
1994,1994-02-09,1994-02-09,FALSE,Cache Slough and Liberty Island,162,NA,NA,NA,NA,NA,162,29998.0165289256,58821.8181818182,0,1994-02-10,62649.9173553719,1,32651.9008264463,C,102,545,1078,798,NA
1994,1994-02-09,1994-02-09,FALSE,Confluence,162,NA,NA,NA,NA,NA,162,29998.0165289256,58821.8181818182,0,1994-02-10,62649.9173553719,1,32651.9008264463,C,102,545,1078,798,NA
1994,1994-02-09,1994-02-09,FALSE,North and South Forks Mokelumne River,162,NA,NA,NA,NA,NA,162,29998.0165289256,58821.8181818182,0,1994-02-10,62649.9173553719,1,32651.9008264463,C,102,545,1078,798,NA
1994,1994-02-09,1994-02-09,FALSE,Out of Bounds,162,NA,NA,NA,NA,-0.03333333333333321,162,29998.0165289256,58821.8181818182,0,1994-02-10,62649.9173553719,1,32651.9008264463,C,102,545,1078,798,NA
1994,1994-02-09,1994-02-09,FALSE,Out of Bounds,162,NA,NA,NA,NA,NA,162,29998.0165289256,58821.8181818182,0,1994-02-10,62649.9173553719,1,32651.9008264463,C,102,545,1078,798,NA
1994,1994-02-09,1994-02-09,FALSE,Sacramento River Deep Water Ship Channel,162,NA,NA,NA,NA,NA,162,29998.0165289256,58821.8181818182,0,1994-02-10,62649.9173553719,1,32651.9008264463,C,102,545,1078,798,NA
1994,1994-02-09,1994-02-09,FALSE,Sacramento River Mainstem,162,NA,NA,NA,NA,0.16666666666666607,162,29998.0165289256,58821.8181818182,0,1994-02-10,62649.9173553719,1,32651.9008264463,C,102,545,1078,798,NA
1994,1994-02-09,1994-02-09,FALSE,Sacramento River Mainstem,162,NA,NA,NA,NA,NA,162,29998.0165289256,58821.8181818182,0,1994-02-10,62649.9173553719,1,32651.9008264463,C,102,545,1078,798,NA
1994,1994-02-09,1994-02-09,FALSE,Sacramento River Mainstem,162,NA,NA,NA,NA,NA,162,29998.0165289256,58821.8181818182,0,1994-02-10,62649.9173553719,1,32651.9008264463,C,102,545,1078,798,NA
1994,1994-02-09,1994-02-09,FALSE,San Pablo Bay and Carquinez Strait,162,NA,NA,NA,NA,NA,162,29998.0165289256,58821.8181818182,0,1994-02-10,62649.9173553719,1,32651.9008264463,C,102,545,1078,798,NA
1994,1994-02-09,1994-02-09,FALSE,South Delta,162,NA,NA,NA,NA,NA,162,29998.0165289256,58821.8181818182,0,1994-02-10,62649.9173553719,1,32651.9008264463,C,102,545,1078,798,NA
1994,1994-02-09,1994-02-09,FALSE,South Delta,162,426.66666666666697,NA,NA,NA,NA,162,29998.0165289256,58821.8181818182,0,1994-02-10,62649.9173553719,1,32651.9008264463,C,102,545,1078,798,NA
1994,1994-02-09,1994-02-09,FALSE,Suisun Marsh and Montezuma Slough,162,NA,NA,NA,NA,NA,162,29998.0165289256,58821.8181818182,0,1994-02-10,62649.9173553719,1,32651.9008264463,C,102,545,1078,798,NA
1994,1994-02-09,1994-02-09,FALSE,Suisun and Honker Bays,162,NA,NA,NA,NA,NA,162,29998.0165289256,58821.8181818182,0,1994-02-10,62649.9173553719,1,32651.9008264463,C,102,545,1078,798,NA
1994,1994-02-09,1994-02-09,FALSE,NA,162,NA,NA,NA,NA,NA,162,29998.0165289256,58821.8181818182,0,1994-02-10,62649.9173553719,1,32651.9008264463,C,102,545,1078,798,NA
1995,1994-12-05,1994-12-05,FALSE,Cache Slough and Liberty Island,96,NA,NA,NA,NA,NA,96,22304.132231405,60479.3388429752,10,1994-12-06,68677.6859504132,1,46373.5537190083,W,899,8205,102,545,NA
1995,1994-12-05,1994-12-05,FALSE,Confluence,96,NA,NA,NA,NA,NA,96,22304.132231405,60479.3388429752,10,1994-12-06,68677.6859504132,1,46373.5537190083,W,899,8205,102,545,NA
1995,1994-12-05,1994-12-05,FALSE,Confluence,96,6246.666666666667,NA,NA,NA,NA,96,22304.132231405,60479.3388429752,10,1994-12-06,68677.6859504132,1,46373.5537190083,W,899,8205,102,545,NA
1995,1994-12-05,1994-12-05,FALSE,North and South Forks Mokelumne River,96,NA,NA,NA,NA,NA,96,22304.132231405,60479.3388429752,10,1994-12-06,68677.6859504132,1,46373.5537190083,W,899,8205,102,545,NA
1995,1994-12-05,1994-12-05,FALSE,Out of Bounds,96,NA,NA,NA,NA,0.6666666666666679,96,22304.132231405,60479.3388429752,10,1994-12-06,68677.6859504132,1,46373.5537190083,W,899,8205,102,545,NA
1995,1994-12-05,1994-12-05,FALSE,Out of Bounds,96,NA,NA,NA,NA,NA,96,22304.132231405,60479.3388429752,10,1994-12-06,68677.6859504132,1,46373.5537190083,W,899,8205,102,545,NA
1995,1994-12-05,1994-12-05,FALSE,Sacramento River Deep Water Ship Channel,96,NA,NA,NA,NA,NA,96,22304.132231405,60479.3388429752,10,1994-12-06,68677.6859504132,1,46373.5537190083,W,899,8205,102,545,NA
1995,1994-12-05,1994-12-05,FALSE,Sacramento River Mainstem,96,NA,NA,NA,NA,0,96,22304.132231405,60479.3388429752,10,1994-12-06,68677.6859504132,1,46373.5537190083,W,899,8205,102,545,NA
1995,1994-12-05,1994-12-05,FALSE,Sacramento River Mainstem,96,NA,NA,NA,NA,NA,96,22304.132231405,60479.3388429752,10,1994-12-06,68677.6859504132,1,46373.5537190083,W,899,8205,102,545,NA
1995,1994-12-05,1994-12-05,FALSE,Sacramento River Mainstem,96,5160,NA,NA,NA,NA,96,22304.132231405,60479.3388429752,10,1994-12-06,68677.6859504132,1,46373.5537190083,W,899,8205,102,545,NA
1995,1994-12-05,1994-12-05,FALSE,San Pablo Bay and Carquinez Strait,96,NA,NA,NA,NA,NA,96,22304.132231405,60479.3388429752,10,1994-12-06,68677.6859504132,1,46373.5537190083,W,899,8205,102,545,NA
1995,1994-12-05,1994-12-05,FALSE,South Delta,96,NA,NA,NA,NA,NA,96,22304.132231405,60479.3388429752,10,1994-12-06,68677.6859504132,1,46373.5537190083,W,899,8205,102,545,NA
1995,1994-12-05,1994-12-05,FALSE,South Delta,96,174.66666666666663,NA,NA,NA,NA,96,22304.132231405,60479.3388429752,10,1994-12-06,68677.6859504132,1,46373.5537190083,W,899,8205,102,545,NA
1995,1994-12-05,1994-12-05,FALSE,Suisun Marsh and Montezuma Slough,96,NA,NA,NA,NA,NA,96,22304.132231405,60479.3388429752,10,1994-12-06,68677.6859504132,1,46373.5537190083,W,899,8205,102,545,NA
1995,1994-12-05,1994-12-05,FALSE,Suisun and Honker Bays,96,NA,NA,NA,NA,NA,96,22304.132231405,60479.3388429752,10,1994-12-06,68677.6859504132,1,46373.5537190083,W,899,8205,102,545,NA
1995,1994-12-05,1994-12-05,FALSE,NA,96,NA,NA,NA,NA,NA,96,22304.132231405,60479.3388429752,10,1994-12-06,68677.6859504132,1,46373.5537190083,W,899,8205,102,545,NA
1995,1995-01-06,1994-12-05,TRUE,Cache Slough and Liberty Island,128,NA,NA,NA,NA,NA,96,22304.132231405,60479.3388429752,10,1994-12-06,68677.6859504132,1,46373.5537190083,W,899,8205,102,545,NA
1995,1995-01-06,1994-12-05,TRUE,Confluence,128,NA,NA,NA,NA,NA,96,22304.132231405,60479.3388429752,10,1994-12-06,68677.6859504132,1,46373.5537190083,W,899,8205,102,545,NA
1995,1995-01-06,1994-12-05,TRUE,Confluence,128,1253.333333333333,NA,NA,NA,NA,96,22304.132231405,60479.3388429752,10,1994-12-06,68677.6859504132,1,46373.5537190083,W,899,8205,102,545,NA
1995,1995-01-06,1994-12-05,TRUE,North and South Forks Mokelumne River,128,NA,NA,NA,NA,NA,96,22304.132231405,60479.3388429752,10,1994-12-06,68677.6859504132,1,46373.5537190083,W,899,8205,102,545,NA
1995,1995-01-06,1994-12-05,TRUE,Out of Bounds,128,NA,NA,NA,NA,0.5,96,22304.132231405,60479.3388429752,10,1994-12-06,68677.6859504132,1,46373.5537190083,W,899,8205,102,545,NA
1995,1995-01-06,1994-12-05,TRUE,Out of Bounds,128,NA,NA,NA,NA,NA,96,22304.132231405,60479.3388429752,10,1994-12-06,68677.6859504132,1,46373.5537190083,W,899,8205,102,545,NA
1995,1995-01-06,1994-12-05,TRUE,Sacramento River Deep Water Ship Channel,128,NA,NA,NA,NA,NA,96,22304.132231405,60479.3388429752,10,1994-12-06,68677.6859504132,1,46373.5537190083,W,899,8205,102,545,NA
1995,1995-01-06,1994-12-05,TRUE,Sacramento River Mainstem,128,NA,NA,NA,NA,1.0000000000000009,96,22304.132231405,60479.3388429752,10,1994-12-06,68677.6859504132,1,46373.5537190083,W,899,8205,102,545,NA
1995,1995-01-06,1994-12-05,TRUE,Sacramento River Mainstem,128,NA,NA,NA,NA,NA,96,22304.132231405,60479.3388429752,10,1994-12-06,68677.6859504132,1,46373.5537190083,W,899,8205,102,545,NA
1995,1995-01-06,1994-12-05,TRUE,Sacramento River Mainstem,128,6556.666666666667,NA,NA,NA,NA,96,22304.132231405,60479.3388429752,10,1994-12-06,68677.6859504132,1,46373.5537190083,W,899,8205,102,545,NA
1995,1995-01-06,1994-12-05,TRUE,San Pablo Bay and Carquinez Strait,128,NA,NA,NA,NA,NA,96,22304.132231405,60479.3388429752,10,1994-12-06,68677.6859504132,1,46373.5537190083,W,899,8205,102,545,NA
1995,1995-01-06,1994-12-05,TRUE,South Delta,128,NA,NA,NA,NA,NA,96,22304.132231405,60479.3388429752,10,1994-12-06,68677.6859504132,1,46373.5537190083,W,899,8205,102,545,NA
1995,1995-01-06,1994-12-05,TRUE,South Delta,128,15.555555555555657,NA,NA,NA,NA,96,22304.132231405,60479.3388429752,10,1994-12-06,68677.6859504132,1,46373.5537190083,W,899,8205,102,545,NA
1995,1995-01-06,1994-12-05,TRUE,Suisun Marsh and Montezuma Slough,128,NA,NA,NA,NA,NA,96,22304.132231405,60479.3388429752,10,1994-12-06,68677.6859504132,1,46373.5537190083,W,899,8205,102,545,NA
1995,1995-01-06,1994-12-05,TRUE,Suisun and Honker Bays,128,NA,NA,NA,NA,NA,96,22304.132231405,60479.3388429752,10,1994-12-06,68677.6859504132,1,46373.5537190083,W,899,8205,102,545,NA
1995,1995-01-06,1994-12-05,TRUE,NA,128,NA,NA,NA,NA,NA,96,22304.132231405,60479.3388429752,10,1994-12-06,68677.6859504132,1,46373.5537190083,W,899,8205,102,545,NA
1995,1995-01-09,1994-12-05,TRUE,Cache Slough and Liberty Island,131,NA,NA,NA,NA,NA,96,22304.132231405,60479.3388429752,10,1994-12-06,68677.6859504132,1,46373.5537190083,W,899,8205,102,545,NA
1995,1995-01-09,1994-12-05,TRUE,Confluence,131,NA,NA,NA,NA,NA,96,22304.132231405,60479.3388429752,10,1994-12-06,68677.6859504132,1,46373.5537190083,W,899,8205,102,545,NA
1995,1995-01-09,1994-12-05,TRUE,Confluence,131,8940,NA,NA,NA,NA,96,22304.132231405,60479.3388429752,10,1994-12-06,68677.6859504132,1,46373.5537190083,W,899,8205,102,545,NA
1995,1995-01-09,1994-12-05,TRUE,North and South Forks Mokelumne River,131,NA,NA,NA,NA,NA,96,22304.132231405,60479.3388429752,10,1994-12-06,68677.6859504132,1,46373.5537190083,W,899,8205,102,545,NA
1995,1995-01-09,1994-12-05,TRUE,Out of Bounds,131,NA,NA,NA,NA,2,96,22304.132231405,60479.3388429752,10,1994-12-06,68677.6859504132,1,46373.5537190083,W,899,8205,102,545,NA
1995,1995-01-09,1994-12-05,TRUE,Out of Bounds,131,NA,NA,NA,NA,NA,96,22304.132231405,60479.3388429752,10,1994-12-06,68677.6859504132,1,46373.5537190083,W,899,8205,102,545,NA
1995,1995-01-09,1994-12-05,TRUE,Sacramento River Deep Water Ship Channel,131,NA,NA,NA,NA,NA,96,22304.132231405,60479.3388429752,10,1994-12-06,68677.6859504132,1,46373.5537190083,W,899,8205,102,545,NA
1995,1995-01-09,1994-12-05,TRUE,Sacramento River Mainstem,131,NA,NA,NA,NA,1.5,96,22304.132231405,60479.3388429752,10,1994-12-06,68677.6859504132,1,46373.5537190083,W,899,8205,102,545,NA
1995,1995-01-09,1994-12-05,TRUE,Sacramento River Mainstem,131,NA,NA,NA,NA,NA,96,22304.132231405,60479.3388429752,10,1994-12-06,68677.6859504132,1,46373.5537190083,W,899,8205,102,545,NA
1995,1995-01-09,1994-12-05,TRUE,Sacramento River Mainstem,131,12900,NA,NA,NA,NA,96,22304.132231405,60479.3388429752,10,1994-12-06,68677.6859504132,1,46373.5537190083,W,899,8205,102,545,NA
1995,1995-01-09,1994-12-05,TRUE,San Pablo Bay and Carquinez Strait,131,NA,NA,NA,NA,NA,96,22304.132231405,60479.3388429752,10,1994-12-06,68677.6859504132,1,46373.5537190083,W,899,8205,102,545,NA
1995,1995-01-09,1994-12-05,TRUE,South Delta,131,NA,NA,NA,NA,NA,96,22304.132231405,60479.3388429752,10,1994-12-06,68677.6859504132,1,46373.5537190083,W,899,8205,102,545,NA
1995,1995-01-09,1994-12-05,TRUE,South Delta,131,-5.555555555555657,NA,NA,NA,NA,96,22304.132231405,60479.3388429752,10,1994-12-06,68677.6859504132,1,46373.5537190083,W,899,8205,102,545,NA
1995,1995-01-09,1994-12-05,TRUE,Suisun Marsh and Montezuma Slough,131,NA,NA,NA,NA,NA,96,22304.132231405,60479.3388429752,10,1994-12-06,68677.6859504132,1,46373.5537190083,W,899,8205,102,545,NA
1995,1995-01-09,1994-12-05,TRUE,Suisun and Honker Bays,131,NA,NA,NA,NA,NA,96,22304.132231405,60479.3388429752,10,1994-12-06,68677.6859504132,1,46373.5537190083,W,899,8205,102,545,NA
1995,1995-01-09,1994-12-05,TRUE,NA,131,NA,NA,NA,NA,NA,96,22304.132231405,60479.3388429752,10,1994-12-06,68677.6859504132,1,46373.5537190083,W,899,8205,102,545,NA
1995,1995-01-26,1994-12-05,TRUE,Cache Slough and Liberty Island,148,NA,NA,NA,NA,NA,96,22304.132231405,60479.3388429752,10,1994-12-06,68677.6859504132,1,46373.5537190083,W,899,8205,102,545,NA
1995,1995-01-26,1994-12-05,TRUE,Confluence,148,NA,NA,NA,NA,NA,96,22304.132231405,60479.3388429752,10,1994-12-06,68677.6859504132,1,46373.5537190083,W,899,8205,102,545,NA
1995,1995-01-26,1994-12-05,TRUE,Confluence,148,10800,NA,NA,NA,NA,96,22304.132231405,60479.3388429752,10,1994-12-06,68677.6859504132,1,46373.5537190083,W,899,8205,102,545,NA
1995,1995-01-26,1994-12-05,TRUE,North and South Forks Mokelumne River,148,NA,NA,NA,NA,NA,96,22304.132231405,60479.3388429752,10,1994-12-06,68677.6859504132,1,46373.5537190083,W,899,8205,102,545,NA
1995,1995-01-26,1994-12-05,TRUE,Out of Bounds,148,NA,NA,NA,NA,0.5,96,22304.132231405,60479.3388429752,10,1994-12-06,68677.6859504132,1,46373.5537190083,W,899,8205,102,545,NA
1995,1995-01-26,1994-12-05,TRUE,Out of Bounds,148,NA,NA,NA,NA,NA,96,22304.132231405,60479.3388429752,10,1994-12-06,68677.6859504132,1,46373.5537190083,W,899,8205,102,545,NA
1995,1995-01-26,1994-12-05,TRUE,Sacramento River Deep Water Ship Channel,148,NA,NA,NA,NA,NA,96,22304.132231405,60479.3388429752,10,1994-12-06,68677.6859504132,1,46373.5537190083,W,899,8205,102,545,NA
1995,1995-01-26,1994-12-05,TRUE,Sacramento River Mainstem,148,NA,NA,NA,NA,0.16666666666666607,96,22304.132231405,60479.3388429752,10,1994-12-06,68677.6859504132,1,46373.5537190083,W,899,8205,102,545,NA
1995,1995-01-26,1994-12-05,TRUE,Sacramento River Mainstem,148,NA,NA,NA,NA,NA,96,22304.132231405,60479.3388429752,10,1994-12-06,68677.6859504132,1,46373.5537190083,W,899,8205,102,545,NA
1995,1995-01-26,1994-12-05,TRUE,Sacramento River Mainstem,148,2900,NA,NA,NA,NA,96,22304.132231405,60479.3388429752,10,1994-12-06,68677.6859504132,1,46373.5537190083,W,899,8205,102,545,NA
1995,1995-01-26,1994-12-05,TRUE,San Pablo Bay and Carquinez Strait,148,NA,NA,NA,NA,NA,96,22304.132231405,60479.3388429752,10,1994-12-06,68677.6859504132,1,46373.5537190083,W,899,8205,102,545,NA
1995,1995-01-26,1994-12-05,TRUE,South Delta,148,NA,NA,NA,NA,NA,96,22304.132231405,60479.3388429752,10,1994-12-06,68677.6859504132,1,46373.5537190083,W,899,8205,102,545,NA
1995,1995-01-26,1994-12-05,TRUE,South Delta,148,820,NA,NA,NA,NA,96,22304.132231405,60479.3388429752,10,1994-12-06,68677.6859504132,1,46373.5537190083,W,899,8205,102,545,NA
1995,1995-01-26,1994-12-05,TRUE,Suisun Marsh and Montezuma Slough,148,NA,NA,NA,NA,NA,96,22304.132231405,60479.3388429752,10,1994-12-06,68677.6859504132,1,46373.5537190083,W,899,8205,102,545,NA
1995,1995-01-26,1994-12-05,TRUE,Suisun and Honker Bays,148,NA,NA,NA,NA,NA,96,22304.132231405,60479.3388429752,10,1994-12-06,68677.6859504132,1,46373.5537190083,W,899,8205,102,545,NA
1995,1995-01-26,1994-12-05,TRUE,NA,148,NA,NA,NA,NA,NA,96,22304.132231405,60479.3388429752,10,1994-12-06,68677.6859504132,1,46373.5537190083,W,899,8205,102,545,NA
1995,1995-02-03,1994-12-05,TRUE,Cache Slough and Liberty Island,156,NA,NA,NA,NA,NA,96,22304.132231405,60479.3388429752,10,1994-12-06,68677.6859504132,1,46373.5537190083,W,899,8205,102,545,NA
1995,1995-02-03,1994-12-05,TRUE,Confluence,156,NA,NA,NA,NA,NA,96,22304.132231405,60479.3388429752,10,1994-12-06,68677.6859504132,1,46373.5537190083,W,899,8205,102,545,NA
1995,1995-02-03,1994-12-05,TRUE,Confluence,156,-6900,NA,NA,NA,NA,96,22304.132231405,60479.3388429752,10,1994-12-06,68677.6859504132,1,46373.5537190083,W,899,8205,102,545,NA
1995,1995-02-03,1994-12-05,TRUE,North and South Forks Mokelumne River,156,NA,NA,NA,NA,NA,96,22304.132231405,60479.3388429752,10,1994-12-06,68677.6859504132,1,46373.5537190083,W,899,8205,102,545,NA
1995,1995-02-03,1994-12-05,TRUE,Out of Bounds,156,NA,NA,NA,NA,-0.5,96,22304.132231405,60479.3388429752,10,1994-12-06,68677.6859504132,1,46373.5537190083,W,899,8205,102,545,NA
1995,1995-02-03,1994-12-05,TRUE,Out of Bounds,156,NA,NA,NA,NA,NA,96,22304.132231405,60479.3388429752,10,1994-12-06,68677.6859504132,1,46373.5537190083,W,899,8205,102,545,NA
1995,1995-02-03,1994-12-05,TRUE,Sacramento River Deep Water Ship Channel,156,NA,NA,NA,NA,NA,96,22304.132231405,60479.3388429752,10,1994-12-06,68677.6859504132,1,46373.5537190083,W,899,8205,102,545,NA
1995,1995-02-03,1994-12-05,TRUE,Sacramento River Mainstem,156,NA,NA,NA,NA,0.16666666666666607,96,22304.132231405,60479.3388429752,10,1994-12-06,68677.6859504132,1,46373.5537190083,W,899,8205,102,545,NA
1995,1995-02-03,1994-12-05,TRUE,Sacramento River Mainstem,156,NA,NA,NA,NA,NA,96,22304.132231405,60479.3388429752,10,1994-12-06,68677.6859504132,1,46373.5537190083,W,899,8205,102,545,NA
1995,1995-02-03,1994-12-05,TRUE,Sacramento River Mainstem,156,333.3333333333321,NA,NA,NA,NA,96,22304.132231405,60479.3388429752,10,1994-12-06,68677.6859504132,1,46373.5537190083,W,899,8205,102,545,NA
1995,1995-02-03,1994-12-05,TRUE,San Pablo Bay and Carquinez Strait,156,NA,NA,NA,NA,NA,96,22304.132231405,60479.3388429752,10,1994-12-06,68677.6859504132,1,46373.5537190083,W,899,8205,102,545,NA
1995,1995-02-03,1994-12-05,TRUE,South Delta,156,NA,NA,NA,NA,NA,96,22304.132231405,60479.3388429752,10,1994-12-06,68677.6859504132,1,46373.5537190083,W,899,8205,102,545,NA
1995,1995-02-03,1994-12-05,TRUE,South Delta,156,-694.4444444444443,NA,NA,NA,NA,96,22304.132231405,60479.3388429752,10,1994-12-06,68677.6859504132,1,46373.5537190083,W,899,8205,102,545,NA
1995,1995-02-03,1994-12-05,TRUE,Suisun Marsh and Montezuma Slough,156,NA,NA,NA,NA,NA,96,22304.132231405,60479.3388429752,10,1994-12-06,68677.6859504132,1,46373.5537190083,W,899,8205,102,545,NA
1995,1995-02-03,1994-12-05,TRUE,Suisun and Honker Bays,156,NA,NA,NA,NA,NA,96,22304.132231405,60479.3388429752,10,1994-12-06,68677.6859504132,1,46373.5537190083,W,899,8205,102,545,NA
1995,1995-02-03,1994-12-05,TRUE,NA,156,NA,NA,NA,NA,NA,96,22304.132231405,60479.3388429752,10,1994-12-06,68677.6859504132,1,46373.5537190083,W,899,8205,102,545,NA
1995,1995-03-04,1994-12-05,TRUE,Cache Slough and Liberty Island,185,NA,NA,NA,NA,NA,96,22304.132231405,60479.3388429752,10,1994-12-06,68677.6859504132,1,46373.5537190083,W,899,8205,102,545,NA
1995,1995-03-04,1994-12-05,TRUE,Confluence,185,NA,NA,NA,NA,NA,96,22304.132231405,60479.3388429752,10,1994-12-06,68677.6859504132,1,46373.5537190083,W,899,8205,102,545,NA
1995,1995-03-04,1994-12-05,TRUE,Confluence,185,4040,NA,NA,NA,NA,96,22304.132231405,60479.3388429752,10,1994-12-06,68677.6859504132,1,46373.5537190083,W,899,8205,102,545,NA
1995,1995-03-04,1994-12-05,TRUE,North and South Forks Mokelumne River,185,NA,NA,NA,NA,NA,96,22304.132231405,60479.3388429752,10,1994-12-06,68677.6859504132,1,46373.5537190083,W,899,8205,102,545,NA
1995,1995-03-04,1994-12-05,TRUE,Out of Bounds,185,NA,NA,NA,NA,0,96,22304.132231405,60479.3388429752,10,1994-12-06,68677.6859504132,1,46373.5537190083,W,899,8205,102,545,NA
1995,1995-03-04,1994-12-05,TRUE,Out of Bounds,185,NA,NA,NA,NA,NA,96,22304.132231405,60479.3388429752,10,1994-12-06,68677.6859504132,1,46373.5537190083,W,899,8205,102,545,NA
1995,1995-03-04,1994-12-05,TRUE,Sacramento River Deep Water Ship Channel,185,NA,NA,NA,NA,NA,96,22304.132231405,60479.3388429752,10,1994-12-06,68677.6859504132,1,46373.5537190083,W,899,8205,102,545,NA
1995,1995-03-04,1994-12-05,TRUE,Sacramento River Mainstem,185,NA,NA,NA,NA,-0.6666666666666661,96,22304.132231405,60479.3388429752,10,1994-12-06,68677.6859504132,1,46373.5537190083,W,899,8205,102,545,NA
1995,1995-03-04,1994-12-05,TRUE,Sacramento River Mainstem,185,NA,NA,NA,NA,NA,96,22304.132231405,60479.3388429752,10,1994-12-06,68677.6859504132,1,46373.5537190083,W,899,8205,102,545,NA
1995,1995-03-04,1994-12-05,TRUE,Sacramento River Mainstem,185,5966.666666666668,NA,NA,NA,NA,96,22304.132231405,60479.3388429752,10,1994-12-06,68677.6859504132,1,46373.5537190083,W,899,8205,102,545,NA
1995,1995-03-04,1994-12-05,TRUE,San Pablo Bay and Carquinez Strait,185,NA,NA,NA,NA,NA,96,22304.132231405,60479.3388429752,10,1994-12-06,68677.6859504132,1,46373.5537190083,W,899,8205,102,545,NA
1995,1995-03-04,1994-12-05,TRUE,South Delta,185,NA,NA,NA,NA,NA,96,22304.132231405,60479.3388429752,10,1994-12-06,68677.6859504132,1,46373.5537190083,W,899,8205,102,545,NA
1995,1995-03-04,1994-12-05,TRUE,South Delta,185,431.1111111111113,NA,NA,NA,NA,96,22304.132231405,60479.3388429752,10,1994-12-06,68677.6859504132,1,46373.5537190083,W,899,8205,102,545,NA
1995,1995-03-04,1994-12-05,TRUE,Suisun Marsh and Montezuma Slough,185,NA,NA,NA,NA,NA,96,22304.132231405,60479.3388429752,10,1994-12-06,68677.6859504132,1,46373.5537190083,W,899,8205,102,545,NA
1995,1995-03-04,1994-12-05,TRUE,Suisun and Honker Bays,185,NA,NA,NA,NA,NA,96,22304.132231405,60479.3388429752,10,1994-12-06,68677.6859504132,1,46373.5537190083,W,899,8205,102,545,NA
1995,1995-03-04,1994-12-05,TRUE,NA,185,NA,NA,NA,NA,NA,96,22304.132231405,60479.3388429752,10,1994-12-06,68677.6859504132,1,46373.5537190083,W,899,8205,102,545,NA
1995,1995-03-09,1994-12-05,TRUE,Cache Slough and Liberty Island,190,NA,NA,NA,NA,NA,96,22304.132231405,60479.3388429752,10,1994-12-06,68677.6859504132,1,46373.5537190083,W,899,8205,102,545,NA
1995,1995-03-09,1994-12-05,TRUE,Confluence,190,NA,NA,NA,NA,NA,96,22304.132231405,60479.3388429752,10,1994-12-06,68677.6859504132,1,46373.5537190083,W,899,8205,102,545,NA
1995,1995-03-09,1994-12-05,TRUE,Confluence,190,12006.666666666668,NA,NA,NA,NA,96,22304.132231405,60479.3388429752,10,1994-12-06,68677.6859504132,1,46373.5537190083,W,899,8205,102,545,NA
1995,1995-03-09,1994-12-05,TRUE,North and South Forks Mokelumne River,190,NA,NA,NA,NA,NA,96,22304.132231405,60479.3388429752,10,1994-12-06,68677.6859504132,1,46373.5537190083,W,899,8205,102,545,NA
1995,1995-03-09,1994-12-05,TRUE,Out of Bounds,190,NA,NA,NA,NA,0,96,22304.132231405,60479.3388429752,10,1994-12-06,68677.6859504132,1,46373.5537190083,W,899,8205,102,545,NA
1995,1995-03-09,1994-12-05,TRUE,Out of Bounds,190,NA,NA,NA,NA,NA,96,22304.132231405,60479.3388429752,10,1994-12-06,68677.6859504132,1,46373.5537190083,W,899,8205,102,545,NA
1995,1995-03-09,1994-12-05,TRUE,Sacramento River Deep Water Ship Channel,190,NA,NA,NA,NA,NA,96,22304.132231405,60479.3388429752,10,1994-12-06,68677.6859504132,1,46373.5537190083,W,899,8205,102,545,NA
1995,1995-03-09,1994-12-05,TRUE,Sacramento River Mainstem,190,NA,NA,NA,NA,-0.16666666666666607,96,22304.132231405,60479.3388429752,10,1994-12-06,68677.6859504132,1,46373.5537190083,W,899,8205,102,545,NA
1995,1995-03-09,1994-12-05,TRUE,Sacramento River Mainstem,190,NA,NA,NA,NA,NA,96,22304.132231405,60479.3388429752,10,1994-12-06,68677.6859504132,1,46373.5537190083,W,899,8205,102,545,NA
1995,1995-03-09,1994-12-05,TRUE,Sacramento River Mainstem,190,8733.333333333332,NA,NA,NA,NA,96,22304.132231405,60479.3388429752,10,1994-12-06,68677.6859504132,1,46373.5537190083,W,899,8205,102,545,NA
1995,1995-03-09,1994-12-05,TRUE,San Pablo Bay and Carquinez Strait,190,NA,NA,NA,NA,NA,96,22304.132231405,60479.3388429752,10,1994-12-06,68677.6859504132,1,46373.5537190083,W,899,8205,102,545,NA
1995,1995-03-09,1994-12-05,TRUE,South Delta,190,NA,NA,NA,NA,NA,96,22304.132231405,60479.3388429752,10,1994-12-06,68677.6859504132,1,46373.5537190083,W,899,8205,102,545,NA
1995,1995-03-09,1994-12-05,TRUE,South Delta,190,1843.7777777777776,NA,NA,NA,NA,96,22304.132231405,60479.3388429752,10,1994-12-06,68677.6859504132,1,46373.5537190083,W,899,8205,102,545,NA
1995,1995-03-09,1994-12-05,TRUE,Suisun Marsh and Montezuma Slough,190,NA,NA,NA,NA,NA,96,22304.132231405,60479.3388429752,10,1994-12-06,68677.6859504132,1,46373.5537190083,W,899,8205,102,545,NA
1995,1995-03-09,1994-12-05,TRUE,Suisun and Honker Bays,190,NA,NA,NA,NA,NA,96,22304.132231405,60479.3388429752,10,1994-12-06,68677.6859504132,1,46373.5537190083,W,899,8205,102,545,NA
1995,1995-03-09,1994-12-05,TRUE,NA,190,NA,NA,NA,NA,NA,96,22304.132231405,60479.3388429752,10,1994-12-06,68677.6859504132,1,46373.5537190083,W,899,8205,102,545,NA
1995,1995-03-23,1994-12-05,TRUE,Cache Slough and Liberty Island,204,NA,NA,NA,NA,NA,96,22304.132231405,60479.3388429752,10,1994-12-06,68677.6859504132,1,46373.5537190083,W,899,8205,102,545,NA
1995,1995-03-23,1994-12-05,TRUE,Confluence,204,NA,NA,NA,NA,NA,96,22304.132231405,60479.3388429752,10,1994-12-06,68677.6859504132,1,46373.5537190083,W,899,8205,102,545,NA
1995,1995-03-23,1994-12-05,TRUE,Confluence,204,13766.666666666664,NA,NA,NA,NA,96,22304.132231405,60479.3388429752,10,1994-12-06,68677.6859504132,1,46373.5537190083,W,899,8205,102,545,NA
1995,1995-03-23,1994-12-05,TRUE,North and South Forks Mokelumne River,204,NA,NA,NA,NA,NA,96,22304.132231405,60479.3388429752,10,1994-12-06,68677.6859504132,1,46373.5537190083,W,899,8205,102,545,NA
1995,1995-03-23,1994-12-05,TRUE,Out of Bounds,204,NA,NA,NA,NA,-1.333333333333334,96,22304.132231405,60479.3388429752,10,1994-12-06,68677.6859504132,1,46373.5537190083,W,899,8205,102,545,NA
1995,1995-03-23,1994-12-05,TRUE,Out of Bounds,204,NA,NA,NA,NA,NA,96,22304.132231405,60479.3388429752,10,1994-12-06,68677.6859504132,1,46373.5537190083,W,899,8205,102,545,NA
1995,1995-03-23,1994-12-05,TRUE,Sacramento River Deep Water Ship Channel,204,NA,NA,NA,NA,NA,96,22304.132231405,60479.3388429752,10,1994-12-06,68677.6859504132,1,46373.5537190083,W,899,8205,102,545,NA
1995,1995-03-23,1994-12-05,TRUE,Sacramento River Mainstem,204,NA,NA,NA,NA,-1.166666666666668,96,22304.132231405,60479.3388429752,10,1994-12-06,68677.6859504132,1,46373.5537190083,W,899,8205,102,545,NA
1995,1995-03-23,1994-12-05,TRUE,Sacramento River Mainstem,204,NA,NA,NA,NA,NA,96,22304.132231405,60479.3388429752,10,1994-12-06,68677.6859504132,1,46373.5537190083,W,899,8205,102,545,NA
1995,1995-03-23,1994-12-05,TRUE,Sacramento River Mainstem,204,1033.333333333332,NA,NA,NA,NA,96,22304.132231405,60479.3388429752,10,1994-12-06,68677.6859504132,1,46373.5537190083,W,899,8205,102,545,NA
1995,1995-03-23,1994-12-05,TRUE,San Pablo Bay and Carquinez Strait,204,NA,NA,NA,NA,NA,96,22304.132231405,60479.3388429752,10,1994-12-06,68677.6859504132,1,46373.5537190083,W,899,8205,102,545,NA
1995,1995-03-23,1994-12-05,TRUE,South Delta,204,NA,NA,NA,NA,NA,96,22304.132231405,60479.3388429752,10,1994-12-06,68677.6859504132,1,46373.5537190083,W,899,8205,102,545,NA
1995,1995-03-23,1994-12-05,TRUE,South Delta,204,490,NA,NA,NA,NA,96,22304.132231405,60479.3388429752,10,1994-12-06,68677.6859504132,1,46373.5537190083,W,899,8205,102,545,NA
1995,1995-03-23,1994-12-05,TRUE,Suisun Marsh and Montezuma Slough,204,NA,NA,NA,NA,NA,96,22304.132231405,60479.3388429752,10,1994-12-06,68677.6859504132,1,46373.5537190083,W,899,8205,102,545,NA
1995,1995-03-23,1994-12-05,TRUE,Suisun and Honker Bays,204,NA,NA,NA,NA,NA,96,22304.132231405,60479.3388429752,10,1994-12-06,68677.6859504132,1,46373.5537190083,W,899,8205,102,545,NA
1995,1995-03-23,1994-12-05,TRUE,NA,204,NA,NA,NA,NA,NA,96,22304.132231405,60479.3388429752,10,1994-12-06,68677.6859504132,1,46373.5537190083,W,899,8205,102,545,NA
1995,1995-04-11,1994-12-05,TRUE,Cache Slough and Liberty Island,223,NA,NA,NA,NA,NA,96,22304.132231405,60479.3388429752,10,1994-12-06,68677.6859504132,1,46373.5537190083,W,899,8205,102,545,NA
1995,1995-04-11,1994-12-05,TRUE,Confluence,223,NA,NA,NA,NA,NA,96,22304.132231405,60479.3388429752,10,1994-12-06,68677.6859504132,1,46373.5537190083,W,899,8205,102,545,NA
1995,1995-04-11,1994-12-05,TRUE,North and South Forks Mokelumne River,223,NA,NA,NA,NA,NA,96,22304.132231405,60479.3388429752,10,1994-12-06,68677.6859504132,1,46373.5537190083,W,899,8205,102,545,NA
1995,1995-04-11,1994-12-05,TRUE,Out of Bounds,223,NA,NA,NA,NA,0.3333333333333339,96,22304.132231405,60479.3388429752,10,1994-12-06,68677.6859504132,1,46373.5537190083,W,899,8205,102,545,NA
1995,1995-04-11,1994-12-05,TRUE,Out of Bounds,223,NA,NA,NA,NA,NA,96,22304.132231405,60479.3388429752,10,1994-12-06,68677.6859504132,1,46373.5537190083,W,899,8205,102,545,NA
1995,1995-04-11,1994-12-05,TRUE,Sacramento River Deep Water Ship Channel,223,NA,NA,NA,NA,NA,96,22304.132231405,60479.3388429752,10,1994-12-06,68677.6859504132,1,46373.5537190083,W,899,8205,102,545,NA
1995,1995-04-11,1994-12-05,TRUE,Sacramento River Mainstem,223,NA,NA,NA,NA,0.16666666666666785,96,22304.132231405,60479.3388429752,10,1994-12-06,68677.6859504132,1,46373.5537190083,W,899,8205,102,545,NA
1995,1995-04-11,1994-12-05,TRUE,Sacramento River Mainstem,223,NA,NA,NA,NA,NA,96,22304.132231405,60479.3388429752,10,1994-12-06,68677.6859504132,1,46373.5537190083,W,899,8205,102,545,NA
1995,1995-04-11,1994-12-05,TRUE,Sacramento River Mainstem,223,2266.666666666668,NA,NA,NA,NA,96,22304.132231405,60479.3388429752,10,1994-12-06,68677.6859504132,1,46373.5537190083,W,899,8205,102,545,NA
1995,1995-04-11,1994-12-05,TRUE,San Pablo Bay and Carquinez Strait,223,NA,NA,NA,NA,NA,96,22304.132231405,60479.3388429752,10,1994-12-06,68677.6859504132,1,46373.5537190083,W,899,8205,102,545,NA
1995,1995-04-11,1994-12-05,TRUE,South Delta,223,NA,NA,NA,NA,NA,96,22304.132231405,60479.3388429752,10,1994-12-06,68677.6859504132,1,46373.5537190083,W,899,8205,102,545,NA
1995,1995-04-11,1994-12-05,TRUE,South Delta,223,-818.8888888888882,NA,NA,NA,NA,96,22304.132231405,60479.3388429752,10,1994-12-06,68677.6859504132,1,46373.5537190083,W,899,8205,102,545,NA
1995,1995-04-11,1994-12-05,TRUE,Suisun Marsh and Montezuma Slough,223,NA,NA,NA,NA,NA,96,22304.132231405,60479.3388429752,10,1994-12-06,68677.6859504132,1,46373.5537190083,W,899,8205,102,545,NA
1995,1995-04-11,1994-12-05,TRUE,Suisun and Honker Bays,223,NA,NA,NA,NA,NA,96,22304.132231405,60479.3388429752,10,1994-12-06,68677.6859504132,1,46373.5537190083,W,899,8205,102,545,NA
1995,1995-04-11,1994-12-05,TRUE,NA,223,NA,NA,NA,NA,NA,96,22304.132231405,60479.3388429752,10,1994-12-06,68677.6859504132,1,46373.5537190083,W,899,8205,102,545,NA
1995,1995-04-30,1994-12-05,TRUE,Cache Slough and Liberty Island,242,NA,NA,NA,NA,NA,96,22304.132231405,60479.3388429752,10,1994-12-06,68677.6859504132,1,46373.5537190083,W,899,8205,102,545,NA
1995,1995-04-30,1994-12-05,TRUE,Confluence,242,NA,NA,NA,NA,NA,96,22304.132231405,60479.3388429752,10,1994-12-06,68677.6859504132,1,46373.5537190083,W,899,8205,102,545,NA
1995,1995-04-30,1994-12-05,TRUE,Confluence,242,NA,NA,NA,NA,NA,96,22304.132231405,60479.3388429752,10,1994-12-06,68677.6859504132,1,46373.5537190083,W,899,8205,102,545,NA
1995,1995-04-30,1994-12-05,TRUE,North and South Forks Mokelumne River,242,NA,NA,NA,NA,NA,96,22304.132231405,60479.3388429752,10,1994-12-06,68677.6859504132,1,46373.5537190083,W,899,8205,102,545,NA
1995,1995-04-30,1994-12-05,TRUE,Out of Bounds,242,NA,NA,NA,NA,0.16666666666666785,96,22304.132231405,60479.3388429752,10,1994-12-06,68677.6859504132,1,46373.5537190083,W,899,8205,102,545,NA
1995,1995-04-30,1994-12-05,TRUE,Out of Bounds,242,NA,NA,NA,NA,NA,96,22304.132231405,60479.3388429752,10,1994-12-06,68677.6859504132,1,46373.5537190083,W,899,8205,102,545,NA
1995,1995-04-30,1994-12-05,TRUE,Sacramento River Deep Water Ship Channel,242,NA,NA,NA,NA,NA,96,22304.132231405,60479.3388429752,10,1994-12-06,68677.6859504132,1,46373.5537190083,W,899,8205,102,545,NA
1995,1995-04-30,1994-12-05,TRUE,Sacramento River Mainstem,242,NA,NA,NA,NA,-1.833333333333334,96,22304.132231405,60479.3388429752,10,1994-12-06,68677.6859504132,1,46373.5537190083,W,899,8205,102,545,NA
1995,1995-04-30,1994-12-05,TRUE,Sacramento River Mainstem,242,NA,NA,NA,NA,NA,96,22304.132231405,60479.3388429752,10,1994-12-06,68677.6859504132,1,46373.5537190083,W,899,8205,102,545,NA
1995,1995-04-30,1994-12-05,TRUE,Sacramento River Mainstem,242,NA,NA,NA,NA,NA,96,22304.132231405,60479.3388429752,10,1994-12-06,68677.6859504132,1,46373.5537190083,W,899,8205,102,545,NA
1995,1995-04-30,1994-12-05,TRUE,San Pablo Bay and Carquinez Strait,242,NA,NA,NA,NA,NA,96,22304.132231405,60479.3388429752,10,1994-12-06,68677.6859504132,1,46373.5537190083,W,899,8205,102,545,NA
1995,1995-04-30,1994-12-05,TRUE,South Delta,242,NA,NA,NA,NA,NA,96,22304.132231405,60479.3388429752,10,1994-12-06,68677.6859504132,1,46373.5537190083,W,899,8205,102,545,NA
1995,1995-04-30,1994-12-05,TRUE,South Delta,242,20,NA,NA,NA,NA,96,22304.132231405,60479.3388429752,10,1994-12-06,68677.6859504132,1,46373.5537190083,W,899,8205,102,545,NA
1995,1995-04-30,1994-12-05,TRUE,Suisun Marsh and Montezuma Slough,242,NA,NA,NA,NA,NA,96,22304.132231405,60479.3388429752,10,1994-12-06,68677.6859504132,1,46373.5537190083,W,899,8205,102,545,NA
1995,1995-04-30,1994-12-05,TRUE,Suisun and Honker Bays,242,NA,NA,NA,NA,NA,96,22304.132231405,60479.3388429752,10,1994-12-06,68677.6859504132,1,46373.5537190083,W,899,8205,102,545,NA
1995,1995-04-30,1994-12-05,TRUE,NA,242,NA,NA,NA,NA,NA,96,22304.132231405,60479.3388429752,10,1994-12-06,68677.6859504132,1,46373.5537190083,W,899,8205,102,545,NA
1995,1995-07-18,1994-12-05,TRUE,Cache Slough and Liberty Island,321,NA,NA,NA,NA,NA,96,22304.132231405,60479.3388429752,10,1994-12-06,68677.6859504132,1,46373.5537190083,W,899,8205,102,545,NA
1995,1995-07-18,1994-12-05,TRUE,Confluence,321,NA,NA,NA,NA,NA,96,22304.132231405,60479.3388429752,10,1994-12-06,68677.6859504132,1,46373.5537190083,W,899,8205,102,545,NA
1995,1995-07-18,1994-12-05,TRUE,Confluence,321,17233.333333333332,NA,NA,NA,NA,96,22304.132231405,60479.3388429752,10,1994-12-06,68677.6859504132,1,46373.5537190083,W,899,8205,102,545,NA
1995,1995-07-18,1994-12-05,TRUE,North and South Forks Mokelumne River,321,NA,NA,NA,NA,NA,96,22304.132231405,60479.3388429752,10,1994-12-06,68677.6859504132,1,46373.5537190083,W,899,8205,102,545,NA
1995,1995-07-18,1994-12-05,TRUE,Out of Bounds,321,NA,NA,NA,NA,1.1666666666666643,96,22304.132231405,60479.3388429752,10,1994-12-06,68677.6859504132,1,46373.5537190083,W,899,8205,102,545,NA
1995,1995-07-18,1994-12-05,TRUE,Out of Bounds,321,NA,NA,NA,NA,NA,96,22304.132231405,60479.3388429752,10,1994-12-06,68677.6859504132,1,46373.5537190083,W,899,8205,102,545,NA
1995,1995-07-18,1994-12-05,TRUE,Sacramento River Deep Water Ship Channel,321,NA,NA,NA,NA,NA,96,22304.132231405,60479.3388429752,10,1994-12-06,68677.6859504132,1,46373.5537190083,W,899,8205,102,545,NA
1995,1995-07-18,1994-12-05,TRUE,Sacramento River Mainstem,321,NA,NA,NA,NA,-1.166666666666668,96,22304.132231405,60479.3388429752,10,1994-12-06,68677.6859504132,1,46373.5537190083,W,899,8205,102,545,NA
1995,1995-07-18,1994-12-05,TRUE,Sacramento River Mainstem,321,NA,NA,NA,NA,NA,96,22304.132231405,60479.3388429752,10,1994-12-06,68677.6859504132,1,46373.5537190083,W,899,8205,102,545,NA
1995,1995-07-18,1994-12-05,TRUE,Sacramento River Mainstem,321,7246.666666666668,NA,NA,NA,NA,96,22304.132231405,60479.3388429752,10,1994-12-06,68677.6859504132,1,46373.5537190083,W,899,8205,102,545,NA
1995,1995-07-18,1994-12-05,TRUE,San Pablo Bay and Carquinez Strait,321,NA,NA,NA,NA,NA,96,22304.132231405,60479.3388429752,10,1994-12-06,68677.6859504132,1,46373.5537190083,W,899,8205,102,545,NA
1995,1995-07-18,1994-12-05,TRUE,South Delta,321,NA,NA,NA,NA,NA,96,22304.132231405,60479.3388429752,10,1994-12-06,68677.6859504132,1,46373.5537190083,W,899,8205,102,545,NA
1995,1995-07-18,1994-12-05,TRUE,South Delta,321,-1086.2222222222222,NA,NA,NA,NA,96,22304.132231405,60479.3388429752,10,1994-12-06,68677.6859504132,1,46373.5537190083,W,899,8205,102,545,NA
1995,1995-07-18,1994-12-05,TRUE,Suisun Marsh and Montezuma Slough,321,NA,NA,NA,NA,NA,96,22304.132231405,60479.3388429752,10,1994-12-06,68677.6859504132,1,46373.5537190083,W,899,8205,102,545,NA
1995,1995-07-18,1994-12-05,TRUE,Suisun and Honker Bays,321,NA,NA,NA,NA,NA,96,22304.132231405,60479.3388429752,10,1994-12-06,68677.6859504132,1,46373.5537190083,W,899,8205,102,545,NA
1995,1995-07-18,1994-12-05,TRUE,NA,321,NA,NA,NA,NA,NA,96,22304.132231405,60479.3388429752,10,1994-12-06,68677.6859504132,1,46373.5537190083,W,899,8205,102,545,NA
1996,1995-12-13,1995-12-13,FALSE,Cache Slough and Liberty Island,104,NA,NA,NA,NA,NA,104,31186.1157024793,77937.1900826446,6,1995-12-18,97765.2892561983,5,66579.173553719,W,127,1346,899,8205,NA
1996,1995-12-13,1995-12-13,FALSE,Confluence,104,NA,NA,NA,NA,NA,104,31186.1157024793,77937.1900826446,6,1995-12-18,97765.2892561983,5,66579.173553719,W,127,1346,899,8205,NA
1996,1995-12-13,1995-12-13,FALSE,Confluence,104,19855.555555555555,NA,NA,NA,NA,104,31186.1157024793,77937.1900826446,6,1995-12-18,97765.2892561983,5,66579.173553719,W,127,1346,899,8205,NA
1996,1995-12-13,1995-12-13,FALSE,North and South Forks Mokelumne River,104,NA,NA,NA,NA,NA,104,31186.1157024793,77937.1900826446,6,1995-12-18,97765.2892561983,5,66579.173553719,W,127,1346,899,8205,NA
1996,1995-12-13,1995-12-13,FALSE,Out of Bounds,104,NA,NA,NA,NA,NA,104,31186.1157024793,77937.1900826446,6,1995-12-18,97765.2892561983,5,66579.173553719,W,127,1346,899,8205,NA
1996,1995-12-13,1995-12-13,FALSE,Sacramento River Deep Water Ship Channel,104,NA,NA,NA,NA,NA,104,31186.1157024793,77937.1900826446,6,1995-12-18,97765.2892561983,5,66579.173553719,W,127,1346,899,8205,NA
1996,1995-12-13,1995-12-13,FALSE,Sacramento River Mainstem,104,NA,NA,NA,NA,-0.5,104,31186.1157024793,77937.1900826446,6,1995-12-18,97765.2892561983,5,66579.173553719,W,127,1346,899,8205,NA
1996,1995-12-13,1995-12-13,FALSE,Sacramento River Mainstem,104,NA,NA,NA,NA,NA,104,31186.1157024793,77937.1900826446,6,1995-12-18,97765.2892561983,5,66579.173553719,W,127,1346,899,8205,NA
1996,1995-12-13,1995-12-13,FALSE,Sacramento River Mainstem,104,9556.666666666668,NA,NA,NA,NA,104,31186.1157024793,77937.1900826446,6,1995-12-18,97765.2892561983,5,66579.173553719,W,127,1346,899,8205,NA
1996,1995-12-13,1995-12-13,FALSE,San Pablo Bay and Carquinez Strait,104,NA,NA,NA,NA,NA,104,31186.1157024793,77937.1900826446,6,1995-12-18,97765.2892561983,5,66579.173553719,W,127,1346,899,8205,NA
1996,1995-12-13,1995-12-13,FALSE,South Delta,104,NA,NA,NA,NA,NA,104,31186.1157024793,77937.1900826446,6,1995-12-18,97765.2892561983,5,66579.173553719,W,127,1346,899,8205,NA
1996,1995-12-13,1995-12-13,FALSE,South Delta,104,815.8333333333333,NA,NA,NA,NA,104,31186.1157024793,77937.1900826446,6,1995-12-18,97765.2892561983,5,66579.173553719,W,127,1346,899,8205,NA
1996,1995-12-13,1995-12-13,FALSE,Suisun Marsh and Montezuma Slough,104,NA,NA,NA,NA,NA,104,31186.1157024793,77937.1900826446,6,1995-12-18,97765.2892561983,5,66579.173553719,W,127,1346,899,8205,NA
1996,1995-12-13,1995-12-13,FALSE,Suisun and Honker Bays,104,NA,NA,NA,NA,NA,104,31186.1157024793,77937.1900826446,6,1995-12-18,97765.2892561983,5,66579.173553719,W,127,1346,899,8205,NA
1996,1995-12-13,1995-12-13,FALSE,NA,104,NA,NA,NA,NA,NA,104,31186.1157024793,77937.1900826446,6,1995-12-18,97765.2892561983,5,66579.173553719,W,127,1346,899,8205,NA
1996,1996-01-18,1995-12-13,TRUE,Cache Slough and Liberty Island,140,NA,NA,NA,NA,NA,104,31186.1157024793,77937.1900826446,6,1995-12-18,97765.2892561983,5,66579.173553719,W,127,1346,899,8205,NA
1996,1996-01-18,1995-12-13,TRUE,Confluence,140,NA,NA,NA,NA,NA,104,31186.1157024793,77937.1900826446,6,1995-12-18,97765.2892561983,5,66579.173553719,W,127,1346,899,8205,NA
1996,1996-01-18,1995-12-13,TRUE,Confluence,140,7470.333333333333,NA,NA,NA,NA,104,31186.1157024793,77937.1900826446,6,1995-12-18,97765.2892561983,5,66579.173553719,W,127,1346,899,8205,NA
1996,1996-01-18,1995-12-13,TRUE,North and South Forks Mokelumne River,140,NA,NA,NA,NA,NA,104,31186.1157024793,77937.1900826446,6,1995-12-18,97765.2892561983,5,66579.173553719,W,127,1346,899,8205,NA
1996,1996-01-18,1995-12-13,TRUE,Out of Bounds,140,NA,NA,NA,NA,NA,104,31186.1157024793,77937.1900826446,6,1995-12-18,97765.2892561983,5,66579.173553719,W,127,1346,899,8205,NA
1996,1996-01-18,1995-12-13,TRUE,Sacramento River Deep Water Ship Channel,140,NA,NA,NA,NA,NA,104,31186.1157024793,77937.1900826446,6,1995-12-18,97765.2892561983,5,66579.173553719,W,127,1346,899,8205,NA
1996,1996-01-18,1995-12-13,TRUE,Sacramento River Mainstem,140,NA,NA,NA,NA,0,104,31186.1157024793,77937.1900826446,6,1995-12-18,97765.2892561983,5,66579.173553719,W,127,1346,899,8205,NA
1996,1996-01-18,1995-12-13,TRUE,Sacramento River Mainstem,140,NA,NA,NA,NA,NA,104,31186.1157024793,77937.1900826446,6,1995-12-18,97765.2892561983,5,66579.173553719,W,127,1346,899,8205,NA
1996,1996-01-18,1995-12-13,TRUE,Sacramento River Mainstem,140,7533.333333333333,NA,NA,NA,NA,104,31186.1157024793,77937.1900826446,6,1995-12-18,97765.2892561983,5,66579.173553719,W,127,1346,899,8205,NA
1996,1996-01-18,1995-12-13,TRUE,San Pablo Bay and Carquinez Strait,140,NA,NA,NA,NA,NA,104,31186.1157024793,77937.1900826446,6,1995-12-18,97765.2892561983,5,66579.173553719,W,127,1346,899,8205,NA
1996,1996-01-18,1995-12-13,TRUE,South Delta,140,NA,NA,NA,NA,NA,104,31186.1157024793,77937.1900826446,6,1995-12-18,97765.2892561983,5,66579.173553719,W,127,1346,899,8205,NA
1996,1996-01-18,1995-12-13,TRUE,South Delta,140,202.73333333333312,NA,NA,NA,NA,104,31186.1157024793,77937.1900826446,6,1995-12-18,97765.2892561983,5,66579.173553719,W,127,1346,899,8205,NA
1996,1996-01-18,1995-12-13,TRUE,Suisun Marsh and Montezuma Slough,140,NA,NA,NA,NA,NA,104,31186.1157024793,77937.1900826446,6,1995-12-18,97765.2892561983,5,66579.173553719,W,127,1346,899,8205,NA
1996,1996-01-18,1995-12-13,TRUE,Suisun and Honker Bays,140,NA,NA,NA,NA,NA,104,31186.1157024793,77937.1900826446,6,1995-12-18,97765.2892561983,5,66579.173553719,W,127,1346,899,8205,NA
1996,1996-01-18,1995-12-13,TRUE,NA,140,NA,NA,NA,NA,NA,104,31186.1157024793,77937.1900826446,6,1995-12-18,97765.2892561983,5,66579.173553719,W,127,1346,899,8205,NA
1996,1996-02-05,1995-12-13,TRUE,Cache Slough and Liberty Island,158,NA,NA,NA,NA,NA,104,31186.1157024793,77937.1900826446,6,1995-12-18,97765.2892561983,5,66579.173553719,W,127,1346,899,8205,NA
1996,1996-02-05,1995-12-13,TRUE,Confluence,158,NA,NA,NA,NA,NA,104,31186.1157024793,77937.1900826446,6,1995-12-18,97765.2892561983,5,66579.173553719,W,127,1346,899,8205,NA
1996,1996-02-05,1995-12-13,TRUE,Confluence,158,22644.44444444444,NA,NA,NA,NA,104,31186.1157024793,77937.1900826446,6,1995-12-18,97765.2892561983,5,66579.173553719,W,127,1346,899,8205,NA
1996,1996-02-05,1995-12-13,TRUE,North and South Forks Mokelumne River,158,NA,NA,NA,NA,NA,104,31186.1157024793,77937.1900826446,6,1995-12-18,97765.2892561983,5,66579.173553719,W,127,1346,899,8205,NA
1996,1996-02-05,1995-12-13,TRUE,Out of Bounds,158,NA,NA,NA,NA,NA,104,31186.1157024793,77937.1900826446,6,1995-12-18,97765.2892561983,5,66579.173553719,W,127,1346,899,8205,NA
1996,1996-02-05,1995-12-13,TRUE,Sacramento River Deep Water Ship Channel,158,NA,NA,NA,NA,NA,104,31186.1157024793,77937.1900826446,6,1995-12-18,97765.2892561983,5,66579.173553719,W,127,1346,899,8205,NA
1996,1996-02-05,1995-12-13,TRUE,Sacramento River Mainstem,158,NA,NA,NA,NA,1.5,104,31186.1157024793,77937.1900826446,6,1995-12-18,97765.2892561983,5,66579.173553719,W,127,1346,899,8205,NA
1996,1996-02-05,1995-12-13,TRUE,Sacramento River Mainstem,158,NA,NA,NA,NA,NA,104,31186.1157024793,77937.1900826446,6,1995-12-18,97765.2892561983,5,66579.173553719,W,127,1346,899,8205,NA
1996,1996-02-05,1995-12-13,TRUE,Sacramento River Mainstem,158,6733.333333333332,NA,NA,NA,NA,104,31186.1157024793,77937.1900826446,6,1995-12-18,97765.2892561983,5,66579.173553719,W,127,1346,899,8205,NA
1996,1996-02-05,1995-12-13,TRUE,San Pablo Bay and Carquinez Strait,158,NA,NA,NA,NA,NA,104,31186.1157024793,77937.1900826446,6,1995-12-18,97765.2892561983,5,66579.173553719,W,127,1346,899,8205,NA
1996,1996-02-05,1995-12-13,TRUE,South Delta,158,NA,NA,NA,NA,NA,104,31186.1157024793,77937.1900826446,6,1995-12-18,97765.2892561983,5,66579.173553719,W,127,1346,899,8205,NA
1996,1996-02-05,1995-12-13,TRUE,South Delta,158,748.0833333333334,NA,NA,NA,NA,104,31186.1157024793,77937.1900826446,6,1995-12-18,97765.2892561983,5,66579.173553719,W,127,1346,899,8205,NA
1996,1996-02-05,1995-12-13,TRUE,Suisun Marsh and Montezuma Slough,158,NA,NA,NA,NA,NA,104,31186.1157024793,77937.1900826446,6,1995-12-18,97765.2892561983,5,66579.173553719,W,127,1346,899,8205,NA
1996,1996-02-05,1995-12-13,TRUE,Suisun and Honker Bays,158,NA,NA,NA,NA,NA,104,31186.1157024793,77937.1900826446,6,1995-12-18,97765.2892561983,5,66579.173553719,W,127,1346,899,8205,NA
1996,1996-02-05,1995-12-13,TRUE,NA,158,NA,NA,NA,NA,NA,104,31186.1157024793,77937.1900826446,6,1995-12-18,97765.2892561983,5,66579.173553719,W,127,1346,899,8205,NA
1996,1996-02-19,1995-12-13,TRUE,Cache Slough and Liberty Island,172,NA,NA,NA,NA,NA,104,31186.1157024793,77937.1900826446,6,1995-12-18,97765.2892561983,5,66579.173553719,W,127,1346,899,8205,NA
1996,1996-02-19,1995-12-13,TRUE,Confluence,172,NA,NA,NA,NA,NA,104,31186.1157024793,77937.1900826446,6,1995-12-18,97765.2892561983,5,66579.173553719,W,127,1346,899,8205,NA
1996,1996-02-19,1995-12-13,TRUE,Confluence,172,15955.555555555547,NA,NA,NA,NA,104,31186.1157024793,77937.1900826446,6,1995-12-18,97765.2892561983,5,66579.173553719,W,127,1346,899,8205,NA
1996,1996-02-19,1995-12-13,TRUE,North and South Forks Mokelumne River,172,NA,NA,NA,NA,NA,104,31186.1157024793,77937.1900826446,6,1995-12-18,97765.2892561983,5,66579.173553719,W,127,1346,899,8205,NA
1996,1996-02-19,1995-12-13,TRUE,Out of Bounds,172,NA,NA,NA,NA,NA,104,31186.1157024793,77937.1900826446,6,1995-12-18,97765.2892561983,5,66579.173553719,W,127,1346,899,8205,NA
1996,1996-02-19,1995-12-13,TRUE,Sacramento River Deep Water Ship Channel,172,NA,NA,NA,NA,NA,104,31186.1157024793,77937.1900826446,6,1995-12-18,97765.2892561983,5,66579.173553719,W,127,1346,899,8205,NA
1996,1996-02-19,1995-12-13,TRUE,Sacramento River Mainstem,172,NA,NA,NA,NA,-0.3333333333333339,104,31186.1157024793,77937.1900826446,6,1995-12-18,97765.2892561983,5,66579.173553719,W,127,1346,899,8205,NA
1996,1996-02-19,1995-12-13,TRUE,Sacramento River Mainstem,172,NA,NA,NA,NA,NA,104,31186.1157024793,77937.1900826446,6,1995-12-18,97765.2892561983,5,66579.173553719,W,127,1346,899,8205,NA
1996,1996-02-19,1995-12-13,TRUE,Sacramento River Mainstem,172,3933.333333333332,NA,NA,NA,NA,104,31186.1157024793,77937.1900826446,6,1995-12-18,97765.2892561983,5,66579.173553719,W,127,1346,899,8205,NA
1996,1996-02-19,1995-12-13,TRUE,San Pablo Bay and Carquinez Strait,172,NA,NA,NA,NA,NA,104,31186.1157024793,77937.1900826446,6,1995-12-18,97765.2892561983,5,66579.173553719,W,127,1346,899,8205,NA
1996,1996-02-19,1995-12-13,TRUE,South Delta,172,NA,NA,NA,NA,NA,104,31186.1157024793,77937.1900826446,6,1995-12-18,97765.2892561983,5,66579.173553719,W,127,1346,899,8205,NA
1996,1996-02-19,1995-12-13,TRUE,South Delta,172,561.8333333333334,NA,NA,NA,NA,104,31186.1157024793,77937.1900826446,6,1995-12-18,97765.2892561983,5,66579.173553719,W,127,1346,899,8205,NA
1996,1996-02-19,1995-12-13,TRUE,Suisun Marsh and Montezuma Slough,172,NA,NA,NA,NA,NA,104,31186.1157024793,77937.1900826446,6,1995-12-18,97765.2892561983,5,66579.173553719,W,127,1346,899,8205,NA
1996,1996-02-19,1995-12-13,TRUE,Suisun and Honker Bays,172,NA,NA,NA,NA,NA,104,31186.1157024793,77937.1900826446,6,1995-12-18,97765.2892561983,5,66579.173553719,W,127,1346,899,8205,NA
1996,1996-02-19,1995-12-13,TRUE,NA,172,NA,NA,NA,NA,NA,104,31186.1157024793,77937.1900826446,6,1995-12-18,97765.2892561983,5,66579.173553719,W,127,1346,899,8205,NA
1996,1996-03-13,1995-12-13,TRUE,Cache Slough and Liberty Island,195,NA,NA,NA,NA,NA,104,31186.1157024793,77937.1900826446,6,1995-12-18,97765.2892561983,5,66579.173553719,W,127,1346,899,8205,NA
1996,1996-03-13,1995-12-13,TRUE,Confluence,195,NA,NA,NA,NA,NA,104,31186.1157024793,77937.1900826446,6,1995-12-18,97765.2892561983,5,66579.173553719,W,127,1346,899,8205,NA
1996,1996-03-13,1995-12-13,TRUE,Confluence,195,566.6666666666715,NA,NA,NA,NA,104,31186.1157024793,77937.1900826446,6,1995-12-18,97765.2892561983,5,66579.173553719,W,127,1346,899,8205,NA
1996,1996-03-13,1995-12-13,TRUE,North and South Forks Mokelumne River,195,NA,NA,NA,NA,NA,104,31186.1157024793,77937.1900826446,6,1995-12-18,97765.2892561983,5,66579.173553719,W,127,1346,899,8205,NA
1996,1996-03-13,1995-12-13,TRUE,Out of Bounds,195,NA,NA,NA,NA,-0.16666666666666607,104,31186.1157024793,77937.1900826446,6,1995-12-18,97765.2892561983,5,66579.173553719,W,127,1346,899,8205,NA
1996,1996-03-13,1995-12-13,TRUE,Out of Bounds,195,NA,NA,NA,NA,NA,104,31186.1157024793,77937.1900826446,6,1995-12-18,97765.2892561983,5,66579.173553719,W,127,1346,899,8205,NA
1996,1996-03-13,1995-12-13,TRUE,Sacramento River Deep Water Ship Channel,195,NA,NA,NA,NA,NA,104,31186.1157024793,77937.1900826446,6,1995-12-18,97765.2892561983,5,66579.173553719,W,127,1346,899,8205,NA
1996,1996-03-13,1995-12-13,TRUE,Sacramento River Mainstem,195,NA,NA,NA,NA,-0.16666666666666607,104,31186.1157024793,77937.1900826446,6,1995-12-18,97765.2892561983,5,66579.173553719,W,127,1346,899,8205,NA
1996,1996-03-13,1995-12-13,TRUE,Sacramento River Mainstem,195,NA,NA,NA,NA,NA,104,31186.1157024793,77937.1900826446,6,1995-12-18,97765.2892561983,5,66579.173553719,W,127,1346,899,8205,NA
1996,1996-03-13,1995-12-13,TRUE,Sacramento River Mainstem,195,233.33333333333576,NA,NA,NA,NA,104,31186.1157024793,77937.1900826446,6,1995-12-18,97765.2892561983,5,66579.173553719,W,127,1346,899,8205,NA
1996,1996-03-13,1995-12-13,TRUE,San Pablo Bay and Carquinez Strait,195,NA,NA,NA,NA,NA,104,31186.1157024793,77937.1900826446,6,1995-12-18,97765.2892561983,5,66579.173553719,W,127,1346,899,8205,NA
1996,1996-03-13,1995-12-13,TRUE,South Delta,195,NA,NA,NA,NA,NA,104,31186.1157024793,77937.1900826446,6,1995-12-18,97765.2892561983,5,66579.173553719,W,127,1346,899,8205,NA
1996,1996-03-13,1995-12-13,TRUE,South Delta,195,-680,NA,NA,NA,NA,104,31186.1157024793,77937.1900826446,6,1995-12-18,97765.2892561983,5,66579.173553719,W,127,1346,899,8205,NA
1996,1996-03-13,1995-12-13,TRUE,Suisun Marsh and Montezuma Slough,195,NA,NA,NA,NA,NA,104,31186.1157024793,77937.1900826446,6,1995-12-18,97765.2892561983,5,66579.173553719,W,127,1346,899,8205,NA
1996,1996-03-13,1995-12-13,TRUE,Suisun and Honker Bays,195,NA,NA,NA,NA,NA,104,31186.1157024793,77937.1900826446,6,1995-12-18,97765.2892561983,5,66579.173553719,W,127,1346,899,8205,NA
1996,1996-03-13,1995-12-13,TRUE,NA,195,NA,NA,NA,NA,NA,104,31186.1157024793,77937.1900826446,6,1995-12-18,97765.2892561983,5,66579.173553719,W,127,1346,899,8205,NA
1996,1996-04-03,1995-12-13,TRUE,Cache Slough and Liberty Island,216,NA,NA,NA,NA,NA,104,31186.1157024793,77937.1900826446,6,1995-12-18,97765.2892561983,5,66579.173553719,W,127,1346,899,8205,NA
1996,1996-04-03,1995-12-13,TRUE,Confluence,216,NA,NA,NA,NA,NA,104,31186.1157024793,77937.1900826446,6,1995-12-18,97765.2892561983,5,66579.173553719,W,127,1346,899,8205,NA
1996,1996-04-03,1995-12-13,TRUE,Confluence,216,6344.444444444445,NA,NA,NA,NA,104,31186.1157024793,77937.1900826446,6,1995-12-18,97765.2892561983,5,66579.173553719,W,127,1346,899,8205,NA
1996,1996-04-03,1995-12-13,TRUE,North and South Forks Mokelumne River,216,NA,NA,NA,NA,NA,104,31186.1157024793,77937.1900826446,6,1995-12-18,97765.2892561983,5,66579.173553719,W,127,1346,899,8205,NA
1996,1996-04-03,1995-12-13,TRUE,Out of Bounds,216,NA,NA,NA,NA,0.5,104,31186.1157024793,77937.1900826446,6,1995-12-18,97765.2892561983,5,66579.173553719,W,127,1346,899,8205,NA
1996,1996-04-03,1995-12-13,TRUE,Out of Bounds,216,NA,NA,NA,NA,NA,104,31186.1157024793,77937.1900826446,6,1995-12-18,97765.2892561983,5,66579.173553719,W,127,1346,899,8205,NA
1996,1996-04-03,1995-12-13,TRUE,Sacramento River Deep Water Ship Channel,216,NA,NA,NA,NA,NA,104,31186.1157024793,77937.1900826446,6,1995-12-18,97765.2892561983,5,66579.173553719,W,127,1346,899,8205,NA
1996,1996-04-03,1995-12-13,TRUE,Sacramento River Mainstem,216,NA,NA,NA,NA,0.33333333333333215,104,31186.1157024793,77937.1900826446,6,1995-12-18,97765.2892561983,5,66579.173553719,W,127,1346,899,8205,NA
1996,1996-04-03,1995-12-13,TRUE,Sacramento River Mainstem,216,NA,NA,NA,NA,NA,104,31186.1157024793,77937.1900826446,6,1995-12-18,97765.2892561983,5,66579.173553719,W,127,1346,899,8205,NA
1996,1996-04-03,1995-12-13,TRUE,Sacramento River Mainstem,216,4033.333333333332,NA,NA,NA,NA,104,31186.1157024793,77937.1900826446,6,1995-12-18,97765.2892561983,5,66579.173553719,W,127,1346,899,8205,NA
1996,1996-04-03,1995-12-13,TRUE,San Pablo Bay and Carquinez Strait,216,NA,NA,NA,NA,NA,104,31186.1157024793,77937.1900826446,6,1995-12-18,97765.2892561983,5,66579.173553719,W,127,1346,899,8205,NA
1996,1996-04-03,1995-12-13,TRUE,South Delta,216,NA,NA,NA,NA,NA,104,31186.1157024793,77937.1900826446,6,1995-12-18,97765.2892561983,5,66579.173553719,W,127,1346,899,8205,NA
1996,1996-04-03,1995-12-13,TRUE,South Delta,216,-248.6444444444444,NA,NA,NA,NA,104,31186.1157024793,77937.1900826446,6,1995-12-18,97765.2892561983,5,66579.173553719,W,127,1346,899,8205,NA
1996,1996-04-03,1995-12-13,TRUE,Suisun Marsh and Montezuma Slough,216,NA,NA,NA,NA,NA,104,31186.1157024793,77937.1900826446,6,1995-12-18,97765.2892561983,5,66579.173553719,W,127,1346,899,8205,NA
1996,1996-04-03,1995-12-13,TRUE,Suisun and Honker Bays,216,NA,NA,NA,NA,NA,104,31186.1157024793,77937.1900826446,6,1995-12-18,97765.2892561983,5,66579.173553719,W,127,1346,899,8205,NA
1996,1996-04-03,1995-12-13,TRUE,NA,216,NA,NA,NA,NA,NA,104,31186.1157024793,77937.1900826446,6,1995-12-18,97765.2892561983,5,66579.173553719,W,127,1346,899,8205,NA
1996,1996-05-16,1995-12-13,TRUE,Cache Slough and Liberty Island,259,NA,NA,NA,NA,NA,104,31186.1157024793,77937.1900826446,6,1995-12-18,97765.2892561983,5,66579.173553719,W,127,1346,899,8205,NA
1996,1996-05-16,1995-12-13,TRUE,Confluence,259,NA,NA,NA,NA,NA,104,31186.1157024793,77937.1900826446,6,1995-12-18,97765.2892561983,5,66579.173553719,W,127,1346,899,8205,NA
1996,1996-05-16,1995-12-13,TRUE,Confluence,259,8566.666666666664,NA,NA,NA,NA,104,31186.1157024793,77937.1900826446,6,1995-12-18,97765.2892561983,5,66579.173553719,W,127,1346,899,8205,NA
1996,1996-05-16,1995-12-13,TRUE,North and South Forks Mokelumne River,259,NA,NA,NA,NA,NA,104,31186.1157024793,77937.1900826446,6,1995-12-18,97765.2892561983,5,66579.173553719,W,127,1346,899,8205,NA
1996,1996-05-16,1995-12-13,TRUE,Out of Bounds,259,NA,NA,NA,NA,-1.666666666666668,104,31186.1157024793,77937.1900826446,6,1995-12-18,97765.2892561983,5,66579.173553719,W,127,1346,899,8205,NA
1996,1996-05-16,1995-12-13,TRUE,Out of Bounds,259,NA,NA,NA,NA,NA,104,31186.1157024793,77937.1900826446,6,1995-12-18,97765.2892561983,5,66579.173553719,W,127,1346,899,8205,NA
1996,1996-05-16,1995-12-13,TRUE,Sacramento River Deep Water Ship Channel,259,NA,NA,NA,NA,NA,104,31186.1157024793,77937.1900826446,6,1995-12-18,97765.2892561983,5,66579.173553719,W,127,1346,899,8205,NA
1996,1996-05-16,1995-12-13,TRUE,Sacramento River Mainstem,259,NA,NA,NA,NA,-3.9999999999999982,104,31186.1157024793,77937.1900826446,6,1995-12-18,97765.2892561983,5,66579.173553719,W,127,1346,899,8205,NA
1996,1996-05-16,1995-12-13,TRUE,Sacramento River Mainstem,259,NA,NA,NA,NA,NA,104,31186.1157024793,77937.1900826446,6,1995-12-18,97765.2892561983,5,66579.173553719,W,127,1346,899,8205,NA
1996,1996-05-16,1995-12-13,TRUE,Sacramento River Mainstem,259,13913.333333333332,NA,NA,NA,NA,104,31186.1157024793,77937.1900826446,6,1995-12-18,97765.2892561983,5,66579.173553719,W,127,1346,899,8205,NA
1996,1996-05-16,1995-12-13,TRUE,San Pablo Bay and Carquinez Strait,259,NA,NA,NA,NA,NA,104,31186.1157024793,77937.1900826446,6,1995-12-18,97765.2892561983,5,66579.173553719,W,127,1346,899,8205,NA
1996,1996-05-16,1995-12-13,TRUE,South Delta,259,NA,NA,NA,NA,NA,104,31186.1157024793,77937.1900826446,6,1995-12-18,97765.2892561983,5,66579.173553719,W,127,1346,899,8205,NA
1996,1996-05-16,1995-12-13,TRUE,South Delta,259,351.91666666666674,NA,NA,NA,NA,104,31186.1157024793,77937.1900826446,6,1995-12-18,97765.2892561983,5,66579.173553719,W,127,1346,899,8205,NA
1996,1996-05-16,1995-12-13,TRUE,Suisun Marsh and Montezuma Slough,259,NA,NA,NA,NA,NA,104,31186.1157024793,77937.1900826446,6,1995-12-18,97765.2892561983,5,66579.173553719,W,127,1346,899,8205,NA
1996,1996-05-16,1995-12-13,TRUE,Suisun and Honker Bays,259,NA,NA,NA,NA,NA,104,31186.1157024793,77937.1900826446,6,1995-12-18,97765.2892561983,5,66579.173553719,W,127,1346,899,8205,NA
1996,1996-05-16,1995-12-13,TRUE,NA,259,NA,NA,NA,NA,NA,104,31186.1157024793,77937.1900826446,6,1995-12-18,97765.2892561983,5,66579.173553719,W,127,1346,899,8205,NA
1997,1996-12-06,1996-12-06,FALSE,Cache Slough and Liberty Island,97,NA,NA,NA,NA,NA,97,34899.8347107438,80784.7933884298,3,1996-12-15,219500.826446281,9,184600.991735537,W,303,690,127,1346,76.82
1997,1996-12-06,1996-12-06,FALSE,Confluence,97,NA,NA,NA,NA,NA,97,34899.8347107438,80784.7933884298,3,1996-12-15,219500.826446281,9,184600.991735537,W,303,690,127,1346,76.82
1997,1996-12-06,1996-12-06,FALSE,Confluence,97,12579.999999999998,NA,NA,NA,NA,97,34899.8347107438,80784.7933884298,3,1996-12-15,219500.826446281,9,184600.991735537,W,303,690,127,1346,76.82
1997,1996-12-06,1996-12-06,FALSE,North and South Forks Mokelumne River,97,NA,NA,NA,NA,NA,97,34899.8347107438,80784.7933884298,3,1996-12-15,219500.826446281,9,184600.991735537,W,303,690,127,1346,76.82
1997,1996-12-06,1996-12-06,FALSE,Out of Bounds,97,NA,NA,NA,NA,1.333333333333334,97,34899.8347107438,80784.7933884298,3,1996-12-15,219500.826446281,9,184600.991735537,W,303,690,127,1346,76.82
1997,1996-12-06,1996-12-06,FALSE,Out of Bounds,97,NA,NA,NA,NA,NA,97,34899.8347107438,80784.7933884298,3,1996-12-15,219500.826446281,9,184600.991735537,W,303,690,127,1346,76.82
1997,1996-12-06,1996-12-06,FALSE,Sacramento River Deep Water Ship Channel,97,NA,NA,NA,NA,NA,97,34899.8347107438,80784.7933884298,3,1996-12-15,219500.826446281,9,184600.991735537,W,303,690,127,1346,76.82
1997,1996-12-06,1996-12-06,FALSE,Sacramento River Mainstem,97,NA,NA,NA,NA,1,97,34899.8347107438,80784.7933884298,3,1996-12-15,219500.826446281,9,184600.991735537,W,303,690,127,1346,76.82
1997,1996-12-06,1996-12-06,FALSE,Sacramento River Mainstem,97,NA,NA,NA,NA,NA,97,34899.8347107438,80784.7933884298,3,1996-12-15,219500.826446281,9,184600.991735537,W,303,690,127,1346,76.82
1997,1996-12-06,1996-12-06,FALSE,San Pablo Bay and Carquinez Strait,97,NA,NA,NA,NA,NA,97,34899.8347107438,80784.7933884298,3,1996-12-15,219500.826446281,9,184600.991735537,W,303,690,127,1346,76.82
1997,1996-12-06,1996-12-06,FALSE,South Delta,97,NA,NA,NA,NA,NA,97,34899.8347107438,80784.7933884298,3,1996-12-15,219500.826446281,9,184600.991735537,W,303,690,127,1346,76.82
1997,1996-12-06,1996-12-06,FALSE,South Delta,97,-16.666666666666515,NA,NA,NA,NA,97,34899.8347107438,80784.7933884298,3,1996-12-15,219500.826446281,9,184600.991735537,W,303,690,127,1346,76.82
1997,1996-12-06,1996-12-06,FALSE,Suisun Marsh and Montezuma Slough,97,NA,NA,NA,NA,NA,97,34899.8347107438,80784.7933884298,3,1996-12-15,219500.826446281,9,184600.991735537,W,303,690,127,1346,76.82
1997,1996-12-06,1996-12-06,FALSE,Suisun and Honker Bays,97,NA,NA,NA,NA,NA,97,34899.8347107438,80784.7933884298,3,1996-12-15,219500.826446281,9,184600.991735537,W,303,690,127,1346,76.82
1997,1996-12-06,1996-12-06,FALSE,NA,97,NA,NA,NA,NA,NA,97,34899.8347107438,80784.7933884298,3,1996-12-15,219500.826446281,9,184600.991735537,W,303,690,127,1346,76.82
1997,1996-12-11,1996-12-06,TRUE,Cache Slough and Liberty Island,102,NA,NA,NA,NA,NA,97,34899.8347107438,80784.7933884298,3,1996-12-15,219500.826446281,9,184600.991735537,W,303,690,127,1346,72.29
1997,1996-12-11,1996-12-06,TRUE,Confluence,102,NA,NA,NA,NA,NA,97,34899.8347107438,80784.7933884298,3,1996-12-15,219500.826446281,9,184600.991735537,W,303,690,127,1346,72.29
1997,1996-12-11,1996-12-06,TRUE,Confluence,102,13834.444444444443,NA,NA,NA,NA,97,34899.8347107438,80784.7933884298,3,1996-12-15,219500.826446281,9,184600.991735537,W,303,690,127,1346,72.29
1997,1996-12-11,1996-12-06,TRUE,North and South Forks Mokelumne River,102,NA,NA,NA,NA,NA,97,34899.8347107438,80784.7933884298,3,1996-12-15,219500.826446281,9,184600.991735537,W,303,690,127,1346,72.29
1997,1996-12-11,1996-12-06,TRUE,Out of Bounds,102,NA,NA,NA,NA,0.6666666666666661,97,34899.8347107438,80784.7933884298,3,1996-12-15,219500.826446281,9,184600.991735537,W,303,690,127,1346,72.29
1997,1996-12-11,1996-12-06,TRUE,Out of Bounds,102,NA,NA,NA,NA,NA,97,34899.8347107438,80784.7933884298,3,1996-12-15,219500.826446281,9,184600.991735537,W,303,690,127,1346,72.29
1997,1996-12-11,1996-12-06,TRUE,Sacramento River Deep Water Ship Channel,102,NA,NA,NA,NA,NA,97,34899.8347107438,80784.7933884298,3,1996-12-15,219500.826446281,9,184600.991735537,W,303,690,127,1346,72.29
1997,1996-12-11,1996-12-06,TRUE,Sacramento River Mainstem,102,NA,NA,NA,NA,0.5,97,34899.8347107438,80784.7933884298,3,1996-12-15,219500.826446281,9,184600.991735537,W,303,690,127,1346,72.29
1997,1996-12-11,1996-12-06,TRUE,Sacramento River Mainstem,102,NA,NA,NA,NA,NA,97,34899.8347107438,80784.7933884298,3,1996-12-15,219500.826446281,9,184600.991735537,W,303,690,127,1346,72.29
1997,1996-12-11,1996-12-06,TRUE,San Pablo Bay and Carquinez Strait,102,NA,NA,NA,NA,NA,97,34899.8347107438,80784.7933884298,3,1996-12-15,219500.826446281,9,184600.991735537,W,303,690,127,1346,72.29
1997,1996-12-11,1996-12-06,TRUE,South Delta,102,NA,NA,NA,NA,NA,97,34899.8347107438,80784.7933884298,3,1996-12-15,219500.826446281,9,184600.991735537,W,303,690,127,1346,72.29
1997,1996-12-11,1996-12-06,TRUE,South Delta,102,1441.1111111111109,NA,NA,NA,NA,97,34899.8347107438,80784.7933884298,3,1996-12-15,219500.826446281,9,184600.991735537,W,303,690,127,1346,72.29
1997,1996-12-11,1996-12-06,TRUE,Suisun Marsh and Montezuma Slough,102,NA,NA,NA,NA,NA,97,34899.8347107438,80784.7933884298,3,1996-12-15,219500.826446281,9,184600.991735537,W,303,690,127,1346,72.29
1997,1996-12-11,1996-12-06,TRUE,Suisun and Honker Bays,102,NA,NA,NA,NA,NA,97,34899.8347107438,80784.7933884298,3,1996-12-15,219500.826446281,9,184600.991735537,W,303,690,127,1346,72.29
1997,1996-12-11,1996-12-06,TRUE,NA,102,NA,NA,NA,NA,NA,97,34899.8347107438,80784.7933884298,3,1996-12-15,219500.826446281,9,184600.991735537,W,303,690,127,1346,72.29
1997,1996-12-27,1996-12-06,TRUE,Cache Slough and Liberty Island,118,NA,NA,NA,NA,NA,97,34899.8347107438,80784.7933884298,3,1996-12-15,219500.826446281,9,184600.991735537,W,303,690,127,1346,58.67
1997,1996-12-27,1996-12-06,TRUE,Confluence,118,NA,NA,NA,NA,NA,97,34899.8347107438,80784.7933884298,3,1996-12-15,219500.826446281,9,184600.991735537,W,303,690,127,1346,58.67
1997,1996-12-27,1996-12-06,TRUE,Confluence,118,9788.88888888889,NA,NA,NA,NA,97,34899.8347107438,80784.7933884298,3,1996-12-15,219500.826446281,9,184600.991735537,W,303,690,127,1346,58.67
1997,1996-12-27,1996-12-06,TRUE,North and South Forks Mokelumne River,118,NA,NA,NA,NA,NA,97,34899.8347107438,80784.7933884298,3,1996-12-15,219500.826446281,9,184600.991735537,W,303,690,127,1346,58.67
1997,1996-12-27,1996-12-06,TRUE,Out of Bounds,118,NA,NA,NA,NA,0.8333333333333339,97,34899.8347107438,80784.7933884298,3,1996-12-15,219500.826446281,9,184600.991735537,W,303,690,127,1346,58.67
1997,1996-12-27,1996-12-06,TRUE,Out of Bounds,118,NA,NA,NA,NA,NA,97,34899.8347107438,80784.7933884298,3,1996-12-15,219500.826446281,9,184600.991735537,W,303,690,127,1346,58.67
1997,1996-12-27,1996-12-06,TRUE,Sacramento River Deep Water Ship Channel,118,NA,NA,NA,NA,NA,97,34899.8347107438,80784.7933884298,3,1996-12-15,219500.826446281,9,184600.991735537,W,303,690,127,1346,58.67
1997,1996-12-27,1996-12-06,TRUE,Sacramento River Mainstem,118,NA,NA,NA,NA,0.3333333333333339,97,34899.8347107438,80784.7933884298,3,1996-12-15,219500.826446281,9,184600.991735537,W,303,690,127,1346,58.67
1997,1996-12-27,1996-12-06,TRUE,Sacramento River Mainstem,118,NA,NA,NA,NA,NA,97,34899.8347107438,80784.7933884298,3,1996-12-15,219500.826446281,9,184600.991735537,W,303,690,127,1346,58.67
1997,1996-12-27,1996-12-06,TRUE,Sacramento River Mainstem,118,5800,NA,NA,NA,NA,97,34899.8347107438,80784.7933884298,3,1996-12-15,219500.826446281,9,184600.991735537,W,303,690,127,1346,58.67
1997,1996-12-27,1996-12-06,TRUE,San Pablo Bay and Carquinez Strait,118,NA,NA,NA,NA,NA,97,34899.8347107438,80784.7933884298,3,1996-12-15,219500.826446281,9,184600.991735537,W,303,690,127,1346,58.67
1997,1996-12-27,1996-12-06,TRUE,South Delta,118,NA,NA,NA,NA,NA,97,34899.8347107438,80784.7933884298,3,1996-12-15,219500.826446281,9,184600.991735537,W,303,690,127,1346,58.67
1997,1996-12-27,1996-12-06,TRUE,South Delta,118,175.55555555555566,NA,NA,NA,NA,97,34899.8347107438,80784.7933884298,3,1996-12-15,219500.826446281,9,184600.991735537,W,303,690,127,1346,58.67
1997,1996-12-27,1996-12-06,TRUE,Suisun Marsh and Montezuma Slough,118,NA,NA,NA,NA,NA,97,34899.8347107438,80784.7933884298,3,1996-12-15,219500.826446281,9,184600.991735537,W,303,690,127,1346,58.67
1997,1996-12-27,1996-12-06,TRUE,Suisun and Honker Bays,118,NA,NA,NA,NA,NA,97,34899.8347107438,80784.7933884298,3,1996-12-15,219500.826446281,9,184600.991735537,W,303,690,127,1346,58.67
1997,1996-12-27,1996-12-06,TRUE,NA,118,NA,NA,NA,NA,NA,97,34899.8347107438,80784.7933884298,3,1996-12-15,219500.826446281,9,184600.991735537,W,303,690,127,1346,58.67
1997,1997-01-22,1996-12-06,TRUE,Cache Slough and Liberty Island,144,NA,NA,NA,NA,NA,97,34899.8347107438,80784.7933884298,3,1996-12-15,219500.826446281,9,184600.991735537,W,303,690,127,1346,45.67
1997,1997-01-22,1996-12-06,TRUE,Confluence,144,NA,NA,NA,NA,NA,97,34899.8347107438,80784.7933884298,3,1996-12-15,219500.826446281,9,184600.991735537,W,303,690,127,1346,45.67
1997,1997-01-22,1996-12-06,TRUE,Confluence,144,14433.333333333328,NA,NA,NA,NA,97,34899.8347107438,80784.7933884298,3,1996-12-15,219500.826446281,9,184600.991735537,W,303,690,127,1346,45.67
1997,1997-01-22,1996-12-06,TRUE,North and South Forks Mokelumne River,144,NA,NA,NA,NA,NA,97,34899.8347107438,80784.7933884298,3,1996-12-15,219500.826446281,9,184600.991735537,W,303,690,127,1346,45.67
1997,1997-01-22,1996-12-06,TRUE,Out of Bounds,144,NA,NA,NA,NA,0.8333333333333339,97,34899.8347107438,80784.7933884298,3,1996-12-15,219500.826446281,9,184600.991735537,W,303,690,127,1346,45.67
1997,1997-01-22,1996-12-06,TRUE,Out of Bounds,144,NA,NA,NA,NA,NA,97,34899.8347107438,80784.7933884298,3,1996-12-15,219500.826446281,9,184600.991735537,W,303,690,127,1346,45.67
1997,1997-01-22,1996-12-06,TRUE,Sacramento River Deep Water Ship Channel,144,NA,NA,NA,NA,NA,97,34899.8347107438,80784.7933884298,3,1996-12-15,219500.826446281,9,184600.991735537,W,303,690,127,1346,45.67
1997,1997-01-22,1996-12-06,TRUE,Sacramento River Mainstem,144,NA,NA,NA,NA,0,97,34899.8347107438,80784.7933884298,3,1996-12-15,219500.826446281,9,184600.991735537,W,303,690,127,1346,45.67
1997,1997-01-22,1996-12-06,TRUE,Sacramento River Mainstem,144,NA,NA,NA,NA,NA,97,34899.8347107438,80784.7933884298,3,1996-12-15,219500.826446281,9,184600.991735537,W,303,690,127,1346,45.67
1997,1997-01-22,1996-12-06,TRUE,Sacramento River Mainstem,144,5833.333333333332,NA,NA,NA,NA,97,34899.8347107438,80784.7933884298,3,1996-12-15,219500.826446281,9,184600.991735537,W,303,690,127,1346,45.67
1997,1997-01-22,1996-12-06,TRUE,San Pablo Bay and Carquinez Strait,144,NA,NA,NA,NA,NA,97,34899.8347107438,80784.7933884298,3,1996-12-15,219500.826446281,9,184600.991735537,W,303,690,127,1346,45.67
1997,1997-01-22,1996-12-06,TRUE,South Delta,144,NA,NA,NA,NA,NA,97,34899.8347107438,80784.7933884298,3,1996-12-15,219500.826446281,9,184600.991735537,W,303,690,127,1346,45.67
1997,1997-01-22,1996-12-06,TRUE,South Delta,144,66.66666666666606,NA,NA,NA,NA,97,34899.8347107438,80784.7933884298,3,1996-12-15,219500.826446281,9,184600.991735537,W,303,690,127,1346,45.67
1997,1997-01-22,1996-12-06,TRUE,Suisun Marsh and Montezuma Slough,144,NA,NA,NA,NA,NA,97,34899.8347107438,80784.7933884298,3,1996-12-15,219500.826446281,9,184600.991735537,W,303,690,127,1346,45.67
1997,1997-01-22,1996-12-06,TRUE,Suisun and Honker Bays,144,NA,NA,NA,NA,NA,97,34899.8347107438,80784.7933884298,3,1996-12-15,219500.826446281,9,184600.991735537,W,303,690,127,1346,45.67
1997,1997-01-22,1996-12-06,TRUE,NA,144,NA,NA,NA,NA,NA,97,34899.8347107438,80784.7933884298,3,1996-12-15,219500.826446281,9,184600.991735537,W,303,690,127,1346,45.67
1998,1997-12-02,1997-12-02,FALSE,Cache Slough and Liberty Island,93,NA,NA,NA,NA,NA,93,50780.826446281,57123.9669421488,9,1997-12-10,64700.826446281,8,13920,W,420,6654,303,690,76.68
1998,1997-12-02,1997-12-02,FALSE,Confluence,93,NA,NA,NA,NA,NA,93,50780.826446281,57123.9669421488,9,1997-12-10,64700.826446281,8,13920,W,420,6654,303,690,76.68
1998,1997-12-02,1997-12-02,FALSE,Confluence,93,288.03333333333467,NA,NA,NA,NA,93,50780.826446281,57123.9669421488,9,1997-12-10,64700.826446281,8,13920,W,420,6654,303,690,76.68
1998,1997-12-02,1997-12-02,FALSE,North and South Forks Mokelumne River,93,NA,NA,NA,NA,NA,93,50780.826446281,57123.9669421488,9,1997-12-10,64700.826446281,8,13920,W,420,6654,303,690,76.68
1998,1997-12-02,1997-12-02,FALSE,Out of Bounds,93,NA,NA,NA,NA,-0.8333333333333339,93,50780.826446281,57123.9669421488,9,1997-12-10,64700.826446281,8,13920,W,420,6654,303,690,76.68
1998,1997-12-02,1997-12-02,FALSE,Out of Bounds,93,NA,NA,NA,NA,NA,93,50780.826446281,57123.9669421488,9,1997-12-10,64700.826446281,8,13920,W,420,6654,303,690,76.68
1998,1997-12-02,1997-12-02,FALSE,Sacramento River Deep Water Ship Channel,93,NA,NA,NA,NA,NA,93,50780.826446281,57123.9669421488,9,1997-12-10,64700.826446281,8,13920,W,420,6654,303,690,76.68
1998,1997-12-02,1997-12-02,FALSE,Sacramento River Mainstem,93,NA,NA,NA,NA,-1.0999999999999996,93,50780.826446281,57123.9669421488,9,1997-12-10,64700.826446281,8,13920,W,420,6654,303,690,76.68
1998,1997-12-02,1997-12-02,FALSE,Sacramento River Mainstem,93,NA,NA,NA,NA,NA,93,50780.826446281,57123.9669421488,9,1997-12-10,64700.826446281,8,13920,W,420,6654,303,690,76.68
1998,1997-12-02,1997-12-02,FALSE,Sacramento River Mainstem,93,753.3333333333339,NA,NA,NA,NA,93,50780.826446281,57123.9669421488,9,1997-12-10,64700.826446281,8,13920,W,420,6654,303,690,76.68
1998,1997-12-02,1997-12-02,FALSE,San Pablo Bay and Carquinez Strait,93,NA,NA,NA,NA,NA,93,50780.826446281,57123.9669421488,9,1997-12-10,64700.826446281,8,13920,W,420,6654,303,690,76.68
1998,1997-12-02,1997-12-02,FALSE,South Delta,93,NA,NA,NA,NA,NA,93,50780.826446281,57123.9669421488,9,1997-12-10,64700.826446281,8,13920,W,420,6654,303,690,76.68
1998,1997-12-02,1997-12-02,FALSE,South Delta,93,150.66666666666652,NA,NA,NA,NA,93,50780.826446281,57123.9669421488,9,1997-12-10,64700.826446281,8,13920,W,420,6654,303,690,76.68
1998,1997-12-02,1997-12-02,FALSE,Suisun Marsh and Montezuma Slough,93,NA,NA,NA,NA,NA,93,50780.826446281,57123.9669421488,9,1997-12-10,64700.826446281,8,13920,W,420,6654,303,690,76.68
1998,1997-12-02,1997-12-02,FALSE,Suisun and Honker Bays,93,NA,NA,NA,NA,NA,93,50780.826446281,57123.9669421488,9,1997-12-10,64700.826446281,8,13920,W,420,6654,303,690,76.68
1998,1997-12-02,1997-12-02,FALSE,NA,93,NA,NA,NA,NA,NA,93,50780.826446281,57123.9669421488,9,1997-12-10,64700.826446281,8,13920,W,420,6654,303,690,76.68
1998,1998-01-12,1997-12-02,TRUE,Cache Slough and Liberty Island,134,NA,NA,NA,NA,NA,93,50780.826446281,57123.9669421488,9,1997-12-10,64700.826446281,8,13920,W,420,6654,303,690,74.13
1998,1998-01-12,1997-12-02,TRUE,Confluence,134,NA,NA,NA,NA,NA,93,50780.826446281,57123.9669421488,9,1997-12-10,64700.826446281,8,13920,W,420,6654,303,690,74.13
1998,1998-01-12,1997-12-02,TRUE,Confluence,134,18918.555555555555,NA,NA,NA,NA,93,50780.826446281,57123.9669421488,9,1997-12-10,64700.826446281,8,13920,W,420,6654,303,690,74.13
1998,1998-01-12,1997-12-02,TRUE,North and South Forks Mokelumne River,134,NA,NA,NA,NA,NA,93,50780.826446281,57123.9669421488,9,1997-12-10,64700.826446281,8,13920,W,420,6654,303,690,74.13
1998,1998-01-12,1997-12-02,TRUE,Out of Bounds,134,NA,NA,NA,NA,0,93,50780.826446281,57123.9669421488,9,1997-12-10,64700.826446281,8,13920,W,420,6654,303,690,74.13
1998,1998-01-12,1997-12-02,TRUE,Out of Bounds,134,NA,NA,NA,NA,NA,93,50780.826446281,57123.9669421488,9,1997-12-10,64700.826446281,8,13920,W,420,6654,303,690,74.13
1998,1998-01-12,1997-12-02,TRUE,Sacramento River Deep Water Ship Channel,134,NA,NA,NA,NA,NA,93,50780.826446281,57123.9669421488,9,1997-12-10,64700.826446281,8,13920,W,420,6654,303,690,74.13
1998,1998-01-12,1997-12-02,TRUE,Sacramento River Mainstem,134,NA,NA,NA,NA,1.5666666666666682,93,50780.826446281,57123.9669421488,9,1997-12-10,64700.826446281,8,13920,W,420,6654,303,690,74.13
1998,1998-01-12,1997-12-02,TRUE,Sacramento River Mainstem,134,NA,NA,NA,NA,NA,93,50780.826446281,57123.9669421488,9,1997-12-10,64700.826446281,8,13920,W,420,6654,303,690,74.13
1998,1998-01-12,1997-12-02,TRUE,Sacramento River Mainstem,134,9213.333333333332,NA,NA,NA,NA,93,50780.826446281,57123.9669421488,9,1997-12-10,64700.826446281,8,13920,W,420,6654,303,690,74.13
1998,1998-01-12,1997-12-02,TRUE,San Pablo Bay and Carquinez Strait,134,NA,NA,NA,NA,0.3000000000000007,93,50780.826446281,57123.9669421488,9,1997-12-10,64700.826446281,8,13920,W,420,6654,303,690,74.13
1998,1998-01-12,1997-12-02,TRUE,San Pablo Bay and Carquinez Strait,134,NA,-5933.16,NA,NA,NA,93,50780.826446281,57123.9669421488,9,1997-12-10,64700.826446281,8,13920,W,420,6654,303,690,74.13
1998,1998-01-12,1997-12-02,TRUE,San Pablo Bay and Carquinez Strait,134,NA,NA,NA,NA,NA,93,50780.826446281,57123.9669421488,9,1997-12-10,64700.826446281,8,13920,W,420,6654,303,690,74.13
1998,1998-01-12,1997-12-02,TRUE,South Delta,134,NA,NA,NA,NA,NA,93,50780.826446281,57123.9669421488,9,1997-12-10,64700.826446281,8,13920,W,420,6654,303,690,74.13
1998,1998-01-12,1997-12-02,TRUE,South Delta,134,1528.9166666666667,NA,NA,NA,NA,93,50780.826446281,57123.9669421488,9,1997-12-10,64700.826446281,8,13920,W,420,6654,303,690,74.13
1998,1998-01-12,1997-12-02,TRUE,Suisun Marsh and Montezuma Slough,134,NA,NA,NA,NA,NA,93,50780.826446281,57123.9669421488,9,1997-12-10,64700.826446281,8,13920,W,420,6654,303,690,74.13
1998,1998-01-12,1997-12-02,TRUE,Suisun and Honker Bays,134,NA,NA,NA,NA,NA,93,50780.826446281,57123.9669421488,9,1997-12-10,64700.826446281,8,13920,W,420,6654,303,690,74.13
1998,1998-01-12,1997-12-02,TRUE,NA,134,NA,NA,NA,NA,NA,93,50780.826446281,57123.9669421488,9,1997-12-10,64700.826446281,8,13920,W,420,6654,303,690,74.13
1998,1998-01-16,1997-12-02,TRUE,Cache Slough and Liberty Island,138,NA,NA,NA,NA,NA,93,50780.826446281,57123.9669421488,9,1997-12-10,64700.826446281,8,13920,W,420,6654,303,690,69.67
1998,1998-01-16,1997-12-02,TRUE,Confluence,138,NA,NA,NA,NA,NA,93,50780.826446281,57123.9669421488,9,1997-12-10,64700.826446281,8,13920,W,420,6654,303,690,69.67
1998,1998-01-16,1997-12-02,TRUE,Confluence,138,16311.11111111111,NA,NA,NA,NA,93,50780.826446281,57123.9669421488,9,1997-12-10,64700.826446281,8,13920,W,420,6654,303,690,69.67
1998,1998-01-16,1997-12-02,TRUE,North and South Forks Mokelumne River,138,NA,NA,NA,NA,NA,93,50780.826446281,57123.9669421488,9,1997-12-10,64700.826446281,8,13920,W,420,6654,303,690,69.67
1998,1998-01-16,1997-12-02,TRUE,Out of Bounds,138,NA,NA,NA,NA,1,93,50780.826446281,57123.9669421488,9,1997-12-10,64700.826446281,8,13920,W,420,6654,303,690,69.67
1998,1998-01-16,1997-12-02,TRUE,Out of Bounds,138,NA,NA,NA,NA,NA,93,50780.826446281,57123.9669421488,9,1997-12-10,64700.826446281,8,13920,W,420,6654,303,690,69.67
1998,1998-01-16,1997-12-02,TRUE,Sacramento River Deep Water Ship Channel,138,NA,NA,NA,NA,NA,93,50780.826446281,57123.9669421488,9,1997-12-10,64700.826446281,8,13920,W,420,6654,303,690,69.67
1998,1998-01-16,1997-12-02,TRUE,Sacramento River Mainstem,138,NA,NA,NA,NA,0.3333333333333339,93,50780.826446281,57123.9669421488,9,1997-12-10,64700.826446281,8,13920,W,420,6654,303,690,69.67
1998,1998-01-16,1997-12-02,TRUE,Sacramento River Mainstem,138,NA,NA,NA,NA,NA,93,50780.826446281,57123.9669421488,9,1997-12-10,64700.826446281,8,13920,W,420,6654,303,690,69.67
1998,1998-01-16,1997-12-02,TRUE,Sacramento River Mainstem,138,5533.333333333332,NA,NA,NA,NA,93,50780.826446281,57123.9669421488,9,1997-12-10,64700.826446281,8,13920,W,420,6654,303,690,69.67
1998,1998-01-16,1997-12-02,TRUE,San Pablo Bay and Carquinez Strait,138,NA,NA,NA,NA,0.52000000000000135,93,50780.826446281,57123.9669421488,9,1997-12-10,64700.826446281,8,13920,W,420,6654,303,690,69.67
1998,1998-01-16,1997-12-02,TRUE,San Pablo Bay and Carquinez Strait,138,NA,-6737.183333333333,NA,NA,NA,93,50780.826446281,57123.9669421488,9,1997-12-10,64700.826446281,8,13920,W,420,6654,303,690,69.67
1998,1998-01-16,1997-12-02,TRUE,San Pablo Bay and Carquinez Strait,138,NA,NA,NA,NA,NA,93,50780.826446281,57123.9669421488,9,1997-12-10,64700.826446281,8,13920,W,420,6654,303,690,69.67
1998,1998-01-16,1997-12-02,TRUE,South Delta,138,NA,NA,NA,NA,NA,93,50780.826446281,57123.9669421488,9,1997-12-10,64700.826446281,8,13920,W,420,6654,303,690,69.67
1998,1998-01-16,1997-12-02,TRUE,South Delta,138,2044.3333333333333,NA,NA,NA,NA,93,50780.826446281,57123.9669421488,9,1997-12-10,64700.826446281,8,13920,W,420,6654,303,690,69.67
1998,1998-01-16,1997-12-02,TRUE,Suisun Marsh and Montezuma Slough,138,NA,NA,NA,NA,NA,93,50780.826446281,57123.9669421488,9,1997-12-10,64700.826446281,8,13920,W,420,6654,303,690,69.67
1998,1998-01-16,1997-12-02,TRUE,Suisun and Honker Bays,138,NA,NA,NA,NA,NA,93,50780.826446281,57123.9669421488,9,1997-12-10,64700.826446281,8,13920,W,420,6654,303,690,69.67
1998,1998-01-16,1997-12-02,TRUE,NA,138,NA,NA,NA,NA,NA,93,50780.826446281,57123.9669421488,9,1997-12-10,64700.826446281,8,13920,W,420,6654,303,690,69.67
1998,1998-01-30,1997-12-02,TRUE,Cache Slough and Liberty Island,152,NA,NA,NA,NA,NA,93,50780.826446281,57123.9669421488,9,1997-12-10,64700.826446281,8,13920,W,420,6654,303,690,58.45
1998,1998-01-30,1997-12-02,TRUE,Confluence,152,NA,NA,NA,NA,NA,93,50780.826446281,57123.9669421488,9,1997-12-10,64700.826446281,8,13920,W,420,6654,303,690,58.45
1998,1998-01-30,1997-12-02,TRUE,Confluence,152,13822.22222222222,NA,NA,NA,NA,93,50780.826446281,57123.9669421488,9,1997-12-10,64700.826446281,8,13920,W,420,6654,303,690,58.45
1998,1998-01-30,1997-12-02,TRUE,North and South Forks Mokelumne River,152,NA,NA,NA,NA,NA,93,50780.826446281,57123.9669421488,9,1997-12-10,64700.826446281,8,13920,W,420,6654,303,690,58.45
1998,1998-01-30,1997-12-02,TRUE,Out of Bounds,152,NA,NA,NA,NA,-0.16666666666666607,93,50780.826446281,57123.9669421488,9,1997-12-10,64700.826446281,8,13920,W,420,6654,303,690,58.45
1998,1998-01-30,1997-12-02,TRUE,Out of Bounds,152,NA,NA,NA,NA,NA,93,50780.826446281,57123.9669421488,9,1997-12-10,64700.826446281,8,13920,W,420,6654,303,690,58.45
1998,1998-01-30,1997-12-02,TRUE,Sacramento River Deep Water Ship Channel,152,NA,NA,NA,NA,NA,93,50780.826446281,57123.9669421488,9,1997-12-10,64700.826446281,8,13920,W,420,6654,303,690,58.45
1998,1998-01-30,1997-12-02,TRUE,Sacramento River Mainstem,152,NA,NA,NA,NA,0.1999999999999993,93,50780.826446281,57123.9669421488,9,1997-12-10,64700.826446281,8,13920,W,420,6654,303,690,58.45
1998,1998-01-30,1997-12-02,TRUE,Sacramento River Mainstem,152,NA,NA,NA,NA,NA,93,50780.826446281,57123.9669421488,9,1997-12-10,64700.826446281,8,13920,W,420,6654,303,690,58.45
1998,1998-01-30,1997-12-02,TRUE,Sacramento River Mainstem,152,800,NA,NA,NA,NA,93,50780.826446281,57123.9669421488,9,1997-12-10,64700.826446281,8,13920,W,420,6654,303,690,58.45
1998,1998-01-30,1997-12-02,TRUE,San Pablo Bay and Carquinez Strait,152,NA,NA,NA,NA,0.18666666666666745,93,50780.826446281,57123.9669421488,9,1997-12-10,64700.826446281,8,13920,W,420,6654,303,690,58.45
1998,1998-01-30,1997-12-02,TRUE,San Pablo Bay and Carquinez Strait,152,NA,-452.66,NA,NA,NA,93,50780.826446281,57123.9669421488,9,1997-12-10,64700.826446281,8,13920,W,420,6654,303,690,58.45
1998,1998-01-30,1997-12-02,TRUE,San Pablo Bay and Carquinez Strait,152,NA,NA,NA,NA,NA,93,50780.826446281,57123.9669421488,9,1997-12-10,64700.826446281,8,13920,W,420,6654,303,690,58.45
1998,1998-01-30,1997-12-02,TRUE,South Delta,152,NA,NA,NA,NA,NA,93,50780.826446281,57123.9669421488,9,1997-12-10,64700.826446281,8,13920,W,420,6654,303,690,58.45
1998,1998-01-30,1997-12-02,TRUE,South Delta,152,86.26666666666665,NA,NA,NA,NA,93,50780.826446281,57123.9669421488,9,1997-12-10,64700.826446281,8,13920,W,420,6654,303,690,58.45
1998,1998-01-30,1997-12-02,TRUE,Suisun Marsh and Montezuma Slough,152,NA,NA,NA,NA,NA,93,50780.826446281,57123.9669421488,9,1997-12-10,64700.826446281,8,13920,W,420,6654,303,690,58.45
1998,1998-01-30,1997-12-02,TRUE,Suisun and Honker Bays,152,NA,NA,NA,NA,NA,93,50780.826446281,57123.9669421488,9,1997-12-10,64700.826446281,8,13920,W,420,6654,303,690,58.45
1998,1998-01-30,1997-12-02,TRUE,NA,152,NA,NA,NA,NA,NA,93,50780.826446281,57123.9669421488,9,1997-12-10,64700.826446281,8,13920,W,420,6654,303,690,58.45
1998,1998-02-03,1997-12-02,TRUE,Cache Slough and Liberty Island,156,NA,NA,NA,NA,NA,93,50780.826446281,57123.9669421488,9,1997-12-10,64700.826446281,8,13920,W,420,6654,303,690,56.03
1998,1998-02-03,1997-12-02,TRUE,Confluence,156,NA,NA,NA,NA,NA,93,50780.826446281,57123.9669421488,9,1997-12-10,64700.826446281,8,13920,W,420,6654,303,690,56.03
1998,1998-02-03,1997-12-02,TRUE,Confluence,156,56477.77777777778,NA,NA,NA,NA,93,50780.826446281,57123.9669421488,9,1997-12-10,64700.826446281,8,13920,W,420,6654,303,690,56.03
1998,1998-02-03,1997-12-02,TRUE,North and South Forks Mokelumne River,156,NA,NA,NA,NA,NA,93,50780.826446281,57123.9669421488,9,1997-12-10,64700.826446281,8,13920,W,420,6654,303,690,56.03
1998,1998-02-03,1997-12-02,TRUE,Out of Bounds,156,NA,NA,NA,NA,0.3333333333333339,93,50780.826446281,57123.9669421488,9,1997-12-10,64700.826446281,8,13920,W,420,6654,303,690,56.03
1998,1998-02-03,1997-12-02,TRUE,Out of Bounds,156,NA,NA,NA,NA,NA,93,50780.826446281,57123.9669421488,9,1997-12-10,64700.826446281,8,13920,W,420,6654,303,690,56.03
1998,1998-02-03,1997-12-02,TRUE,Sacramento River Deep Water Ship Channel,156,NA,NA,NA,NA,NA,93,50780.826446281,57123.9669421488,9,1997-12-10,64700.826446281,8,13920,W,420,6654,303,690,56.03
1998,1998-02-03,1997-12-02,TRUE,Sacramento River Mainstem,156,NA,NA,NA,NA,-0.2333333333333325,93,50780.826446281,57123.9669421488,9,1997-12-10,64700.826446281,8,13920,W,420,6654,303,690,56.03
1998,1998-02-03,1997-12-02,TRUE,Sacramento River Mainstem,156,NA,NA,NA,NA,NA,93,50780.826446281,57123.9669421488,9,1997-12-10,64700.826446281,8,13920,W,420,6654,303,690,56.03
1998,1998-02-03,1997-12-02,TRUE,Sacramento River Mainstem,156,6033.333333333336,NA,NA,NA,NA,93,50780.826446281,57123.9669421488,9,1997-12-10,64700.826446281,8,13920,W,420,6654,303,690,56.03
1998,1998-02-03,1997-12-02,TRUE,San Pablo Bay and Carquinez Strait,156,NA,NA,NA,NA,0.11999999999999922,93,50780.826446281,57123.9669421488,9,1997-12-10,64700.826446281,8,13920,W,420,6654,303,690,56.03
1998,1998-02-03,1997-12-02,TRUE,San Pablo Bay and Carquinez Strait,156,NA,18.70333333333332,NA,NA,NA,93,50780.826446281,57123.9669421488,9,1997-12-10,64700.826446281,8,13920,W,420,6654,303,690,56.03
1998,1998-02-03,1997-12-02,TRUE,San Pablo Bay and Carquinez Strait,156,NA,NA,NA,NA,NA,93,50780.826446281,57123.9669421488,9,1997-12-10,64700.826446281,8,13920,W,420,6654,303,690,56.03
1998,1998-02-03,1997-12-02,TRUE,South Delta,156,NA,NA,NA,NA,NA,93,50780.826446281,57123.9669421488,9,1997-12-10,64700.826446281,8,13920,W,420,6654,303,690,56.03
1998,1998-02-03,1997-12-02,TRUE,South Delta,156,3719.777777777778,NA,NA,NA,NA,93,50780.826446281,57123.9669421488,9,1997-12-10,64700.826446281,8,13920,W,420,6654,303,690,56.03
1998,1998-02-03,1997-12-02,TRUE,Suisun Marsh and Montezuma Slough,156,NA,NA,NA,NA,NA,93,50780.826446281,57123.9669421488,9,1997-12-10,64700.826446281,8,13920,W,420,6654,303,690,56.03
1998,1998-02-03,1997-12-02,TRUE,Suisun and Honker Bays,156,NA,NA,NA,NA,NA,93,50780.826446281,57123.9669421488,9,1997-12-10,64700.826446281,8,13920,W,420,6654,303,690,56.03
1998,1998-02-03,1997-12-02,TRUE,NA,156,NA,NA,NA,NA,NA,93,50780.826446281,57123.9669421488,9,1997-12-10,64700.826446281,8,13920,W,420,6654,303,690,56.03
1998,1998-02-15,1997-12-02,TRUE,Cache Slough and Liberty Island,168,NA,NA,NA,NA,NA,93,50780.826446281,57123.9669421488,9,1997-12-10,64700.826446281,8,13920,W,420,6654,303,690,47.2
1998,1998-02-15,1997-12-02,TRUE,Confluence,168,NA,NA,NA,NA,NA,93,50780.826446281,57123.9669421488,9,1997-12-10,64700.826446281,8,13920,W,420,6654,303,690,47.2
1998,1998-02-15,1997-12-02,TRUE,Confluence,168,-10011.111111111097,NA,NA,NA,NA,93,50780.826446281,57123.9669421488,9,1997-12-10,64700.826446281,8,13920,W,420,6654,303,690,47.2
1998,1998-02-15,1997-12-02,TRUE,North and South Forks Mokelumne River,168,NA,NA,NA,NA,NA,93,50780.826446281,57123.9669421488,9,1997-12-10,64700.826446281,8,13920,W,420,6654,303,690,47.2
1998,1998-02-15,1997-12-02,TRUE,Out of Bounds,168,NA,NA,NA,NA,-0.16666666666666607,93,50780.826446281,57123.9669421488,9,1997-12-10,64700.826446281,8,13920,W,420,6654,303,690,47.2
1998,1998-02-15,1997-12-02,TRUE,Out of Bounds,168,NA,NA,NA,NA,NA,93,50780.826446281,57123.9669421488,9,1997-12-10,64700.826446281,8,13920,W,420,6654,303,690,47.2
1998,1998-02-15,1997-12-02,TRUE,Sacramento River Deep Water Ship Channel,168,NA,NA,NA,NA,NA,93,50780.826446281,57123.9669421488,9,1997-12-10,64700.826446281,8,13920,W,420,6654,303,690,47.2
1998,1998-02-15,1997-12-02,TRUE,Sacramento River Mainstem,168,NA,NA,NA,NA,0.10000000000000142,93,50780.826446281,57123.9669421488,9,1997-12-10,64700.826446281,8,13920,W,420,6654,303,690,47.2
1998,1998-02-15,1997-12-02,TRUE,Sacramento River Mainstem,168,NA,NA,NA,NA,NA,93,50780.826446281,57123.9669421488,9,1997-12-10,64700.826446281,8,13920,W,420,6654,303,690,47.2
1998,1998-02-15,1997-12-02,TRUE,Sacramento River Mainstem,168,2200,NA,NA,NA,NA,93,50780.826446281,57123.9669421488,9,1997-12-10,64700.826446281,8,13920,W,420,6654,303,690,47.2
1998,1998-02-15,1997-12-02,TRUE,San Pablo Bay and Carquinez Strait,168,NA,NA,NA,NA,0.28999999999999915,93,50780.826446281,57123.9669421488,9,1997-12-10,64700.826446281,8,13920,W,420,6654,303,690,47.2
1998,1998-02-15,1997-12-02,TRUE,San Pablo Bay and Carquinez Strait,168,NA,-3.676666666666677,NA,NA,NA,93,50780.826446281,57123.9669421488,9,1997-12-10,64700.826446281,8,13920,W,420,6654,303,690,47.2
1998,1998-02-15,1997-12-02,TRUE,San Pablo Bay and Carquinez Strait,168,NA,NA,NA,NA,NA,93,50780.826446281,57123.9669421488,9,1997-12-10,64700.826446281,8,13920,W,420,6654,303,690,47.2
1998,1998-02-15,1997-12-02,TRUE,South Delta,168,NA,NA,NA,NA,NA,93,50780.826446281,57123.9669421488,9,1997-12-10,64700.826446281,8,13920,W,420,6654,303,690,47.2
1998,1998-02-15,1997-12-02,TRUE,South Delta,168,173.33333333333212,NA,NA,NA,NA,93,50780.826446281,57123.9669421488,9,1997-12-10,64700.826446281,8,13920,W,420,6654,303,690,47.2
1998,1998-02-15,1997-12-02,TRUE,Suisun Marsh and Montezuma Slough,168,NA,NA,NA,NA,NA,93,50780.826446281,57123.9669421488,9,1997-12-10,64700.826446281,8,13920,W,420,6654,303,690,47.2
1998,1998-02-15,1997-12-02,TRUE,Suisun and Honker Bays,168,NA,NA,NA,NA,NA,93,50780.826446281,57123.9669421488,9,1997-12-10,64700.826446281,8,13920,W,420,6654,303,690,47.2
1998,1998-02-15,1997-12-02,TRUE,NA,168,NA,NA,NA,NA,NA,93,50780.826446281,57123.9669421488,9,1997-12-10,64700.826446281,8,13920,W,420,6654,303,690,47.2
1998,1998-02-20,1997-12-02,TRUE,Cache Slough and Liberty Island,173,NA,NA,NA,NA,NA,93,50780.826446281,57123.9669421488,9,1997-12-10,64700.826446281,8,13920,W,420,6654,303,690,45.59
1998,1998-02-20,1997-12-02,TRUE,Confluence,173,NA,NA,NA,NA,NA,93,50780.826446281,57123.9669421488,9,1997-12-10,64700.826446281,8,13920,W,420,6654,303,690,45.59
1998,1998-02-20,1997-12-02,TRUE,Confluence,173,-8400,NA,NA,NA,NA,93,50780.826446281,57123.9669421488,9,1997-12-10,64700.826446281,8,13920,W,420,6654,303,690,45.59
1998,1998-02-20,1997-12-02,TRUE,North and South Forks Mokelumne River,173,NA,NA,NA,NA,NA,93,50780.826446281,57123.9669421488,9,1997-12-10,64700.826446281,8,13920,W,420,6654,303,690,45.59
1998,1998-02-20,1997-12-02,TRUE,Out of Bounds,173,NA,NA,NA,NA,-0.16666666666666785,93,50780.826446281,57123.9669421488,9,1997-12-10,64700.826446281,8,13920,W,420,6654,303,690,45.59
1998,1998-02-20,1997-12-02,TRUE,Out of Bounds,173,NA,NA,NA,NA,NA,93,50780.826446281,57123.9669421488,9,1997-12-10,64700.826446281,8,13920,W,420,6654,303,690,45.59
1998,1998-02-20,1997-12-02,TRUE,Sacramento River Deep Water Ship Channel,173,NA,NA,NA,NA,NA,93,50780.826446281,57123.9669421488,9,1997-12-10,64700.826446281,8,13920,W,420,6654,303,690,45.59
1998,1998-02-20,1997-12-02,TRUE,Sacramento River Mainstem,173,NA,NA,NA,NA,-0.29999999999999893,93,50780.826446281,57123.9669421488,9,1997-12-10,64700.826446281,8,13920,W,420,6654,303,690,45.59
1998,1998-02-20,1997-12-02,TRUE,Sacramento River Mainstem,173,NA,NA,NA,NA,NA,93,50780.826446281,57123.9669421488,9,1997-12-10,64700.826446281,8,13920,W,420,6654,303,690,45.59
1998,1998-02-20,1997-12-02,TRUE,Sacramento River Mainstem,173,-966.666666666668,NA,NA,NA,NA,93,50780.826446281,57123.9669421488,9,1997-12-10,64700.826446281,8,13920,W,420,6654,303,690,45.59
1998,1998-02-20,1997-12-02,TRUE,San Pablo Bay and Carquinez Strait,173,NA,NA,NA,NA,0.08000000000000007,93,50780.826446281,57123.9669421488,9,1997-12-10,64700.826446281,8,13920,W,420,6654,303,690,45.59
1998,1998-02-20,1997-12-02,TRUE,San Pablo Bay and Carquinez Strait,173,NA,-0.8766666666666367,NA,NA,NA,93,50780.826446281,57123.9669421488,9,1997-12-10,64700.826446281,8,13920,W,420,6654,303,690,45.59
1998,1998-02-20,1997-12-02,TRUE,San Pablo Bay and Carquinez Strait,173,NA,NA,NA,NA,NA,93,50780.826446281,57123.9669421488,9,1997-12-10,64700.826446281,8,13920,W,420,6654,303,690,45.59
1998,1998-02-20,1997-12-02,TRUE,South Delta,173,NA,NA,NA,NA,NA,93,50780.826446281,57123.9669421488,9,1997-12-10,64700.826446281,8,13920,W,420,6654,303,690,45.59
1998,1998-02-20,1997-12-02,TRUE,South Delta,173,-481.1111111111113,NA,NA,NA,NA,93,50780.826446281,57123.9669421488,9,1997-12-10,64700.826446281,8,13920,W,420,6654,303,690,45.59
1998,1998-02-20,1997-12-02,TRUE,Suisun Marsh and Montezuma Slough,173,NA,NA,NA,NA,NA,93,50780.826446281,57123.9669421488,9,1997-12-10,64700.826446281,8,13920,W,420,6654,303,690,45.59
1998,1998-02-20,1997-12-02,TRUE,Suisun and Honker Bays,173,NA,NA,NA,NA,NA,93,50780.826446281,57123.9669421488,9,1997-12-10,64700.826446281,8,13920,W,420,6654,303,690,45.59
1998,1998-02-20,1997-12-02,TRUE,NA,173,NA,NA,NA,NA,NA,93,50780.826446281,57123.9669421488,9,1997-12-10,64700.826446281,8,13920,W,420,6654,303,690,45.59
1998,1998-02-22,1997-12-02,TRUE,Cache Slough and Liberty Island,175,NA,NA,NA,NA,NA,93,50780.826446281,57123.9669421488,9,1997-12-10,64700.826446281,8,13920,W,420,6654,303,690,45.08
1998,1998-02-22,1997-12-02,TRUE,Confluence,175,NA,NA,NA,NA,NA,93,50780.826446281,57123.9669421488,9,1997-12-10,64700.826446281,8,13920,W,420,6654,303,690,45.08
1998,1998-02-22,1997-12-02,TRUE,Confluence,175,9500,NA,NA,NA,NA,93,50780.826446281,57123.9669421488,9,1997-12-10,64700.826446281,8,13920,W,420,6654,303,690,45.08
1998,1998-02-22,1997-12-02,TRUE,North and South Forks Mokelumne River,175,NA,NA,NA,NA,NA,93,50780.826446281,57123.9669421488,9,1997-12-10,64700.826446281,8,13920,W,420,6654,303,690,45.08
1998,1998-02-22,1997-12-02,TRUE,Out of Bounds,175,NA,NA,NA,NA,0,93,50780.826446281,57123.9669421488,9,1997-12-10,64700.826446281,8,13920,W,420,6654,303,690,45.08
1998,1998-02-22,1997-12-02,TRUE,Out of Bounds,175,NA,NA,NA,NA,NA,93,50780.826446281,57123.9669421488,9,1997-12-10,64700.826446281,8,13920,W,420,6654,303,690,45.08
1998,1998-02-22,1997-12-02,TRUE,Sacramento River Deep Water Ship Channel,175,NA,NA,NA,NA,NA,93,50780.826446281,57123.9669421488,9,1997-12-10,64700.826446281,8,13920,W,420,6654,303,690,45.08
1998,1998-02-22,1997-12-02,TRUE,Sacramento River Mainstem,175,NA,NA,NA,NA,-0.1999999999999993,93,50780.826446281,57123.9669421488,9,1997-12-10,64700.826446281,8,13920,W,420,6654,303,690,45.08
1998,1998-02-22,1997-12-02,TRUE,Sacramento River Mainstem,175,NA,NA,NA,NA,NA,93,50780.826446281,57123.9669421488,9,1997-12-10,64700.826446281,8,13920,W,420,6654,303,690,45.08
1998,1998-02-22,1997-12-02,TRUE,Sacramento River Mainstem,175,0,NA,NA,NA,NA,93,50780.826446281,57123.9669421488,9,1997-12-10,64700.826446281,8,13920,W,420,6654,303,690,45.08
1998,1998-02-22,1997-12-02,TRUE,San Pablo Bay and Carquinez Strait,175,NA,NA,NA,NA,-0.2666666666666657,93,50780.826446281,57123.9669421488,9,1997-12-10,64700.826446281,8,13920,W,420,6654,303,690,45.08
1998,1998-02-22,1997-12-02,TRUE,San Pablo Bay and Carquinez Strait,175,NA,33.43333333333331,NA,NA,NA,93,50780.826446281,57123.9669421488,9,1997-12-10,64700.826446281,8,13920,W,420,6654,303,690,45.08
1998,1998-02-22,1997-12-02,TRUE,San Pablo Bay and Carquinez Strait,175,NA,NA,NA,NA,NA,93,50780.826446281,57123.9669421488,9,1997-12-10,64700.826446281,8,13920,W,420,6654,303,690,45.08
1998,1998-02-22,1997-12-02,TRUE,South Delta,175,NA,NA,NA,NA,NA,93,50780.826446281,57123.9669421488,9,1997-12-10,64700.826446281,8,13920,W,420,6654,303,690,45.08
1998,1998-02-22,1997-12-02,TRUE,South Delta,175,-141.1111111111104,NA,NA,NA,NA,93,50780.826446281,57123.9669421488,9,1997-12-10,64700.826446281,8,13920,W,420,6654,303,690,45.08
1998,1998-02-22,1997-12-02,TRUE,Suisun Marsh and Montezuma Slough,175,NA,NA,NA,NA,NA,93,50780.826446281,57123.9669421488,9,1997-12-10,64700.826446281,8,13920,W,420,6654,303,690,45.08
1998,1998-02-22,1997-12-02,TRUE,Suisun and Honker Bays,175,NA,NA,NA,NA,NA,93,50780.826446281,57123.9669421488,9,1997-12-10,64700.826446281,8,13920,W,420,6654,303,690,45.08
1998,1998-02-22,1997-12-02,TRUE,NA,175,NA,NA,NA,NA,NA,93,50780.826446281,57123.9669421488,9,1997-12-10,64700.826446281,8,13920,W,420,6654,303,690,45.08
1998,1998-03-24,1997-12-02,TRUE,Cache Slough and Liberty Island,205,NA,NA,NA,NA,NA,93,50780.826446281,57123.9669421488,9,1997-12-10,64700.826446281,8,13920,W,420,6654,303,690,49.41
1998,1998-03-24,1997-12-02,TRUE,Confluence,205,NA,NA,NA,NA,NA,93,50780.826446281,57123.9669421488,9,1997-12-10,64700.826446281,8,13920,W,420,6654,303,690,49.41
1998,1998-03-24,1997-12-02,TRUE,Confluence,205,13200,NA,NA,NA,NA,93,50780.826446281,57123.9669421488,9,1997-12-10,64700.826446281,8,13920,W,420,6654,303,690,49.41
1998,1998-03-24,1997-12-02,TRUE,North and South Forks Mokelumne River,205,NA,NA,NA,NA,NA,93,50780.826446281,57123.9669421488,9,1997-12-10,64700.826446281,8,13920,W,420,6654,303,690,49.41
1998,1998-03-24,1997-12-02,TRUE,Out of Bounds,205,NA,NA,NA,NA,0,93,50780.826446281,57123.9669421488,9,1997-12-10,64700.826446281,8,13920,W,420,6654,303,690,49.41
1998,1998-03-24,1997-12-02,TRUE,Out of Bounds,205,NA,NA,NA,NA,NA,93,50780.826446281,57123.9669421488,9,1997-12-10,64700.826446281,8,13920,W,420,6654,303,690,49.41
1998,1998-03-24,1997-12-02,TRUE,Sacramento River Deep Water Ship Channel,205,NA,NA,NA,NA,NA,93,50780.826446281,57123.9669421488,9,1997-12-10,64700.826446281,8,13920,W,420,6654,303,690,49.41
1998,1998-03-24,1997-12-02,TRUE,Sacramento River Mainstem,205,NA,NA,NA,NA,0.06666666666666643,93,50780.826446281,57123.9669421488,9,1997-12-10,64700.826446281,8,13920,W,420,6654,303,690,49.41
1998,1998-03-24,1997-12-02,TRUE,Sacramento River Mainstem,205,NA,NA,NA,NA,NA,93,50780.826446281,57123.9669421488,9,1997-12-10,64700.826446281,8,13920,W,420,6654,303,690,49.41
1998,1998-03-24,1997-12-02,TRUE,Sacramento River Mainstem,205,4733.333333333336,NA,NA,NA,NA,93,50780.826446281,57123.9669421488,9,1997-12-10,64700.826446281,8,13920,W,420,6654,303,690,49.41
1998,1998-03-24,1997-12-02,TRUE,San Pablo Bay and Carquinez Strait,205,NA,NA,NA,NA,0.7899999999999991,93,50780.826446281,57123.9669421488,9,1997-12-10,64700.826446281,8,13920,W,420,6654,303,690,49.41
1998,1998-03-24,1997-12-02,TRUE,San Pablo Bay and Carquinez Strait,205,NA,-870.4466666666669,NA,NA,NA,93,50780.826446281,57123.9669421488,9,1997-12-10,64700.826446281,8,13920,W,420,6654,303,690,49.41
1998,1998-03-24,1997-12-02,TRUE,San Pablo Bay and Carquinez Strait,205,NA,NA,NA,NA,NA,93,50780.826446281,57123.9669421488,9,1997-12-10,64700.826446281,8,13920,W,420,6654,303,690,49.41
1998,1998-03-24,1997-12-02,TRUE,South Delta,205,NA,NA,NA,NA,NA,93,50780.826446281,57123.9669421488,9,1997-12-10,64700.826446281,8,13920,W,420,6654,303,690,49.41
1998,1998-03-24,1997-12-02,TRUE,South Delta,205,-601.1111111111113,NA,NA,NA,NA,93,50780.826446281,57123.9669421488,9,1997-12-10,64700.826446281,8,13920,W,420,6654,303,690,49.41
1998,1998-03-24,1997-12-02,TRUE,Suisun Marsh and Montezuma Slough,205,NA,NA,NA,NA,NA,93,50780.826446281,57123.9669421488,9,1997-12-10,64700.826446281,8,13920,W,420,6654,303,690,49.41
1998,1998-03-24,1997-12-02,TRUE,Suisun and Honker Bays,205,NA,NA,NA,NA,NA,93,50780.826446281,57123.9669421488,9,1997-12-10,64700.826446281,8,13920,W,420,6654,303,690,49.41
1998,1998-03-24,1997-12-02,TRUE,NA,205,NA,NA,NA,NA,NA,93,50780.826446281,57123.9669421488,9,1997-12-10,64700.826446281,8,13920,W,420,6654,303,690,49.41
1998,1998-05-30,1997-12-02,TRUE,Cache Slough and Liberty Island,272,NA,NA,NA,NA,NA,93,50780.826446281,57123.9669421488,9,1997-12-10,64700.826446281,8,13920,W,420,6654,303,690,53.95
1998,1998-05-30,1997-12-02,TRUE,Confluence,272,NA,NA,NA,NA,NA,93,50780.826446281,57123.9669421488,9,1997-12-10,64700.826446281,8,13920,W,420,6654,303,690,53.95
1998,1998-05-30,1997-12-02,TRUE,Confluence,272,8811.11111111111,NA,NA,NA,NA,93,50780.826446281,57123.9669421488,9,1997-12-10,64700.826446281,8,13920,W,420,6654,303,690,53.95
1998,1998-05-30,1997-12-02,TRUE,North and South Forks Mokelumne River,272,NA,NA,NA,NA,NA,93,50780.826446281,57123.9669421488,9,1997-12-10,64700.826446281,8,13920,W,420,6654,303,690,53.95
1998,1998-05-30,1997-12-02,TRUE,Out of Bounds,272,NA,NA,NA,NA,1.333333333333332,93,50780.826446281,57123.9669421488,9,1997-12-10,64700.826446281,8,13920,W,420,6654,303,690,53.95
1998,1998-05-30,1997-12-02,TRUE,Out of Bounds,272,NA,NA,NA,NA,NA,93,50780.826446281,57123.9669421488,9,1997-12-10,64700.826446281,8,13920,W,420,6654,303,690,53.95
1998,1998-05-30,1997-12-02,TRUE,Sacramento River Deep Water Ship Channel,272,NA,NA,NA,NA,NA,93,50780.826446281,57123.9669421488,9,1997-12-10,64700.826446281,8,13920,W,420,6654,303,690,53.95
1998,1998-05-30,1997-12-02,TRUE,Sacramento River Mainstem,272,NA,NA,NA,NA,0.3000000000000007,93,50780.826446281,57123.9669421488,9,1997-12-10,64700.826446281,8,13920,W,420,6654,303,690,53.95
1998,1998-05-30,1997-12-02,TRUE,Sacramento River Mainstem,272,NA,NA,NA,NA,NA,93,50780.826446281,57123.9669421488,9,1997-12-10,64700.826446281,8,13920,W,420,6654,303,690,53.95
1998,1998-05-30,1997-12-02,TRUE,Sacramento River Mainstem,272,NA,NA,NA,NA,NA,93,50780.826446281,57123.9669421488,9,1997-12-10,64700.826446281,8,13920,W,420,6654,303,690,53.95
1998,1998-05-30,1997-12-02,TRUE,San Pablo Bay and Carquinez Strait,272,NA,NA,NA,NA,0.22999999999999865,93,50780.826446281,57123.9669421488,9,1997-12-10,64700.826446281,8,13920,W,420,6654,303,690,53.95
1998,1998-05-30,1997-12-02,TRUE,San Pablo Bay and Carquinez Strait,272,NA,1025.7866666666669,NA,NA,NA,93,50780.826446281,57123.9669421488,9,1997-12-10,64700.826446281,8,13920,W,420,6654,303,690,53.95
1998,1998-05-30,1997-12-02,TRUE,San Pablo Bay and Carquinez Strait,272,NA,NA,NA,NA,NA,93,50780.826446281,57123.9669421488,9,1997-12-10,64700.826446281,8,13920,W,420,6654,303,690,53.95
1998,1998-05-30,1997-12-02,TRUE,South Delta,272,NA,NA,NA,NA,NA,93,50780.826446281,57123.9669421488,9,1997-12-10,64700.826446281,8,13920,W,420,6654,303,690,53.95
1998,1998-05-30,1997-12-02,TRUE,South Delta,272,906.6666666666664,NA,NA,NA,NA,93,50780.826446281,57123.9669421488,9,1997-12-10,64700.826446281,8,13920,W,420,6654,303,690,53.95
1998,1998-05-30,1997-12-02,TRUE,Suisun Marsh and Montezuma Slough,272,NA,NA,NA,NA,NA,93,50780.826446281,57123.9669421488,9,1997-12-10,64700.826446281,8,13920,W,420,6654,303,690,53.95
1998,1998-05-30,1997-12-02,TRUE,Suisun and Honker Bays,272,NA,NA,NA,NA,NA,93,50780.826446281,57123.9669421488,9,1997-12-10,64700.826446281,8,13920,W,420,6654,303,690,53.95
1998,1998-05-30,1997-12-02,TRUE,NA,272,NA,NA,NA,NA,NA,93,50780.826446281,57123.9669421488,9,1997-12-10,64700.826446281,8,13920,W,420,6654,303,690,53.95
1999,1998-12-02,1998-12-02,FALSE,Cache Slough and Liberty Island,93,NA,NA,NA,NA,NA,93,71584.7933884298,101512.727272727,3,1998-12-08,126981.818181818,6,55397.0247933884,W,864,5243,420,6654,67.12
1999,1998-12-02,1998-12-02,FALSE,Confluence,93,NA,NA,NA,NA,NA,93,71584.7933884298,101512.727272727,3,1998-12-08,126981.818181818,6,55397.0247933884,W,864,5243,420,6654,67.12
1999,1998-12-02,1998-12-02,FALSE,Confluence,93,7228.888888888891,NA,NA,NA,NA,93,71584.7933884298,101512.727272727,3,1998-12-08,126981.818181818,6,55397.0247933884,W,864,5243,420,6654,67.12
1999,1998-12-02,1998-12-02,FALSE,North and South Forks Mokelumne River,93,NA,NA,NA,NA,NA,93,71584.7933884298,101512.727272727,3,1998-12-08,126981.818181818,6,55397.0247933884,W,864,5243,420,6654,67.12
1999,1998-12-02,1998-12-02,FALSE,Out of Bounds,93,NA,NA,NA,NA,NA,93,71584.7933884298,101512.727272727,3,1998-12-08,126981.818181818,6,55397.0247933884,W,864,5243,420,6654,67.12
1999,1998-12-02,1998-12-02,FALSE,Sacramento River Deep Water Ship Channel,93,NA,NA,NA,NA,NA,93,71584.7933884298,101512.727272727,3,1998-12-08,126981.818181818,6,55397.0247933884,W,864,5243,420,6654,67.12
1999,1998-12-02,1998-12-02,FALSE,Sacramento River Mainstem,93,NA,NA,NA,NA,-0.5,93,71584.7933884298,101512.727272727,3,1998-12-08,126981.818181818,6,55397.0247933884,W,864,5243,420,6654,67.12
1999,1998-12-02,1998-12-02,FALSE,Sacramento River Mainstem,93,NA,NA,NA,NA,NA,93,71584.7933884298,101512.727272727,3,1998-12-08,126981.818181818,6,55397.0247933884,W,864,5243,420,6654,67.12
1999,1998-12-02,1998-12-02,FALSE,Sacramento River Mainstem,93,5333.333333333334,NA,NA,NA,NA,93,71584.7933884298,101512.727272727,3,1998-12-08,126981.818181818,6,55397.0247933884,W,864,5243,420,6654,67.12
1999,1998-12-02,1998-12-02,FALSE,San Pablo Bay and Carquinez Strait,93,NA,NA,NA,NA,-0.3066666666666684,93,71584.7933884298,101512.727272727,3,1998-12-08,126981.818181818,6,55397.0247933884,W,864,5243,420,6654,67.12
1999,1998-12-02,1998-12-02,FALSE,San Pablo Bay and Carquinez Strait,93,NA,-5363.1,NA,NA,NA,93,71584.7933884298,101512.727272727,3,1998-12-08,126981.818181818,6,55397.0247933884,W,864,5243,420,6654,67.12
1999,1998-12-02,1998-12-02,FALSE,San Pablo Bay and Carquinez Strait,93,NA,NA,NA,NA,NA,93,71584.7933884298,101512.727272727,3,1998-12-08,126981.818181818,6,55397.0247933884,W,864,5243,420,6654,67.12
1999,1998-12-02,1998-12-02,FALSE,South Delta,93,NA,NA,NA,NA,NA,93,71584.7933884298,101512.727272727,3,1998-12-08,126981.818181818,6,55397.0247933884,W,864,5243,420,6654,67.12
1999,1998-12-02,1998-12-02,FALSE,South Delta,93,351.96666666666664,NA,NA,NA,NA,93,71584.7933884298,101512.727272727,3,1998-12-08,126981.818181818,6,55397.0247933884,W,864,5243,420,6654,67.12
1999,1998-12-02,1998-12-02,FALSE,Suisun Marsh and Montezuma Slough,93,NA,NA,NA,NA,-0.42888888888888665,93,71584.7933884298,101512.727272727,3,1998-12-08,126981.818181818,6,55397.0247933884,W,864,5243,420,6654,67.12
1999,1998-12-02,1998-12-02,FALSE,Suisun Marsh and Montezuma Slough,93,NA,-366.8866666666668,NA,NA,NA,93,71584.7933884298,101512.727272727,3,1998-12-08,126981.818181818,6,55397.0247933884,W,864,5243,420,6654,67.12
1999,1998-12-02,1998-12-02,FALSE,Suisun Marsh and Montezuma Slough,93,NA,NA,NA,NA,NA,93,71584.7933884298,101512.727272727,3,1998-12-08,126981.818181818,6,55397.0247933884,W,864,5243,420,6654,67.12
1999,1998-12-02,1998-12-02,FALSE,Suisun and Honker Bays,93,NA,NA,NA,NA,NA,93,71584.7933884298,101512.727272727,3,1998-12-08,126981.818181818,6,55397.0247933884,W,864,5243,420,6654,67.12
1999,1998-12-02,1998-12-02,FALSE,NA,93,NA,NA,NA,NA,NA,93,71584.7933884298,101512.727272727,3,1998-12-08,126981.818181818,6,55397.0247933884,W,864,5243,420,6654,67.12
1999,1999-01-20,1998-12-02,TRUE,Cache Slough and Liberty Island,142,NA,NA,NA,NA,NA,93,71584.7933884298,101512.727272727,3,1998-12-08,126981.818181818,6,55397.0247933884,W,864,5243,420,6654,65.99
1999,1999-01-20,1998-12-02,TRUE,Confluence,142,NA,NA,NA,NA,NA,93,71584.7933884298,101512.727272727,3,1998-12-08,126981.818181818,6,55397.0247933884,W,864,5243,420,6654,65.99
1999,1999-01-20,1998-12-02,TRUE,Confluence,142,24066.666666666664,NA,NA,NA,NA,93,71584.7933884298,101512.727272727,3,1998-12-08,126981.818181818,6,55397.0247933884,W,864,5243,420,6654,65.99
1999,1999-01-20,1998-12-02,TRUE,North and South Forks Mokelumne River,142,NA,NA,NA,NA,NA,93,71584.7933884298,101512.727272727,3,1998-12-08,126981.818181818,6,55397.0247933884,W,864,5243,420,6654,65.99
1999,1999-01-20,1998-12-02,TRUE,Out of Bounds,142,NA,NA,NA,NA,NA,93,71584.7933884298,101512.727272727,3,1998-12-08,126981.818181818,6,55397.0247933884,W,864,5243,420,6654,65.99
1999,1999-01-20,1998-12-02,TRUE,Sacramento River Deep Water Ship Channel,142,NA,NA,NA,NA,NA,93,71584.7933884298,101512.727272727,3,1998-12-08,126981.818181818,6,55397.0247933884,W,864,5243,420,6654,65.99
1999,1999-01-20,1998-12-02,TRUE,Sacramento River Mainstem,142,NA,NA,NA,NA,0.13333333333333464,93,71584.7933884298,101512.727272727,3,1998-12-08,126981.818181818,6,55397.0247933884,W,864,5243,420,6654,65.99
1999,1999-01-20,1998-12-02,TRUE,Sacramento River Mainstem,142,NA,NA,NA,NA,NA,93,71584.7933884298,101512.727272727,3,1998-12-08,126981.818181818,6,55397.0247933884,W,864,5243,420,6654,65.99
1999,1999-01-20,1998-12-02,TRUE,Sacramento River Mainstem,142,11010,NA,NA,NA,NA,93,71584.7933884298,101512.727272727,3,1998-12-08,126981.818181818,6,55397.0247933884,W,864,5243,420,6654,65.99
1999,1999-01-20,1998-12-02,TRUE,San Pablo Bay and Carquinez Strait,142,NA,NA,NA,NA,0.413333333333334,93,71584.7933884298,101512.727272727,3,1998-12-08,126981.818181818,6,55397.0247933884,W,864,5243,420,6654,65.99
1999,1999-01-20,1998-12-02,TRUE,San Pablo Bay and Carquinez Strait,142,NA,-3507.6399999999994,NA,NA,NA,93,71584.7933884298,101512.727272727,3,1998-12-08,126981.818181818,6,55397.0247933884,W,864,5243,420,6654,65.99
1999,1999-01-20,1998-12-02,TRUE,San Pablo Bay and Carquinez Strait,142,NA,NA,NA,NA,NA,93,71584.7933884298,101512.727272727,3,1998-12-08,126981.818181818,6,55397.0247933884,W,864,5243,420,6654,65.99
1999,1999-01-20,1998-12-02,TRUE,South Delta,142,NA,NA,NA,NA,NA,93,71584.7933884298,101512.727272727,3,1998-12-08,126981.818181818,6,55397.0247933884,W,864,5243,420,6654,65.99
1999,1999-01-20,1998-12-02,TRUE,South Delta,142,593.0000000000001,NA,NA,NA,NA,93,71584.7933884298,101512.727272727,3,1998-12-08,126981.818181818,6,55397.0247933884,W,864,5243,420,6654,65.99
1999,1999-01-20,1998-12-02,TRUE,Suisun Marsh and Montezuma Slough,142,NA,NA,NA,NA,1.2955555555555556,93,71584.7933884298,101512.727272727,3,1998-12-08,126981.818181818,6,55397.0247933884,W,864,5243,420,6654,65.99
1999,1999-01-20,1998-12-02,TRUE,Suisun Marsh and Montezuma Slough,142,NA,-670.1983333333333,NA,NA,NA,93,71584.7933884298,101512.727272727,3,1998-12-08,126981.818181818,6,55397.0247933884,W,864,5243,420,6654,65.99
1999,1999-01-20,1998-12-02,TRUE,Suisun Marsh and Montezuma Slough,142,NA,NA,NA,NA,NA,93,71584.7933884298,101512.727272727,3,1998-12-08,126981.818181818,6,55397.0247933884,W,864,5243,420,6654,65.99
1999,1999-01-20,1998-12-02,TRUE,Suisun and Honker Bays,142,NA,NA,NA,NA,NA,93,71584.7933884298,101512.727272727,3,1998-12-08,126981.818181818,6,55397.0247933884,W,864,5243,420,6654,65.99
1999,1999-01-20,1998-12-02,TRUE,NA,142,NA,NA,NA,NA,NA,93,71584.7933884298,101512.727272727,3,1998-12-08,126981.818181818,6,55397.0247933884,W,864,5243,420,6654,65.99
1999,1999-02-07,1998-12-02,TRUE,Cache Slough and Liberty Island,160,NA,NA,NA,NA,NA,93,71584.7933884298,101512.727272727,3,1998-12-08,126981.818181818,6,55397.0247933884,W,864,5243,420,6654,59.89
1999,1999-02-07,1998-12-02,TRUE,Confluence,160,NA,NA,NA,NA,NA,93,71584.7933884298,101512.727272727,3,1998-12-08,126981.818181818,6,55397.0247933884,W,864,5243,420,6654,59.89
1999,1999-02-07,1998-12-02,TRUE,Confluence,160,17222.22222222222,NA,NA,NA,NA,93,71584.7933884298,101512.727272727,3,1998-12-08,126981.818181818,6,55397.0247933884,W,864,5243,420,6654,59.89
1999,1999-02-07,1998-12-02,TRUE,North and South Forks Mokelumne River,160,NA,NA,NA,NA,NA,93,71584.7933884298,101512.727272727,3,1998-12-08,126981.818181818,6,55397.0247933884,W,864,5243,420,6654,59.89
1999,1999-02-07,1998-12-02,TRUE,Out of Bounds,160,NA,NA,NA,NA,NA,93,71584.7933884298,101512.727272727,3,1998-12-08,126981.818181818,6,55397.0247933884,W,864,5243,420,6654,59.89
1999,1999-02-07,1998-12-02,TRUE,Sacramento River Deep Water Ship Channel,160,NA,NA,NA,NA,NA,93,71584.7933884298,101512.727272727,3,1998-12-08,126981.818181818,6,55397.0247933884,W,864,5243,420,6654,59.89
1999,1999-02-07,1998-12-02,TRUE,Sacramento River Mainstem,160,NA,NA,NA,NA,0.06666666666666643,93,71584.7933884298,101512.727272727,3,1998-12-08,126981.818181818,6,55397.0247933884,W,864,5243,420,6654,59.89
1999,1999-02-07,1998-12-02,TRUE,Sacramento River Mainstem,160,NA,NA,NA,NA,NA,93,71584.7933884298,101512.727272727,3,1998-12-08,126981.818181818,6,55397.0247933884,W,864,5243,420,6654,59.89
1999,1999-02-07,1998-12-02,TRUE,Sacramento River Mainstem,160,8200,NA,NA,NA,NA,93,71584.7933884298,101512.727272727,3,1998-12-08,126981.818181818,6,55397.0247933884,W,864,5243,420,6654,59.89
1999,1999-02-07,1998-12-02,TRUE,San Pablo Bay and Carquinez Strait,160,NA,NA,NA,NA,0.3500000000000014,93,71584.7933884298,101512.727272727,3,1998-12-08,126981.818181818,6,55397.0247933884,W,864,5243,420,6654,59.89
1999,1999-02-07,1998-12-02,TRUE,San Pablo Bay and Carquinez Strait,160,NA,-1168.6133333333328,NA,NA,NA,93,71584.7933884298,101512.727272727,3,1998-12-08,126981.818181818,6,55397.0247933884,W,864,5243,420,6654,59.89
1999,1999-02-07,1998-12-02,TRUE,San Pablo Bay and Carquinez Strait,160,NA,NA,NA,NA,NA,93,71584.7933884298,101512.727272727,3,1998-12-08,126981.818181818,6,55397.0247933884,W,864,5243,420,6654,59.89
1999,1999-02-07,1998-12-02,TRUE,South Delta,160,NA,NA,NA,NA,NA,93,71584.7933884298,101512.727272727,3,1998-12-08,126981.818181818,6,55397.0247933884,W,864,5243,420,6654,59.89
1999,1999-02-07,1998-12-02,TRUE,South Delta,160,242.1,NA,NA,NA,NA,93,71584.7933884298,101512.727272727,3,1998-12-08,126981.818181818,6,55397.0247933884,W,864,5243,420,6654,59.89
1999,1999-02-07,1998-12-02,TRUE,Suisun Marsh and Montezuma Slough,160,NA,NA,NA,NA,0.39333333333333265,93,71584.7933884298,101512.727272727,3,1998-12-08,126981.818181818,6,55397.0247933884,W,864,5243,420,6654,59.89
1999,1999-02-07,1998-12-02,TRUE,Suisun Marsh and Montezuma Slough,160,NA,-106.30999999999996,NA,NA,NA,93,71584.7933884298,101512.727272727,3,1998-12-08,126981.818181818,6,55397.0247933884,W,864,5243,420,6654,59.89
1999,1999-02-07,1998-12-02,TRUE,Suisun Marsh and Montezuma Slough,160,NA,NA,NA,NA,NA,93,71584.7933884298,101512.727272727,3,1998-12-08,126981.818181818,6,55397.0247933884,W,864,5243,420,6654,59.89
1999,1999-02-07,1998-12-02,TRUE,Suisun and Honker Bays,160,NA,NA,NA,NA,NA,93,71584.7933884298,101512.727272727,3,1998-12-08,126981.818181818,6,55397.0247933884,W,864,5243,420,6654,59.89
1999,1999-02-07,1998-12-02,TRUE,NA,160,NA,NA,NA,NA,NA,93,71584.7933884298,101512.727272727,3,1998-12-08,126981.818181818,6,55397.0247933884,W,864,5243,420,6654,59.89
1999,1999-02-18,1998-12-02,TRUE,Cache Slough and Liberty Island,171,NA,NA,NA,NA,NA,93,71584.7933884298,101512.727272727,3,1998-12-08,126981.818181818,6,55397.0247933884,W,864,5243,420,6654,54.45
1999,1999-02-18,1998-12-02,TRUE,Confluence,171,NA,NA,NA,NA,NA,93,71584.7933884298,101512.727272727,3,1998-12-08,126981.818181818,6,55397.0247933884,W,864,5243,420,6654,54.45
1999,1999-02-18,1998-12-02,TRUE,Confluence,171,5222.222222222226,NA,NA,NA,NA,93,71584.7933884298,101512.727272727,3,1998-12-08,126981.818181818,6,55397.0247933884,W,864,5243,420,6654,54.45
1999,1999-02-18,1998-12-02,TRUE,North and South Forks Mokelumne River,171,NA,NA,NA,NA,NA,93,71584.7933884298,101512.727272727,3,1998-12-08,126981.818181818,6,55397.0247933884,W,864,5243,420,6654,54.45
1999,1999-02-18,1998-12-02,TRUE,Out of Bounds,171,NA,NA,NA,NA,NA,93,71584.7933884298,101512.727272727,3,1998-12-08,126981.818181818,6,55397.0247933884,W,864,5243,420,6654,54.45
1999,1999-02-18,1998-12-02,TRUE,Sacramento River Deep Water Ship Channel,171,NA,NA,NA,NA,NA,93,71584.7933884298,101512.727272727,3,1998-12-08,126981.818181818,6,55397.0247933884,W,864,5243,420,6654,54.45
1999,1999-02-18,1998-12-02,TRUE,Sacramento River Mainstem,171,NA,NA,NA,NA,0.4333333333333336,93,71584.7933884298,101512.727272727,3,1998-12-08,126981.818181818,6,55397.0247933884,W,864,5243,420,6654,54.45
1999,1999-02-18,1998-12-02,TRUE,Sacramento River Mainstem,171,NA,NA,NA,NA,NA,93,71584.7933884298,101512.727272727,3,1998-12-08,126981.818181818,6,55397.0247933884,W,864,5243,420,6654,54.45
1999,1999-02-18,1998-12-02,TRUE,Sacramento River Mainstem,171,3633.333333333332,NA,NA,NA,NA,93,71584.7933884298,101512.727272727,3,1998-12-08,126981.818181818,6,55397.0247933884,W,864,5243,420,6654,54.45
1999,1999-02-18,1998-12-02,TRUE,San Pablo Bay and Carquinez Strait,171,NA,NA,NA,NA,NA,93,71584.7933884298,101512.727272727,3,1998-12-08,126981.818181818,6,55397.0247933884,W,864,5243,420,6654,54.45
1999,1999-02-18,1998-12-02,TRUE,San Pablo Bay and Carquinez Strait,171,NA,NA,NA,NA,NA,93,71584.7933884298,101512.727272727,3,1998-12-08,126981.818181818,6,55397.0247933884,W,864,5243,420,6654,54.45
1999,1999-02-18,1998-12-02,TRUE,San Pablo Bay and Carquinez Strait,171,NA,NA,NA,NA,NA,93,71584.7933884298,101512.727272727,3,1998-12-08,126981.818181818,6,55397.0247933884,W,864,5243,420,6654,54.45
1999,1999-02-18,1998-12-02,TRUE,South Delta,171,NA,NA,NA,NA,NA,93,71584.7933884298,101512.727272727,3,1998-12-08,126981.818181818,6,55397.0247933884,W,864,5243,420,6654,54.45
1999,1999-02-18,1998-12-02,TRUE,South Delta,171,-286.6666666666665,NA,NA,NA,NA,93,71584.7933884298,101512.727272727,3,1998-12-08,126981.818181818,6,55397.0247933884,W,864,5243,420,6654,54.45
1999,1999-02-18,1998-12-02,TRUE,Suisun Marsh and Montezuma Slough,171,NA,NA,NA,NA,0.45222222222222186,93,71584.7933884298,101512.727272727,3,1998-12-08,126981.818181818,6,55397.0247933884,W,864,5243,420,6654,54.45
1999,1999-02-18,1998-12-02,TRUE,Suisun Marsh and Montezuma Slough,171,NA,8.023333333333312,NA,NA,NA,93,71584.7933884298,101512.727272727,3,1998-12-08,126981.818181818,6,55397.0247933884,W,864,5243,420,6654,54.45
1999,1999-02-18,1998-12-02,TRUE,Suisun Marsh and Montezuma Slough,171,NA,NA,NA,NA,NA,93,71584.7933884298,101512.727272727,3,1998-12-08,126981.818181818,6,55397.0247933884,W,864,5243,420,6654,54.45
1999,1999-02-18,1998-12-02,TRUE,Suisun and Honker Bays,171,NA,NA,NA,NA,NA,93,71584.7933884298,101512.727272727,3,1998-12-08,126981.818181818,6,55397.0247933884,W,864,5243,420,6654,54.45
1999,1999-02-18,1998-12-02,TRUE,NA,171,NA,NA,NA,NA,NA,93,71584.7933884298,101512.727272727,3,1998-12-08,126981.818181818,6,55397.0247933884,W,864,5243,420,6654,54.45
2000,2000-01-25,2000-01-25,FALSE,Cache Slough and Liberty Island,147,NA,NA,NA,NA,NA,147,55519.3388429752,98608.9256198347,3,2000-01-26,104931.570247934,1,49412.2314049587,AN,756,3437,864,5243,74.42
2000,2000-01-25,2000-01-25,FALSE,Confluence,147,NA,NA,NA,NA,NA,147,55519.3388429752,98608.9256198347,3,2000-01-26,104931.570247934,1,49412.2314049587,AN,756,3437,864,5243,74.42
2000,2000-01-25,2000-01-25,FALSE,Confluence,147,11221.111111111111,NA,NA,NA,NA,147,55519.3388429752,98608.9256198347,3,2000-01-26,104931.570247934,1,49412.2314049587,AN,756,3437,864,5243,74.42
2000,2000-01-25,2000-01-25,FALSE,North and South Forks Mokelumne River,147,NA,NA,NA,NA,NA,147,55519.3388429752,98608.9256198347,3,2000-01-26,104931.570247934,1,49412.2314049587,AN,756,3437,864,5243,74.42
2000,2000-01-25,2000-01-25,FALSE,Out of Bounds,147,NA,NA,NA,NA,NA,147,55519.3388429752,98608.9256198347,3,2000-01-26,104931.570247934,1,49412.2314049587,AN,756,3437,864,5243,74.42
2000,2000-01-25,2000-01-25,FALSE,Sacramento River Deep Water Ship Channel,147,NA,NA,NA,NA,NA,147,55519.3388429752,98608.9256198347,3,2000-01-26,104931.570247934,1,49412.2314049587,AN,756,3437,864,5243,74.42
2000,2000-01-25,2000-01-25,FALSE,Sacramento River Mainstem,147,NA,NA,NA,NA,NA,147,55519.3388429752,98608.9256198347,3,2000-01-26,104931.570247934,1,49412.2314049587,AN,756,3437,864,5243,74.42
2000,2000-01-25,2000-01-25,FALSE,Sacramento River Mainstem,147,7800.000000000002,NA,NA,NA,NA,147,55519.3388429752,98608.9256198347,3,2000-01-26,104931.570247934,1,49412.2314049587,AN,756,3437,864,5243,74.42
2000,2000-01-25,2000-01-25,FALSE,San Pablo Bay and Carquinez Strait,147,NA,NA,NA,NA,0.09333333333333373,147,55519.3388429752,98608.9256198347,3,2000-01-26,104931.570247934,1,49412.2314049587,AN,756,3437,864,5243,74.42
2000,2000-01-25,2000-01-25,FALSE,San Pablo Bay and Carquinez Strait,147,NA,-8097.986666666664,NA,NA,NA,147,55519.3388429752,98608.9256198347,3,2000-01-26,104931.570247934,1,49412.2314049587,AN,756,3437,864,5243,74.42
2000,2000-01-25,2000-01-25,FALSE,San Pablo Bay and Carquinez Strait,147,NA,NA,NA,NA,NA,147,55519.3388429752,98608.9256198347,3,2000-01-26,104931.570247934,1,49412.2314049587,AN,756,3437,864,5243,74.42
2000,2000-01-25,2000-01-25,FALSE,South Delta,147,NA,NA,NA,NA,NA,147,55519.3388429752,98608.9256198347,3,2000-01-26,104931.570247934,1,49412.2314049587,AN,756,3437,864,5243,74.42
2000,2000-01-25,2000-01-25,FALSE,South Delta,147,-263,NA,NA,NA,NA,147,55519.3388429752,98608.9256198347,3,2000-01-26,104931.570247934,1,49412.2314049587,AN,756,3437,864,5243,74.42
2000,2000-01-25,2000-01-25,FALSE,Suisun Marsh and Montezuma Slough,147,NA,NA,NA,NA,0.27111111111111086,147,55519.3388429752,98608.9256198347,3,2000-01-26,104931.570247934,1,49412.2314049587,AN,756,3437,864,5243,74.42
2000,2000-01-25,2000-01-25,FALSE,Suisun Marsh and Montezuma Slough,147,NA,-2278.2608333333333,NA,NA,NA,147,55519.3388429752,98608.9256198347,3,2000-01-26,104931.570247934,1,49412.2314049587,AN,756,3437,864,5243,74.42
2000,2000-01-25,2000-01-25,FALSE,Suisun Marsh and Montezuma Slough,147,NA,NA,NA,NA,NA,147,55519.3388429752,98608.9256198347,3,2000-01-26,104931.570247934,1,49412.2314049587,AN,756,3437,864,5243,74.42
2000,2000-01-25,2000-01-25,FALSE,Suisun and Honker Bays,147,NA,NA,NA,NA,NA,147,55519.3388429752,98608.9256198347,3,2000-01-26,104931.570247934,1,49412.2314049587,AN,756,3437,864,5243,74.42
2000,2000-01-25,2000-01-25,FALSE,NA,147,NA,NA,NA,NA,NA,147,55519.3388429752,98608.9256198347,3,2000-01-26,104931.570247934,1,49412.2314049587,AN,756,3437,864,5243,74.42
2000,2000-02-12,2000-01-25,TRUE,Cache Slough and Liberty Island,165,NA,NA,NA,NA,NA,147,55519.3388429752,98608.9256198347,3,2000-01-26,104931.570247934,1,49412.2314049587,AN,756,3437,864,5243,65.54
2000,2000-02-12,2000-01-25,TRUE,Confluence,165,NA,NA,NA,NA,NA,147,55519.3388429752,98608.9256198347,3,2000-01-26,104931.570247934,1,49412.2314049587,AN,756,3437,864,5243,65.54
2000,2000-02-12,2000-01-25,TRUE,Confluence,165,19661.11111111111,NA,NA,NA,NA,147,55519.3388429752,98608.9256198347,3,2000-01-26,104931.570247934,1,49412.2314049587,AN,756,3437,864,5243,65.54
2000,2000-02-12,2000-01-25,TRUE,North and South Forks Mokelumne River,165,NA,NA,NA,NA,NA,147,55519.3388429752,98608.9256198347,3,2000-01-26,104931.570247934,1,49412.2314049587,AN,756,3437,864,5243,65.54
2000,2000-02-12,2000-01-25,TRUE,Out of Bounds,165,NA,NA,NA,NA,NA,147,55519.3388429752,98608.9256198347,3,2000-01-26,104931.570247934,1,49412.2314049587,AN,756,3437,864,5243,65.54
2000,2000-02-12,2000-01-25,TRUE,Sacramento River Deep Water Ship Channel,165,NA,NA,NA,NA,NA,147,55519.3388429752,98608.9256198347,3,2000-01-26,104931.570247934,1,49412.2314049587,AN,756,3437,864,5243,65.54
2000,2000-02-12,2000-01-25,TRUE,Sacramento River Mainstem,165,NA,NA,NA,NA,NA,147,55519.3388429752,98608.9256198347,3,2000-01-26,104931.570247934,1,49412.2314049587,AN,756,3437,864,5243,65.54
2000,2000-02-12,2000-01-25,TRUE,Sacramento River Mainstem,165,8000,NA,NA,NA,NA,147,55519.3388429752,98608.9256198347,3,2000-01-26,104931.570247934,1,49412.2314049587,AN,756,3437,864,5243,65.54
2000,2000-02-12,2000-01-25,TRUE,San Pablo Bay and Carquinez Strait,165,NA,NA,NA,NA,-0.21000000000000085,147,55519.3388429752,98608.9256198347,3,2000-01-26,104931.570247934,1,49412.2314049587,AN,756,3437,864,5243,65.54
2000,2000-02-12,2000-01-25,TRUE,San Pablo Bay and Carquinez Strait,165,NA,-3831.460000000001,NA,NA,NA,147,55519.3388429752,98608.9256198347,3,2000-01-26,104931.570247934,1,49412.2314049587,AN,756,3437,864,5243,65.54
2000,2000-02-12,2000-01-25,TRUE,San Pablo Bay and Carquinez Strait,165,NA,NA,NA,NA,NA,147,55519.3388429752,98608.9256198347,3,2000-01-26,104931.570247934,1,49412.2314049587,AN,756,3437,864,5243,65.54
2000,2000-02-12,2000-01-25,TRUE,South Delta,165,NA,NA,NA,NA,NA,147,55519.3388429752,98608.9256198347,3,2000-01-26,104931.570247934,1,49412.2314049587,AN,756,3437,864,5243,65.54
2000,2000-02-12,2000-01-25,TRUE,South Delta,165,251.5999999999999,NA,NA,NA,NA,147,55519.3388429752,98608.9256198347,3,2000-01-26,104931.570247934,1,49412.2314049587,AN,756,3437,864,5243,65.54
2000,2000-02-12,2000-01-25,TRUE,Suisun Marsh and Montezuma Slough,165,NA,NA,NA,NA,-0.07222222222222108,147,55519.3388429752,98608.9256198347,3,2000-01-26,104931.570247934,1,49412.2314049587,AN,756,3437,864,5243,65.54
2000,2000-02-12,2000-01-25,TRUE,Suisun Marsh and Montezuma Slough,165,NA,38.89250000000004,NA,NA,NA,147,55519.3388429752,98608.9256198347,3,2000-01-26,104931.570247934,1,49412.2314049587,AN,756,3437,864,5243,65.54
2000,2000-02-12,2000-01-25,TRUE,Suisun Marsh and Montezuma Slough,165,NA,NA,NA,NA,NA,147,55519.3388429752,98608.9256198347,3,2000-01-26,104931.570247934,1,49412.2314049587,AN,756,3437,864,5243,65.54
2000,2000-02-12,2000-01-25,TRUE,Suisun and Honker Bays,165,NA,NA,NA,NA,NA,147,55519.3388429752,98608.9256198347,3,2000-01-26,104931.570247934,1,49412.2314049587,AN,756,3437,864,5243,65.54
2000,2000-02-12,2000-01-25,TRUE,NA,165,NA,NA,NA,NA,NA,147,55519.3388429752,98608.9256198347,3,2000-01-26,104931.570247934,1,49412.2314049587,AN,756,3437,864,5243,65.54
2000,2000-02-23,2000-01-25,TRUE,Cache Slough and Liberty Island,176,NA,NA,NA,NA,NA,147,55519.3388429752,98608.9256198347,3,2000-01-26,104931.570247934,1,49412.2314049587,AN,756,3437,864,5243,56.92
2000,2000-02-23,2000-01-25,TRUE,Confluence,176,NA,NA,NA,NA,NA,147,55519.3388429752,98608.9256198347,3,2000-01-26,104931.570247934,1,49412.2314049587,AN,756,3437,864,5243,56.92
2000,2000-02-23,2000-01-25,TRUE,Confluence,176,2777.7777777777665,NA,NA,NA,NA,147,55519.3388429752,98608.9256198347,3,2000-01-26,104931.570247934,1,49412.2314049587,AN,756,3437,864,5243,56.92
2000,2000-02-23,2000-01-25,TRUE,North and South Forks Mokelumne River,176,NA,NA,NA,NA,NA,147,55519.3388429752,98608.9256198347,3,2000-01-26,104931.570247934,1,49412.2314049587,AN,756,3437,864,5243,56.92
2000,2000-02-23,2000-01-25,TRUE,Out of Bounds,176,NA,NA,NA,NA,NA,147,55519.3388429752,98608.9256198347,3,2000-01-26,104931.570247934,1,49412.2314049587,AN,756,3437,864,5243,56.92
2000,2000-02-23,2000-01-25,TRUE,Sacramento River Deep Water Ship Channel,176,NA,NA,NA,NA,NA,147,55519.3388429752,98608.9256198347,3,2000-01-26,104931.570247934,1,49412.2314049587,AN,756,3437,864,5243,56.92
2000,2000-02-23,2000-01-25,TRUE,Sacramento River Mainstem,176,NA,NA,NA,NA,NA,147,55519.3388429752,98608.9256198347,3,2000-01-26,104931.570247934,1,49412.2314049587,AN,756,3437,864,5243,56.92
2000,2000-02-23,2000-01-25,TRUE,Sacramento River Mainstem,176,400,NA,NA,NA,NA,147,55519.3388429752,98608.9256198347,3,2000-01-26,104931.570247934,1,49412.2314049587,AN,756,3437,864,5243,56.92
2000,2000-02-23,2000-01-25,TRUE,San Pablo Bay and Carquinez Strait,176,NA,NA,NA,NA,-0.1533333333333342,147,55519.3388429752,98608.9256198347,3,2000-01-26,104931.570247934,1,49412.2314049587,AN,756,3437,864,5243,56.92
2000,2000-02-23,2000-01-25,TRUE,San Pablo Bay and Carquinez Strait,176,NA,-178.25,NA,NA,NA,147,55519.3388429752,98608.9256198347,3,2000-01-26,104931.570247934,1,49412.2314049587,AN,756,3437,864,5243,56.92
2000,2000-02-23,2000-01-25,TRUE,San Pablo Bay and Carquinez Strait,176,NA,NA,NA,NA,NA,147,55519.3388429752,98608.9256198347,3,2000-01-26,104931.570247934,1,49412.2314049587,AN,756,3437,864,5243,56.92
2000,2000-02-23,2000-01-25,TRUE,South Delta,176,NA,NA,NA,NA,NA,147,55519.3388429752,98608.9256198347,3,2000-01-26,104931.570247934,1,49412.2314049587,AN,756,3437,864,5243,56.92
2000,2000-02-23,2000-01-25,TRUE,South Delta,176,1162.1333333333334,NA,NA,NA,NA,147,55519.3388429752,98608.9256198347,3,2000-01-26,104931.570247934,1,49412.2314049587,AN,756,3437,864,5243,56.92
2000,2000-02-23,2000-01-25,TRUE,Suisun Marsh and Montezuma Slough,176,NA,NA,NA,NA,-0.6211111111111105,147,55519.3388429752,98608.9256198347,3,2000-01-26,104931.570247934,1,49412.2314049587,AN,756,3437,864,5243,56.92
2000,2000-02-23,2000-01-25,TRUE,Suisun Marsh and Montezuma Slough,176,NA,81.14000000000004,NA,NA,NA,147,55519.3388429752,98608.9256198347,3,2000-01-26,104931.570247934,1,49412.2314049587,AN,756,3437,864,5243,56.92
2000,2000-02-23,2000-01-25,TRUE,Suisun Marsh and Montezuma Slough,176,NA,NA,NA,NA,NA,147,55519.3388429752,98608.9256198347,3,2000-01-26,104931.570247934,1,49412.2314049587,AN,756,3437,864,5243,56.92
2000,2000-02-23,2000-01-25,TRUE,Suisun and Honker Bays,176,NA,NA,NA,NA,NA,147,55519.3388429752,98608.9256198347,3,2000-01-26,104931.570247934,1,49412.2314049587,AN,756,3437,864,5243,56.92
2000,2000-02-23,2000-01-25,TRUE,NA,176,NA,NA,NA,NA,NA,147,55519.3388429752,98608.9256198347,3,2000-01-26,104931.570247934,1,49412.2314049587,AN,756,3437,864,5243,56.92
2000,2000-02-28,2000-01-25,TRUE,Cache Slough and Liberty Island,181,NA,NA,NA,NA,NA,147,55519.3388429752,98608.9256198347,3,2000-01-26,104931.570247934,1,49412.2314049587,AN,756,3437,864,5243,54.07
2000,2000-02-28,2000-01-25,TRUE,Confluence,181,NA,NA,NA,NA,NA,147,55519.3388429752,98608.9256198347,3,2000-01-26,104931.570247934,1,49412.2314049587,AN,756,3437,864,5243,54.07
2000,2000-02-28,2000-01-25,TRUE,Confluence,181,10522.22222222222,NA,NA,NA,NA,147,55519.3388429752,98608.9256198347,3,2000-01-26,104931.570247934,1,49412.2314049587,AN,756,3437,864,5243,54.07
2000,2000-02-28,2000-01-25,TRUE,North and South Forks Mokelumne River,181,NA,NA,NA,NA,NA,147,55519.3388429752,98608.9256198347,3,2000-01-26,104931.570247934,1,49412.2314049587,AN,756,3437,864,5243,54.07
2000,2000-02-28,2000-01-25,TRUE,Out of Bounds,181,NA,NA,NA,NA,NA,147,55519.3388429752,98608.9256198347,3,2000-01-26,104931.570247934,1,49412.2314049587,AN,756,3437,864,5243,54.07
2000,2000-02-28,2000-01-25,TRUE,Sacramento River Deep Water Ship Channel,181,NA,NA,NA,NA,NA,147,55519.3388429752,98608.9256198347,3,2000-01-26,104931.570247934,1,49412.2314049587,AN,756,3437,864,5243,54.07
2000,2000-02-28,2000-01-25,TRUE,Sacramento River Mainstem,181,NA,NA,NA,NA,NA,147,55519.3388429752,98608.9256198347,3,2000-01-26,104931.570247934,1,49412.2314049587,AN,756,3437,864,5243,54.07
2000,2000-02-28,2000-01-25,TRUE,Sacramento River Mainstem,181,1800,NA,NA,NA,NA,147,55519.3388429752,98608.9256198347,3,2000-01-26,104931.570247934,1,49412.2314049587,AN,756,3437,864,5243,54.07
2000,2000-02-28,2000-01-25,TRUE,San Pablo Bay and Carquinez Strait,181,NA,NA,NA,NA,-0.16666666666666607,147,55519.3388429752,98608.9256198347,3,2000-01-26,104931.570247934,1,49412.2314049587,AN,756,3437,864,5243,54.07
2000,2000-02-28,2000-01-25,TRUE,San Pablo Bay and Carquinez Strait,181,NA,-2566.006666666666,NA,NA,NA,147,55519.3388429752,98608.9256198347,3,2000-01-26,104931.570247934,1,49412.2314049587,AN,756,3437,864,5243,54.07
2000,2000-02-28,2000-01-25,TRUE,San Pablo Bay and Carquinez Strait,181,NA,NA,NA,NA,NA,147,55519.3388429752,98608.9256198347,3,2000-01-26,104931.570247934,1,49412.2314049587,AN,756,3437,864,5243,54.07
2000,2000-02-28,2000-01-25,TRUE,South Delta,181,NA,NA,NA,NA,NA,147,55519.3388429752,98608.9256198347,3,2000-01-26,104931.570247934,1,49412.2314049587,AN,756,3437,864,5243,54.07
2000,2000-02-28,2000-01-25,TRUE,South Delta,181,413.0133333333334,NA,NA,NA,NA,147,55519.3388429752,98608.9256198347,3,2000-01-26,104931.570247934,1,49412.2314049587,AN,756,3437,864,5243,54.07
2000,2000-02-28,2000-01-25,TRUE,Suisun Marsh and Montezuma Slough,181,NA,NA,NA,NA,0.44222222222222207,147,55519.3388429752,98608.9256198347,3,2000-01-26,104931.570247934,1,49412.2314049587,AN,756,3437,864,5243,54.07
2000,2000-02-28,2000-01-25,TRUE,Suisun Marsh and Montezuma Slough,181,NA,33.64999999999998,NA,NA,NA,147,55519.3388429752,98608.9256198347,3,2000-01-26,104931.570247934,1,49412.2314049587,AN,756,3437,864,5243,54.07
2000,2000-02-28,2000-01-25,TRUE,Suisun Marsh and Montezuma Slough,181,NA,NA,NA,NA,NA,147,55519.3388429752,98608.9256198347,3,2000-01-26,104931.570247934,1,49412.2314049587,AN,756,3437,864,5243,54.07
2000,2000-02-28,2000-01-25,TRUE,Suisun and Honker Bays,181,NA,NA,NA,NA,NA,147,55519.3388429752,98608.9256198347,3,2000-01-26,104931.570247934,1,49412.2314049587,AN,756,3437,864,5243,54.07
2000,2000-02-28,2000-01-25,TRUE,NA,181,NA,NA,NA,NA,NA,147,55519.3388429752,98608.9256198347,3,2000-01-26,104931.570247934,1,49412.2314049587,AN,756,3437,864,5243,54.07
2001,2001-01-27,2001-01-27,FALSE,Cache Slough and Liberty Island,149,NA,NA,NA,NA,NA,149,32183.1404958678,56507.1074380165,2,2001-01-28,61279.3388429752,1,29096.1983471074,D,603,247,756,3437,76.52
2001,2001-01-27,2001-01-27,FALSE,Confluence,149,NA,NA,NA,NA,NA,149,32183.1404958678,56507.1074380165,2,2001-01-28,61279.3388429752,1,29096.1983471074,D,603,247,756,3437,76.52
2001,2001-01-27,2001-01-27,FALSE,Confluence,149,11593.333333333334,NA,NA,NA,NA,149,32183.1404958678,56507.1074380165,2,2001-01-28,61279.3388429752,1,29096.1983471074,D,603,247,756,3437,76.52
2001,2001-01-27,2001-01-27,FALSE,North and South Forks Mokelumne River,149,NA,NA,NA,NA,NA,149,32183.1404958678,56507.1074380165,2,2001-01-28,61279.3388429752,1,29096.1983471074,D,603,247,756,3437,76.52
2001,2001-01-27,2001-01-27,FALSE,Out of Bounds,149,NA,NA,NA,NA,NA,149,32183.1404958678,56507.1074380165,2,2001-01-28,61279.3388429752,1,29096.1983471074,D,603,247,756,3437,76.52
2001,2001-01-27,2001-01-27,FALSE,Sacramento River Deep Water Ship Channel,149,NA,NA,NA,NA,NA,149,32183.1404958678,56507.1074380165,2,2001-01-28,61279.3388429752,1,29096.1983471074,D,603,247,756,3437,76.52
2001,2001-01-27,2001-01-27,FALSE,Sacramento River Mainstem,149,NA,NA,NA,NA,-0.7333333333333334,149,32183.1404958678,56507.1074380165,2,2001-01-28,61279.3388429752,1,29096.1983471074,D,603,247,756,3437,76.52
2001,2001-01-27,2001-01-27,FALSE,Sacramento River Mainstem,149,NA,NA,NA,NA,NA,149,32183.1404958678,56507.1074380165,2,2001-01-28,61279.3388429752,1,29096.1983471074,D,603,247,756,3437,76.52
2001,2001-01-27,2001-01-27,FALSE,Sacramento River Mainstem,149,5836.666666666666,NA,NA,NA,NA,149,32183.1404958678,56507.1074380165,2,2001-01-28,61279.3388429752,1,29096.1983471074,D,603,247,756,3437,76.52
2001,2001-01-27,2001-01-27,FALSE,San Pablo Bay and Carquinez Strait,149,NA,NA,NA,NA,NA,149,32183.1404958678,56507.1074380165,2,2001-01-28,61279.3388429752,1,29096.1983471074,D,603,247,756,3437,76.52
2001,2001-01-27,2001-01-27,FALSE,San Pablo Bay and Carquinez Strait,149,NA,NA,NA,NA,NA,149,32183.1404958678,56507.1074380165,2,2001-01-28,61279.3388429752,1,29096.1983471074,D,603,247,756,3437,76.52
2001,2001-01-27,2001-01-27,FALSE,San Pablo Bay and Carquinez Strait,149,NA,NA,NA,NA,NA,149,32183.1404958678,56507.1074380165,2,2001-01-28,61279.3388429752,1,29096.1983471074,D,603,247,756,3437,76.52
2001,2001-01-27,2001-01-27,FALSE,South Delta,149,NA,NA,NA,NA,0.3200000000000003,149,32183.1404958678,56507.1074380165,2,2001-01-28,61279.3388429752,1,29096.1983471074,D,603,247,756,3437,76.52
2001,2001-01-27,2001-01-27,FALSE,South Delta,149,NA,-1.9166666666667425,NA,NA,NA,149,32183.1404958678,56507.1074380165,2,2001-01-28,61279.3388429752,1,29096.1983471074,D,603,247,756,3437,76.52
2001,2001-01-27,2001-01-27,FALSE,South Delta,149,NA,NA,-6.4566666666666706,NA,NA,149,32183.1404958678,56507.1074380165,2,2001-01-28,61279.3388429752,1,29096.1983471074,D,603,247,756,3437,76.52
2001,2001-01-27,2001-01-27,FALSE,South Delta,149,1727.8666666666668,NA,NA,NA,NA,149,32183.1404958678,56507.1074380165,2,2001-01-28,61279.3388429752,1,29096.1983471074,D,603,247,756,3437,76.52
2001,2001-01-27,2001-01-27,FALSE,South Delta,149,NA,NA,NA,NA,NA,149,32183.1404958678,56507.1074380165,2,2001-01-28,61279.3388429752,1,29096.1983471074,D,603,247,756,3437,76.52
2001,2001-01-27,2001-01-27,FALSE,Suisun Marsh and Montezuma Slough,149,NA,NA,NA,NA,-0.137777777777778,149,32183.1404958678,56507.1074380165,2,2001-01-28,61279.3388429752,1,29096.1983471074,D,603,247,756,3437,76.52
2001,2001-01-27,2001-01-27,FALSE,Suisun Marsh and Montezuma Slough,149,NA,-599.8550000000005,NA,NA,NA,149,32183.1404958678,56507.1074380165,2,2001-01-28,61279.3388429752,1,29096.1983471074,D,603,247,756,3437,76.52
2001,2001-01-27,2001-01-27,FALSE,Suisun Marsh and Montezuma Slough,149,NA,NA,NA,NA,NA,149,32183.1404958678,56507.1074380165,2,2001-01-28,61279.3388429752,1,29096.1983471074,D,603,247,756,3437,76.52
2001,2001-01-27,2001-01-27,FALSE,Suisun and Honker Bays,149,NA,NA,NA,NA,NA,149,32183.1404958678,56507.1074380165,2,2001-01-28,61279.3388429752,1,29096.1983471074,D,603,247,756,3437,76.52
2001,2001-01-27,2001-01-27,FALSE,NA,149,NA,NA,NA,NA,NA,149,32183.1404958678,56507.1074380165,2,2001-01-28,61279.3388429752,1,29096.1983471074,D,603,247,756,3437,76.52
2001,2001-02-22,2001-01-27,TRUE,Cache Slough and Liberty Island,175,NA,NA,NA,NA,NA,149,32183.1404958678,56507.1074380165,2,2001-01-28,61279.3388429752,1,29096.1983471074,D,603,247,756,3437,73.54
2001,2001-02-22,2001-01-27,TRUE,Confluence,175,NA,NA,NA,NA,NA,149,32183.1404958678,56507.1074380165,2,2001-01-28,61279.3388429752,1,29096.1983471074,D,603,247,756,3437,73.54
2001,2001-02-22,2001-01-27,TRUE,Confluence,175,7903.333333333334,NA,NA,NA,NA,149,32183.1404958678,56507.1074380165,2,2001-01-28,61279.3388429752,1,29096.1983471074,D,603,247,756,3437,73.54
2001,2001-02-22,2001-01-27,TRUE,North and South Forks Mokelumne River,175,NA,NA,NA,NA,NA,149,32183.1404958678,56507.1074380165,2,2001-01-28,61279.3388429752,1,29096.1983471074,D,603,247,756,3437,73.54
2001,2001-02-22,2001-01-27,TRUE,Out of Bounds,175,NA,NA,NA,NA,NA,149,32183.1404958678,56507.1074380165,2,2001-01-28,61279.3388429752,1,29096.1983471074,D,603,247,756,3437,73.54
2001,2001-02-22,2001-01-27,TRUE,Sacramento River Deep Water Ship Channel,175,NA,NA,NA,NA,NA,149,32183.1404958678,56507.1074380165,2,2001-01-28,61279.3388429752,1,29096.1983471074,D,603,247,756,3437,73.54
2001,2001-02-22,2001-01-27,TRUE,Sacramento River Mainstem,175,NA,NA,NA,NA,0.4000000000000003,149,32183.1404958678,56507.1074380165,2,2001-01-28,61279.3388429752,1,29096.1983471074,D,603,247,756,3437,73.54
2001,2001-02-22,2001-01-27,TRUE,Sacramento River Mainstem,175,NA,NA,NA,NA,NA,149,32183.1404958678,56507.1074380165,2,2001-01-28,61279.3388429752,1,29096.1983471074,D,603,247,756,3437,73.54
2001,2001-02-22,2001-01-27,TRUE,Sacramento River Mainstem,175,NA,NA,NA,NA,NA,149,32183.1404958678,56507.1074380165,2,2001-01-28,61279.3388429752,1,29096.1983471074,D,603,247,756,3437,73.54
2001,2001-02-22,2001-01-27,TRUE,San Pablo Bay and Carquinez Strait,175,NA,NA,NA,NA,0.25,149,32183.1404958678,56507.1074380165,2,2001-01-28,61279.3388429752,1,29096.1983471074,D,603,247,756,3437,73.54
2001,2001-02-22,2001-01-27,TRUE,San Pablo Bay and Carquinez Strait,175,NA,-3815.3099999999977,NA,NA,NA,149,32183.1404958678,56507.1074380165,2,2001-01-28,61279.3388429752,1,29096.1983471074,D,603,247,756,3437,73.54
2001,2001-02-22,2001-01-27,TRUE,San Pablo Bay and Carquinez Strait,175,NA,NA,NA,NA,NA,149,32183.1404958678,56507.1074380165,2,2001-01-28,61279.3388429752,1,29096.1983471074,D,603,247,756,3437,73.54
2001,2001-02-22,2001-01-27,TRUE,South Delta,175,NA,NA,NA,NA,0.336666666666666,149,32183.1404958678,56507.1074380165,2,2001-01-28,61279.3388429752,1,29096.1983471074,D,603,247,756,3437,73.54
2001,2001-02-22,2001-01-27,TRUE,South Delta,175,NA,39.72333333333347,NA,NA,NA,149,32183.1404958678,56507.1074380165,2,2001-01-28,61279.3388429752,1,29096.1983471074,D,603,247,756,3437,73.54
2001,2001-02-22,2001-01-27,TRUE,South Delta,175,NA,NA,1.2333333333333345,NA,NA,149,32183.1404958678,56507.1074380165,2,2001-01-28,61279.3388429752,1,29096.1983471074,D,603,247,756,3437,73.54
2001,2001-02-22,2001-01-27,TRUE,South Delta,175,-150.26666666666665,NA,NA,NA,NA,149,32183.1404958678,56507.1074380165,2,2001-01-28,61279.3388429752,1,29096.1983471074,D,603,247,756,3437,73.54
2001,2001-02-22,2001-01-27,TRUE,South Delta,175,NA,NA,NA,NA,NA,149,32183.1404958678,56507.1074380165,2,2001-01-28,61279.3388429752,1,29096.1983471074,D,603,247,756,3437,73.54
2001,2001-02-22,2001-01-27,TRUE,Suisun Marsh and Montezuma Slough,175,NA,NA,NA,NA,0.16111111111110965,149,32183.1404958678,56507.1074380165,2,2001-01-28,61279.3388429752,1,29096.1983471074,D,603,247,756,3437,73.54
2001,2001-02-22,2001-01-27,TRUE,Suisun Marsh and Montezuma Slough,175,NA,-705.6833333333334,NA,NA,NA,149,32183.1404958678,56507.1074380165,2,2001-01-28,61279.3388429752,1,29096.1983471074,D,603,247,756,3437,73.54
2001,2001-02-22,2001-01-27,TRUE,Suisun Marsh and Montezuma Slough,175,NA,NA,NA,NA,NA,149,32183.1404958678,56507.1074380165,2,2001-01-28,61279.3388429752,1,29096.1983471074,D,603,247,756,3437,73.54
2001,2001-02-22,2001-01-27,TRUE,Suisun and Honker Bays,175,NA,NA,NA,NA,NA,149,32183.1404958678,56507.1074380165,2,2001-01-28,61279.3388429752,1,29096.1983471074,D,603,247,756,3437,73.54
2001,2001-02-22,2001-01-27,TRUE,NA,175,NA,NA,NA,NA,NA,149,32183.1404958678,56507.1074380165,2,2001-01-28,61279.3388429752,1,29096.1983471074,D,603,247,756,3437,73.54
2001,2001-03-06,2001-01-27,TRUE,Cache Slough and Liberty Island,187,NA,NA,NA,NA,NA,149,32183.1404958678,56507.1074380165,2,2001-01-28,61279.3388429752,1,29096.1983471074,D,603,247,756,3437,67.6
2001,2001-03-06,2001-01-27,TRUE,Confluence,187,NA,NA,NA,NA,NA,149,32183.1404958678,56507.1074380165,2,2001-01-28,61279.3388429752,1,29096.1983471074,D,603,247,756,3437,67.6
2001,2001-03-06,2001-01-27,TRUE,Confluence,187,9501.111111111111,NA,NA,NA,NA,149,32183.1404958678,56507.1074380165,2,2001-01-28,61279.3388429752,1,29096.1983471074,D,603,247,756,3437,67.6
2001,2001-03-06,2001-01-27,TRUE,North and South Forks Mokelumne River,187,NA,NA,NA,NA,NA,149,32183.1404958678,56507.1074380165,2,2001-01-28,61279.3388429752,1,29096.1983471074,D,603,247,756,3437,67.6
2001,2001-03-06,2001-01-27,TRUE,Out of Bounds,187,NA,NA,NA,NA,NA,149,32183.1404958678,56507.1074380165,2,2001-01-28,61279.3388429752,1,29096.1983471074,D,603,247,756,3437,67.6
2001,2001-03-06,2001-01-27,TRUE,Sacramento River Deep Water Ship Channel,187,NA,NA,NA,NA,NA,149,32183.1404958678,56507.1074380165,2,2001-01-28,61279.3388429752,1,29096.1983471074,D,603,247,756,3437,67.6
2001,2001-03-06,2001-01-27,TRUE,Sacramento River Mainstem,187,NA,NA,NA,NA,0.3333333333333339,149,32183.1404958678,56507.1074380165,2,2001-01-28,61279.3388429752,1,29096.1983471074,D,603,247,756,3437,67.6
2001,2001-03-06,2001-01-27,TRUE,Sacramento River Mainstem,187,NA,NA,NA,NA,NA,149,32183.1404958678,56507.1074380165,2,2001-01-28,61279.3388429752,1,29096.1983471074,D,603,247,756,3437,67.6
2001,2001-03-06,2001-01-27,TRUE,Sacramento River Mainstem,187,5596.666666666666,NA,NA,NA,NA,149,32183.1404958678,56507.1074380165,2,2001-01-28,61279.3388429752,1,29096.1983471074,D,603,247,756,3437,67.6
2001,2001-03-06,2001-01-27,TRUE,San Pablo Bay and Carquinez Strait,187,NA,NA,NA,NA,0.5199999999999996,149,32183.1404958678,56507.1074380165,2,2001-01-28,61279.3388429752,1,29096.1983471074,D,603,247,756,3437,67.6
2001,2001-03-06,2001-01-27,TRUE,San Pablo Bay and Carquinez Strait,187,NA,-5810.66,NA,NA,NA,149,32183.1404958678,56507.1074380165,2,2001-01-28,61279.3388429752,1,29096.1983471074,D,603,247,756,3437,67.6
2001,2001-03-06,2001-01-27,TRUE,San Pablo Bay and Carquinez Strait,187,NA,NA,NA,NA,NA,149,32183.1404958678,56507.1074380165,2,2001-01-28,61279.3388429752,1,29096.1983471074,D,603,247,756,3437,67.6
2001,2001-03-06,2001-01-27,TRUE,South Delta,187,NA,NA,NA,NA,0.9066666666666664,149,32183.1404958678,56507.1074380165,2,2001-01-28,61279.3388429752,1,29096.1983471074,D,603,247,756,3437,67.6
2001,2001-03-06,2001-01-27,TRUE,South Delta,187,NA,51.28666666666663,NA,NA,NA,149,32183.1404958678,56507.1074380165,2,2001-01-28,61279.3388429752,1,29096.1983471074,D,603,247,756,3437,67.6
2001,2001-03-06,2001-01-27,TRUE,South Delta,187,NA,NA,9.200000000000005,NA,NA,149,32183.1404958678,56507.1074380165,2,2001-01-28,61279.3388429752,1,29096.1983471074,D,603,247,756,3437,67.6
2001,2001-03-06,2001-01-27,TRUE,South Delta,187,1666.8333333333337,NA,NA,NA,NA,149,32183.1404958678,56507.1074380165,2,2001-01-28,61279.3388429752,1,29096.1983471074,D,603,247,756,3437,67.6
2001,2001-03-06,2001-01-27,TRUE,South Delta,187,NA,NA,NA,NA,NA,149,32183.1404958678,56507.1074380165,2,2001-01-28,61279.3388429752,1,29096.1983471074,D,603,247,756,3437,67.6
2001,2001-03-06,2001-01-27,TRUE,Suisun Marsh and Montezuma Slough,187,NA,NA,NA,NA,1.1077777777777786,149,32183.1404958678,56507.1074380165,2,2001-01-28,61279.3388429752,1,29096.1983471074,D,603,247,756,3437,67.6
2001,2001-03-06,2001-01-27,TRUE,Suisun Marsh and Montezuma Slough,187,NA,326.02,NA,NA,NA,149,32183.1404958678,56507.1074380165,2,2001-01-28,61279.3388429752,1,29096.1983471074,D,603,247,756,3437,67.6
2001,2001-03-06,2001-01-27,TRUE,Suisun Marsh and Montezuma Slough,187,NA,NA,NA,NA,NA,149,32183.1404958678,56507.1074380165,2,2001-01-28,61279.3388429752,1,29096.1983471074,D,603,247,756,3437,67.6
2001,2001-03-06,2001-01-27,TRUE,Suisun and Honker Bays,187,NA,NA,NA,NA,NA,149,32183.1404958678,56507.1074380165,2,2001-01-28,61279.3388429752,1,29096.1983471074,D,603,247,756,3437,67.6
2001,2001-03-06,2001-01-27,TRUE,NA,187,NA,NA,NA,NA,NA,149,32183.1404958678,56507.1074380165,2,2001-01-28,61279.3388429752,1,29096.1983471074,D,603,247,756,3437,67.6
2002,2001-12-03,2001-12-03,FALSE,Cache Slough and Liberty Island,94,NA,NA,NA,NA,NA,94,38667.1074380165,69025.4545454545,4,2001-12-04,73511.4049586777,1,34844.2975206612,D,139,707,603,247,77.61
2002,2001-12-03,2001-12-03,FALSE,Confluence,94,NA,NA,NA,NA,NA,94,38667.1074380165,69025.4545454545,4,2001-12-04,73511.4049586777,1,34844.2975206612,D,139,707,603,247,77.61
2002,2001-12-03,2001-12-03,FALSE,Confluence,94,13671.111111111111,NA,NA,NA,NA,94,38667.1074380165,69025.4545454545,4,2001-12-04,73511.4049586777,1,34844.2975206612,D,139,707,603,247,77.61
2002,2001-12-03,2001-12-03,FALSE,North and South Forks Mokelumne River,94,NA,NA,NA,NA,NA,94,38667.1074380165,69025.4545454545,4,2001-12-04,73511.4049586777,1,34844.2975206612,D,139,707,603,247,77.61
2002,2001-12-03,2001-12-03,FALSE,Out of Bounds,94,NA,NA,NA,NA,NA,94,38667.1074380165,69025.4545454545,4,2001-12-04,73511.4049586777,1,34844.2975206612,D,139,707,603,247,77.61
2002,2001-12-03,2001-12-03,FALSE,Sacramento River Deep Water Ship Channel,94,NA,NA,NA,NA,NA,94,38667.1074380165,69025.4545454545,4,2001-12-04,73511.4049586777,1,34844.2975206612,D,139,707,603,247,77.61
2002,2001-12-03,2001-12-03,FALSE,Sacramento River Mainstem,94,NA,NA,NA,NA,NA,94,38667.1074380165,69025.4545454545,4,2001-12-04,73511.4049586777,1,34844.2975206612,D,139,707,603,247,77.61
2002,2001-12-03,2001-12-03,FALSE,Sacramento River Mainstem,94,6233.333333333333,NA,NA,NA,NA,94,38667.1074380165,69025.4545454545,4,2001-12-04,73511.4049586777,1,34844.2975206612,D,139,707,603,247,77.61
2002,2001-12-03,2001-12-03,FALSE,San Pablo Bay and Carquinez Strait,94,NA,NA,NA,NA,-0.7850000000000001,94,38667.1074380165,69025.4545454545,4,2001-12-04,73511.4049586777,1,34844.2975206612,D,139,707,603,247,77.61
2002,2001-12-03,2001-12-03,FALSE,San Pablo Bay and Carquinez Strait,94,NA,-6395.4083333333365,NA,NA,NA,94,38667.1074380165,69025.4545454545,4,2001-12-04,73511.4049586777,1,34844.2975206612,D,139,707,603,247,77.61
2002,2001-12-03,2001-12-03,FALSE,San Pablo Bay and Carquinez Strait,94,NA,NA,NA,NA,NA,94,38667.1074380165,69025.4545454545,4,2001-12-04,73511.4049586777,1,34844.2975206612,D,139,707,603,247,77.61
2002,2001-12-03,2001-12-03,FALSE,South Delta,94,NA,NA,NA,NA,NA,94,38667.1074380165,69025.4545454545,4,2001-12-04,73511.4049586777,1,34844.2975206612,D,139,707,603,247,77.61
2002,2001-12-03,2001-12-03,FALSE,South Delta,94,-118.41666666666669,NA,NA,NA,NA,94,38667.1074380165,69025.4545454545,4,2001-12-04,73511.4049586777,1,34844.2975206612,D,139,707,603,247,77.61
2002,2001-12-03,2001-12-03,FALSE,Suisun Marsh and Montezuma Slough,94,NA,NA,NA,NA,-0.9977777777777774,94,38667.1074380165,69025.4545454545,4,2001-12-04,73511.4049586777,1,34844.2975206612,D,139,707,603,247,77.61
2002,2001-12-03,2001-12-03,FALSE,Suisun Marsh and Montezuma Slough,94,NA,-2393.3949999999995,NA,NA,NA,94,38667.1074380165,69025.4545454545,4,2001-12-04,73511.4049586777,1,34844.2975206612,D,139,707,603,247,77.61
2002,2001-12-03,2001-12-03,FALSE,Suisun Marsh and Montezuma Slough,94,NA,NA,NA,NA,NA,94,38667.1074380165,69025.4545454545,4,2001-12-04,73511.4049586777,1,34844.2975206612,D,139,707,603,247,77.61
2002,2001-12-03,2001-12-03,FALSE,Suisun and Honker Bays,94,NA,NA,NA,NA,NA,94,38667.1074380165,69025.4545454545,4,2001-12-04,73511.4049586777,1,34844.2975206612,D,139,707,603,247,77.61
2002,2001-12-03,2001-12-03,FALSE,NA,94,NA,NA,NA,NA,NA,94,38667.1074380165,69025.4545454545,4,2001-12-04,73511.4049586777,1,34844.2975206612,D,139,707,603,247,77.61
2002,2001-12-22,2001-12-03,TRUE,Cache Slough and Liberty Island,113,NA,NA,NA,NA,NA,94,38667.1074380165,69025.4545454545,4,2001-12-04,73511.4049586777,1,34844.2975206612,D,139,707,603,247,72.8
2002,2001-12-22,2001-12-03,TRUE,Confluence,113,NA,NA,NA,NA,NA,94,38667.1074380165,69025.4545454545,4,2001-12-04,73511.4049586777,1,34844.2975206612,D,139,707,603,247,72.8
2002,2001-12-22,2001-12-03,TRUE,Confluence,113,5322.222222222224,NA,NA,NA,NA,94,38667.1074380165,69025.4545454545,4,2001-12-04,73511.4049586777,1,34844.2975206612,D,139,707,603,247,72.8
2002,2001-12-22,2001-12-03,TRUE,North and South Forks Mokelumne River,113,NA,NA,NA,NA,NA,94,38667.1074380165,69025.4545454545,4,2001-12-04,73511.4049586777,1,34844.2975206612,D,139,707,603,247,72.8
2002,2001-12-22,2001-12-03,TRUE,Out of Bounds,113,NA,NA,NA,NA,NA,94,38667.1074380165,69025.4545454545,4,2001-12-04,73511.4049586777,1,34844.2975206612,D,139,707,603,247,72.8
2002,2001-12-22,2001-12-03,TRUE,Sacramento River Deep Water Ship Channel,113,NA,NA,NA,NA,NA,94,38667.1074380165,69025.4545454545,4,2001-12-04,73511.4049586777,1,34844.2975206612,D,139,707,603,247,72.8
2002,2001-12-22,2001-12-03,TRUE,Sacramento River Mainstem,113,NA,NA,NA,NA,NA,94,38667.1074380165,69025.4545454545,4,2001-12-04,73511.4049586777,1,34844.2975206612,D,139,707,603,247,72.8
2002,2001-12-22,2001-12-03,TRUE,Sacramento River Mainstem,113,3663.333333333334,NA,NA,NA,NA,94,38667.1074380165,69025.4545454545,4,2001-12-04,73511.4049586777,1,34844.2975206612,D,139,707,603,247,72.8
2002,2001-12-22,2001-12-03,TRUE,San Pablo Bay and Carquinez Strait,113,NA,NA,NA,NA,-0.086666666666666,94,38667.1074380165,69025.4545454545,4,2001-12-04,73511.4049586777,1,34844.2975206612,D,139,707,603,247,72.8
2002,2001-12-22,2001-12-03,TRUE,San Pablo Bay and Carquinez Strait,113,NA,-404.0166666666664,NA,NA,NA,94,38667.1074380165,69025.4545454545,4,2001-12-04,73511.4049586777,1,34844.2975206612,D,139,707,603,247,72.8
2002,2001-12-22,2001-12-03,TRUE,San Pablo Bay and Carquinez Strait,113,NA,NA,NA,NA,NA,94,38667.1074380165,69025.4545454545,4,2001-12-04,73511.4049586777,1,34844.2975206612,D,139,707,603,247,72.8
2002,2001-12-22,2001-12-03,TRUE,South Delta,113,NA,NA,NA,NA,NA,94,38667.1074380165,69025.4545454545,4,2001-12-04,73511.4049586777,1,34844.2975206612,D,139,707,603,247,72.8
2002,2001-12-22,2001-12-03,TRUE,South Delta,113,-38.62666666666655,NA,NA,NA,NA,94,38667.1074380165,69025.4545454545,4,2001-12-04,73511.4049586777,1,34844.2975206612,D,139,707,603,247,72.8
2002,2001-12-22,2001-12-03,TRUE,Suisun Marsh and Montezuma Slough,113,NA,NA,NA,NA,-0.32333333333333236,94,38667.1074380165,69025.4545454545,4,2001-12-04,73511.4049586777,1,34844.2975206612,D,139,707,603,247,72.8
2002,2001-12-22,2001-12-03,TRUE,Suisun Marsh and Montezuma Slough,113,NA,-119.1733333333334,NA,NA,NA,94,38667.1074380165,69025.4545454545,4,2001-12-04,73511.4049586777,1,34844.2975206612,D,139,707,603,247,72.8
2002,2001-12-22,2001-12-03,TRUE,Suisun Marsh and Montezuma Slough,113,NA,NA,NA,NA,NA,94,38667.1074380165,69025.4545454545,4,2001-12-04,73511.4049586777,1,34844.2975206612,D,139,707,603,247,72.8
2002,2001-12-22,2001-12-03,TRUE,Suisun and Honker Bays,113,NA,NA,NA,NA,NA,94,38667.1074380165,69025.4545454545,4,2001-12-04,73511.4049586777,1,34844.2975206612,D,139,707,603,247,72.8
2002,2001-12-22,2001-12-03,TRUE,NA,113,NA,NA,NA,NA,NA,94,38667.1074380165,69025.4545454545,4,2001-12-04,73511.4049586777,1,34844.2975206612,D,139,707,603,247,72.8
2002,2002-01-03,2001-12-03,TRUE,Cache Slough and Liberty Island,125,NA,NA,NA,NA,NA,94,38667.1074380165,69025.4545454545,4,2001-12-04,73511.4049586777,1,34844.2975206612,D,139,707,603,247,66.64
2002,2002-01-03,2001-12-03,TRUE,Confluence,125,NA,NA,NA,NA,NA,94,38667.1074380165,69025.4545454545,4,2001-12-04,73511.4049586777,1,34844.2975206612,D,139,707,603,247,66.64
2002,2002-01-03,2001-12-03,TRUE,Confluence,125,10911.11111111111,NA,NA,NA,NA,94,38667.1074380165,69025.4545454545,4,2001-12-04,73511.4049586777,1,34844.2975206612,D,139,707,603,247,66.64
2002,2002-01-03,2001-12-03,TRUE,North and South Forks Mokelumne River,125,NA,NA,NA,NA,NA,94,38667.1074380165,69025.4545454545,4,2001-12-04,73511.4049586777,1,34844.2975206612,D,139,707,603,247,66.64
2002,2002-01-03,2001-12-03,TRUE,Out of Bounds,125,NA,NA,NA,NA,NA,94,38667.1074380165,69025.4545454545,4,2001-12-04,73511.4049586777,1,34844.2975206612,D,139,707,603,247,66.64
2002,2002-01-03,2001-12-03,TRUE,Sacramento River Deep Water Ship Channel,125,NA,NA,NA,NA,NA,94,38667.1074380165,69025.4545454545,4,2001-12-04,73511.4049586777,1,34844.2975206612,D,139,707,603,247,66.64
2002,2002-01-03,2001-12-03,TRUE,Sacramento River Mainstem,125,NA,NA,NA,NA,NA,94,38667.1074380165,69025.4545454545,4,2001-12-04,73511.4049586777,1,34844.2975206612,D,139,707,603,247,66.64
2002,2002-01-03,2001-12-03,TRUE,Sacramento River Mainstem,125,6500,NA,NA,NA,NA,94,38667.1074380165,69025.4545454545,4,2001-12-04,73511.4049586777,1,34844.2975206612,D,139,707,603,247,66.64
2002,2002-01-03,2001-12-03,TRUE,San Pablo Bay and Carquinez Strait,125,NA,NA,NA,NA,0.12666666666666693,94,38667.1074380165,69025.4545454545,4,2001-12-04,73511.4049586777,1,34844.2975206612,D,139,707,603,247,66.64
2002,2002-01-03,2001-12-03,TRUE,San Pablo Bay and Carquinez Strait,125,NA,-8028.610000000001,NA,NA,NA,94,38667.1074380165,69025.4545454545,4,2001-12-04,73511.4049586777,1,34844.2975206612,D,139,707,603,247,66.64
2002,2002-01-03,2001-12-03,TRUE,San Pablo Bay and Carquinez Strait,125,NA,NA,NA,NA,NA,94,38667.1074380165,69025.4545454545,4,2001-12-04,73511.4049586777,1,34844.2975206612,D,139,707,603,247,66.64
2002,2002-01-03,2001-12-03,TRUE,South Delta,125,NA,NA,NA,NA,NA,94,38667.1074380165,69025.4545454545,4,2001-12-04,73511.4049586777,1,34844.2975206612,D,139,707,603,247,66.64
2002,2002-01-03,2001-12-03,TRUE,South Delta,125,1372.5000000000002,NA,NA,NA,NA,94,38667.1074380165,69025.4545454545,4,2001-12-04,73511.4049586777,1,34844.2975206612,D,139,707,603,247,66.64
2002,2002-01-03,2001-12-03,TRUE,Suisun Marsh and Montezuma Slough,125,NA,NA,NA,NA,0.7222222222222214,94,38667.1074380165,69025.4545454545,4,2001-12-04,73511.4049586777,1,34844.2975206612,D,139,707,603,247,66.64
2002,2002-01-03,2001-12-03,TRUE,Suisun Marsh and Montezuma Slough,125,NA,-580.5716666666668,NA,NA,NA,94,38667.1074380165,69025.4545454545,4,2001-12-04,73511.4049586777,1,34844.2975206612,D,139,707,603,247,66.64
2002,2002-01-03,2001-12-03,TRUE,Suisun Marsh and Montezuma Slough,125,NA,NA,NA,NA,NA,94,38667.1074380165,69025.4545454545,4,2001-12-04,73511.4049586777,1,34844.2975206612,D,139,707,603,247,66.64
2002,2002-01-03,2001-12-03,TRUE,Suisun and Honker Bays,125,NA,NA,NA,NA,NA,94,38667.1074380165,69025.4545454545,4,2001-12-04,73511.4049586777,1,34844.2975206612,D,139,707,603,247,66.64
2002,2002-01-03,2001-12-03,TRUE,NA,125,NA,NA,NA,NA,NA,94,38667.1074380165,69025.4545454545,4,2001-12-04,73511.4049586777,1,34844.2975206612,D,139,707,603,247,66.64
2002,2002-01-05,2001-12-03,TRUE,Cache Slough and Liberty Island,127,NA,NA,NA,NA,NA,94,38667.1074380165,69025.4545454545,4,2001-12-04,73511.4049586777,1,34844.2975206612,D,139,707,603,247,65.11
2002,2002-01-05,2001-12-03,TRUE,Confluence,127,NA,NA,NA,NA,NA,94,38667.1074380165,69025.4545454545,4,2001-12-04,73511.4049586777,1,34844.2975206612,D,139,707,603,247,65.11
2002,2002-01-05,2001-12-03,TRUE,Confluence,127,9311.11111111111,NA,NA,NA,NA,94,38667.1074380165,69025.4545454545,4,2001-12-04,73511.4049586777,1,34844.2975206612,D,139,707,603,247,65.11
2002,2002-01-05,2001-12-03,TRUE,North and South Forks Mokelumne River,127,NA,NA,NA,NA,NA,94,38667.1074380165,69025.4545454545,4,2001-12-04,73511.4049586777,1,34844.2975206612,D,139,707,603,247,65.11
2002,2002-01-05,2001-12-03,TRUE,Out of Bounds,127,NA,NA,NA,NA,NA,94,38667.1074380165,69025.4545454545,4,2001-12-04,73511.4049586777,1,34844.2975206612,D,139,707,603,247,65.11
2002,2002-01-05,2001-12-03,TRUE,Sacramento River Deep Water Ship Channel,127,NA,NA,NA,NA,NA,94,38667.1074380165,69025.4545454545,4,2001-12-04,73511.4049586777,1,34844.2975206612,D,139,707,603,247,65.11
2002,2002-01-05,2001-12-03,TRUE,Sacramento River Mainstem,127,NA,NA,NA,NA,NA,94,38667.1074380165,69025.4545454545,4,2001-12-04,73511.4049586777,1,34844.2975206612,D,139,707,603,247,65.11
2002,2002-01-05,2001-12-03,TRUE,Sacramento River Mainstem,127,4666.666666666668,NA,NA,NA,NA,94,38667.1074380165,69025.4545454545,4,2001-12-04,73511.4049586777,1,34844.2975206612,D,139,707,603,247,65.11
2002,2002-01-05,2001-12-03,TRUE,San Pablo Bay and Carquinez Strait,127,NA,NA,NA,NA,0.16999999999999815,94,38667.1074380165,69025.4545454545,4,2001-12-04,73511.4049586777,1,34844.2975206612,D,139,707,603,247,65.11
2002,2002-01-05,2001-12-03,TRUE,San Pablo Bay and Carquinez Strait,127,NA,-2701.283333333333,NA,NA,NA,94,38667.1074380165,69025.4545454545,4,2001-12-04,73511.4049586777,1,34844.2975206612,D,139,707,603,247,65.11
2002,2002-01-05,2001-12-03,TRUE,San Pablo Bay and Carquinez Strait,127,NA,NA,NA,NA,NA,94,38667.1074380165,69025.4545454545,4,2001-12-04,73511.4049586777,1,34844.2975206612,D,139,707,603,247,65.11
2002,2002-01-05,2001-12-03,TRUE,South Delta,127,NA,NA,NA,NA,NA,94,38667.1074380165,69025.4545454545,4,2001-12-04,73511.4049586777,1,34844.2975206612,D,139,707,603,247,65.11
2002,2002-01-05,2001-12-03,TRUE,South Delta,127,1840,NA,NA,NA,NA,94,38667.1074380165,69025.4545454545,4,2001-12-04,73511.4049586777,1,34844.2975206612,D,139,707,603,247,65.11
2002,2002-01-05,2001-12-03,TRUE,Suisun Marsh and Montezuma Slough,127,NA,NA,NA,NA,0.4322222222222223,94,38667.1074380165,69025.4545454545,4,2001-12-04,73511.4049586777,1,34844.2975206612,D,139,707,603,247,65.11
2002,2002-01-05,2001-12-03,TRUE,Suisun Marsh and Montezuma Slough,127,NA,-215.5966666666667,NA,NA,NA,94,38667.1074380165,69025.4545454545,4,2001-12-04,73511.4049586777,1,34844.2975206612,D,139,707,603,247,65.11
2002,2002-01-05,2001-12-03,TRUE,Suisun Marsh and Montezuma Slough,127,NA,NA,NA,NA,NA,94,38667.1074380165,69025.4545454545,4,2001-12-04,73511.4049586777,1,34844.2975206612,D,139,707,603,247,65.11
2002,2002-01-05,2001-12-03,TRUE,Suisun and Honker Bays,127,NA,NA,NA,NA,NA,94,38667.1074380165,69025.4545454545,4,2001-12-04,73511.4049586777,1,34844.2975206612,D,139,707,603,247,65.11
2002,2002-01-05,2001-12-03,TRUE,NA,127,NA,NA,NA,NA,NA,94,38667.1074380165,69025.4545454545,4,2001-12-04,73511.4049586777,1,34844.2975206612,D,139,707,603,247,65.11
2002,2002-02-22,2001-12-03,TRUE,Cache Slough and Liberty Island,175,NA,NA,NA,NA,NA,94,38667.1074380165,69025.4545454545,4,2001-12-04,73511.4049586777,1,34844.2975206612,D,139,707,603,247,73.39
2002,2002-02-22,2001-12-03,TRUE,Confluence,175,NA,NA,NA,NA,NA,94,38667.1074380165,69025.4545454545,4,2001-12-04,73511.4049586777,1,34844.2975206612,D,139,707,603,247,73.39
2002,2002-02-22,2001-12-03,TRUE,Confluence,175,5830.555555555555,NA,NA,NA,NA,94,38667.1074380165,69025.4545454545,4,2001-12-04,73511.4049586777,1,34844.2975206612,D,139,707,603,247,73.39
2002,2002-02-22,2001-12-03,TRUE,North and South Forks Mokelumne River,175,NA,NA,NA,NA,NA,94,38667.1074380165,69025.4545454545,4,2001-12-04,73511.4049586777,1,34844.2975206612,D,139,707,603,247,73.39
2002,2002-02-22,2001-12-03,TRUE,Out of Bounds,175,NA,NA,NA,NA,NA,94,38667.1074380165,69025.4545454545,4,2001-12-04,73511.4049586777,1,34844.2975206612,D,139,707,603,247,73.39
2002,2002-02-22,2001-12-03,TRUE,Sacramento River Deep Water Ship Channel,175,NA,NA,NA,NA,NA,94,38667.1074380165,69025.4545454545,4,2001-12-04,73511.4049586777,1,34844.2975206612,D,139,707,603,247,73.39
2002,2002-02-22,2001-12-03,TRUE,Sacramento River Mainstem,175,NA,NA,NA,NA,NA,94,38667.1074380165,69025.4545454545,4,2001-12-04,73511.4049586777,1,34844.2975206612,D,139,707,603,247,73.39
2002,2002-02-22,2001-12-03,TRUE,Sacramento River Mainstem,175,NA,NA,NA,NA,NA,94,38667.1074380165,69025.4545454545,4,2001-12-04,73511.4049586777,1,34844.2975206612,D,139,707,603,247,73.39
2002,2002-02-22,2001-12-03,TRUE,San Pablo Bay and Carquinez Strait,175,NA,NA,NA,NA,0.7250000000000014,94,38667.1074380165,69025.4545454545,4,2001-12-04,73511.4049586777,1,34844.2975206612,D,139,707,603,247,73.39
2002,2002-02-22,2001-12-03,TRUE,San Pablo Bay and Carquinez Strait,175,NA,-2045.984999999997,NA,NA,NA,94,38667.1074380165,69025.4545454545,4,2001-12-04,73511.4049586777,1,34844.2975206612,D,139,707,603,247,73.39
2002,2002-02-22,2001-12-03,TRUE,San Pablo Bay and Carquinez Strait,175,NA,NA,NA,NA,NA,94,38667.1074380165,69025.4545454545,4,2001-12-04,73511.4049586777,1,34844.2975206612,D,139,707,603,247,73.39
2002,2002-02-22,2001-12-03,TRUE,South Delta,175,NA,NA,NA,NA,NA,94,38667.1074380165,69025.4545454545,4,2001-12-04,73511.4049586777,1,34844.2975206612,D,139,707,603,247,73.39
2002,2002-02-22,2001-12-03,TRUE,South Delta,175,-469.4166666666665,NA,NA,NA,NA,94,38667.1074380165,69025.4545454545,4,2001-12-04,73511.4049586777,1,34844.2975206612,D,139,707,603,247,73.39
2002,2002-02-22,2001-12-03,TRUE,Suisun Marsh and Montezuma Slough,175,NA,NA,NA,NA,1.0055555555555546,94,38667.1074380165,69025.4545454545,4,2001-12-04,73511.4049586777,1,34844.2975206612,D,139,707,603,247,73.39
2002,2002-02-22,2001-12-03,TRUE,Suisun Marsh and Montezuma Slough,175,NA,-156.4966666666669,NA,NA,NA,94,38667.1074380165,69025.4545454545,4,2001-12-04,73511.4049586777,1,34844.2975206612,D,139,707,603,247,73.39
2002,2002-02-22,2001-12-03,TRUE,Suisun Marsh and Montezuma Slough,175,NA,NA,NA,NA,NA,94,38667.1074380165,69025.4545454545,4,2001-12-04,73511.4049586777,1,34844.2975206612,D,139,707,603,247,73.39
2002,2002-02-22,2001-12-03,TRUE,Suisun and Honker Bays,175,NA,NA,NA,NA,NA,94,38667.1074380165,69025.4545454545,4,2001-12-04,73511.4049586777,1,34844.2975206612,D,139,707,603,247,73.39
2002,2002-02-22,2001-12-03,TRUE,NA,175,NA,NA,NA,NA,NA,94,38667.1074380165,69025.4545454545,4,2001-12-04,73511.4049586777,1,34844.2975206612,D,139,707,603,247,73.39
2003,2002-12-16,2002-12-16,FALSE,Cache Slough and Liberty Island,107,NA,NA,NA,NA,NA,107,30657.8512396694,95568.9256198347,5,2002-12-19,115491.570247934,3,84833.7190082645,AN,210,467,139,707,81.7
2003,2002-12-16,2002-12-16,FALSE,Confluence,107,NA,NA,NA,NA,NA,107,30657.8512396694,95568.9256198347,5,2002-12-19,115491.570247934,3,84833.7190082645,AN,210,467,139,707,81.7
2003,2002-12-16,2002-12-16,FALSE,Confluence,107,22466.666666666664,NA,NA,NA,NA,107,30657.8512396694,95568.9256198347,5,2002-12-19,115491.570247934,3,84833.7190082645,AN,210,467,139,707,81.7
2003,2002-12-16,2002-12-16,FALSE,North and South Forks Mokelumne River,107,NA,NA,NA,NA,NA,107,30657.8512396694,95568.9256198347,5,2002-12-19,115491.570247934,3,84833.7190082645,AN,210,467,139,707,81.7
2003,2002-12-16,2002-12-16,FALSE,Out of Bounds,107,NA,NA,NA,NA,NA,107,30657.8512396694,95568.9256198347,5,2002-12-19,115491.570247934,3,84833.7190082645,AN,210,467,139,707,81.7
2003,2002-12-16,2002-12-16,FALSE,Sacramento River Deep Water Ship Channel,107,NA,NA,NA,NA,NA,107,30657.8512396694,95568.9256198347,5,2002-12-19,115491.570247934,3,84833.7190082645,AN,210,467,139,707,81.7
2003,2002-12-16,2002-12-16,FALSE,Sacramento River Mainstem,107,NA,NA,NA,NA,NA,107,30657.8512396694,95568.9256198347,5,2002-12-19,115491.570247934,3,84833.7190082645,AN,210,467,139,707,81.7
2003,2002-12-16,2002-12-16,FALSE,Sacramento River Mainstem,107,12026.666666666666,NA,NA,NA,NA,107,30657.8512396694,95568.9256198347,5,2002-12-19,115491.570247934,3,84833.7190082645,AN,210,467,139,707,81.7
2003,2002-12-16,2002-12-16,FALSE,San Pablo Bay and Carquinez Strait,107,NA,NA,NA,NA,-0.2666666666666675,107,30657.8512396694,95568.9256198347,5,2002-12-19,115491.570247934,3,84833.7190082645,AN,210,467,139,707,81.7
2003,2002-12-16,2002-12-16,FALSE,San Pablo Bay and Carquinez Strait,107,NA,-4875.181666666667,NA,NA,NA,107,30657.8512396694,95568.9256198347,5,2002-12-19,115491.570247934,3,84833.7190082645,AN,210,467,139,707,81.7
2003,2002-12-16,2002-12-16,FALSE,San Pablo Bay and Carquinez Strait,107,NA,NA,NA,NA,NA,107,30657.8512396694,95568.9256198347,5,2002-12-19,115491.570247934,3,84833.7190082645,AN,210,467,139,707,81.7
2003,2002-12-16,2002-12-16,FALSE,South Delta,107,NA,NA,NA,NA,0.3566666666666656,107,30657.8512396694,95568.9256198347,5,2002-12-19,115491.570247934,3,84833.7190082645,AN,210,467,139,707,81.7
2003,2002-12-16,2002-12-16,FALSE,South Delta,107,NA,-153.9233333333334,NA,NA,NA,107,30657.8512396694,95568.9256198347,5,2002-12-19,115491.570247934,3,84833.7190082645,AN,210,467,139,707,81.7
2003,2002-12-16,2002-12-16,FALSE,South Delta,107,NA,NA,14.013333333333328,NA,NA,107,30657.8512396694,95568.9256198347,5,2002-12-19,115491.570247934,3,84833.7190082645,AN,210,467,139,707,81.7
2003,2002-12-16,2002-12-16,FALSE,South Delta,107,548.0833333333333,NA,NA,NA,NA,107,30657.8512396694,95568.9256198347,5,2002-12-19,115491.570247934,3,84833.7190082645,AN,210,467,139,707,81.7
2003,2002-12-16,2002-12-16,FALSE,South Delta,107,NA,NA,NA,NA,NA,107,30657.8512396694,95568.9256198347,5,2002-12-19,115491.570247934,3,84833.7190082645,AN,210,467,139,707,81.7
2003,2002-12-16,2002-12-16,FALSE,Suisun Marsh and Montezuma Slough,107,NA,NA,NA,NA,-0.29777777777777814,107,30657.8512396694,95568.9256198347,5,2002-12-19,115491.570247934,3,84833.7190082645,AN,210,467,139,707,81.7
2003,2002-12-16,2002-12-16,FALSE,Suisun Marsh and Montezuma Slough,107,NA,-1496.958333333334,NA,NA,NA,107,30657.8512396694,95568.9256198347,5,2002-12-19,115491.570247934,3,84833.7190082645,AN,210,467,139,707,81.7
2003,2002-12-16,2002-12-16,FALSE,Suisun Marsh and Montezuma Slough,107,NA,NA,NA,NA,NA,107,30657.8512396694,95568.9256198347,5,2002-12-19,115491.570247934,3,84833.7190082645,AN,210,467,139,707,81.7
2003,2002-12-16,2002-12-16,FALSE,Suisun and Honker Bays,107,NA,NA,NA,NA,NA,107,30657.8512396694,95568.9256198347,5,2002-12-19,115491.570247934,3,84833.7190082645,AN,210,467,139,707,81.7
2003,2002-12-16,2002-12-16,FALSE,NA,107,NA,NA,NA,NA,NA,107,30657.8512396694,95568.9256198347,5,2002-12-19,115491.570247934,3,84833.7190082645,AN,210,467,139,707,81.7
2003,2002-12-29,2002-12-16,TRUE,Cache Slough and Liberty Island,120,NA,NA,NA,NA,NA,107,30657.8512396694,95568.9256198347,5,2002-12-19,115491.570247934,3,84833.7190082645,AN,210,467,139,707,69.89
2003,2002-12-29,2002-12-16,TRUE,Confluence,120,NA,NA,NA,NA,NA,107,30657.8512396694,95568.9256198347,5,2002-12-19,115491.570247934,3,84833.7190082645,AN,210,467,139,707,69.89
2003,2002-12-29,2002-12-16,TRUE,Confluence,120,8887.777777777781,NA,NA,NA,NA,107,30657.8512396694,95568.9256198347,5,2002-12-19,115491.570247934,3,84833.7190082645,AN,210,467,139,707,69.89
2003,2002-12-29,2002-12-16,TRUE,North and South Forks Mokelumne River,120,NA,NA,NA,NA,NA,107,30657.8512396694,95568.9256198347,5,2002-12-19,115491.570247934,3,84833.7190082645,AN,210,467,139,707,69.89
2003,2002-12-29,2002-12-16,TRUE,Out of Bounds,120,NA,NA,NA,NA,NA,107,30657.8512396694,95568.9256198347,5,2002-12-19,115491.570247934,3,84833.7190082645,AN,210,467,139,707,69.89
2003,2002-12-29,2002-12-16,TRUE,Sacramento River Deep Water Ship Channel,120,NA,NA,NA,NA,NA,107,30657.8512396694,95568.9256198347,5,2002-12-19,115491.570247934,3,84833.7190082645,AN,210,467,139,707,69.89
2003,2002-12-29,2002-12-16,TRUE,Sacramento River Mainstem,120,NA,NA,NA,NA,NA,107,30657.8512396694,95568.9256198347,5,2002-12-19,115491.570247934,3,84833.7190082645,AN,210,467,139,707,69.89
2003,2002-12-29,2002-12-16,TRUE,Sacramento River Mainstem,120,5199.999999999998,NA,NA,NA,NA,107,30657.8512396694,95568.9256198347,5,2002-12-19,115491.570247934,3,84833.7190082645,AN,210,467,139,707,69.89
2003,2002-12-29,2002-12-16,TRUE,San Pablo Bay and Carquinez Strait,120,NA,NA,NA,NA,-0.125,107,30657.8512396694,95568.9256198347,5,2002-12-19,115491.570247934,3,84833.7190082645,AN,210,467,139,707,69.89
2003,2002-12-29,2002-12-16,TRUE,San Pablo Bay and Carquinez Strait,120,NA,-2144.491666666665,NA,NA,NA,107,30657.8512396694,95568.9256198347,5,2002-12-19,115491.570247934,3,84833.7190082645,AN,210,467,139,707,69.89
2003,2002-12-29,2002-12-16,TRUE,San Pablo Bay and Carquinez Strait,120,NA,NA,NA,NA,NA,107,30657.8512396694,95568.9256198347,5,2002-12-19,115491.570247934,3,84833.7190082645,AN,210,467,139,707,69.89
2003,2002-12-29,2002-12-16,TRUE,South Delta,120,NA,NA,NA,NA,0.5866666666666678,107,30657.8512396694,95568.9256198347,5,2002-12-19,115491.570247934,3,84833.7190082645,AN,210,467,139,707,69.89
2003,2002-12-29,2002-12-16,TRUE,South Delta,120,NA,85.28666666666663,NA,NA,NA,107,30657.8512396694,95568.9256198347,5,2002-12-19,115491.570247934,3,84833.7190082645,AN,210,467,139,707,69.89
2003,2002-12-29,2002-12-16,TRUE,South Delta,120,NA,NA,-1.3133333333333326,NA,NA,107,30657.8512396694,95568.9256198347,5,2002-12-19,115491.570247934,3,84833.7190082645,AN,210,467,139,707,69.89
2003,2002-12-29,2002-12-16,TRUE,South Delta,120,1277.1666666666667,NA,NA,NA,NA,107,30657.8512396694,95568.9256198347,5,2002-12-19,115491.570247934,3,84833.7190082645,AN,210,467,139,707,69.89
2003,2002-12-29,2002-12-16,TRUE,South Delta,120,NA,NA,NA,NA,NA,107,30657.8512396694,95568.9256198347,5,2002-12-19,115491.570247934,3,84833.7190082645,AN,210,467,139,707,69.89
2003,2002-12-29,2002-12-16,TRUE,Suisun Marsh and Montezuma Slough,120,NA,NA,NA,NA,0.32444444444444365,107,30657.8512396694,95568.9256198347,5,2002-12-19,115491.570247934,3,84833.7190082645,AN,210,467,139,707,69.89
2003,2002-12-29,2002-12-16,TRUE,Suisun Marsh and Montezuma Slough,120,NA,-159.88416666666672,NA,NA,NA,107,30657.8512396694,95568.9256198347,5,2002-12-19,115491.570247934,3,84833.7190082645,AN,210,467,139,707,69.89
2003,2002-12-29,2002-12-16,TRUE,Suisun Marsh and Montezuma Slough,120,NA,NA,NA,NA,NA,107,30657.8512396694,95568.9256198347,5,2002-12-19,115491.570247934,3,84833.7190082645,AN,210,467,139,707,69.89
2003,2002-12-29,2002-12-16,TRUE,Suisun and Honker Bays,120,NA,NA,NA,NA,NA,107,30657.8512396694,95568.9256198347,5,2002-12-19,115491.570247934,3,84833.7190082645,AN,210,467,139,707,69.89
2003,2002-12-29,2002-12-16,TRUE,NA,120,NA,NA,NA,NA,NA,107,30657.8512396694,95568.9256198347,5,2002-12-19,115491.570247934,3,84833.7190082645,AN,210,467,139,707,69.89
2003,2003-01-15,2002-12-16,TRUE,Cache Slough and Liberty Island,137,NA,NA,NA,NA,NA,107,30657.8512396694,95568.9256198347,5,2002-12-19,115491.570247934,3,84833.7190082645,AN,210,467,139,707,63.06
2003,2003-01-15,2002-12-16,TRUE,Confluence,137,NA,NA,NA,NA,NA,107,30657.8512396694,95568.9256198347,5,2002-12-19,115491.570247934,3,84833.7190082645,AN,210,467,139,707,63.06
2003,2003-01-15,2002-12-16,TRUE,Confluence,137,10676.666666666664,NA,NA,NA,NA,107,30657.8512396694,95568.9256198347,5,2002-12-19,115491.570247934,3,84833.7190082645,AN,210,467,139,707,63.06
2003,2003-01-15,2002-12-16,TRUE,North and South Forks Mokelumne River,137,NA,NA,NA,NA,NA,107,30657.8512396694,95568.9256198347,5,2002-12-19,115491.570247934,3,84833.7190082645,AN,210,467,139,707,63.06
2003,2003-01-15,2002-12-16,TRUE,Out of Bounds,137,NA,NA,NA,NA,NA,107,30657.8512396694,95568.9256198347,5,2002-12-19,115491.570247934,3,84833.7190082645,AN,210,467,139,707,63.06
2003,2003-01-15,2002-12-16,TRUE,Sacramento River Deep Water Ship Channel,137,NA,NA,NA,NA,NA,107,30657.8512396694,95568.9256198347,5,2002-12-19,115491.570247934,3,84833.7190082645,AN,210,467,139,707,63.06
2003,2003-01-15,2002-12-16,TRUE,Sacramento River Mainstem,137,NA,NA,NA,NA,NA,107,30657.8512396694,95568.9256198347,5,2002-12-19,115491.570247934,3,84833.7190082645,AN,210,467,139,707,63.06
2003,2003-01-15,2002-12-16,TRUE,Sacramento River Mainstem,137,6533.333333333334,NA,NA,NA,NA,107,30657.8512396694,95568.9256198347,5,2002-12-19,115491.570247934,3,84833.7190082645,AN,210,467,139,707,63.06
2003,2003-01-15,2002-12-16,TRUE,San Pablo Bay and Carquinez Strait,137,NA,NA,NA,NA,0.18166666666666487,107,30657.8512396694,95568.9256198347,5,2002-12-19,115491.570247934,3,84833.7190082645,AN,210,467,139,707,63.06
2003,2003-01-15,2002-12-16,TRUE,San Pablo Bay and Carquinez Strait,137,NA,-4756.596666666666,NA,NA,NA,107,30657.8512396694,95568.9256198347,5,2002-12-19,115491.570247934,3,84833.7190082645,AN,210,467,139,707,63.06
2003,2003-01-15,2002-12-16,TRUE,San Pablo Bay and Carquinez Strait,137,NA,NA,NA,NA,NA,107,30657.8512396694,95568.9256198347,5,2002-12-19,115491.570247934,3,84833.7190082645,AN,210,467,139,707,63.06
2003,2003-01-15,2002-12-16,TRUE,South Delta,137,NA,NA,NA,NA,0.5600000000000005,107,30657.8512396694,95568.9256198347,5,2002-12-19,115491.570247934,3,84833.7190082645,AN,210,467,139,707,63.06
2003,2003-01-15,2002-12-16,TRUE,South Delta,137,NA,-97.78666666666663,NA,NA,NA,107,30657.8512396694,95568.9256198347,5,2002-12-19,115491.570247934,3,84833.7190082645,AN,210,467,139,707,63.06
2003,2003-01-15,2002-12-16,TRUE,South Delta,137,NA,NA,-1.9533333333333331,NA,NA,107,30657.8512396694,95568.9256198347,5,2002-12-19,115491.570247934,3,84833.7190082645,AN,210,467,139,707,63.06
2003,2003-01-15,2002-12-16,TRUE,South Delta,137,1563.916666666667,NA,NA,NA,NA,107,30657.8512396694,95568.9256198347,5,2002-12-19,115491.570247934,3,84833.7190082645,AN,210,467,139,707,63.06
2003,2003-01-15,2002-12-16,TRUE,South Delta,137,NA,NA,NA,NA,NA,107,30657.8512396694,95568.9256198347,5,2002-12-19,115491.570247934,3,84833.7190082645,AN,210,467,139,707,63.06
2003,2003-01-15,2002-12-16,TRUE,Suisun Marsh and Montezuma Slough,137,NA,NA,NA,NA,0.5455555555555556,107,30657.8512396694,95568.9256198347,5,2002-12-19,115491.570247934,3,84833.7190082645,AN,210,467,139,707,63.06
2003,2003-01-15,2002-12-16,TRUE,Suisun Marsh and Montezuma Slough,137,NA,-128.91333333333318,NA,NA,NA,107,30657.8512396694,95568.9256198347,5,2002-12-19,115491.570247934,3,84833.7190082645,AN,210,467,139,707,63.06
2003,2003-01-15,2002-12-16,TRUE,Suisun Marsh and Montezuma Slough,137,NA,NA,NA,NA,NA,107,30657.8512396694,95568.9256198347,5,2002-12-19,115491.570247934,3,84833.7190082645,AN,210,467,139,707,63.06
2003,2003-01-15,2002-12-16,TRUE,Suisun and Honker Bays,137,NA,NA,NA,NA,NA,107,30657.8512396694,95568.9256198347,5,2002-12-19,115491.570247934,3,84833.7190082645,AN,210,467,139,707,63.06
2003,2003-01-15,2002-12-16,TRUE,NA,137,NA,NA,NA,NA,NA,107,30657.8512396694,95568.9256198347,5,2002-12-19,115491.570247934,3,84833.7190082645,AN,210,467,139,707,63.06
2003,2003-03-16,2002-12-16,TRUE,Cache Slough and Liberty Island,197,NA,NA,NA,NA,NA,107,30657.8512396694,95568.9256198347,5,2002-12-19,115491.570247934,3,84833.7190082645,AN,210,467,139,707,70.55
2003,2003-03-16,2002-12-16,TRUE,Confluence,197,NA,NA,NA,NA,NA,107,30657.8512396694,95568.9256198347,5,2002-12-19,115491.570247934,3,84833.7190082645,AN,210,467,139,707,70.55
2003,2003-03-16,2002-12-16,TRUE,Confluence,197,12505.555555555557,NA,NA,NA,NA,107,30657.8512396694,95568.9256198347,5,2002-12-19,115491.570247934,3,84833.7190082645,AN,210,467,139,707,70.55
2003,2003-03-16,2002-12-16,TRUE,North and South Forks Mokelumne River,197,NA,NA,NA,NA,NA,107,30657.8512396694,95568.9256198347,5,2002-12-19,115491.570247934,3,84833.7190082645,AN,210,467,139,707,70.55
2003,2003-03-16,2002-12-16,TRUE,Out of Bounds,197,NA,NA,NA,NA,NA,107,30657.8512396694,95568.9256198347,5,2002-12-19,115491.570247934,3,84833.7190082645,AN,210,467,139,707,70.55
2003,2003-03-16,2002-12-16,TRUE,Sacramento River Deep Water Ship Channel,197,NA,NA,NA,NA,NA,107,30657.8512396694,95568.9256198347,5,2002-12-19,115491.570247934,3,84833.7190082645,AN,210,467,139,707,70.55
2003,2003-03-16,2002-12-16,TRUE,Sacramento River Mainstem,197,NA,NA,NA,NA,NA,107,30657.8512396694,95568.9256198347,5,2002-12-19,115491.570247934,3,84833.7190082645,AN,210,467,139,707,70.55
2003,2003-03-16,2002-12-16,TRUE,Sacramento River Mainstem,197,6743.333333333334,NA,NA,NA,NA,107,30657.8512396694,95568.9256198347,5,2002-12-19,115491.570247934,3,84833.7190082645,AN,210,467,139,707,70.55
2003,2003-03-16,2002-12-16,TRUE,San Pablo Bay and Carquinez Strait,197,NA,NA,NA,NA,0.20166666666666624,107,30657.8512396694,95568.9256198347,5,2002-12-19,115491.570247934,3,84833.7190082645,AN,210,467,139,707,70.55
2003,2003-03-16,2002-12-16,TRUE,San Pablo Bay and Carquinez Strait,197,NA,-6246.596666666668,NA,NA,NA,107,30657.8512396694,95568.9256198347,5,2002-12-19,115491.570247934,3,84833.7190082645,AN,210,467,139,707,70.55
2003,2003-03-16,2002-12-16,TRUE,San Pablo Bay and Carquinez Strait,197,NA,NA,NA,NA,NA,107,30657.8512396694,95568.9256198347,5,2002-12-19,115491.570247934,3,84833.7190082645,AN,210,467,139,707,70.55
2003,2003-03-16,2002-12-16,TRUE,South Delta,197,NA,NA,NA,NA,-1.1833333333333336,107,30657.8512396694,95568.9256198347,5,2002-12-19,115491.570247934,3,84833.7190082645,AN,210,467,139,707,70.55
2003,2003-03-16,2002-12-16,TRUE,South Delta,197,NA,-35.87333333333345,NA,NA,NA,107,30657.8512396694,95568.9256198347,5,2002-12-19,115491.570247934,3,84833.7190082645,AN,210,467,139,707,70.55
2003,2003-03-16,2002-12-16,TRUE,South Delta,197,NA,NA,-2.176666666666666,NA,NA,107,30657.8512396694,95568.9256198347,5,2002-12-19,115491.570247934,3,84833.7190082645,AN,210,467,139,707,70.55
2003,2003-03-16,2002-12-16,TRUE,South Delta,197,529.5,NA,NA,NA,NA,107,30657.8512396694,95568.9256198347,5,2002-12-19,115491.570247934,3,84833.7190082645,AN,210,467,139,707,70.55
2003,2003-03-16,2002-12-16,TRUE,South Delta,197,NA,NA,NA,NA,NA,107,30657.8512396694,95568.9256198347,5,2002-12-19,115491.570247934,3,84833.7190082645,AN,210,467,139,707,70.55
2003,2003-03-16,2002-12-16,TRUE,Suisun Marsh and Montezuma Slough,197,NA,NA,NA,NA,-0.11999999999999922,107,30657.8512396694,95568.9256198347,5,2002-12-19,115491.570247934,3,84833.7190082645,AN,210,467,139,707,70.55
2003,2003-03-16,2002-12-16,TRUE,Suisun Marsh and Montezuma Slough,197,NA,322.64916666666704,NA,NA,NA,107,30657.8512396694,95568.9256198347,5,2002-12-19,115491.570247934,3,84833.7190082645,AN,210,467,139,707,70.55
2003,2003-03-16,2002-12-16,TRUE,Suisun Marsh and Montezuma Slough,197,NA,NA,NA,NA,NA,107,30657.8512396694,95568.9256198347,5,2002-12-19,115491.570247934,3,84833.7190082645,AN,210,467,139,707,70.55
2003,2003-03-16,2002-12-16,TRUE,Suisun and Honker Bays,197,NA,NA,NA,NA,NA,107,30657.8512396694,95568.9256198347,5,2002-12-19,115491.570247934,3,84833.7190082645,AN,210,467,139,707,70.55
2003,2003-03-16,2002-12-16,TRUE,NA,197,NA,NA,NA,NA,NA,107,30657.8512396694,95568.9256198347,5,2002-12-19,115491.570247934,3,84833.7190082645,AN,210,467,139,707,70.55
2003,2003-04-15,2002-12-16,TRUE,Cache Slough and Liberty Island,227,NA,NA,NA,NA,NA,107,30657.8512396694,95568.9256198347,5,2002-12-19,115491.570247934,3,84833.7190082645,AN,210,467,139,707,72.29
2003,2003-04-15,2002-12-16,TRUE,Confluence,227,NA,NA,NA,NA,NA,107,30657.8512396694,95568.9256198347,5,2002-12-19,115491.570247934,3,84833.7190082645,AN,210,467,139,707,72.29
2003,2003-04-15,2002-12-16,TRUE,Confluence,227,6247.944444444447,NA,NA,NA,NA,107,30657.8512396694,95568.9256198347,5,2002-12-19,115491.570247934,3,84833.7190082645,AN,210,467,139,707,72.29
2003,2003-04-15,2002-12-16,TRUE,North and South Forks Mokelumne River,227,NA,NA,NA,NA,NA,107,30657.8512396694,95568.9256198347,5,2002-12-19,115491.570247934,3,84833.7190082645,AN,210,467,139,707,72.29
2003,2003-04-15,2002-12-16,TRUE,Out of Bounds,227,NA,NA,NA,NA,NA,107,30657.8512396694,95568.9256198347,5,2002-12-19,115491.570247934,3,84833.7190082645,AN,210,467,139,707,72.29
2003,2003-04-15,2002-12-16,TRUE,Sacramento River Deep Water Ship Channel,227,NA,NA,NA,NA,NA,107,30657.8512396694,95568.9256198347,5,2002-12-19,115491.570247934,3,84833.7190082645,AN,210,467,139,707,72.29
2003,2003-04-15,2002-12-16,TRUE,Sacramento River Mainstem,227,NA,NA,NA,NA,NA,107,30657.8512396694,95568.9256198347,5,2002-12-19,115491.570247934,3,84833.7190082645,AN,210,467,139,707,72.29
2003,2003-04-15,2002-12-16,TRUE,Sacramento River Mainstem,227,2996.666666666666,NA,NA,NA,NA,107,30657.8512396694,95568.9256198347,5,2002-12-19,115491.570247934,3,84833.7190082645,AN,210,467,139,707,72.29
2003,2003-04-15,2002-12-16,TRUE,San Pablo Bay and Carquinez Strait,227,NA,NA,NA,NA,0.01666666666666749,107,30657.8512396694,95568.9256198347,5,2002-12-19,115491.570247934,3,84833.7190082645,AN,210,467,139,707,72.29
2003,2003-04-15,2002-12-16,TRUE,San Pablo Bay and Carquinez Strait,227,NA,-4872.056666666667,NA,NA,NA,107,30657.8512396694,95568.9256198347,5,2002-12-19,115491.570247934,3,84833.7190082645,AN,210,467,139,707,72.29
2003,2003-04-15,2002-12-16,TRUE,San Pablo Bay and Carquinez Strait,227,NA,NA,NA,NA,NA,107,30657.8512396694,95568.9256198347,5,2002-12-19,115491.570247934,3,84833.7190082645,AN,210,467,139,707,72.29
2003,2003-04-15,2002-12-16,TRUE,South Delta,227,NA,NA,NA,NA,-0.8633333333333333,107,30657.8512396694,95568.9256198347,5,2002-12-19,115491.570247934,3,84833.7190082645,AN,210,467,139,707,72.29
2003,2003-04-15,2002-12-16,TRUE,South Delta,227,NA,-1.613333333333344,NA,NA,NA,107,30657.8512396694,95568.9256198347,5,2002-12-19,115491.570247934,3,84833.7190082645,AN,210,467,139,707,72.29
2003,2003-04-15,2002-12-16,TRUE,South Delta,227,NA,NA,0.7366666666666681,NA,NA,107,30657.8512396694,95568.9256198347,5,2002-12-19,115491.570247934,3,84833.7190082645,AN,210,467,139,707,72.29
2003,2003-04-15,2002-12-16,TRUE,South Delta,227,1716.75,NA,NA,NA,NA,107,30657.8512396694,95568.9256198347,5,2002-12-19,115491.570247934,3,84833.7190082645,AN,210,467,139,707,72.29
2003,2003-04-15,2002-12-16,TRUE,South Delta,227,NA,NA,NA,NA,NA,107,30657.8512396694,95568.9256198347,5,2002-12-19,115491.570247934,3,84833.7190082645,AN,210,467,139,707,72.29
2003,2003-04-15,2002-12-16,TRUE,Suisun Marsh and Montezuma Slough,227,NA,NA,NA,NA,-0.31444444444444564,107,30657.8512396694,95568.9256198347,5,2002-12-19,115491.570247934,3,84833.7190082645,AN,210,467,139,707,72.29
2003,2003-04-15,2002-12-16,TRUE,Suisun Marsh and Montezuma Slough,227,NA,169.35833333333312,NA,NA,NA,107,30657.8512396694,95568.9256198347,5,2002-12-19,115491.570247934,3,84833.7190082645,AN,210,467,139,707,72.29
2003,2003-04-15,2002-12-16,TRUE,Suisun Marsh and Montezuma Slough,227,NA,NA,NA,NA,NA,107,30657.8512396694,95568.9256198347,5,2002-12-19,115491.570247934,3,84833.7190082645,AN,210,467,139,707,72.29
2003,2003-04-15,2002-12-16,TRUE,Suisun and Honker Bays,227,NA,NA,NA,NA,NA,107,30657.8512396694,95568.9256198347,5,2002-12-19,115491.570247934,3,84833.7190082645,AN,210,467,139,707,72.29
2003,2003-04-15,2002-12-16,TRUE,NA,227,NA,NA,NA,NA,NA,107,30657.8512396694,95568.9256198347,5,2002-12-19,115491.570247934,3,84833.7190082645,AN,210,467,139,707,72.29
2003,2003-04-26,2002-12-16,TRUE,Cache Slough and Liberty Island,238,NA,NA,NA,NA,NA,107,30657.8512396694,95568.9256198347,5,2002-12-19,115491.570247934,3,84833.7190082645,AN,210,467,139,707,69.43
2003,2003-04-26,2002-12-16,TRUE,Confluence,238,NA,NA,NA,NA,NA,107,30657.8512396694,95568.9256198347,5,2002-12-19,115491.570247934,3,84833.7190082645,AN,210,467,139,707,69.43
2003,2003-04-26,2002-12-16,TRUE,Confluence,238,7947.777777777777,NA,NA,NA,NA,107,30657.8512396694,95568.9256198347,5,2002-12-19,115491.570247934,3,84833.7190082645,AN,210,467,139,707,69.43
2003,2003-04-26,2002-12-16,TRUE,North and South Forks Mokelumne River,238,NA,NA,NA,NA,NA,107,30657.8512396694,95568.9256198347,5,2002-12-19,115491.570247934,3,84833.7190082645,AN,210,467,139,707,69.43
2003,2003-04-26,2002-12-16,TRUE,Out of Bounds,238,NA,NA,NA,NA,NA,107,30657.8512396694,95568.9256198347,5,2002-12-19,115491.570247934,3,84833.7190082645,AN,210,467,139,707,69.43
2003,2003-04-26,2002-12-16,TRUE,Sacramento River Deep Water Ship Channel,238,NA,NA,NA,NA,NA,107,30657.8512396694,95568.9256198347,5,2002-12-19,115491.570247934,3,84833.7190082645,AN,210,467,139,707,69.43
2003,2003-04-26,2002-12-16,TRUE,Sacramento River Mainstem,238,NA,NA,NA,NA,NA,107,30657.8512396694,95568.9256198347,5,2002-12-19,115491.570247934,3,84833.7190082645,AN,210,467,139,707,69.43
2003,2003-04-26,2002-12-16,TRUE,Sacramento River Mainstem,238,5176.666666666667,NA,NA,NA,NA,107,30657.8512396694,95568.9256198347,5,2002-12-19,115491.570247934,3,84833.7190082645,AN,210,467,139,707,69.43
2003,2003-04-26,2002-12-16,TRUE,San Pablo Bay and Carquinez Strait,238,NA,NA,NA,NA,-0.05833333333333179,107,30657.8512396694,95568.9256198347,5,2002-12-19,115491.570247934,3,84833.7190082645,AN,210,467,139,707,69.43
2003,2003-04-26,2002-12-16,TRUE,San Pablo Bay and Carquinez Strait,238,NA,-1014.4683333333325,NA,NA,NA,107,30657.8512396694,95568.9256198347,5,2002-12-19,115491.570247934,3,84833.7190082645,AN,210,467,139,707,69.43
2003,2003-04-26,2002-12-16,TRUE,San Pablo Bay and Carquinez Strait,238,NA,NA,NA,NA,NA,107,30657.8512396694,95568.9256198347,5,2002-12-19,115491.570247934,3,84833.7190082645,AN,210,467,139,707,69.43
2003,2003-04-26,2002-12-16,TRUE,South Delta,238,NA,NA,NA,NA,0.6533333333333324,107,30657.8512396694,95568.9256198347,5,2002-12-19,115491.570247934,3,84833.7190082645,AN,210,467,139,707,69.43
2003,2003-04-26,2002-12-16,TRUE,South Delta,238,NA,-23.379999999999995,NA,NA,NA,107,30657.8512396694,95568.9256198347,5,2002-12-19,115491.570247934,3,84833.7190082645,AN,210,467,139,707,69.43
2003,2003-04-26,2002-12-16,TRUE,South Delta,238,NA,NA,1.1266666666666652,NA,NA,107,30657.8512396694,95568.9256198347,5,2002-12-19,115491.570247934,3,84833.7190082645,AN,210,467,139,707,69.43
2003,2003-04-26,2002-12-16,TRUE,South Delta,238,-92.33333333333334,NA,NA,NA,NA,107,30657.8512396694,95568.9256198347,5,2002-12-19,115491.570247934,3,84833.7190082645,AN,210,467,139,707,69.43
2003,2003-04-26,2002-12-16,TRUE,South Delta,238,NA,NA,NA,NA,NA,107,30657.8512396694,95568.9256198347,5,2002-12-19,115491.570247934,3,84833.7190082645,AN,210,467,139,707,69.43
2003,2003-04-26,2002-12-16,TRUE,Suisun Marsh and Montezuma Slough,238,NA,NA,NA,NA,0.03333333333333321,107,30657.8512396694,95568.9256198347,5,2002-12-19,115491.570247934,3,84833.7190082645,AN,210,467,139,707,69.43
2003,2003-04-26,2002-12-16,TRUE,Suisun Marsh and Montezuma Slough,238,NA,-323.05583333333334,NA,NA,NA,107,30657.8512396694,95568.9256198347,5,2002-12-19,115491.570247934,3,84833.7190082645,AN,210,467,139,707,69.43
2003,2003-04-26,2002-12-16,TRUE,Suisun Marsh and Montezuma Slough,238,NA,NA,NA,NA,NA,107,30657.8512396694,95568.9256198347,5,2002-12-19,115491.570247934,3,84833.7190082645,AN,210,467,139,707,69.43
2003,2003-04-26,2002-12-16,TRUE,Suisun and Honker Bays,238,NA,NA,NA,NA,NA,107,30657.8512396694,95568.9256198347,5,2002-12-19,115491.570247934,3,84833.7190082645,AN,210,467,139,707,69.43
2003,2003-04-26,2002-12-16,TRUE,NA,238,NA,NA,NA,NA,NA,107,30657.8512396694,95568.9256198347,5,2002-12-19,115491.570247934,3,84833.7190082645,AN,210,467,139,707,69.43
2004,2003-12-26,2003-12-26,FALSE,Cache Slough and Liberty Island,117,NA,NA,NA,NA,NA,117,63958.347107438,89873.0578512397,4,2004-01-04,135542.479338843,9,71584.1322314049,BN,74,191,210,467,71.58
2004,2003-12-26,2003-12-26,FALSE,Confluence,117,NA,NA,NA,NA,NA,117,63958.347107438,89873.0578512397,4,2004-01-04,135542.479338843,9,71584.1322314049,BN,74,191,210,467,71.58
2004,2003-12-26,2003-12-26,FALSE,Confluence,117,14445.555555555557,NA,NA,NA,NA,117,63958.347107438,89873.0578512397,4,2004-01-04,135542.479338843,9,71584.1322314049,BN,74,191,210,467,71.58
2004,2003-12-26,2003-12-26,FALSE,North and South Forks Mokelumne River,117,NA,NA,NA,NA,NA,117,63958.347107438,89873.0578512397,4,2004-01-04,135542.479338843,9,71584.1322314049,BN,74,191,210,467,71.58
2004,2003-12-26,2003-12-26,FALSE,Out of Bounds,117,NA,NA,NA,NA,NA,117,63958.347107438,89873.0578512397,4,2004-01-04,135542.479338843,9,71584.1322314049,BN,74,191,210,467,71.58
2004,2003-12-26,2003-12-26,FALSE,Sacramento River Deep Water Ship Channel,117,NA,NA,NA,NA,NA,117,63958.347107438,89873.0578512397,4,2004-01-04,135542.479338843,9,71584.1322314049,BN,74,191,210,467,71.58
2004,2003-12-26,2003-12-26,FALSE,Sacramento River Mainstem,117,NA,NA,NA,NA,-0.6333333333333346,117,63958.347107438,89873.0578512397,4,2004-01-04,135542.479338843,9,71584.1322314049,BN,74,191,210,467,71.58
2004,2003-12-26,2003-12-26,FALSE,Sacramento River Mainstem,117,NA,NA,NA,NA,NA,117,63958.347107438,89873.0578512397,4,2004-01-04,135542.479338843,9,71584.1322314049,BN,74,191,210,467,71.58
2004,2003-12-26,2003-12-26,FALSE,Sacramento River Mainstem,117,4833.333333333334,NA,NA,NA,NA,117,63958.347107438,89873.0578512397,4,2004-01-04,135542.479338843,9,71584.1322314049,BN,74,191,210,467,71.58
2004,2003-12-26,2003-12-26,FALSE,San Pablo Bay and Carquinez Strait,117,NA,NA,NA,NA,-0.706666666666667,117,63958.347107438,89873.0578512397,4,2004-01-04,135542.479338843,9,71584.1322314049,BN,74,191,210,467,71.58
2004,2003-12-26,2003-12-26,FALSE,San Pablo Bay and Carquinez Strait,117,NA,-7346.200000000003,NA,NA,NA,117,63958.347107438,89873.0578512397,4,2004-01-04,135542.479338843,9,71584.1322314049,BN,74,191,210,467,71.58
2004,2003-12-26,2003-12-26,FALSE,San Pablo Bay and Carquinez Strait,117,NA,NA,NA,NA,NA,117,63958.347107438,89873.0578512397,4,2004-01-04,135542.479338843,9,71584.1322314049,BN,74,191,210,467,71.58
2004,2003-12-26,2003-12-26,FALSE,South Delta,117,NA,NA,NA,NA,-1.2033333333333331,117,63958.347107438,89873.0578512397,4,2004-01-04,135542.479338843,9,71584.1322314049,BN,74,191,210,467,71.58
2004,2003-12-26,2003-12-26,FALSE,South Delta,117,NA,2.3899999999999864,NA,NA,NA,117,63958.347107438,89873.0578512397,4,2004-01-04,135542.479338843,9,71584.1322314049,BN,74,191,210,467,71.58
2004,2003-12-26,2003-12-26,FALSE,South Delta,117,NA,NA,-7.233333333333334,NA,NA,117,63958.347107438,89873.0578512397,4,2004-01-04,135542.479338843,9,71584.1322314049,BN,74,191,210,467,71.58
2004,2003-12-26,2003-12-26,FALSE,South Delta,117,603.0666666666666,NA,NA,NA,NA,117,63958.347107438,89873.0578512397,4,2004-01-04,135542.479338843,9,71584.1322314049,BN,74,191,210,467,71.58
2004,2003-12-26,2003-12-26,FALSE,South Delta,117,NA,NA,NA,NA,NA,117,63958.347107438,89873.0578512397,4,2004-01-04,135542.479338843,9,71584.1322314049,BN,74,191,210,467,71.58
2004,2003-12-26,2003-12-26,FALSE,Suisun Marsh and Montezuma Slough,117,NA,NA,NA,NA,-0.6611111111111097,117,63958.347107438,89873.0578512397,4,2004-01-04,135542.479338843,9,71584.1322314049,BN,74,191,210,467,71.58
2004,2003-12-26,2003-12-26,FALSE,Suisun Marsh and Montezuma Slough,117,NA,-1273.3775,NA,NA,NA,117,63958.347107438,89873.0578512397,4,2004-01-04,135542.479338843,9,71584.1322314049,BN,74,191,210,467,71.58
2004,2003-12-26,2003-12-26,FALSE,Suisun Marsh and Montezuma Slough,117,NA,NA,NA,NA,NA,117,63958.347107438,89873.0578512397,4,2004-01-04,135542.479338843,9,71584.1322314049,BN,74,191,210,467,71.58
2004,2003-12-26,2003-12-26,FALSE,Suisun and Honker Bays,117,NA,NA,NA,NA,NA,117,63958.347107438,89873.0578512397,4,2004-01-04,135542.479338843,9,71584.1322314049,BN,74,191,210,467,71.58
2004,2003-12-26,2003-12-26,FALSE,NA,117,NA,NA,NA,NA,NA,117,63958.347107438,89873.0578512397,4,2004-01-04,135542.479338843,9,71584.1322314049,BN,74,191,210,467,71.58
2004,2004-01-02,2003-12-26,TRUE,Cache Slough and Liberty Island,124,NA,NA,NA,NA,NA,117,63958.347107438,89873.0578512397,4,2004-01-04,135542.479338843,9,71584.1322314049,BN,74,191,210,467,67.07
2004,2004-01-02,2003-12-26,TRUE,Confluence,124,NA,NA,NA,NA,NA,117,63958.347107438,89873.0578512397,4,2004-01-04,135542.479338843,9,71584.1322314049,BN,74,191,210,467,67.07
2004,2004-01-02,2003-12-26,TRUE,Confluence,124,11600,NA,NA,NA,NA,117,63958.347107438,89873.0578512397,4,2004-01-04,135542.479338843,9,71584.1322314049,BN,74,191,210,467,67.07
2004,2004-01-02,2003-12-26,TRUE,North and South Forks Mokelumne River,124,NA,NA,NA,NA,NA,117,63958.347107438,89873.0578512397,4,2004-01-04,135542.479338843,9,71584.1322314049,BN,74,191,210,467,67.07
2004,2004-01-02,2003-12-26,TRUE,Out of Bounds,124,NA,NA,NA,NA,NA,117,63958.347107438,89873.0578512397,4,2004-01-04,135542.479338843,9,71584.1322314049,BN,74,191,210,467,67.07
2004,2004-01-02,2003-12-26,TRUE,Sacramento River Deep Water Ship Channel,124,NA,NA,NA,NA,NA,117,63958.347107438,89873.0578512397,4,2004-01-04,135542.479338843,9,71584.1322314049,BN,74,191,210,467,67.07
2004,2004-01-02,2003-12-26,TRUE,Sacramento River Mainstem,124,NA,NA,NA,NA,-0.2000000000000011,117,63958.347107438,89873.0578512397,4,2004-01-04,135542.479338843,9,71584.1322314049,BN,74,191,210,467,67.07
2004,2004-01-02,2003-12-26,TRUE,Sacramento River Mainstem,124,NA,NA,NA,NA,NA,117,63958.347107438,89873.0578512397,4,2004-01-04,135542.479338843,9,71584.1322314049,BN,74,191,210,467,67.07
2004,2004-01-02,2003-12-26,TRUE,Sacramento River Mainstem,124,4500,NA,NA,NA,NA,117,63958.347107438,89873.0578512397,4,2004-01-04,135542.479338843,9,71584.1322314049,BN,74,191,210,467,67.07
2004,2004-01-02,2003-12-26,TRUE,San Pablo Bay and Carquinez Strait,124,NA,NA,NA,NA,-0.4033333333333324,117,63958.347107438,89873.0578512397,4,2004-01-04,135542.479338843,9,71584.1322314049,BN,74,191,210,467,67.07
2004,2004-01-02,2003-12-26,TRUE,San Pablo Bay and Carquinez Strait,124,NA,-5131.2750000000015,NA,NA,NA,117,63958.347107438,89873.0578512397,4,2004-01-04,135542.479338843,9,71584.1322314049,BN,74,191,210,467,67.07
2004,2004-01-02,2003-12-26,TRUE,San Pablo Bay and Carquinez Strait,124,NA,NA,NA,NA,NA,117,63958.347107438,89873.0578512397,4,2004-01-04,135542.479338843,9,71584.1322314049,BN,74,191,210,467,67.07
2004,2004-01-02,2003-12-26,TRUE,South Delta,124,NA,NA,NA,NA,0.04999999999999893,117,63958.347107438,89873.0578512397,4,2004-01-04,135542.479338843,9,71584.1322314049,BN,74,191,210,467,67.07
2004,2004-01-02,2003-12-26,TRUE,South Delta,124,NA,-88.64333333333332,NA,NA,NA,117,63958.347107438,89873.0578512397,4,2004-01-04,135542.479338843,9,71584.1322314049,BN,74,191,210,467,67.07
2004,2004-01-02,2003-12-26,TRUE,South Delta,124,NA,NA,7.67,NA,NA,117,63958.347107438,89873.0578512397,4,2004-01-04,135542.479338843,9,71584.1322314049,BN,74,191,210,467,67.07
2004,2004-01-02,2003-12-26,TRUE,South Delta,124,-388.66666666666697,NA,NA,NA,NA,117,63958.347107438,89873.0578512397,4,2004-01-04,135542.479338843,9,71584.1322314049,BN,74,191,210,467,67.07
2004,2004-01-02,2003-12-26,TRUE,South Delta,124,NA,NA,NA,NA,NA,117,63958.347107438,89873.0578512397,4,2004-01-04,135542.479338843,9,71584.1322314049,BN,74,191,210,467,67.07
2004,2004-01-02,2003-12-26,TRUE,Suisun Marsh and Montezuma Slough,124,NA,NA,NA,NA,-0.5955555555555545,117,63958.347107438,89873.0578512397,4,2004-01-04,135542.479338843,9,71584.1322314049,BN,74,191,210,467,67.07
2004,2004-01-02,2003-12-26,TRUE,Suisun Marsh and Montezuma Slough,124,NA,-522.1100000000001,NA,NA,NA,117,63958.347107438,89873.0578512397,4,2004-01-04,135542.479338843,9,71584.1322314049,BN,74,191,210,467,67.07
2004,2004-01-02,2003-12-26,TRUE,Suisun Marsh and Montezuma Slough,124,NA,NA,NA,NA,NA,117,63958.347107438,89873.0578512397,4,2004-01-04,135542.479338843,9,71584.1322314049,BN,74,191,210,467,67.07
2004,2004-01-02,2003-12-26,TRUE,Suisun and Honker Bays,124,NA,NA,NA,NA,NA,117,63958.347107438,89873.0578512397,4,2004-01-04,135542.479338843,9,71584.1322314049,BN,74,191,210,467,67.07
2004,2004-01-02,2003-12-26,TRUE,NA,124,NA,NA,NA,NA,NA,117,63958.347107438,89873.0578512397,4,2004-01-04,135542.479338843,9,71584.1322314049,BN,74,191,210,467,67.07
2004,2004-02-04,2003-12-26,TRUE,Cache Slough and Liberty Island,157,NA,NA,NA,NA,NA,117,63958.347107438,89873.0578512397,4,2004-01-04,135542.479338843,9,71584.1322314049,BN,74,191,210,467,68.05
2004,2004-02-04,2003-12-26,TRUE,Confluence,157,NA,NA,NA,NA,NA,117,63958.347107438,89873.0578512397,4,2004-01-04,135542.479338843,9,71584.1322314049,BN,74,191,210,467,68.05
2004,2004-02-04,2003-12-26,TRUE,Confluence,157,4773.333333333336,NA,NA,NA,NA,117,63958.347107438,89873.0578512397,4,2004-01-04,135542.479338843,9,71584.1322314049,BN,74,191,210,467,68.05
2004,2004-02-04,2003-12-26,TRUE,North and South Forks Mokelumne River,157,NA,NA,NA,NA,NA,117,63958.347107438,89873.0578512397,4,2004-01-04,135542.479338843,9,71584.1322314049,BN,74,191,210,467,68.05
2004,2004-02-04,2003-12-26,TRUE,Out of Bounds,157,NA,NA,NA,NA,NA,117,63958.347107438,89873.0578512397,4,2004-01-04,135542.479338843,9,71584.1322314049,BN,74,191,210,467,68.05
2004,2004-02-04,2003-12-26,TRUE,Sacramento River Deep Water Ship Channel,157,NA,NA,NA,NA,NA,117,63958.347107438,89873.0578512397,4,2004-01-04,135542.479338843,9,71584.1322314049,BN,74,191,210,467,68.05
2004,2004-02-04,2003-12-26,TRUE,Sacramento River Mainstem,157,NA,NA,NA,NA,-0.13333333333333464,117,63958.347107438,89873.0578512397,4,2004-01-04,135542.479338843,9,71584.1322314049,BN,74,191,210,467,68.05
2004,2004-02-04,2003-12-26,TRUE,Sacramento River Mainstem,157,NA,NA,NA,NA,NA,117,63958.347107438,89873.0578512397,4,2004-01-04,135542.479338843,9,71584.1322314049,BN,74,191,210,467,68.05
2004,2004-02-04,2003-12-26,TRUE,Sacramento River Mainstem,157,4856.666666666668,NA,NA,NA,NA,117,63958.347107438,89873.0578512397,4,2004-01-04,135542.479338843,9,71584.1322314049,BN,74,191,210,467,68.05
2004,2004-02-04,2003-12-26,TRUE,San Pablo Bay and Carquinez Strait,157,NA,NA,NA,NA,0.09833333333333272,117,63958.347107438,89873.0578512397,4,2004-01-04,135542.479338843,9,71584.1322314049,BN,74,191,210,467,68.05
2004,2004-02-04,2003-12-26,TRUE,San Pablo Bay and Carquinez Strait,157,NA,-4139.286666666665,NA,NA,NA,117,63958.347107438,89873.0578512397,4,2004-01-04,135542.479338843,9,71584.1322314049,BN,74,191,210,467,68.05
2004,2004-02-04,2003-12-26,TRUE,San Pablo Bay and Carquinez Strait,157,NA,NA,NA,NA,NA,117,63958.347107438,89873.0578512397,4,2004-01-04,135542.479338843,9,71584.1322314049,BN,74,191,210,467,68.05
2004,2004-02-04,2003-12-26,TRUE,South Delta,157,NA,NA,NA,NA,0.24333333333333407,117,63958.347107438,89873.0578512397,4,2004-01-04,135542.479338843,9,71584.1322314049,BN,74,191,210,467,68.05
2004,2004-02-04,2003-12-26,TRUE,South Delta,157,NA,-42.190000000000055,NA,NA,NA,117,63958.347107438,89873.0578512397,4,2004-01-04,135542.479338843,9,71584.1322314049,BN,74,191,210,467,68.05
2004,2004-02-04,2003-12-26,TRUE,South Delta,157,NA,NA,2.7266666666666666,NA,NA,117,63958.347107438,89873.0578512397,4,2004-01-04,135542.479338843,9,71584.1322314049,BN,74,191,210,467,68.05
2004,2004-02-04,2003-12-26,TRUE,South Delta,157,394.0916666666667,NA,NA,NA,NA,117,63958.347107438,89873.0578512397,4,2004-01-04,135542.479338843,9,71584.1322314049,BN,74,191,210,467,68.05
2004,2004-02-04,2003-12-26,TRUE,South Delta,157,NA,NA,NA,NA,NA,117,63958.347107438,89873.0578512397,4,2004-01-04,135542.479338843,9,71584.1322314049,BN,74,191,210,467,68.05
2004,2004-02-04,2003-12-26,TRUE,Suisun Marsh and Montezuma Slough,157,NA,NA,NA,NA,0.29777777777777814,117,63958.347107438,89873.0578512397,4,2004-01-04,135542.479338843,9,71584.1322314049,BN,74,191,210,467,68.05
2004,2004-02-04,2003-12-26,TRUE,Suisun Marsh and Montezuma Slough,157,NA,-20.662500000000364,NA,NA,NA,117,63958.347107438,89873.0578512397,4,2004-01-04,135542.479338843,9,71584.1322314049,BN,74,191,210,467,68.05
2004,2004-02-04,2003-12-26,TRUE,Suisun Marsh and Montezuma Slough,157,NA,NA,NA,NA,NA,117,63958.347107438,89873.0578512397,4,2004-01-04,135542.479338843,9,71584.1322314049,BN,74,191,210,467,68.05
2004,2004-02-04,2003-12-26,TRUE,Suisun and Honker Bays,157,NA,NA,NA,NA,NA,117,63958.347107438,89873.0578512397,4,2004-01-04,135542.479338843,9,71584.1322314049,BN,74,191,210,467,68.05
2004,2004-02-04,2003-12-26,TRUE,NA,157,NA,NA,NA,NA,NA,117,63958.347107438,89873.0578512397,4,2004-01-04,135542.479338843,9,71584.1322314049,BN,74,191,210,467,68.05
2004,2004-02-18,2003-12-26,TRUE,Cache Slough and Liberty Island,171,NA,NA,NA,NA,NA,117,63958.347107438,89873.0578512397,4,2004-01-04,135542.479338843,9,71584.1322314049,BN,74,191,210,467,67.82
2004,2004-02-18,2003-12-26,TRUE,Confluence,171,NA,NA,NA,NA,NA,117,63958.347107438,89873.0578512397,4,2004-01-04,135542.479338843,9,71584.1322314049,BN,74,191,210,467,67.82
2004,2004-02-18,2003-12-26,TRUE,Confluence,171,24746.666666666664,NA,NA,NA,NA,117,63958.347107438,89873.0578512397,4,2004-01-04,135542.479338843,9,71584.1322314049,BN,74,191,210,467,67.82
2004,2004-02-18,2003-12-26,TRUE,North and South Forks Mokelumne River,171,NA,NA,NA,NA,NA,117,63958.347107438,89873.0578512397,4,2004-01-04,135542.479338843,9,71584.1322314049,BN,74,191,210,467,67.82
2004,2004-02-18,2003-12-26,TRUE,Out of Bounds,171,NA,NA,NA,NA,NA,117,63958.347107438,89873.0578512397,4,2004-01-04,135542.479338843,9,71584.1322314049,BN,74,191,210,467,67.82
2004,2004-02-18,2003-12-26,TRUE,Sacramento River Deep Water Ship Channel,171,NA,NA,NA,NA,NA,117,63958.347107438,89873.0578512397,4,2004-01-04,135542.479338843,9,71584.1322314049,BN,74,191,210,467,67.82
2004,2004-02-18,2003-12-26,TRUE,Sacramento River Mainstem,171,NA,NA,NA,NA,0.8666666666666654,117,63958.347107438,89873.0578512397,4,2004-01-04,135542.479338843,9,71584.1322314049,BN,74,191,210,467,67.82
2004,2004-02-18,2003-12-26,TRUE,Sacramento River Mainstem,171,NA,NA,NA,NA,NA,117,63958.347107438,89873.0578512397,4,2004-01-04,135542.479338843,9,71584.1322314049,BN,74,191,210,467,67.82
2004,2004-02-18,2003-12-26,TRUE,Sacramento River Mainstem,171,12093.333333333334,NA,NA,NA,NA,117,63958.347107438,89873.0578512397,4,2004-01-04,135542.479338843,9,71584.1322314049,BN,74,191,210,467,67.82
2004,2004-02-18,2003-12-26,TRUE,San Pablo Bay and Carquinez Strait,171,NA,NA,NA,NA,0.3216666666666672,117,63958.347107438,89873.0578512397,4,2004-01-04,135542.479338843,9,71584.1322314049,BN,74,191,210,467,67.82
2004,2004-02-18,2003-12-26,TRUE,San Pablo Bay and Carquinez Strait,171,NA,-6686.246666666668,NA,NA,NA,117,63958.347107438,89873.0578512397,4,2004-01-04,135542.479338843,9,71584.1322314049,BN,74,191,210,467,67.82
2004,2004-02-18,2003-12-26,TRUE,San Pablo Bay and Carquinez Strait,171,NA,NA,NA,NA,NA,117,63958.347107438,89873.0578512397,4,2004-01-04,135542.479338843,9,71584.1322314049,BN,74,191,210,467,67.82
2004,2004-02-18,2003-12-26,TRUE,South Delta,171,NA,NA,NA,NA,1.246666666666666,117,63958.347107438,89873.0578512397,4,2004-01-04,135542.479338843,9,71584.1322314049,BN,74,191,210,467,67.82
2004,2004-02-18,2003-12-26,TRUE,South Delta,171,NA,-50.71333333333337,NA,NA,NA,117,63958.347107438,89873.0578512397,4,2004-01-04,135542.479338843,9,71584.1322314049,BN,74,191,210,467,67.82
2004,2004-02-18,2003-12-26,TRUE,South Delta,171,NA,NA,-3.936666666666664,NA,NA,117,63958.347107438,89873.0578512397,4,2004-01-04,135542.479338843,9,71584.1322314049,BN,74,191,210,467,67.82
2004,2004-02-18,2003-12-26,TRUE,South Delta,171,385.41666666666697,NA,NA,NA,NA,117,63958.347107438,89873.0578512397,4,2004-01-04,135542.479338843,9,71584.1322314049,BN,74,191,210,467,67.82
2004,2004-02-18,2003-12-26,TRUE,South Delta,171,NA,NA,NA,NA,NA,117,63958.347107438,89873.0578512397,4,2004-01-04,135542.479338843,9,71584.1322314049,BN,74,191,210,467,67.82
2004,2004-02-18,2003-12-26,TRUE,Suisun Marsh and Montezuma Slough,171,NA,NA,NA,NA,0.6044444444444448,117,63958.347107438,89873.0578512397,4,2004-01-04,135542.479338843,9,71584.1322314049,BN,74,191,210,467,67.82
2004,2004-02-18,2003-12-26,TRUE,Suisun Marsh and Montezuma Slough,171,NA,-158.76749999999993,NA,NA,NA,117,63958.347107438,89873.0578512397,4,2004-01-04,135542.479338843,9,71584.1322314049,BN,74,191,210,467,67.82
2004,2004-02-18,2003-12-26,TRUE,Suisun Marsh and Montezuma Slough,171,NA,NA,NA,NA,NA,117,63958.347107438,89873.0578512397,4,2004-01-04,135542.479338843,9,71584.1322314049,BN,74,191,210,467,67.82
2004,2004-02-18,2003-12-26,TRUE,Suisun and Honker Bays,171,NA,NA,NA,NA,NA,117,63958.347107438,89873.0578512397,4,2004-01-04,135542.479338843,9,71584.1322314049,BN,74,191,210,467,67.82
2004,2004-02-18,2003-12-26,TRUE,NA,171,NA,NA,NA,NA,NA,117,63958.347107438,89873.0578512397,4,2004-01-04,135542.479338843,9,71584.1322314049,BN,74,191,210,467,67.82
2004,2004-02-26,2003-12-26,TRUE,Cache Slough and Liberty Island,179,NA,NA,NA,NA,NA,117,63958.347107438,89873.0578512397,4,2004-01-04,135542.479338843,9,71584.1322314049,BN,74,191,210,467,60.17
2004,2004-02-26,2003-12-26,TRUE,Confluence,179,NA,NA,NA,NA,NA,117,63958.347107438,89873.0578512397,4,2004-01-04,135542.479338843,9,71584.1322314049,BN,74,191,210,467,60.17
2004,2004-02-26,2003-12-26,TRUE,Confluence,179,12811.11111111111,NA,NA,NA,NA,117,63958.347107438,89873.0578512397,4,2004-01-04,135542.479338843,9,71584.1322314049,BN,74,191,210,467,60.17
2004,2004-02-26,2003-12-26,TRUE,North and South Forks Mokelumne River,179,NA,NA,NA,NA,NA,117,63958.347107438,89873.0578512397,4,2004-01-04,135542.479338843,9,71584.1322314049,BN,74,191,210,467,60.17
2004,2004-02-26,2003-12-26,TRUE,Out of Bounds,179,NA,NA,NA,NA,NA,117,63958.347107438,89873.0578512397,4,2004-01-04,135542.479338843,9,71584.1322314049,BN,74,191,210,467,60.17
2004,2004-02-26,2003-12-26,TRUE,Sacramento River Deep Water Ship Channel,179,NA,NA,NA,NA,NA,117,63958.347107438,89873.0578512397,4,2004-01-04,135542.479338843,9,71584.1322314049,BN,74,191,210,467,60.17
2004,2004-02-26,2003-12-26,TRUE,Sacramento River Mainstem,179,NA,NA,NA,NA,-0.6666666666666661,117,63958.347107438,89873.0578512397,4,2004-01-04,135542.479338843,9,71584.1322314049,BN,74,191,210,467,60.17
2004,2004-02-26,2003-12-26,TRUE,Sacramento River Mainstem,179,NA,NA,NA,NA,NA,117,63958.347107438,89873.0578512397,4,2004-01-04,135542.479338843,9,71584.1322314049,BN,74,191,210,467,60.17
2004,2004-02-26,2003-12-26,TRUE,Sacramento River Mainstem,179,700,NA,NA,NA,NA,117,63958.347107438,89873.0578512397,4,2004-01-04,135542.479338843,9,71584.1322314049,BN,74,191,210,467,60.17
2004,2004-02-26,2003-12-26,TRUE,San Pablo Bay and Carquinez Strait,179,NA,NA,NA,NA,-0.02499999999999858,117,63958.347107438,89873.0578512397,4,2004-01-04,135542.479338843,9,71584.1322314049,BN,74,191,210,467,60.17
2004,2004-02-26,2003-12-26,TRUE,San Pablo Bay and Carquinez Strait,179,NA,-665.8183333333336,NA,NA,NA,117,63958.347107438,89873.0578512397,4,2004-01-04,135542.479338843,9,71584.1322314049,BN,74,191,210,467,60.17
2004,2004-02-26,2003-12-26,TRUE,San Pablo Bay and Carquinez Strait,179,NA,NA,NA,NA,NA,117,63958.347107438,89873.0578512397,4,2004-01-04,135542.479338843,9,71584.1322314049,BN,74,191,210,467,60.17
2004,2004-02-26,2003-12-26,TRUE,South Delta,179,NA,NA,NA,NA,-0.7533333333333339,117,63958.347107438,89873.0578512397,4,2004-01-04,135542.479338843,9,71584.1322314049,BN,74,191,210,467,60.17
2004,2004-02-26,2003-12-26,TRUE,South Delta,179,NA,59.93999999999994,NA,NA,NA,117,63958.347107438,89873.0578512397,4,2004-01-04,135542.479338843,9,71584.1322314049,BN,74,191,210,467,60.17
2004,2004-02-26,2003-12-26,TRUE,South Delta,179,NA,NA,-4.266666666666669,NA,NA,117,63958.347107438,89873.0578512397,4,2004-01-04,135542.479338843,9,71584.1322314049,BN,74,191,210,467,60.17
2004,2004-02-26,2003-12-26,TRUE,South Delta,179,592.166666666667,NA,NA,NA,NA,117,63958.347107438,89873.0578512397,4,2004-01-04,135542.479338843,9,71584.1322314049,BN,74,191,210,467,60.17
2004,2004-02-26,2003-12-26,TRUE,South Delta,179,NA,NA,NA,NA,NA,117,63958.347107438,89873.0578512397,4,2004-01-04,135542.479338843,9,71584.1322314049,BN,74,191,210,467,60.17
2004,2004-02-26,2003-12-26,TRUE,Suisun Marsh and Montezuma Slough,179,NA,NA,NA,NA,-0.3977777777777778,117,63958.347107438,89873.0578512397,4,2004-01-04,135542.479338843,9,71584.1322314049,BN,74,191,210,467,60.17
2004,2004-02-26,2003-12-26,TRUE,Suisun Marsh and Montezuma Slough,179,NA,-162.09833333333324,NA,NA,NA,117,63958.347107438,89873.0578512397,4,2004-01-04,135542.479338843,9,71584.1322314049,BN,74,191,210,467,60.17
2004,2004-02-26,2003-12-26,TRUE,Suisun Marsh and Montezuma Slough,179,NA,NA,NA,NA,NA,117,63958.347107438,89873.0578512397,4,2004-01-04,135542.479338843,9,71584.1322314049,BN,74,191,210,467,60.17
2004,2004-02-26,2003-12-26,TRUE,Suisun and Honker Bays,179,NA,NA,NA,NA,NA,117,63958.347107438,89873.0578512397,4,2004-01-04,135542.479338843,9,71584.1322314049,BN,74,191,210,467,60.17
2004,2004-02-26,2003-12-26,TRUE,NA,179,NA,NA,NA,NA,NA,117,63958.347107438,89873.0578512397,4,2004-01-04,135542.479338843,9,71584.1322314049,BN,74,191,210,467,60.17
2005,2004-12-10,2004-12-10,FALSE,Cache Slough and Liberty Island,101,NA,NA,NA,NA,NA,101,28932.8925619835,53402.3140495868,5,2004-12-11,57173.5537190083,1,28240.6611570248,AN,26,129,74,191,81.14
2005,2004-12-10,2004-12-10,FALSE,Confluence,101,NA,NA,NA,NA,NA,101,28932.8925619835,53402.3140495868,5,2004-12-11,57173.5537190083,1,28240.6611570248,AN,26,129,74,191,81.14
2005,2004-12-10,2004-12-10,FALSE,Confluence,101,7360.111111111111,NA,NA,NA,NA,101,28932.8925619835,53402.3140495868,5,2004-12-11,57173.5537190083,1,28240.6611570248,AN,26,129,74,191,81.14
2005,2004-12-10,2004-12-10,FALSE,North and South Forks Mokelumne River,101,NA,NA,NA,NA,NA,101,28932.8925619835,53402.3140495868,5,2004-12-11,57173.5537190083,1,28240.6611570248,AN,26,129,74,191,81.14
2005,2004-12-10,2004-12-10,FALSE,Out of Bounds,101,NA,NA,NA,NA,NA,101,28932.8925619835,53402.3140495868,5,2004-12-11,57173.5537190083,1,28240.6611570248,AN,26,129,74,191,81.14
2005,2004-12-10,2004-12-10,FALSE,Sacramento River Deep Water Ship Channel,101,NA,NA,NA,NA,NA,101,28932.8925619835,53402.3140495868,5,2004-12-11,57173.5537190083,1,28240.6611570248,AN,26,129,74,191,81.14
2005,2004-12-10,2004-12-10,FALSE,Sacramento River Mainstem,101,NA,NA,NA,NA,1.666666666666666,101,28932.8925619835,53402.3140495868,5,2004-12-11,57173.5537190083,1,28240.6611570248,AN,26,129,74,191,81.14
2005,2004-12-10,2004-12-10,FALSE,Sacramento River Mainstem,101,NA,NA,NA,NA,NA,101,28932.8925619835,53402.3140495868,5,2004-12-11,57173.5537190083,1,28240.6611570248,AN,26,129,74,191,81.14
2005,2004-12-10,2004-12-10,FALSE,Sacramento River Mainstem,101,4546.666666666667,NA,NA,NA,NA,101,28932.8925619835,53402.3140495868,5,2004-12-11,57173.5537190083,1,28240.6611570248,AN,26,129,74,191,81.14
2005,2004-12-10,2004-12-10,FALSE,San Pablo Bay and Carquinez Strait,101,NA,NA,NA,NA,0.26000000000000156,101,28932.8925619835,53402.3140495868,5,2004-12-11,57173.5537190083,1,28240.6611570248,AN,26,129,74,191,81.14
2005,2004-12-10,2004-12-10,FALSE,San Pablo Bay and Carquinez Strait,101,NA,-2600.1733333333323,NA,NA,NA,101,28932.8925619835,53402.3140495868,5,2004-12-11,57173.5537190083,1,28240.6611570248,AN,26,129,74,191,81.14
2005,2004-12-10,2004-12-10,FALSE,San Pablo Bay and Carquinez Strait,101,NA,NA,NA,NA,NA,101,28932.8925619835,53402.3140495868,5,2004-12-11,57173.5537190083,1,28240.6611570248,AN,26,129,74,191,81.14
2005,2004-12-10,2004-12-10,FALSE,South Delta,101,NA,NA,NA,NA,1.8866666666666667,101,28932.8925619835,53402.3140495868,5,2004-12-11,57173.5537190083,1,28240.6611570248,AN,26,129,74,191,81.14
2005,2004-12-10,2004-12-10,FALSE,South Delta,101,NA,-35.4666666666667,NA,NA,NA,101,28932.8925619835,53402.3140495868,5,2004-12-11,57173.5537190083,1,28240.6611570248,AN,26,129,74,191,81.14
2005,2004-12-10,2004-12-10,FALSE,South Delta,101,NA,NA,1.7133333333333347,NA,NA,101,28932.8925619835,53402.3140495868,5,2004-12-11,57173.5537190083,1,28240.6611570248,AN,26,129,74,191,81.14
2005,2004-12-10,2004-12-10,FALSE,South Delta,101,-144,NA,NA,NA,NA,101,28932.8925619835,53402.3140495868,5,2004-12-11,57173.5537190083,1,28240.6611570248,AN,26,129,74,191,81.14
2005,2004-12-10,2004-12-10,FALSE,South Delta,101,NA,NA,NA,NA,NA,101,28932.8925619835,53402.3140495868,5,2004-12-11,57173.5537190083,1,28240.6611570248,AN,26,129,74,191,81.14
2005,2004-12-10,2004-12-10,FALSE,Suisun Marsh and Montezuma Slough,101,NA,NA,NA,NA,0.36666666666666714,101,28932.8925619835,53402.3140495868,5,2004-12-11,57173.5537190083,1,28240.6611570248,AN,26,129,74,191,81.14
2005,2004-12-10,2004-12-10,FALSE,Suisun Marsh and Montezuma Slough,101,NA,-782.3591666666671,NA,NA,NA,101,28932.8925619835,53402.3140495868,5,2004-12-11,57173.5537190083,1,28240.6611570248,AN,26,129,74,191,81.14
2005,2004-12-10,2004-12-10,FALSE,Suisun Marsh and Montezuma Slough,101,NA,NA,NA,NA,NA,101,28932.8925619835,53402.3140495868,5,2004-12-11,57173.5537190083,1,28240.6611570248,AN,26,129,74,191,81.14
2005,2004-12-10,2004-12-10,FALSE,Suisun and Honker Bays,101,NA,NA,NA,NA,NA,101,28932.8925619835,53402.3140495868,5,2004-12-11,57173.5537190083,1,28240.6611570248,AN,26,129,74,191,81.14
2005,2004-12-10,2004-12-10,FALSE,NA,101,NA,NA,NA,NA,NA,101,28932.8925619835,53402.3140495868,5,2004-12-11,57173.5537190083,1,28240.6611570248,AN,26,129,74,191,81.14
2005,2004-12-29,2004-12-10,TRUE,Cache Slough and Liberty Island,120,NA,NA,NA,NA,NA,101,28932.8925619835,53402.3140495868,5,2004-12-11,57173.5537190083,1,28240.6611570248,AN,26,129,74,191,81.02
2005,2004-12-29,2004-12-10,TRUE,Confluence,120,NA,NA,NA,NA,NA,101,28932.8925619835,53402.3140495868,5,2004-12-11,57173.5537190083,1,28240.6611570248,AN,26,129,74,191,81.02
2005,2004-12-29,2004-12-10,TRUE,Confluence,120,19367.777777777777,NA,NA,NA,NA,101,28932.8925619835,53402.3140495868,5,2004-12-11,57173.5537190083,1,28240.6611570248,AN,26,129,74,191,81.02
2005,2004-12-29,2004-12-10,TRUE,North and South Forks Mokelumne River,120,NA,NA,NA,NA,NA,101,28932.8925619835,53402.3140495868,5,2004-12-11,57173.5537190083,1,28240.6611570248,AN,26,129,74,191,81.02
2005,2004-12-29,2004-12-10,TRUE,Out of Bounds,120,NA,NA,NA,NA,NA,101,28932.8925619835,53402.3140495868,5,2004-12-11,57173.5537190083,1,28240.6611570248,AN,26,129,74,191,81.02
2005,2004-12-29,2004-12-10,TRUE,Sacramento River Deep Water Ship Channel,120,NA,NA,NA,NA,NA,101,28932.8925619835,53402.3140495868,5,2004-12-11,57173.5537190083,1,28240.6611570248,AN,26,129,74,191,81.02
2005,2004-12-29,2004-12-10,TRUE,Sacramento River Mainstem,120,NA,NA,NA,NA,0.5,101,28932.8925619835,53402.3140495868,5,2004-12-11,57173.5537190083,1,28240.6611570248,AN,26,129,74,191,81.02
2005,2004-12-29,2004-12-10,TRUE,Sacramento River Mainstem,120,NA,NA,NA,NA,NA,101,28932.8925619835,53402.3140495868,5,2004-12-11,57173.5537190083,1,28240.6611570248,AN,26,129,74,191,81.02
2005,2004-12-29,2004-12-10,TRUE,Sacramento River Mainstem,120,9456.666666666668,NA,NA,NA,NA,101,28932.8925619835,53402.3140495868,5,2004-12-11,57173.5537190083,1,28240.6611570248,AN,26,129,74,191,81.02
2005,2004-12-29,2004-12-10,TRUE,San Pablo Bay and Carquinez Strait,120,NA,NA,NA,NA,-0.15166666666666728,101,28932.8925619835,53402.3140495868,5,2004-12-11,57173.5537190083,1,28240.6611570248,AN,26,129,74,191,81.02
2005,2004-12-29,2004-12-10,TRUE,San Pablo Bay and Carquinez Strait,120,NA,-3725.868333333332,NA,NA,NA,101,28932.8925619835,53402.3140495868,5,2004-12-11,57173.5537190083,1,28240.6611570248,AN,26,129,74,191,81.02
2005,2004-12-29,2004-12-10,TRUE,San Pablo Bay and Carquinez Strait,120,NA,NA,NA,NA,NA,101,28932.8925619835,53402.3140495868,5,2004-12-11,57173.5537190083,1,28240.6611570248,AN,26,129,74,191,81.02
2005,2004-12-29,2004-12-10,TRUE,South Delta,120,NA,NA,NA,NA,1.549999999999999,101,28932.8925619835,53402.3140495868,5,2004-12-11,57173.5537190083,1,28240.6611570248,AN,26,129,74,191,81.02
2005,2004-12-29,2004-12-10,TRUE,South Delta,120,NA,27.25999999999999,NA,NA,NA,101,28932.8925619835,53402.3140495868,5,2004-12-11,57173.5537190083,1,28240.6611570248,AN,26,129,74,191,81.02
2005,2004-12-29,2004-12-10,TRUE,South Delta,120,NA,NA,-1.2400000000000002,NA,NA,101,28932.8925619835,53402.3140495868,5,2004-12-11,57173.5537190083,1,28240.6611570248,AN,26,129,74,191,81.02
2005,2004-12-29,2004-12-10,TRUE,South Delta,120,428.7566666666664,NA,NA,NA,NA,101,28932.8925619835,53402.3140495868,5,2004-12-11,57173.5537190083,1,28240.6611570248,AN,26,129,74,191,81.02
2005,2004-12-29,2004-12-10,TRUE,South Delta,120,NA,NA,NA,NA,NA,101,28932.8925619835,53402.3140495868,5,2004-12-11,57173.5537190083,1,28240.6611570248,AN,26,129,74,191,81.02
2005,2004-12-29,2004-12-10,TRUE,Suisun Marsh and Montezuma Slough,120,NA,NA,NA,NA,0.2166666666666668,101,28932.8925619835,53402.3140495868,5,2004-12-11,57173.5537190083,1,28240.6611570248,AN,26,129,74,191,81.02
2005,2004-12-29,2004-12-10,TRUE,Suisun Marsh and Montezuma Slough,120,NA,217.8108333333348,NA,NA,NA,101,28932.8925619835,53402.3140495868,5,2004-12-11,57173.5537190083,1,28240.6611570248,AN,26,129,74,191,81.02
2005,2004-12-29,2004-12-10,TRUE,Suisun Marsh and Montezuma Slough,120,NA,NA,NA,NA,NA,101,28932.8925619835,53402.3140495868,5,2004-12-11,57173.5537190083,1,28240.6611570248,AN,26,129,74,191,81.02
2005,2004-12-29,2004-12-10,TRUE,Suisun and Honker Bays,120,NA,NA,NA,NA,NA,101,28932.8925619835,53402.3140495868,5,2004-12-11,57173.5537190083,1,28240.6611570248,AN,26,129,74,191,81.02
2005,2004-12-29,2004-12-10,TRUE,NA,120,NA,NA,NA,NA,NA,101,28932.8925619835,53402.3140495868,5,2004-12-11,57173.5537190083,1,28240.6611570248,AN,26,129,74,191,81.02
2005,2005-01-29,2004-12-10,TRUE,Cache Slough and Liberty Island,151,NA,NA,NA,NA,NA,101,28932.8925619835,53402.3140495868,5,2004-12-11,57173.5537190083,1,28240.6611570248,AN,26,129,74,191,68.32
2005,2005-01-29,2004-12-10,TRUE,Confluence,151,NA,NA,NA,NA,NA,101,28932.8925619835,53402.3140495868,5,2004-12-11,57173.5537190083,1,28240.6611570248,AN,26,129,74,191,68.32
2005,2005-01-29,2004-12-10,TRUE,Confluence,151,8715.555555555555,NA,NA,NA,NA,101,28932.8925619835,53402.3140495868,5,2004-12-11,57173.5537190083,1,28240.6611570248,AN,26,129,74,191,68.32
2005,2005-01-29,2004-12-10,TRUE,North and South Forks Mokelumne River,151,NA,NA,NA,NA,NA,101,28932.8925619835,53402.3140495868,5,2004-12-11,57173.5537190083,1,28240.6611570248,AN,26,129,74,191,68.32
2005,2005-01-29,2004-12-10,TRUE,Out of Bounds,151,NA,NA,NA,NA,NA,101,28932.8925619835,53402.3140495868,5,2004-12-11,57173.5537190083,1,28240.6611570248,AN,26,129,74,191,68.32
2005,2005-01-29,2004-12-10,TRUE,Sacramento River Deep Water Ship Channel,151,NA,NA,NA,NA,NA,101,28932.8925619835,53402.3140495868,5,2004-12-11,57173.5537190083,1,28240.6611570248,AN,26,129,74,191,68.32
2005,2005-01-29,2004-12-10,TRUE,Sacramento River Mainstem,151,NA,NA,NA,NA,0.5999999999999996,101,28932.8925619835,53402.3140495868,5,2004-12-11,57173.5537190083,1,28240.6611570248,AN,26,129,74,191,68.32
2005,2005-01-29,2004-12-10,TRUE,Sacramento River Mainstem,151,NA,NA,NA,NA,NA,101,28932.8925619835,53402.3140495868,5,2004-12-11,57173.5537190083,1,28240.6611570248,AN,26,129,74,191,68.32
2005,2005-01-29,2004-12-10,TRUE,Sacramento River Mainstem,151,4320,NA,NA,NA,NA,101,28932.8925619835,53402.3140495868,5,2004-12-11,57173.5537190083,1,28240.6611570248,AN,26,129,74,191,68.32
2005,2005-01-29,2004-12-10,TRUE,San Pablo Bay and Carquinez Strait,151,NA,NA,NA,NA,0.14833333333333343,101,28932.8925619835,53402.3140495868,5,2004-12-11,57173.5537190083,1,28240.6611570248,AN,26,129,74,191,68.32
2005,2005-01-29,2004-12-10,TRUE,San Pablo Bay and Carquinez Strait,151,NA,-4578.005000000001,NA,NA,NA,101,28932.8925619835,53402.3140495868,5,2004-12-11,57173.5537190083,1,28240.6611570248,AN,26,129,74,191,68.32
2005,2005-01-29,2004-12-10,TRUE,San Pablo Bay and Carquinez Strait,151,NA,NA,NA,NA,NA,101,28932.8925619835,53402.3140495868,5,2004-12-11,57173.5537190083,1,28240.6611570248,AN,26,129,74,191,68.32
2005,2005-01-29,2004-12-10,TRUE,South Delta,151,NA,NA,NA,NA,0.5566666666666666,101,28932.8925619835,53402.3140495868,5,2004-12-11,57173.5537190083,1,28240.6611570248,AN,26,129,74,191,68.32
2005,2005-01-29,2004-12-10,TRUE,South Delta,151,NA,49.46333333333325,NA,NA,NA,101,28932.8925619835,53402.3140495868,5,2004-12-11,57173.5537190083,1,28240.6611570248,AN,26,129,74,191,68.32
2005,2005-01-29,2004-12-10,TRUE,South Delta,151,NA,NA,4.290000000000003,NA,NA,101,28932.8925619835,53402.3140495868,5,2004-12-11,57173.5537190083,1,28240.6611570248,AN,26,129,74,191,68.32
2005,2005-01-29,2004-12-10,TRUE,South Delta,151,753.5,NA,NA,NA,NA,101,28932.8925619835,53402.3140495868,5,2004-12-11,57173.5537190083,1,28240.6611570248,AN,26,129,74,191,68.32
2005,2005-01-29,2004-12-10,TRUE,South Delta,151,NA,NA,NA,NA,NA,101,28932.8925619835,53402.3140495868,5,2004-12-11,57173.5537190083,1,28240.6611570248,AN,26,129,74,191,68.32
2005,2005-01-29,2004-12-10,TRUE,Suisun Marsh and Montezuma Slough,151,NA,NA,NA,NA,0.637777777777778,101,28932.8925619835,53402.3140495868,5,2004-12-11,57173.5537190083,1,28240.6611570248,AN,26,129,74,191,68.32
2005,2005-01-29,2004-12-10,TRUE,Suisun Marsh and Montezuma Slough,151,NA,-415.9216666666666,NA,NA,NA,101,28932.8925619835,53402.3140495868,5,2004-12-11,57173.5537190083,1,28240.6611570248,AN,26,129,74,191,68.32
2005,2005-01-29,2004-12-10,TRUE,Suisun Marsh and Montezuma Slough,151,NA,NA,NA,NA,NA,101,28932.8925619835,53402.3140495868,5,2004-12-11,57173.5537190083,1,28240.6611570248,AN,26,129,74,191,68.32
2005,2005-01-29,2004-12-10,TRUE,Suisun and Honker Bays,151,NA,NA,NA,NA,NA,101,28932.8925619835,53402.3140495868,5,2004-12-11,57173.5537190083,1,28240.6611570248,AN,26,129,74,191,68.32
2005,2005-01-29,2004-12-10,TRUE,NA,151,NA,NA,NA,NA,NA,101,28932.8925619835,53402.3140495868,5,2004-12-11,57173.5537190083,1,28240.6611570248,AN,26,129,74,191,68.32
2005,2005-03-24,2004-12-10,TRUE,Cache Slough and Liberty Island,205,NA,NA,NA,NA,NA,101,28932.8925619835,53402.3140495868,5,2004-12-11,57173.5537190083,1,28240.6611570248,AN,26,129,74,191,64.3
2005,2005-03-24,2004-12-10,TRUE,Confluence,205,NA,NA,NA,NA,NA,101,28932.8925619835,53402.3140495868,5,2004-12-11,57173.5537190083,1,28240.6611570248,AN,26,129,74,191,64.3
2005,2005-03-24,2004-12-10,TRUE,Confluence,205,19142.222222222223,NA,NA,NA,NA,101,28932.8925619835,53402.3140495868,5,2004-12-11,57173.5537190083,1,28240.6611570248,AN,26,129,74,191,64.3
2005,2005-03-24,2004-12-10,TRUE,North and South Forks Mokelumne River,205,NA,NA,NA,NA,NA,101,28932.8925619835,53402.3140495868,5,2004-12-11,57173.5537190083,1,28240.6611570248,AN,26,129,74,191,64.3
2005,2005-03-24,2004-12-10,TRUE,Out of Bounds,205,NA,NA,NA,NA,NA,101,28932.8925619835,53402.3140495868,5,2004-12-11,57173.5537190083,1,28240.6611570248,AN,26,129,74,191,64.3
2005,2005-03-24,2004-12-10,TRUE,Sacramento River Deep Water Ship Channel,205,NA,NA,NA,NA,NA,101,28932.8925619835,53402.3140495868,5,2004-12-11,57173.5537190083,1,28240.6611570248,AN,26,129,74,191,64.3
2005,2005-03-24,2004-12-10,TRUE,Sacramento River Mainstem,205,NA,NA,NA,NA,-0.36666666666666714,101,28932.8925619835,53402.3140495868,5,2004-12-11,57173.5537190083,1,28240.6611570248,AN,26,129,74,191,64.3
2005,2005-03-24,2004-12-10,TRUE,Sacramento River Mainstem,205,NA,NA,NA,NA,NA,101,28932.8925619835,53402.3140495868,5,2004-12-11,57173.5537190083,1,28240.6611570248,AN,26,129,74,191,64.3
2005,2005-03-24,2004-12-10,TRUE,San Pablo Bay and Carquinez Strait,205,NA,NA,NA,NA,-0.5516666666666659,101,28932.8925619835,53402.3140495868,5,2004-12-11,57173.5537190083,1,28240.6611570248,AN,26,129,74,191,64.3
2005,2005-03-24,2004-12-10,TRUE,San Pablo Bay and Carquinez Strait,205,NA,-8558.901666666668,NA,NA,NA,101,28932.8925619835,53402.3140495868,5,2004-12-11,57173.5537190083,1,28240.6611570248,AN,26,129,74,191,64.3
2005,2005-03-24,2004-12-10,TRUE,San Pablo Bay and Carquinez Strait,205,NA,NA,NA,NA,NA,101,28932.8925619835,53402.3140495868,5,2004-12-11,57173.5537190083,1,28240.6611570248,AN,26,129,74,191,64.3
2005,2005-03-24,2004-12-10,TRUE,South Delta,205,NA,NA,NA,NA,0.10666666666666558,101,28932.8925619835,53402.3140495868,5,2004-12-11,57173.5537190083,1,28240.6611570248,AN,26,129,74,191,64.3
2005,2005-03-24,2004-12-10,TRUE,South Delta,205,NA,-196.18333333333328,NA,NA,NA,101,28932.8925619835,53402.3140495868,5,2004-12-11,57173.5537190083,1,28240.6611570248,AN,26,129,74,191,64.3
2005,2005-03-24,2004-12-10,TRUE,South Delta,205,NA,NA,10.766666666666667,NA,NA,101,28932.8925619835,53402.3140495868,5,2004-12-11,57173.5537190083,1,28240.6611570248,AN,26,129,74,191,64.3
2005,2005-03-24,2004-12-10,TRUE,South Delta,205,3236.3161111111112,NA,NA,NA,NA,101,28932.8925619835,53402.3140495868,5,2004-12-11,57173.5537190083,1,28240.6611570248,AN,26,129,74,191,64.3
2005,2005-03-24,2004-12-10,TRUE,South Delta,205,NA,NA,NA,NA,NA,101,28932.8925619835,53402.3140495868,5,2004-12-11,57173.5537190083,1,28240.6611570248,AN,26,129,74,191,64.3
2005,2005-03-24,2004-12-10,TRUE,Suisun Marsh and Montezuma Slough,205,NA,NA,NA,NA,-0.7922222222222217,101,28932.8925619835,53402.3140495868,5,2004-12-11,57173.5537190083,1,28240.6611570248,AN,26,129,74,191,64.3
2005,2005-03-24,2004-12-10,TRUE,Suisun Marsh and Montezuma Slough,205,NA,-398.4858333333334,NA,NA,NA,101,28932.8925619835,53402.3140495868,5,2004-12-11,57173.5537190083,1,28240.6611570248,AN,26,129,74,191,64.3
2005,2005-03-24,2004-12-10,TRUE,Suisun Marsh and Montezuma Slough,205,NA,NA,NA,NA,NA,101,28932.8925619835,53402.3140495868,5,2004-12-11,57173.5537190083,1,28240.6611570248,AN,26,129,74,191,64.3
2005,2005-03-24,2004-12-10,TRUE,Suisun and Honker Bays,205,NA,NA,NA,NA,NA,101,28932.8925619835,53402.3140495868,5,2004-12-11,57173.5537190083,1,28240.6611570248,AN,26,129,74,191,64.3
2005,2005-03-24,2004-12-10,TRUE,NA,205,NA,NA,NA,NA,NA,101,28932.8925619835,53402.3140495868,5,2004-12-11,57173.5537190083,1,28240.6611570248,AN,26,129,74,191,64.3
2005,2005-05-11,2004-12-10,TRUE,Cache Slough and Liberty Island,253,NA,NA,NA,NA,NA,101,28932.8925619835,53402.3140495868,5,2004-12-11,57173.5537190083,1,28240.6611570248,AN,26,129,74,191,64.17
2005,2005-05-11,2004-12-10,TRUE,Confluence,253,NA,NA,NA,NA,NA,101,28932.8925619835,53402.3140495868,5,2004-12-11,57173.5537190083,1,28240.6611570248,AN,26,129,74,191,64.17
2005,2005-05-11,2004-12-10,TRUE,Confluence,253,15404.444444444443,NA,NA,NA,NA,101,28932.8925619835,53402.3140495868,5,2004-12-11,57173.5537190083,1,28240.6611570248,AN,26,129,74,191,64.17
2005,2005-05-11,2004-12-10,TRUE,North and South Forks Mokelumne River,253,NA,NA,NA,NA,NA,101,28932.8925619835,53402.3140495868,5,2004-12-11,57173.5537190083,1,28240.6611570248,AN,26,129,74,191,64.17
2005,2005-05-11,2004-12-10,TRUE,Out of Bounds,253,NA,NA,NA,NA,NA,101,28932.8925619835,53402.3140495868,5,2004-12-11,57173.5537190083,1,28240.6611570248,AN,26,129,74,191,64.17
2005,2005-05-11,2004-12-10,TRUE,Sacramento River Deep Water Ship Channel,253,NA,NA,NA,NA,NA,101,28932.8925619835,53402.3140495868,5,2004-12-11,57173.5537190083,1,28240.6611570248,AN,26,129,74,191,64.17
2005,2005-05-11,2004-12-10,TRUE,Sacramento River Mainstem,253,NA,NA,NA,NA,-0.9666666666666686,101,28932.8925619835,53402.3140495868,5,2004-12-11,57173.5537190083,1,28240.6611570248,AN,26,129,74,191,64.17
2005,2005-05-11,2004-12-10,TRUE,Sacramento River Mainstem,253,NA,NA,NA,NA,NA,101,28932.8925619835,53402.3140495868,5,2004-12-11,57173.5537190083,1,28240.6611570248,AN,26,129,74,191,64.17
2005,2005-05-11,2004-12-10,TRUE,Sacramento River Mainstem,253,6606.666666666666,NA,NA,NA,NA,101,28932.8925619835,53402.3140495868,5,2004-12-11,57173.5537190083,1,28240.6611570248,AN,26,129,74,191,64.17
2005,2005-05-11,2004-12-10,TRUE,San Pablo Bay and Carquinez Strait,253,NA,NA,NA,NA,0.34999999999999787,101,28932.8925619835,53402.3140495868,5,2004-12-11,57173.5537190083,1,28240.6611570248,AN,26,129,74,191,64.17
2005,2005-05-11,2004-12-10,TRUE,San Pablo Bay and Carquinez Strait,253,NA,-4572.526666666667,NA,NA,NA,101,28932.8925619835,53402.3140495868,5,2004-12-11,57173.5537190083,1,28240.6611570248,AN,26,129,74,191,64.17
2005,2005-05-11,2004-12-10,TRUE,San Pablo Bay and Carquinez Strait,253,NA,NA,NA,NA,NA,101,28932.8925619835,53402.3140495868,5,2004-12-11,57173.5537190083,1,28240.6611570248,AN,26,129,74,191,64.17
2005,2005-05-11,2004-12-10,TRUE,South Delta,253,NA,NA,NA,NA,0.6833333333333336,101,28932.8925619835,53402.3140495868,5,2004-12-11,57173.5537190083,1,28240.6611570248,AN,26,129,74,191,64.17
2005,2005-05-11,2004-12-10,TRUE,South Delta,253,NA,-10.123333333333337,NA,NA,NA,101,28932.8925619835,53402.3140495868,5,2004-12-11,57173.5537190083,1,28240.6611570248,AN,26,129,74,191,64.17
2005,2005-05-11,2004-12-10,TRUE,South Delta,253,NA,NA,0.5300000000000011,NA,NA,101,28932.8925619835,53402.3140495868,5,2004-12-11,57173.5537190083,1,28240.6611570248,AN,26,129,74,191,64.17
2005,2005-05-11,2004-12-10,TRUE,South Delta,253,180.44444444444431,NA,NA,NA,NA,101,28932.8925619835,53402.3140495868,5,2004-12-11,57173.5537190083,1,28240.6611570248,AN,26,129,74,191,64.17
2005,2005-05-11,2004-12-10,TRUE,South Delta,253,NA,NA,NA,NA,NA,101,28932.8925619835,53402.3140495868,5,2004-12-11,57173.5537190083,1,28240.6611570248,AN,26,129,74,191,64.17
2005,2005-05-11,2004-12-10,TRUE,Suisun Marsh and Montezuma Slough,253,NA,NA,NA,NA,0.4855555555555569,101,28932.8925619835,53402.3140495868,5,2004-12-11,57173.5537190083,1,28240.6611570248,AN,26,129,74,191,64.17
2005,2005-05-11,2004-12-10,TRUE,Suisun Marsh and Montezuma Slough,253,NA,-384.30166666666673,NA,NA,NA,101,28932.8925619835,53402.3140495868,5,2004-12-11,57173.5537190083,1,28240.6611570248,AN,26,129,74,191,64.17
2005,2005-05-11,2004-12-10,TRUE,Suisun Marsh and Montezuma Slough,253,NA,NA,NA,NA,NA,101,28932.8925619835,53402.3140495868,5,2004-12-11,57173.5537190083,1,28240.6611570248,AN,26,129,74,191,64.17
2005,2005-05-11,2004-12-10,TRUE,Suisun and Honker Bays,253,NA,NA,NA,NA,NA,101,28932.8925619835,53402.3140495868,5,2004-12-11,57173.5537190083,1,28240.6611570248,AN,26,129,74,191,64.17
2005,2005-05-11,2004-12-10,TRUE,NA,253,NA,NA,NA,NA,NA,101,28932.8925619835,53402.3140495868,5,2004-12-11,57173.5537190083,1,28240.6611570248,AN,26,129,74,191,64.17
2005,2005-05-20,2004-12-10,TRUE,Cache Slough and Liberty Island,262,NA,NA,NA,NA,NA,101,28932.8925619835,53402.3140495868,5,2004-12-11,57173.5537190083,1,28240.6611570248,AN,26,129,74,191,61.2
2005,2005-05-20,2004-12-10,TRUE,Confluence,262,NA,NA,NA,NA,NA,101,28932.8925619835,53402.3140495868,5,2004-12-11,57173.5537190083,1,28240.6611570248,AN,26,129,74,191,61.2
2005,2005-05-20,2004-12-10,TRUE,Confluence,262,11777.77777777778,NA,NA,NA,NA,101,28932.8925619835,53402.3140495868,5,2004-12-11,57173.5537190083,1,28240.6611570248,AN,26,129,74,191,61.2
2005,2005-05-20,2004-12-10,TRUE,North and South Forks Mokelumne River,262,NA,NA,NA,NA,NA,101,28932.8925619835,53402.3140495868,5,2004-12-11,57173.5537190083,1,28240.6611570248,AN,26,129,74,191,61.2
2005,2005-05-20,2004-12-10,TRUE,Out of Bounds,262,NA,NA,NA,NA,NA,101,28932.8925619835,53402.3140495868,5,2004-12-11,57173.5537190083,1,28240.6611570248,AN,26,129,74,191,61.2
2005,2005-05-20,2004-12-10,TRUE,Sacramento River Deep Water Ship Channel,262,NA,NA,NA,NA,NA,101,28932.8925619835,53402.3140495868,5,2004-12-11,57173.5537190083,1,28240.6611570248,AN,26,129,74,191,61.2
2005,2005-05-20,2004-12-10,TRUE,Sacramento River Mainstem,262,NA,NA,NA,NA,-0.5666666666666664,101,28932.8925619835,53402.3140495868,5,2004-12-11,57173.5537190083,1,28240.6611570248,AN,26,129,74,191,61.2
2005,2005-05-20,2004-12-10,TRUE,Sacramento River Mainstem,262,NA,NA,NA,NA,NA,101,28932.8925619835,53402.3140495868,5,2004-12-11,57173.5537190083,1,28240.6611570248,AN,26,129,74,191,61.2
2005,2005-05-20,2004-12-10,TRUE,Sacramento River Mainstem,262,9266.666666666668,NA,NA,NA,NA,101,28932.8925619835,53402.3140495868,5,2004-12-11,57173.5537190083,1,28240.6611570248,AN,26,129,74,191,61.2
2005,2005-05-20,2004-12-10,TRUE,San Pablo Bay and Carquinez Strait,262,NA,NA,NA,NA,-0.490000000000002,101,28932.8925619835,53402.3140495868,5,2004-12-11,57173.5537190083,1,28240.6611570248,AN,26,129,74,191,61.2
2005,2005-05-20,2004-12-10,TRUE,San Pablo Bay and Carquinez Strait,262,NA,3870.470000000001,NA,NA,NA,101,28932.8925619835,53402.3140495868,5,2004-12-11,57173.5537190083,1,28240.6611570248,AN,26,129,74,191,61.2
2005,2005-05-20,2004-12-10,TRUE,San Pablo Bay and Carquinez Strait,262,NA,NA,NA,NA,NA,101,28932.8925619835,53402.3140495868,5,2004-12-11,57173.5537190083,1,28240.6611570248,AN,26,129,74,191,61.2
2005,2005-05-20,2004-12-10,TRUE,South Delta,262,NA,NA,NA,NA,0.4299999999999997,101,28932.8925619835,53402.3140495868,5,2004-12-11,57173.5537190083,1,28240.6611570248,AN,26,129,74,191,61.2
2005,2005-05-20,2004-12-10,TRUE,South Delta,262,NA,-88.4,NA,NA,NA,101,28932.8925619835,53402.3140495868,5,2004-12-11,57173.5537190083,1,28240.6611570248,AN,26,129,74,191,61.2
2005,2005-05-20,2004-12-10,TRUE,South Delta,262,NA,NA,-1.246666666666666,NA,NA,101,28932.8925619835,53402.3140495868,5,2004-12-11,57173.5537190083,1,28240.6611570248,AN,26,129,74,191,61.2
2005,2005-05-20,2004-12-10,TRUE,South Delta,262,320.8333333333335,NA,NA,NA,NA,101,28932.8925619835,53402.3140495868,5,2004-12-11,57173.5537190083,1,28240.6611570248,AN,26,129,74,191,61.2
2005,2005-05-20,2004-12-10,TRUE,South Delta,262,NA,NA,NA,NA,NA,101,28932.8925619835,53402.3140495868,5,2004-12-11,57173.5537190083,1,28240.6611570248,AN,26,129,74,191,61.2
2005,2005-05-20,2004-12-10,TRUE,Suisun Marsh and Montezuma Slough,262,NA,NA,NA,NA,-0.30333333333333456,101,28932.8925619835,53402.3140495868,5,2004-12-11,57173.5537190083,1,28240.6611570248,AN,26,129,74,191,61.2
2005,2005-05-20,2004-12-10,TRUE,Suisun Marsh and Montezuma Slough,262,NA,-171.4716666666667,NA,NA,NA,101,28932.8925619835,53402.3140495868,5,2004-12-11,57173.5537190083,1,28240.6611570248,AN,26,129,74,191,61.2
2005,2005-05-20,2004-12-10,TRUE,Suisun Marsh and Montezuma Slough,262,NA,NA,NA,NA,NA,101,28932.8925619835,53402.3140495868,5,2004-12-11,57173.5537190083,1,28240.6611570248,AN,26,129,74,191,61.2
2005,2005-05-20,2004-12-10,TRUE,Suisun and Honker Bays,262,NA,NA,NA,NA,NA,101,28932.8925619835,53402.3140495868,5,2004-12-11,57173.5537190083,1,28240.6611570248,AN,26,129,74,191,61.2
2005,2005-05-20,2004-12-10,TRUE,NA,262,NA,NA,NA,NA,NA,101,28932.8925619835,53402.3140495868,5,2004-12-11,57173.5537190083,1,28240.6611570248,AN,26,129,74,191,61.2
2006,2005-12-21,2005-12-21,FALSE,Cache Slough and Liberty Island,112,NA,NA,NA,NA,NA,112,37939.8347107438,76768.2644628099,8,2006-01-02,680417.851239669,12,642478.016528926,W,41,1949,26,129,79.47
2006,2005-12-21,2005-12-21,FALSE,Confluence,112,NA,NA,NA,NA,NA,112,37939.8347107438,76768.2644628099,8,2006-01-02,680417.851239669,12,642478.016528926,W,41,1949,26,129,79.47
2006,2005-12-21,2005-12-21,FALSE,Confluence,112,9983.333333333336,NA,NA,NA,NA,112,37939.8347107438,76768.2644628099,8,2006-01-02,680417.851239669,12,642478.016528926,W,41,1949,26,129,79.47
2006,2005-12-21,2005-12-21,FALSE,North and South Forks Mokelumne River,112,NA,NA,NA,NA,NA,112,37939.8347107438,76768.2644628099,8,2006-01-02,680417.851239669,12,642478.016528926,W,41,1949,26,129,79.47
2006,2005-12-21,2005-12-21,FALSE,Out of Bounds,112,NA,NA,NA,NA,0.996666666666666,112,37939.8347107438,76768.2644628099,8,2006-01-02,680417.851239669,12,642478.016528926,W,41,1949,26,129,79.47
2006,2005-12-21,2005-12-21,FALSE,Out of Bounds,112,NA,-194.65000000000003,NA,NA,NA,112,37939.8347107438,76768.2644628099,8,2006-01-02,680417.851239669,12,642478.016528926,W,41,1949,26,129,79.47
2006,2005-12-21,2005-12-21,FALSE,Out of Bounds,112,NA,NA,10.4,NA,NA,112,37939.8347107438,76768.2644628099,8,2006-01-02,680417.851239669,12,642478.016528926,W,41,1949,26,129,79.47
2006,2005-12-21,2005-12-21,FALSE,Out of Bounds,112,NA,NA,NA,NA,NA,112,37939.8347107438,76768.2644628099,8,2006-01-02,680417.851239669,12,642478.016528926,W,41,1949,26,129,79.47
2006,2005-12-21,2005-12-21,FALSE,Sacramento River Deep Water Ship Channel,112,NA,NA,NA,NA,NA,112,37939.8347107438,76768.2644628099,8,2006-01-02,680417.851239669,12,642478.016528926,W,41,1949,26,129,79.47
2006,2005-12-21,2005-12-21,FALSE,Sacramento River Mainstem,112,NA,NA,NA,NA,1.3000000000000007,112,37939.8347107438,76768.2644628099,8,2006-01-02,680417.851239669,12,642478.016528926,W,41,1949,26,129,79.47
2006,2005-12-21,2005-12-21,FALSE,Sacramento River Mainstem,112,NA,NA,NA,NA,NA,112,37939.8347107438,76768.2644628099,8,2006-01-02,680417.851239669,12,642478.016528926,W,41,1949,26,129,79.47
2006,2005-12-21,2005-12-21,FALSE,Sacramento River Mainstem,112,7956.666666666667,NA,NA,NA,NA,112,37939.8347107438,76768.2644628099,8,2006-01-02,680417.851239669,12,642478.016528926,W,41,1949,26,129,79.47
2006,2005-12-21,2005-12-21,FALSE,San Pablo Bay and Carquinez Strait,112,NA,NA,NA,NA,0.370000000000001,112,37939.8347107438,76768.2644628099,8,2006-01-02,680417.851239669,12,642478.016528926,W,41,1949,26,129,79.47
2006,2005-12-21,2005-12-21,FALSE,San Pablo Bay and Carquinez Strait,112,NA,-3986.3933333333334,NA,NA,NA,112,37939.8347107438,76768.2644628099,8,2006-01-02,680417.851239669,12,642478.016528926,W,41,1949,26,129,79.47
2006,2005-12-21,2005-12-21,FALSE,San Pablo Bay and Carquinez Strait,112,NA,NA,NA,NA,NA,112,37939.8347107438,76768.2644628099,8,2006-01-02,680417.851239669,12,642478.016528926,W,41,1949,26,129,79.47
2006,2005-12-21,2005-12-21,FALSE,South Delta,112,NA,NA,NA,NA,1.290000000000001,112,37939.8347107438,76768.2644628099,8,2006-01-02,680417.851239669,12,642478.016528926,W,41,1949,26,129,79.47
2006,2005-12-21,2005-12-21,FALSE,South Delta,112,NA,-70.34833333333324,NA,NA,NA,112,37939.8347107438,76768.2644628099,8,2006-01-02,680417.851239669,12,642478.016528926,W,41,1949,26,129,79.47
2006,2005-12-21,2005-12-21,FALSE,South Delta,112,NA,NA,5.029999999999999,NA,NA,112,37939.8347107438,76768.2644628099,8,2006-01-02,680417.851239669,12,642478.016528926,W,41,1949,26,129,79.47
2006,2005-12-21,2005-12-21,FALSE,South Delta,112,-364.3333333333335,NA,NA,NA,NA,112,37939.8347107438,76768.2644628099,8,2006-01-02,680417.851239669,12,642478.016528926,W,41,1949,26,129,79.47
2006,2005-12-21,2005-12-21,FALSE,South Delta,112,NA,NA,NA,-0.00333333333333335,NA,112,37939.8347107438,76768.2644628099,8,2006-01-02,680417.851239669,12,642478.016528926,W,41,1949,26,129,79.47
2006,2005-12-21,2005-12-21,FALSE,Suisun Marsh and Montezuma Slough,112,NA,NA,NA,NA,0.8177777777777777,112,37939.8347107438,76768.2644628099,8,2006-01-02,680417.851239669,12,642478.016528926,W,41,1949,26,129,79.47
2006,2005-12-21,2005-12-21,FALSE,Suisun Marsh and Montezuma Slough,112,NA,-2099.1791666666686,NA,NA,NA,112,37939.8347107438,76768.2644628099,8,2006-01-02,680417.851239669,12,642478.016528926,W,41,1949,26,129,79.47
2006,2005-12-21,2005-12-21,FALSE,Suisun Marsh and Montezuma Slough,112,NA,NA,NA,NA,NA,112,37939.8347107438,76768.2644628099,8,2006-01-02,680417.851239669,12,642478.016528926,W,41,1949,26,129,79.47
2006,2005-12-21,2005-12-21,FALSE,Suisun and Honker Bays,112,NA,NA,NA,NA,NA,112,37939.8347107438,76768.2644628099,8,2006-01-02,680417.851239669,12,642478.016528926,W,41,1949,26,129,79.47
2006,2005-12-21,2005-12-21,FALSE,NA,112,NA,NA,NA,NA,NA,112,37939.8347107438,76768.2644628099,8,2006-01-02,680417.851239669,12,642478.016528926,W,41,1949,26,129,79.47
2006,2005-12-24,2005-12-21,TRUE,Cache Slough and Liberty Island,115,NA,NA,NA,NA,NA,112,37939.8347107438,76768.2644628099,8,2006-01-02,680417.851239669,12,642478.016528926,W,41,1949,26,129,76.2
2006,2005-12-24,2005-12-21,TRUE,Confluence,115,NA,NA,NA,NA,NA,112,37939.8347107438,76768.2644628099,8,2006-01-02,680417.851239669,12,642478.016528926,W,41,1949,26,129,76.2
2006,2005-12-24,2005-12-21,TRUE,Confluence,115,11203.333333333328,NA,NA,NA,NA,112,37939.8347107438,76768.2644628099,8,2006-01-02,680417.851239669,12,642478.016528926,W,41,1949,26,129,76.2
2006,2005-12-24,2005-12-21,TRUE,North and South Forks Mokelumne River,115,NA,NA,NA,NA,NA,112,37939.8347107438,76768.2644628099,8,2006-01-02,680417.851239669,12,642478.016528926,W,41,1949,26,129,76.2
2006,2005-12-24,2005-12-21,TRUE,Out of Bounds,115,NA,NA,NA,NA,0.5833333333333339,112,37939.8347107438,76768.2644628099,8,2006-01-02,680417.851239669,12,642478.016528926,W,41,1949,26,129,76.2
2006,2005-12-24,2005-12-21,TRUE,Out of Bounds,115,NA,-139.7166666666667,NA,NA,NA,112,37939.8347107438,76768.2644628099,8,2006-01-02,680417.851239669,12,642478.016528926,W,41,1949,26,129,76.2
2006,2005-12-24,2005-12-21,TRUE,Out of Bounds,115,NA,NA,1.5466666666666669,NA,NA,112,37939.8347107438,76768.2644628099,8,2006-01-02,680417.851239669,12,642478.016528926,W,41,1949,26,129,76.2
2006,2005-12-24,2005-12-21,TRUE,Out of Bounds,115,NA,NA,NA,NA,NA,112,37939.8347107438,76768.2644628099,8,2006-01-02,680417.851239669,12,642478.016528926,W,41,1949,26,129,76.2
2006,2005-12-24,2005-12-21,TRUE,Sacramento River Deep Water Ship Channel,115,NA,NA,NA,NA,NA,112,37939.8347107438,76768.2644628099,8,2006-01-02,680417.851239669,12,642478.016528926,W,41,1949,26,129,76.2
2006,2005-12-24,2005-12-21,TRUE,Sacramento River Mainstem,115,NA,NA,NA,NA,1.0333333333333332,112,37939.8347107438,76768.2644628099,8,2006-01-02,680417.851239669,12,642478.016528926,W,41,1949,26,129,76.2
2006,2005-12-24,2005-12-21,TRUE,Sacramento River Mainstem,115,NA,NA,NA,NA,NA,112,37939.8347107438,76768.2644628099,8,2006-01-02,680417.851239669,12,642478.016528926,W,41,1949,26,129,76.2
2006,2005-12-24,2005-12-21,TRUE,Sacramento River Mainstem,115,11499.999999999998,NA,NA,NA,NA,112,37939.8347107438,76768.2644628099,8,2006-01-02,680417.851239669,12,642478.016528926,W,41,1949,26,129,76.2
2006,2005-12-24,2005-12-21,TRUE,San Pablo Bay and Carquinez Strait,115,NA,NA,NA,NA,0.5533333333333346,112,37939.8347107438,76768.2644628099,8,2006-01-02,680417.851239669,12,642478.016528926,W,41,1949,26,129,76.2
2006,2005-12-24,2005-12-21,TRUE,San Pablo Bay and Carquinez Strait,115,NA,-1665.920000000002,NA,NA,NA,112,37939.8347107438,76768.2644628099,8,2006-01-02,680417.851239669,12,642478.016528926,W,41,1949,26,129,76.2
2006,2005-12-24,2005-12-21,TRUE,San Pablo Bay and Carquinez Strait,115,NA,NA,NA,NA,NA,112,37939.8347107438,76768.2644628099,8,2006-01-02,680417.851239669,12,642478.016528926,W,41,1949,26,129,76.2
2006,2005-12-24,2005-12-21,TRUE,South Delta,115,NA,NA,NA,NA,0.7949999999999999,112,37939.8347107438,76768.2644628099,8,2006-01-02,680417.851239669,12,642478.016528926,W,41,1949,26,129,76.2
2006,2005-12-24,2005-12-21,TRUE,South Delta,115,NA,-173.58166666666682,NA,NA,NA,112,37939.8347107438,76768.2644628099,8,2006-01-02,680417.851239669,12,642478.016528926,W,41,1949,26,129,76.2
2006,2005-12-24,2005-12-21,TRUE,South Delta,115,NA,NA,0.6799999999999997,NA,NA,112,37939.8347107438,76768.2644628099,8,2006-01-02,680417.851239669,12,642478.016528926,W,41,1949,26,129,76.2
2006,2005-12-24,2005-12-21,TRUE,South Delta,115,1456.8917460317462,NA,NA,NA,NA,112,37939.8347107438,76768.2644628099,8,2006-01-02,680417.851239669,12,642478.016528926,W,41,1949,26,129,76.2
2006,2005-12-24,2005-12-21,TRUE,South Delta,115,NA,NA,NA,0.8415555555555556,NA,112,37939.8347107438,76768.2644628099,8,2006-01-02,680417.851239669,12,642478.016528926,W,41,1949,26,129,76.2
2006,2005-12-24,2005-12-21,TRUE,Suisun Marsh and Montezuma Slough,115,NA,NA,NA,NA,0.7455555555555566,112,37939.8347107438,76768.2644628099,8,2006-01-02,680417.851239669,12,642478.016528926,W,41,1949,26,129,76.2
2006,2005-12-24,2005-12-21,TRUE,Suisun Marsh and Montezuma Slough,115,NA,-3055.578333333332,NA,NA,NA,112,37939.8347107438,76768.2644628099,8,2006-01-02,680417.851239669,12,642478.016528926,W,41,1949,26,129,76.2
2006,2005-12-24,2005-12-21,TRUE,Suisun Marsh and Montezuma Slough,115,NA,NA,NA,NA,NA,112,37939.8347107438,76768.2644628099,8,2006-01-02,680417.851239669,12,642478.016528926,W,41,1949,26,129,76.2
2006,2005-12-24,2005-12-21,TRUE,Suisun and Honker Bays,115,NA,NA,NA,NA,NA,112,37939.8347107438,76768.2644628099,8,2006-01-02,680417.851239669,12,642478.016528926,W,41,1949,26,129,76.2
2006,2005-12-24,2005-12-21,TRUE,NA,115,NA,NA,NA,NA,NA,112,37939.8347107438,76768.2644628099,8,2006-01-02,680417.851239669,12,642478.016528926,W,41,1949,26,129,76.2
2006,2006-02-05,2005-12-21,TRUE,Cache Slough and Liberty Island,158,NA,NA,NA,NA,NA,112,37939.8347107438,76768.2644628099,8,2006-01-02,680417.851239669,12,642478.016528926,W,41,1949,26,129,53.85
2006,2006-02-05,2005-12-21,TRUE,Confluence,158,NA,NA,NA,NA,NA,112,37939.8347107438,76768.2644628099,8,2006-01-02,680417.851239669,12,642478.016528926,W,41,1949,26,129,53.85
2006,2006-02-05,2005-12-21,TRUE,Confluence,158,-1622.2222222222265,NA,NA,NA,NA,112,37939.8347107438,76768.2644628099,8,2006-01-02,680417.851239669,12,642478.016528926,W,41,1949,26,129,53.85
2006,2006-02-05,2005-12-21,TRUE,North and South Forks Mokelumne River,158,NA,NA,NA,NA,NA,112,37939.8347107438,76768.2644628099,8,2006-01-02,680417.851239669,12,642478.016528926,W,41,1949,26,129,53.85
2006,2006-02-05,2005-12-21,TRUE,Out of Bounds,158,NA,NA,NA,NA,-0.6233333333333348,112,37939.8347107438,76768.2644628099,8,2006-01-02,680417.851239669,12,642478.016528926,W,41,1949,26,129,53.85
2006,2006-02-05,2005-12-21,TRUE,Out of Bounds,158,NA,7.663333333333355,NA,NA,NA,112,37939.8347107438,76768.2644628099,8,2006-01-02,680417.851239669,12,642478.016528926,W,41,1949,26,129,53.85
2006,2006-02-05,2005-12-21,TRUE,Out of Bounds,158,NA,NA,-0.14999999999999858,NA,NA,112,37939.8347107438,76768.2644628099,8,2006-01-02,680417.851239669,12,642478.016528926,W,41,1949,26,129,53.85
2006,2006-02-05,2005-12-21,TRUE,Out of Bounds,158,NA,NA,NA,NA,NA,112,37939.8347107438,76768.2644628099,8,2006-01-02,680417.851239669,12,642478.016528926,W,41,1949,26,129,53.85
2006,2006-02-05,2005-12-21,TRUE,Sacramento River Deep Water Ship Channel,158,NA,NA,NA,NA,NA,112,37939.8347107438,76768.2644628099,8,2006-01-02,680417.851239669,12,642478.016528926,W,41,1949,26,129,53.85
2006,2006-02-05,2005-12-21,TRUE,Sacramento River Mainstem,158,NA,NA,NA,NA,0.09999999999999964,112,37939.8347107438,76768.2644628099,8,2006-01-02,680417.851239669,12,642478.016528926,W,41,1949,26,129,53.85
2006,2006-02-05,2005-12-21,TRUE,Sacramento River Mainstem,158,NA,NA,NA,NA,NA,112,37939.8347107438,76768.2644628099,8,2006-01-02,680417.851239669,12,642478.016528926,W,41,1949,26,129,53.85
2006,2006-02-05,2005-12-21,TRUE,Sacramento River Mainstem,158,4300,NA,NA,NA,NA,112,37939.8347107438,76768.2644628099,8,2006-01-02,680417.851239669,12,642478.016528926,W,41,1949,26,129,53.85
2006,2006-02-05,2005-12-21,TRUE,San Pablo Bay and Carquinez Strait,158,NA,NA,NA,NA,0.46833333333333194,112,37939.8347107438,76768.2644628099,8,2006-01-02,680417.851239669,12,642478.016528926,W,41,1949,26,129,53.85
2006,2006-02-05,2005-12-21,TRUE,San Pablo Bay and Carquinez Strait,158,NA,6473.901666666667,NA,NA,NA,112,37939.8347107438,76768.2644628099,8,2006-01-02,680417.851239669,12,642478.016528926,W,41,1949,26,129,53.85
2006,2006-02-05,2005-12-21,TRUE,San Pablo Bay and Carquinez Strait,158,NA,NA,NA,NA,NA,112,37939.8347107438,76768.2644628099,8,2006-01-02,680417.851239669,12,642478.016528926,W,41,1949,26,129,53.85
2006,2006-02-05,2005-12-21,TRUE,South Delta,158,NA,NA,NA,NA,-0.13833333333333542,112,37939.8347107438,76768.2644628099,8,2006-01-02,680417.851239669,12,642478.016528926,W,41,1949,26,129,53.85
2006,2006-02-05,2005-12-21,TRUE,South Delta,158,NA,29.728333333333353,NA,NA,NA,112,37939.8347107438,76768.2644628099,8,2006-01-02,680417.851239669,12,642478.016528926,W,41,1949,26,129,53.85
2006,2006-02-05,2005-12-21,TRUE,South Delta,158,NA,NA,-1.1300000000000008,NA,NA,112,37939.8347107438,76768.2644628099,8,2006-01-02,680417.851239669,12,642478.016528926,W,41,1949,26,129,53.85
2006,2006-02-05,2005-12-21,TRUE,South Delta,158,-159.80740740740737,NA,NA,NA,NA,112,37939.8347107438,76768.2644628099,8,2006-01-02,680417.851239669,12,642478.016528926,W,41,1949,26,129,53.85
2006,2006-02-05,2005-12-21,TRUE,South Delta,158,NA,NA,NA,-0.03066666666666662,NA,112,37939.8347107438,76768.2644628099,8,2006-01-02,680417.851239669,12,642478.016528926,W,41,1949,26,129,53.85
2006,2006-02-05,2005-12-21,TRUE,Suisun Marsh and Montezuma Slough,158,NA,NA,NA,NA,-0.13666666666666494,112,37939.8347107438,76768.2644628099,8,2006-01-02,680417.851239669,12,642478.016528926,W,41,1949,26,129,53.85
2006,2006-02-05,2005-12-21,TRUE,Suisun Marsh and Montezuma Slough,158,NA,16.554166666666674,NA,NA,NA,112,37939.8347107438,76768.2644628099,8,2006-01-02,680417.851239669,12,642478.016528926,W,41,1949,26,129,53.85
2006,2006-02-05,2005-12-21,TRUE,Suisun Marsh and Montezuma Slough,158,NA,NA,NA,NA,NA,112,37939.8347107438,76768.2644628099,8,2006-01-02,680417.851239669,12,642478.016528926,W,41,1949,26,129,53.85
2006,2006-02-05,2005-12-21,TRUE,Suisun and Honker Bays,158,NA,NA,NA,NA,NA,112,37939.8347107438,76768.2644628099,8,2006-01-02,680417.851239669,12,642478.016528926,W,41,1949,26,129,53.85
2006,2006-02-05,2005-12-21,TRUE,NA,158,NA,NA,NA,NA,NA,112,37939.8347107438,76768.2644628099,8,2006-01-02,680417.851239669,12,642478.016528926,W,41,1949,26,129,53.85
2006,2006-02-28,2005-12-21,TRUE,Cache Slough and Liberty Island,181,NA,NA,NA,NA,NA,112,37939.8347107438,76768.2644628099,8,2006-01-02,680417.851239669,12,642478.016528926,W,41,1949,26,129,58.48
2006,2006-02-28,2005-12-21,TRUE,Confluence,181,NA,NA,NA,NA,NA,112,37939.8347107438,76768.2644628099,8,2006-01-02,680417.851239669,12,642478.016528926,W,41,1949,26,129,58.48
2006,2006-02-28,2005-12-21,TRUE,Confluence,181,17898.333333333332,NA,NA,NA,NA,112,37939.8347107438,76768.2644628099,8,2006-01-02,680417.851239669,12,642478.016528926,W,41,1949,26,129,58.48
2006,2006-02-28,2005-12-21,TRUE,North and South Forks Mokelumne River,181,NA,NA,NA,NA,NA,112,37939.8347107438,76768.2644628099,8,2006-01-02,680417.851239669,12,642478.016528926,W,41,1949,26,129,58.48
2006,2006-02-28,2005-12-21,TRUE,Out of Bounds,181,NA,NA,NA,NA,-0.10999999999999945,112,37939.8347107438,76768.2644628099,8,2006-01-02,680417.851239669,12,642478.016528926,W,41,1949,26,129,58.48
2006,2006-02-28,2005-12-21,TRUE,Out of Bounds,181,NA,-88.50999999999999,NA,NA,NA,112,37939.8347107438,76768.2644628099,8,2006-01-02,680417.851239669,12,642478.016528926,W,41,1949,26,129,58.48
2006,2006-02-28,2005-12-21,TRUE,Out of Bounds,181,NA,NA,3.6999999999999993,NA,NA,112,37939.8347107438,76768.2644628099,8,2006-01-02,680417.851239669,12,642478.016528926,W,41,1949,26,129,58.48
2006,2006-02-28,2005-12-21,TRUE,Out of Bounds,181,NA,NA,NA,NA,NA,112,37939.8347107438,76768.2644628099,8,2006-01-02,680417.851239669,12,642478.016528926,W,41,1949,26,129,58.48
2006,2006-02-28,2005-12-21,TRUE,Sacramento River Deep Water Ship Channel,181,NA,NA,NA,NA,NA,112,37939.8347107438,76768.2644628099,8,2006-01-02,680417.851239669,12,642478.016528926,W,41,1949,26,129,58.48
2006,2006-02-28,2005-12-21,TRUE,Sacramento River Mainstem,181,NA,NA,NA,NA,0.06666666666666643,112,37939.8347107438,76768.2644628099,8,2006-01-02,680417.851239669,12,642478.016528926,W,41,1949,26,129,58.48
2006,2006-02-28,2005-12-21,TRUE,Sacramento River Mainstem,181,NA,NA,NA,NA,NA,112,37939.8347107438,76768.2644628099,8,2006-01-02,680417.851239669,12,642478.016528926,W,41,1949,26,129,58.48
2006,2006-02-28,2005-12-21,TRUE,Sacramento River Mainstem,181,8966.666666666666,NA,NA,NA,NA,112,37939.8347107438,76768.2644628099,8,2006-01-02,680417.851239669,12,642478.016528926,W,41,1949,26,129,58.48
2006,2006-02-28,2005-12-21,TRUE,San Pablo Bay and Carquinez Strait,181,NA,NA,NA,NA,0.21499999999999983,112,37939.8347107438,76768.2644628099,8,2006-01-02,680417.851239669,12,642478.016528926,W,41,1949,26,129,58.48
2006,2006-02-28,2005-12-21,TRUE,San Pablo Bay and Carquinez Strait,181,NA,-7792.275,NA,NA,NA,112,37939.8347107438,76768.2644628099,8,2006-01-02,680417.851239669,12,642478.016528926,W,41,1949,26,129,58.48
2006,2006-02-28,2005-12-21,TRUE,San Pablo Bay and Carquinez Strait,181,NA,NA,NA,NA,NA,112,37939.8347107438,76768.2644628099,8,2006-01-02,680417.851239669,12,642478.016528926,W,41,1949,26,129,58.48
2006,2006-02-28,2005-12-21,TRUE,South Delta,181,NA,NA,NA,NA,0.38333333333333286,112,37939.8347107438,76768.2644628099,8,2006-01-02,680417.851239669,12,642478.016528926,W,41,1949,26,129,58.48
2006,2006-02-28,2005-12-21,TRUE,South Delta,181,NA,-54.115000000000066,NA,NA,NA,112,37939.8347107438,76768.2644628099,8,2006-01-02,680417.851239669,12,642478.016528926,W,41,1949,26,129,58.48
2006,2006-02-28,2005-12-21,TRUE,South Delta,181,NA,NA,-1.5066666666666677,NA,NA,112,37939.8347107438,76768.2644628099,8,2006-01-02,680417.851239669,12,642478.016528926,W,41,1949,26,129,58.48
2006,2006-02-28,2005-12-21,TRUE,South Delta,181,1655.1437037037035,NA,NA,NA,NA,112,37939.8347107438,76768.2644628099,8,2006-01-02,680417.851239669,12,642478.016528926,W,41,1949,26,129,58.48
2006,2006-02-28,2005-12-21,TRUE,South Delta,181,NA,NA,NA,0.2553333333333334,NA,112,37939.8347107438,76768.2644628099,8,2006-01-02,680417.851239669,12,642478.016528926,W,41,1949,26,129,58.48
2006,2006-02-28,2005-12-21,TRUE,Suisun Marsh and Montezuma Slough,181,NA,NA,NA,NA,0.17666666666666764,112,37939.8347107438,76768.2644628099,8,2006-01-02,680417.851239669,12,642478.016528926,W,41,1949,26,129,58.48
2006,2006-02-28,2005-12-21,TRUE,Suisun Marsh and Montezuma Slough,181,NA,-111.40833333333352,NA,NA,NA,112,37939.8347107438,76768.2644628099,8,2006-01-02,680417.851239669,12,642478.016528926,W,41,1949,26,129,58.48
2006,2006-02-28,2005-12-21,TRUE,Suisun Marsh and Montezuma Slough,181,NA,NA,NA,NA,NA,112,37939.8347107438,76768.2644628099,8,2006-01-02,680417.851239669,12,642478.016528926,W,41,1949,26,129,58.48
2006,2006-02-28,2005-12-21,TRUE,Suisun and Honker Bays,181,NA,NA,NA,NA,NA,112,37939.8347107438,76768.2644628099,8,2006-01-02,680417.851239669,12,642478.016528926,W,41,1949,26,129,58.48
2006,2006-02-28,2005-12-21,TRUE,NA,181,NA,NA,NA,NA,NA,112,37939.8347107438,76768.2644628099,8,2006-01-02,680417.851239669,12,642478.016528926,W,41,1949,26,129,58.48
2006,2006-03-06,2005-12-21,TRUE,Cache Slough and Liberty Island,187,NA,NA,NA,NA,NA,112,37939.8347107438,76768.2644628099,8,2006-01-02,680417.851239669,12,642478.016528926,W,41,1949,26,129,55.57
2006,2006-03-06,2005-12-21,TRUE,Confluence,187,NA,NA,NA,NA,NA,112,37939.8347107438,76768.2644628099,8,2006-01-02,680417.851239669,12,642478.016528926,W,41,1949,26,129,55.57
2006,2006-03-06,2005-12-21,TRUE,Confluence,187,18333.333333333336,NA,NA,NA,NA,112,37939.8347107438,76768.2644628099,8,2006-01-02,680417.851239669,12,642478.016528926,W,41,1949,26,129,55.57
2006,2006-03-06,2005-12-21,TRUE,North and South Forks Mokelumne River,187,NA,NA,NA,NA,NA,112,37939.8347107438,76768.2644628099,8,2006-01-02,680417.851239669,12,642478.016528926,W,41,1949,26,129,55.57
2006,2006-03-06,2005-12-21,TRUE,Out of Bounds,187,NA,NA,NA,NA,0.13666666666666671,112,37939.8347107438,76768.2644628099,8,2006-01-02,680417.851239669,12,642478.016528926,W,41,1949,26,129,55.57
2006,2006-03-06,2005-12-21,TRUE,Out of Bounds,187,NA,-34.96333333333334,NA,NA,NA,112,37939.8347107438,76768.2644628099,8,2006-01-02,680417.851239669,12,642478.016528926,W,41,1949,26,129,55.57
2006,2006-03-06,2005-12-21,TRUE,Out of Bounds,187,NA,NA,-3.870000000000001,NA,NA,112,37939.8347107438,76768.2644628099,8,2006-01-02,680417.851239669,12,642478.016528926,W,41,1949,26,129,55.57
2006,2006-03-06,2005-12-21,TRUE,Out of Bounds,187,NA,NA,NA,NA,NA,112,37939.8347107438,76768.2644628099,8,2006-01-02,680417.851239669,12,642478.016528926,W,41,1949,26,129,55.57
2006,2006-03-06,2005-12-21,TRUE,Sacramento River Deep Water Ship Channel,187,NA,NA,NA,NA,NA,112,37939.8347107438,76768.2644628099,8,2006-01-02,680417.851239669,12,642478.016528926,W,41,1949,26,129,55.57
2006,2006-03-06,2005-12-21,TRUE,Sacramento River Mainstem,187,NA,NA,NA,NA,0.09999999999999964,112,37939.8347107438,76768.2644628099,8,2006-01-02,680417.851239669,12,642478.016528926,W,41,1949,26,129,55.57
2006,2006-03-06,2005-12-21,TRUE,Sacramento River Mainstem,187,NA,NA,NA,NA,NA,112,37939.8347107438,76768.2644628099,8,2006-01-02,680417.851239669,12,642478.016528926,W,41,1949,26,129,55.57
2006,2006-03-06,2005-12-21,TRUE,Sacramento River Mainstem,187,566.6666666666679,NA,NA,NA,NA,112,37939.8347107438,76768.2644628099,8,2006-01-02,680417.851239669,12,642478.016528926,W,41,1949,26,129,55.57
2006,2006-03-06,2005-12-21,TRUE,San Pablo Bay and Carquinez Strait,187,NA,NA,NA,NA,-0.33999999999999986,112,37939.8347107438,76768.2644628099,8,2006-01-02,680417.851239669,12,642478.016528926,W,41,1949,26,129,55.57
2006,2006-03-06,2005-12-21,TRUE,San Pablo Bay and Carquinez Strait,187,NA,-1863.7949999999992,NA,NA,NA,112,37939.8347107438,76768.2644628099,8,2006-01-02,680417.851239669,12,642478.016528926,W,41,1949,26,129,55.57
2006,2006-03-06,2005-12-21,TRUE,San Pablo Bay and Carquinez Strait,187,NA,NA,NA,NA,NA,112,37939.8347107438,76768.2644628099,8,2006-01-02,680417.851239669,12,642478.016528926,W,41,1949,26,129,55.57
2006,2006-03-06,2005-12-21,TRUE,South Delta,187,NA,NA,NA,NA,-0.12333333333333309,112,37939.8347107438,76768.2644628099,8,2006-01-02,680417.851239669,12,642478.016528926,W,41,1949,26,129,55.57
2006,2006-03-06,2005-12-21,TRUE,South Delta,187,NA,-22.106666666666683,NA,NA,NA,112,37939.8347107438,76768.2644628099,8,2006-01-02,680417.851239669,12,642478.016528926,W,41,1949,26,129,55.57
2006,2006-03-06,2005-12-21,TRUE,South Delta,187,NA,NA,0.926666666666666,NA,NA,112,37939.8347107438,76768.2644628099,8,2006-01-02,680417.851239669,12,642478.016528926,W,41,1949,26,129,55.57
2006,2006-03-06,2005-12-21,TRUE,South Delta,187,-1262.9574603174603,NA,NA,NA,NA,112,37939.8347107438,76768.2644628099,8,2006-01-02,680417.851239669,12,642478.016528926,W,41,1949,26,129,55.57
2006,2006-03-06,2005-12-21,TRUE,South Delta,187,NA,NA,NA,-0.6955555555555555,NA,112,37939.8347107438,76768.2644628099,8,2006-01-02,680417.851239669,12,642478.016528926,W,41,1949,26,129,55.57
2006,2006-03-06,2005-12-21,TRUE,Suisun Marsh and Montezuma Slough,187,NA,NA,NA,NA,-0.4166666666666661,112,37939.8347107438,76768.2644628099,8,2006-01-02,680417.851239669,12,642478.016528926,W,41,1949,26,129,55.57
2006,2006-03-06,2005-12-21,TRUE,Suisun Marsh and Montezuma Slough,187,NA,-315.8158333333332,NA,NA,NA,112,37939.8347107438,76768.2644628099,8,2006-01-02,680417.851239669,12,642478.016528926,W,41,1949,26,129,55.57
2006,2006-03-06,2005-12-21,TRUE,Suisun Marsh and Montezuma Slough,187,NA,NA,NA,NA,NA,112,37939.8347107438,76768.2644628099,8,2006-01-02,680417.851239669,12,642478.016528926,W,41,1949,26,129,55.57
2006,2006-03-06,2005-12-21,TRUE,Suisun and Honker Bays,187,NA,NA,NA,NA,NA,112,37939.8347107438,76768.2644628099,8,2006-01-02,680417.851239669,12,642478.016528926,W,41,1949,26,129,55.57
2006,2006-03-06,2005-12-21,TRUE,NA,187,NA,NA,NA,NA,NA,112,37939.8347107438,76768.2644628099,8,2006-01-02,680417.851239669,12,642478.016528926,W,41,1949,26,129,55.57
2006,2006-03-26,2005-12-21,TRUE,Cache Slough and Liberty Island,207,NA,NA,NA,NA,NA,112,37939.8347107438,76768.2644628099,8,2006-01-02,680417.851239669,12,642478.016528926,W,41,1949,26,129,50.91
2006,2006-03-26,2005-12-21,TRUE,Confluence,207,NA,NA,NA,NA,NA,112,37939.8347107438,76768.2644628099,8,2006-01-02,680417.851239669,12,642478.016528926,W,41,1949,26,129,50.91
2006,2006-03-26,2005-12-21,TRUE,Confluence,207,6977.777777777781,NA,NA,NA,NA,112,37939.8347107438,76768.2644628099,8,2006-01-02,680417.851239669,12,642478.016528926,W,41,1949,26,129,50.91
2006,2006-03-26,2005-12-21,TRUE,North and South Forks Mokelumne River,207,NA,NA,NA,NA,NA,112,37939.8347107438,76768.2644628099,8,2006-01-02,680417.851239669,12,642478.016528926,W,41,1949,26,129,50.91
2006,2006-03-26,2005-12-21,TRUE,Out of Bounds,207,NA,NA,NA,NA,0.14333333333333265,112,37939.8347107438,76768.2644628099,8,2006-01-02,680417.851239669,12,642478.016528926,W,41,1949,26,129,50.91
2006,2006-03-26,2005-12-21,TRUE,Out of Bounds,207,NA,-10.093333333333334,NA,NA,NA,112,37939.8347107438,76768.2644628099,8,2006-01-02,680417.851239669,12,642478.016528926,W,41,1949,26,129,50.91
2006,2006-03-26,2005-12-21,TRUE,Out of Bounds,207,NA,NA,-3.1033333333333335,NA,NA,112,37939.8347107438,76768.2644628099,8,2006-01-02,680417.851239669,12,642478.016528926,W,41,1949,26,129,50.91
2006,2006-03-26,2005-12-21,TRUE,Out of Bounds,207,NA,NA,NA,NA,NA,112,37939.8347107438,76768.2644628099,8,2006-01-02,680417.851239669,12,642478.016528926,W,41,1949,26,129,50.91
2006,2006-03-26,2005-12-21,TRUE,Sacramento River Deep Water Ship Channel,207,NA,NA,NA,NA,NA,112,37939.8347107438,76768.2644628099,8,2006-01-02,680417.851239669,12,642478.016528926,W,41,1949,26,129,50.91
2006,2006-03-26,2005-12-21,TRUE,Sacramento River Mainstem,207,NA,NA,NA,NA,0.8000000000000007,112,37939.8347107438,76768.2644628099,8,2006-01-02,680417.851239669,12,642478.016528926,W,41,1949,26,129,50.91
2006,2006-03-26,2005-12-21,TRUE,Sacramento River Mainstem,207,NA,NA,NA,NA,NA,112,37939.8347107438,76768.2644628099,8,2006-01-02,680417.851239669,12,642478.016528926,W,41,1949,26,129,50.91
2006,2006-03-26,2005-12-21,TRUE,Sacramento River Mainstem,207,1000,NA,NA,NA,NA,112,37939.8347107438,76768.2644628099,8,2006-01-02,680417.851239669,12,642478.016528926,W,41,1949,26,129,50.91
2006,2006-03-26,2005-12-21,TRUE,San Pablo Bay and Carquinez Strait,207,NA,NA,NA,NA,0.5,112,37939.8347107438,76768.2644628099,8,2006-01-02,680417.851239669,12,642478.016528926,W,41,1949,26,129,50.91
2006,2006-03-26,2005-12-21,TRUE,San Pablo Bay and Carquinez Strait,207,NA,-6269.956666666667,NA,NA,NA,112,37939.8347107438,76768.2644628099,8,2006-01-02,680417.851239669,12,642478.016528926,W,41,1949,26,129,50.91
2006,2006-03-26,2005-12-21,TRUE,San Pablo Bay and Carquinez Strait,207,NA,NA,NA,NA,NA,112,37939.8347107438,76768.2644628099,8,2006-01-02,680417.851239669,12,642478.016528926,W,41,1949,26,129,50.91
2006,2006-03-26,2005-12-21,TRUE,South Delta,207,NA,NA,NA,NA,0.5066666666666659,112,37939.8347107438,76768.2644628099,8,2006-01-02,680417.851239669,12,642478.016528926,W,41,1949,26,129,50.91
2006,2006-03-26,2005-12-21,TRUE,South Delta,207,NA,-4.738333333333344,NA,NA,NA,112,37939.8347107438,76768.2644628099,8,2006-01-02,680417.851239669,12,642478.016528926,W,41,1949,26,129,50.91
2006,2006-03-26,2005-12-21,TRUE,South Delta,207,NA,NA,0.3766666666666669,NA,NA,112,37939.8347107438,76768.2644628099,8,2006-01-02,680417.851239669,12,642478.016528926,W,41,1949,26,129,50.91
2006,2006-03-26,2005-12-21,TRUE,South Delta,207,619.8944444444442,NA,NA,NA,NA,112,37939.8347107438,76768.2644628099,8,2006-01-02,680417.851239669,12,642478.016528926,W,41,1949,26,129,50.91
2006,2006-03-26,2005-12-21,TRUE,South Delta,207,NA,NA,NA,0.04333333333333322,NA,112,37939.8347107438,76768.2644628099,8,2006-01-02,680417.851239669,12,642478.016528926,W,41,1949,26,129,50.91
2006,2006-03-26,2005-12-21,TRUE,Suisun Marsh and Montezuma Slough,207,NA,NA,NA,NA,0.5188888888888883,112,37939.8347107438,76768.2644628099,8,2006-01-02,680417.851239669,12,642478.016528926,W,41,1949,26,129,50.91
2006,2006-03-26,2005-12-21,TRUE,Suisun Marsh and Montezuma Slough,207,NA,-74.67416666666668,NA,NA,NA,112,37939.8347107438,76768.2644628099,8,2006-01-02,680417.851239669,12,642478.016528926,W,41,1949,26,129,50.91
2006,2006-03-26,2005-12-21,TRUE,Suisun Marsh and Montezuma Slough,207,NA,NA,NA,NA,NA,112,37939.8347107438,76768.2644628099,8,2006-01-02,680417.851239669,12,642478.016528926,W,41,1949,26,129,50.91
2006,2006-03-26,2005-12-21,TRUE,Suisun and Honker Bays,207,NA,NA,NA,NA,NA,112,37939.8347107438,76768.2644628099,8,2006-01-02,680417.851239669,12,642478.016528926,W,41,1949,26,129,50.91
2006,2006-03-26,2005-12-21,TRUE,NA,207,NA,NA,NA,NA,NA,112,37939.8347107438,76768.2644628099,8,2006-01-02,680417.851239669,12,642478.016528926,W,41,1949,26,129,50.91
2006,2006-04-03,2005-12-21,TRUE,Cache Slough and Liberty Island,215,NA,NA,NA,NA,NA,112,37939.8347107438,76768.2644628099,8,2006-01-02,680417.851239669,12,642478.016528926,W,41,1949,26,129,49.51
2006,2006-04-03,2005-12-21,TRUE,Confluence,215,NA,NA,NA,NA,NA,112,37939.8347107438,76768.2644628099,8,2006-01-02,680417.851239669,12,642478.016528926,W,41,1949,26,129,49.51
2006,2006-04-03,2005-12-21,TRUE,Confluence,215,25844.444444444453,NA,NA,NA,NA,112,37939.8347107438,76768.2644628099,8,2006-01-02,680417.851239669,12,642478.016528926,W,41,1949,26,129,49.51
2006,2006-04-03,2005-12-21,TRUE,North and South Forks Mokelumne River,215,NA,NA,NA,NA,NA,112,37939.8347107438,76768.2644628099,8,2006-01-02,680417.851239669,12,642478.016528926,W,41,1949,26,129,49.51
2006,2006-04-03,2005-12-21,TRUE,Out of Bounds,215,NA,NA,NA,NA,0.7700000000000012,112,37939.8347107438,76768.2644628099,8,2006-01-02,680417.851239669,12,642478.016528926,W,41,1949,26,129,49.51
2006,2006-04-03,2005-12-21,TRUE,Out of Bounds,215,NA,-7.960000000000008,NA,NA,NA,112,37939.8347107438,76768.2644628099,8,2006-01-02,680417.851239669,12,642478.016528926,W,41,1949,26,129,49.51
2006,2006-04-03,2005-12-21,TRUE,Out of Bounds,215,NA,NA,5.960000000000001,NA,NA,112,37939.8347107438,76768.2644628099,8,2006-01-02,680417.851239669,12,642478.016528926,W,41,1949,26,129,49.51
2006,2006-04-03,2005-12-21,TRUE,Out of Bounds,215,NA,NA,NA,NA,NA,112,37939.8347107438,76768.2644628099,8,2006-01-02,680417.851239669,12,642478.016528926,W,41,1949,26,129,49.51
2006,2006-04-03,2005-12-21,TRUE,Sacramento River Deep Water Ship Channel,215,NA,NA,NA,NA,NA,112,37939.8347107438,76768.2644628099,8,2006-01-02,680417.851239669,12,642478.016528926,W,41,1949,26,129,49.51
2006,2006-04-03,2005-12-21,TRUE,Sacramento River Mainstem,215,NA,NA,NA,NA,-0.13333333333333286,112,37939.8347107438,76768.2644628099,8,2006-01-02,680417.851239669,12,642478.016528926,W,41,1949,26,129,49.51
2006,2006-04-03,2005-12-21,TRUE,Sacramento River Mainstem,215,NA,NA,NA,NA,NA,112,37939.8347107438,76768.2644628099,8,2006-01-02,680417.851239669,12,642478.016528926,W,41,1949,26,129,49.51
2006,2006-04-03,2005-12-21,TRUE,Sacramento River Mainstem,215,5500.000000000004,NA,NA,NA,NA,112,37939.8347107438,76768.2644628099,8,2006-01-02,680417.851239669,12,642478.016528926,W,41,1949,26,129,49.51
2006,2006-04-03,2005-12-21,TRUE,San Pablo Bay and Carquinez Strait,215,NA,NA,NA,NA,-0.14499999999999957,112,37939.8347107438,76768.2644628099,8,2006-01-02,680417.851239669,12,642478.016528926,W,41,1949,26,129,49.51
2006,2006-04-03,2005-12-21,TRUE,San Pablo Bay and Carquinez Strait,215,NA,1903.105,NA,NA,NA,112,37939.8347107438,76768.2644628099,8,2006-01-02,680417.851239669,12,642478.016528926,W,41,1949,26,129,49.51
2006,2006-04-03,2005-12-21,TRUE,San Pablo Bay and Carquinez Strait,215,NA,NA,NA,NA,NA,112,37939.8347107438,76768.2644628099,8,2006-01-02,680417.851239669,12,642478.016528926,W,41,1949,26,129,49.51
2006,2006-04-03,2005-12-21,TRUE,South Delta,215,NA,NA,NA,NA,0.18666666666666565,112,37939.8347107438,76768.2644628099,8,2006-01-02,680417.851239669,12,642478.016528926,W,41,1949,26,129,49.51
2006,2006-04-03,2005-12-21,TRUE,South Delta,215,NA,-25.228333333333353,NA,NA,NA,112,37939.8347107438,76768.2644628099,8,2006-01-02,680417.851239669,12,642478.016528926,W,41,1949,26,129,49.51
2006,2006-04-03,2005-12-21,TRUE,South Delta,215,NA,NA,-0.03666666666666884,NA,NA,112,37939.8347107438,76768.2644628099,8,2006-01-02,680417.851239669,12,642478.016528926,W,41,1949,26,129,49.51
2006,2006-04-03,2005-12-21,TRUE,South Delta,215,1463.3925925925923,NA,NA,NA,NA,112,37939.8347107438,76768.2644628099,8,2006-01-02,680417.851239669,12,642478.016528926,W,41,1949,26,129,49.51
2006,2006-04-03,2005-12-21,TRUE,South Delta,215,NA,NA,NA,0.17333333333333334,NA,112,37939.8347107438,76768.2644628099,8,2006-01-02,680417.851239669,12,642478.016528926,W,41,1949,26,129,49.51
2006,2006-04-03,2005-12-21,TRUE,Suisun Marsh and Montezuma Slough,215,NA,NA,NA,NA,-0.41888888888888864,112,37939.8347107438,76768.2644628099,8,2006-01-02,680417.851239669,12,642478.016528926,W,41,1949,26,129,49.51
2006,2006-04-03,2005-12-21,TRUE,Suisun Marsh and Montezuma Slough,215,NA,-157.52666666666676,NA,NA,NA,112,37939.8347107438,76768.2644628099,8,2006-01-02,680417.851239669,12,642478.016528926,W,41,1949,26,129,49.51
2006,2006-04-03,2005-12-21,TRUE,Suisun Marsh and Montezuma Slough,215,NA,NA,NA,NA,NA,112,37939.8347107438,76768.2644628099,8,2006-01-02,680417.851239669,12,642478.016528926,W,41,1949,26,129,49.51
2006,2006-04-03,2005-12-21,TRUE,Suisun and Honker Bays,215,NA,NA,NA,NA,NA,112,37939.8347107438,76768.2644628099,8,2006-01-02,680417.851239669,12,642478.016528926,W,41,1949,26,129,49.51
2006,2006-04-03,2005-12-21,TRUE,NA,215,NA,NA,NA,NA,NA,112,37939.8347107438,76768.2644628099,8,2006-01-02,680417.851239669,12,642478.016528926,W,41,1949,26,129,49.51
2006,2006-04-12,2005-12-21,TRUE,Cache Slough and Liberty Island,224,NA,NA,NA,NA,NA,112,37939.8347107438,76768.2644628099,8,2006-01-02,680417.851239669,12,642478.016528926,W,41,1949,26,129,45.99
2006,2006-04-12,2005-12-21,TRUE,Confluence,224,NA,NA,NA,NA,NA,112,37939.8347107438,76768.2644628099,8,2006-01-02,680417.851239669,12,642478.016528926,W,41,1949,26,129,45.99
2006,2006-04-12,2005-12-21,TRUE,Confluence,224,-7500,NA,NA,NA,NA,112,37939.8347107438,76768.2644628099,8,2006-01-02,680417.851239669,12,642478.016528926,W,41,1949,26,129,45.99
2006,2006-04-12,2005-12-21,TRUE,North and South Forks Mokelumne River,224,NA,NA,NA,NA,NA,112,37939.8347107438,76768.2644628099,8,2006-01-02,680417.851239669,12,642478.016528926,W,41,1949,26,129,45.99
2006,2006-04-12,2005-12-21,TRUE,Out of Bounds,224,NA,NA,NA,NA,0.6399999999999988,112,37939.8347107438,76768.2644628099,8,2006-01-02,680417.851239669,12,642478.016528926,W,41,1949,26,129,45.99
2006,2006-04-12,2005-12-21,TRUE,Out of Bounds,224,NA,14.073333333333352,NA,NA,NA,112,37939.8347107438,76768.2644628099,8,2006-01-02,680417.851239669,12,642478.016528926,W,41,1949,26,129,45.99
2006,2006-04-12,2005-12-21,TRUE,Out of Bounds,224,NA,NA,-7.8633333333333315,NA,NA,112,37939.8347107438,76768.2644628099,8,2006-01-02,680417.851239669,12,642478.016528926,W,41,1949,26,129,45.99
2006,2006-04-12,2005-12-21,TRUE,Out of Bounds,224,NA,NA,NA,NA,NA,112,37939.8347107438,76768.2644628099,8,2006-01-02,680417.851239669,12,642478.016528926,W,41,1949,26,129,45.99
2006,2006-04-12,2005-12-21,TRUE,Sacramento River Deep Water Ship Channel,224,NA,NA,NA,NA,NA,112,37939.8347107438,76768.2644628099,8,2006-01-02,680417.851239669,12,642478.016528926,W,41,1949,26,129,45.99
2006,2006-04-12,2005-12-21,TRUE,Sacramento River Mainstem,224,NA,NA,NA,NA,0.3000000000000007,112,37939.8347107438,76768.2644628099,8,2006-01-02,680417.851239669,12,642478.016528926,W,41,1949,26,129,45.99
2006,2006-04-12,2005-12-21,TRUE,Sacramento River Mainstem,224,NA,NA,NA,NA,NA,112,37939.8347107438,76768.2644628099,8,2006-01-02,680417.851239669,12,642478.016528926,W,41,1949,26,129,45.99
2006,2006-04-12,2005-12-21,TRUE,Sacramento River Mainstem,224,-1066.666666666668,NA,NA,NA,NA,112,37939.8347107438,76768.2644628099,8,2006-01-02,680417.851239669,12,642478.016528926,W,41,1949,26,129,45.99
2006,2006-04-12,2005-12-21,TRUE,San Pablo Bay and Carquinez Strait,224,NA,NA,NA,NA,0.3216666666666672,112,37939.8347107438,76768.2644628099,8,2006-01-02,680417.851239669,12,642478.016528926,W,41,1949,26,129,45.99
2006,2006-04-12,2005-12-21,TRUE,San Pablo Bay and Carquinez Strait,224,NA,109.46833333333348,NA,NA,NA,112,37939.8347107438,76768.2644628099,8,2006-01-02,680417.851239669,12,642478.016528926,W,41,1949,26,129,45.99
2006,2006-04-12,2005-12-21,TRUE,San Pablo Bay and Carquinez Strait,224,NA,NA,NA,NA,NA,112,37939.8347107438,76768.2644628099,8,2006-01-02,680417.851239669,12,642478.016528926,W,41,1949,26,129,45.99
2006,2006-04-12,2005-12-21,TRUE,South Delta,224,NA,NA,NA,NA,0.27500000000000036,112,37939.8347107438,76768.2644628099,8,2006-01-02,680417.851239669,12,642478.016528926,W,41,1949,26,129,45.99
2006,2006-04-12,2005-12-21,TRUE,South Delta,224,NA,-18.603333333333353,NA,NA,NA,112,37939.8347107438,76768.2644628099,8,2006-01-02,680417.851239669,12,642478.016528926,W,41,1949,26,129,45.99
2006,2006-04-12,2005-12-21,TRUE,South Delta,224,NA,NA,-16.97,NA,NA,112,37939.8347107438,76768.2644628099,8,2006-01-02,680417.851239669,12,642478.016528926,W,41,1949,26,129,45.99
2006,2006-04-12,2005-12-21,TRUE,South Delta,224,2174.470370370369,NA,NA,NA,NA,112,37939.8347107438,76768.2644628099,8,2006-01-02,680417.851239669,12,642478.016528926,W,41,1949,26,129,45.99
2006,2006-04-12,2005-12-21,TRUE,South Delta,224,NA,NA,NA,0.20199999999999996,NA,112,37939.8347107438,76768.2644628099,8,2006-01-02,680417.851239669,12,642478.016528926,W,41,1949,26,129,45.99
2006,2006-04-12,2005-12-21,TRUE,Suisun Marsh and Montezuma Slough,224,NA,NA,NA,NA,0.12111111111111228,112,37939.8347107438,76768.2644628099,8,2006-01-02,680417.851239669,12,642478.016528926,W,41,1949,26,129,45.99
2006,2006-04-12,2005-12-21,TRUE,Suisun Marsh and Montezuma Slough,224,NA,-7.856666666666627,NA,NA,NA,112,37939.8347107438,76768.2644628099,8,2006-01-02,680417.851239669,12,642478.016528926,W,41,1949,26,129,45.99
2006,2006-04-12,2005-12-21,TRUE,Suisun Marsh and Montezuma Slough,224,NA,NA,NA,NA,NA,112,37939.8347107438,76768.2644628099,8,2006-01-02,680417.851239669,12,642478.016528926,W,41,1949,26,129,45.99
2006,2006-04-12,2005-12-21,TRUE,Suisun and Honker Bays,224,NA,NA,NA,NA,NA,112,37939.8347107438,76768.2644628099,8,2006-01-02,680417.851239669,12,642478.016528926,W,41,1949,26,129,45.99
2006,2006-04-12,2005-12-21,TRUE,NA,224,NA,NA,NA,NA,NA,112,37939.8347107438,76768.2644628099,8,2006-01-02,680417.851239669,12,642478.016528926,W,41,1949,26,129,45.99
2006,2006-04-15,2005-12-21,TRUE,Cache Slough and Liberty Island,227,NA,NA,NA,NA,NA,112,37939.8347107438,76768.2644628099,8,2006-01-02,680417.851239669,12,642478.016528926,W,41,1949,26,129,45.18
2006,2006-04-15,2005-12-21,TRUE,Confluence,227,NA,NA,NA,NA,NA,112,37939.8347107438,76768.2644628099,8,2006-01-02,680417.851239669,12,642478.016528926,W,41,1949,26,129,45.18
2006,2006-04-15,2005-12-21,TRUE,Confluence,227,19766.666666666657,NA,NA,NA,NA,112,37939.8347107438,76768.2644628099,8,2006-01-02,680417.851239669,12,642478.016528926,W,41,1949,26,129,45.18
2006,2006-04-15,2005-12-21,TRUE,North and South Forks Mokelumne River,227,NA,NA,NA,NA,NA,112,37939.8347107438,76768.2644628099,8,2006-01-02,680417.851239669,12,642478.016528926,W,41,1949,26,129,45.18
2006,2006-04-15,2005-12-21,TRUE,Out of Bounds,227,NA,NA,NA,NA,-0.20333333333333312,112,37939.8347107438,76768.2644628099,8,2006-01-02,680417.851239669,12,642478.016528926,W,41,1949,26,129,45.18
2006,2006-04-15,2005-12-21,TRUE,Out of Bounds,227,NA,3.6799999999999784,NA,NA,NA,112,37939.8347107438,76768.2644628099,8,2006-01-02,680417.851239669,12,642478.016528926,W,41,1949,26,129,45.18
2006,2006-04-15,2005-12-21,TRUE,Out of Bounds,227,NA,NA,-3.0666666666666664,NA,NA,112,37939.8347107438,76768.2644628099,8,2006-01-02,680417.851239669,12,642478.016528926,W,41,1949,26,129,45.18
2006,2006-04-15,2005-12-21,TRUE,Out of Bounds,227,NA,NA,NA,NA,NA,112,37939.8347107438,76768.2644628099,8,2006-01-02,680417.851239669,12,642478.016528926,W,41,1949,26,129,45.18
2006,2006-04-15,2005-12-21,TRUE,Sacramento River Deep Water Ship Channel,227,NA,NA,NA,NA,NA,112,37939.8347107438,76768.2644628099,8,2006-01-02,680417.851239669,12,642478.016528926,W,41,1949,26,129,45.18
2006,2006-04-15,2005-12-21,TRUE,Sacramento River Mainstem,227,NA,NA,NA,NA,0.2666666666666657,112,37939.8347107438,76768.2644628099,8,2006-01-02,680417.851239669,12,642478.016528926,W,41,1949,26,129,45.18
2006,2006-04-15,2005-12-21,TRUE,Sacramento River Mainstem,227,NA,NA,NA,NA,NA,112,37939.8347107438,76768.2644628099,8,2006-01-02,680417.851239669,12,642478.016528926,W,41,1949,26,129,45.18
2006,2006-04-15,2005-12-21,TRUE,Sacramento River Mainstem,227,533.3333333333321,NA,NA,NA,NA,112,37939.8347107438,76768.2644628099,8,2006-01-02,680417.851239669,12,642478.016528926,W,41,1949,26,129,45.18
2006,2006-04-15,2005-12-21,TRUE,San Pablo Bay and Carquinez Strait,227,NA,NA,NA,NA,0.42999999999999794,112,37939.8347107438,76768.2644628099,8,2006-01-02,680417.851239669,12,642478.016528926,W,41,1949,26,129,45.18
2006,2006-04-15,2005-12-21,TRUE,San Pablo Bay and Carquinez Strait,227,NA,-388.64833333333337,NA,NA,NA,112,37939.8347107438,76768.2644628099,8,2006-01-02,680417.851239669,12,642478.016528926,W,41,1949,26,129,45.18
2006,2006-04-15,2005-12-21,TRUE,San Pablo Bay and Carquinez Strait,227,NA,NA,NA,NA,NA,112,37939.8347107438,76768.2644628099,8,2006-01-02,680417.851239669,12,642478.016528926,W,41,1949,26,129,45.18
2006,2006-04-15,2005-12-21,TRUE,South Delta,227,NA,NA,NA,NA,0.3416666666666668,112,37939.8347107438,76768.2644628099,8,2006-01-02,680417.851239669,12,642478.016528926,W,41,1949,26,129,45.18
2006,2006-04-15,2005-12-21,TRUE,South Delta,227,NA,2.298333333333346,NA,NA,NA,112,37939.8347107438,76768.2644628099,8,2006-01-02,680417.851239669,12,642478.016528926,W,41,1949,26,129,45.18
2006,2006-04-15,2005-12-21,TRUE,South Delta,227,NA,NA,-22.213333333333328,NA,NA,112,37939.8347107438,76768.2644628099,8,2006-01-02,680417.851239669,12,642478.016528926,W,41,1949,26,129,45.18
2006,2006-04-15,2005-12-21,TRUE,South Delta,227,-288.8881481481476,NA,NA,NA,NA,112,37939.8347107438,76768.2644628099,8,2006-01-02,680417.851239669,12,642478.016528926,W,41,1949,26,129,45.18
2006,2006-04-15,2005-12-21,TRUE,South Delta,227,NA,NA,NA,-0.05333333333333368,NA,112,37939.8347107438,76768.2644628099,8,2006-01-02,680417.851239669,12,642478.016528926,W,41,1949,26,129,45.18
2006,2006-04-15,2005-12-21,TRUE,Suisun Marsh and Montezuma Slough,227,NA,NA,NA,NA,0.39333333333333265,112,37939.8347107438,76768.2644628099,8,2006-01-02,680417.851239669,12,642478.016528926,W,41,1949,26,129,45.18
2006,2006-04-15,2005-12-21,TRUE,Suisun Marsh and Montezuma Slough,227,NA,13.3391666666667,NA,NA,NA,112,37939.8347107438,76768.2644628099,8,2006-01-02,680417.851239669,12,642478.016528926,W,41,1949,26,129,45.18
2006,2006-04-15,2005-12-21,TRUE,Suisun Marsh and Montezuma Slough,227,NA,NA,NA,NA,NA,112,37939.8347107438,76768.2644628099,8,2006-01-02,680417.851239669,12,642478.016528926,W,41,1949,26,129,45.18
2006,2006-04-15,2005-12-21,TRUE,Suisun and Honker Bays,227,NA,NA,NA,NA,NA,112,37939.8347107438,76768.2644628099,8,2006-01-02,680417.851239669,12,642478.016528926,W,41,1949,26,129,45.18
2006,2006-04-15,2005-12-21,TRUE,NA,227,NA,NA,NA,NA,NA,112,37939.8347107438,76768.2644628099,8,2006-01-02,680417.851239669,12,642478.016528926,W,41,1949,26,129,45.18
2007,2007-02-11,2007-02-11,FALSE,Cache Slough and Liberty Island,164,NA,NA,NA,NA,NA,164,30862.8099173554,72705.4545454545,0,2007-02-13,82133.5537190083,2,51270.7438016529,D,28,13,41,1949,77.3
2007,2007-02-11,2007-02-11,FALSE,Confluence,164,NA,NA,NA,NA,NA,164,30862.8099173554,72705.4545454545,0,2007-02-13,82133.5537190083,2,51270.7438016529,D,28,13,41,1949,77.3
2007,2007-02-11,2007-02-11,FALSE,Confluence,164,14502.666666666668,NA,NA,NA,NA,164,30862.8099173554,72705.4545454545,0,2007-02-13,82133.5537190083,2,51270.7438016529,D,28,13,41,1949,77.3
2007,2007-02-11,2007-02-11,FALSE,North and South Forks Mokelumne River,164,NA,NA,NA,NA,NA,164,30862.8099173554,72705.4545454545,0,2007-02-13,82133.5537190083,2,51270.7438016529,D,28,13,41,1949,77.3
2007,2007-02-11,2007-02-11,FALSE,North and South Forks Mokelumne River,164,2590,NA,NA,NA,NA,164,30862.8099173554,72705.4545454545,0,2007-02-13,82133.5537190083,2,51270.7438016529,D,28,13,41,1949,77.3
2007,2007-02-11,2007-02-11,FALSE,Out of Bounds,164,NA,NA,NA,NA,1.0600000000000005,164,30862.8099173554,72705.4545454545,0,2007-02-13,82133.5537190083,2,51270.7438016529,D,28,13,41,1949,77.3
2007,2007-02-11,2007-02-11,FALSE,Out of Bounds,164,NA,-46.796666666666624,NA,NA,NA,164,30862.8099173554,72705.4545454545,0,2007-02-13,82133.5537190083,2,51270.7438016529,D,28,13,41,1949,77.3
2007,2007-02-11,2007-02-11,FALSE,Out of Bounds,164,NA,NA,6.126666666666667,NA,NA,164,30862.8099173554,72705.4545454545,0,2007-02-13,82133.5537190083,2,51270.7438016529,D,28,13,41,1949,77.3
2007,2007-02-11,2007-02-11,FALSE,Out of Bounds,164,NA,NA,NA,NA,NA,164,30862.8099173554,72705.4545454545,0,2007-02-13,82133.5537190083,2,51270.7438016529,D,28,13,41,1949,77.3
2007,2007-02-11,2007-02-11,FALSE,Sacramento River Deep Water Ship Channel,164,NA,NA,NA,NA,NA,164,30862.8099173554,72705.4545454545,0,2007-02-13,82133.5537190083,2,51270.7438016529,D,28,13,41,1949,77.3
2007,2007-02-11,2007-02-11,FALSE,Sacramento River Mainstem,164,NA,NA,NA,NA,0.5666666666666664,164,30862.8099173554,72705.4545454545,0,2007-02-13,82133.5537190083,2,51270.7438016529,D,28,13,41,1949,77.3
2007,2007-02-11,2007-02-11,FALSE,Sacramento River Mainstem,164,NA,NA,NA,NA,NA,164,30862.8099173554,72705.4545454545,0,2007-02-13,82133.5537190083,2,51270.7438016529,D,28,13,41,1949,77.3
2007,2007-02-11,2007-02-11,FALSE,Sacramento River Mainstem,164,8016.666666666666,NA,NA,NA,NA,164,30862.8099173554,72705.4545454545,0,2007-02-13,82133.5537190083,2,51270.7438016529,D,28,13,41,1949,77.3
2007,2007-02-11,2007-02-11,FALSE,San Pablo Bay and Carquinez Strait,164,NA,NA,NA,NA,0.4749999999999997,164,30862.8099173554,72705.4545454545,0,2007-02-13,82133.5537190083,2,51270.7438016529,D,28,13,41,1949,77.3
2007,2007-02-11,2007-02-11,FALSE,San Pablo Bay and Carquinez Strait,164,NA,-4707.815000000002,NA,NA,NA,164,30862.8099173554,72705.4545454545,0,2007-02-13,82133.5537190083,2,51270.7438016529,D,28,13,41,1949,77.3
2007,2007-02-11,2007-02-11,FALSE,San Pablo Bay and Carquinez Strait,164,NA,NA,NA,NA,NA,164,30862.8099173554,72705.4545454545,0,2007-02-13,82133.5537190083,2,51270.7438016529,D,28,13,41,1949,77.3
2007,2007-02-11,2007-02-11,FALSE,South Delta,164,NA,NA,NA,NA,0.9044444444444436,164,30862.8099173554,72705.4545454545,0,2007-02-13,82133.5537190083,2,51270.7438016529,D,28,13,41,1949,77.3
2007,2007-02-11,2007-02-11,FALSE,South Delta,164,NA,-37.091111111111104,NA,NA,NA,164,30862.8099173554,72705.4545454545,0,2007-02-13,82133.5537190083,2,51270.7438016529,D,28,13,41,1949,77.3
2007,2007-02-11,2007-02-11,FALSE,South Delta,164,NA,NA,-3.366666666666666,NA,NA,164,30862.8099173554,72705.4545454545,0,2007-02-13,82133.5537190083,2,51270.7438016529,D,28,13,41,1949,77.3
2007,2007-02-11,2007-02-11,FALSE,South Delta,164,971.994598290598,NA,NA,NA,NA,164,30862.8099173554,72705.4545454545,0,2007-02-13,82133.5537190083,2,51270.7438016529,D,28,13,41,1949,77.3
2007,2007-02-11,2007-02-11,FALSE,South Delta,164,NA,NA,NA,0.19977777777777772,NA,164,30862.8099173554,72705.4545454545,0,2007-02-13,82133.5537190083,2,51270.7438016529,D,28,13,41,1949,77.3
2007,2007-02-11,2007-02-11,FALSE,Suisun Marsh and Montezuma Slough,164,NA,NA,NA,NA,0.8322222222222209,164,30862.8099173554,72705.4545454545,0,2007-02-13,82133.5537190083,2,51270.7438016529,D,28,13,41,1949,77.3
2007,2007-02-11,2007-02-11,FALSE,Suisun Marsh and Montezuma Slough,164,NA,-150.28999999999996,NA,NA,NA,164,30862.8099173554,72705.4545454545,0,2007-02-13,82133.5537190083,2,51270.7438016529,D,28,13,41,1949,77.3
2007,2007-02-11,2007-02-11,FALSE,Suisun Marsh and Montezuma Slough,164,NA,NA,NA,NA,NA,164,30862.8099173554,72705.4545454545,0,2007-02-13,82133.5537190083,2,51270.7438016529,D,28,13,41,1949,77.3
2007,2007-02-11,2007-02-11,FALSE,Suisun and Honker Bays,164,NA,NA,NA,NA,NA,164,30862.8099173554,72705.4545454545,0,2007-02-13,82133.5537190083,2,51270.7438016529,D,28,13,41,1949,77.3
2007,2007-02-11,2007-02-11,FALSE,NA,164,NA,NA,NA,NA,NA,164,30862.8099173554,72705.4545454545,0,2007-02-13,82133.5537190083,2,51270.7438016529,D,28,13,41,1949,77.3
2008,2008-01-05,2008-01-05,FALSE,Cache Slough and Liberty Island,127,NA,NA,NA,NA,NA,127,22414.5454545455,59544.4628099174,2,2008-01-07,73576.8595041322,2,51162.3140495868,C,23,139,28,13,79.52
2008,2008-01-05,2008-01-05,FALSE,Confluence,127,NA,NA,NA,NA,-0.0266666666666655,127,22414.5454545455,59544.4628099174,2,2008-01-07,73576.8595041322,2,51162.3140495868,C,23,139,28,13,79.52
2008,2008-01-05,2008-01-05,FALSE,Confluence,127,NA,-550.7066666666669,NA,NA,NA,127,22414.5454545455,59544.4628099174,2,2008-01-07,73576.8595041322,2,51162.3140495868,C,23,139,28,13,79.52
2008,2008-01-05,2008-01-05,FALSE,Confluence,127,NA,NA,3.5133333333333336,NA,NA,127,22414.5454545455,59544.4628099174,2,2008-01-07,73576.8595041322,2,51162.3140495868,C,23,139,28,13,79.52
2008,2008-01-05,2008-01-05,FALSE,Confluence,127,20699.455555555556,NA,NA,NA,NA,127,22414.5454545455,59544.4628099174,2,2008-01-07,73576.8595041322,2,51162.3140495868,C,23,139,28,13,79.52
2008,2008-01-05,2008-01-05,FALSE,Confluence,127,NA,NA,NA,0.33111111111111113,NA,127,22414.5454545455,59544.4628099174,2,2008-01-07,73576.8595041322,2,51162.3140495868,C,23,139,28,13,79.52
2008,2008-01-05,2008-01-05,FALSE,North and South Forks Mokelumne River,127,NA,NA,NA,NA,NA,127,22414.5454545455,59544.4628099174,2,2008-01-07,73576.8595041322,2,51162.3140495868,C,23,139,28,13,79.52
2008,2008-01-05,2008-01-05,FALSE,North and South Forks Mokelumne River,127,3383.333333333333,NA,NA,NA,NA,127,22414.5454545455,59544.4628099174,2,2008-01-07,73576.8595041322,2,51162.3140495868,C,23,139,28,13,79.52
2008,2008-01-05,2008-01-05,FALSE,North and South Forks Mokelumne River,127,NA,NA,NA,0.3433333333333334,NA,127,22414.5454545455,59544.4628099174,2,2008-01-07,73576.8595041322,2,51162.3140495868,C,23,139,28,13,79.52
2008,2008-01-05,2008-01-05,FALSE,Out of Bounds,127,NA,NA,NA,NA,0.913333333333334,127,22414.5454545455,59544.4628099174,2,2008-01-07,73576.8595041322,2,51162.3140495868,C,23,139,28,13,79.52
2008,2008-01-05,2008-01-05,FALSE,Out of Bounds,127,NA,-251.7266666666667,NA,NA,NA,127,22414.5454545455,59544.4628099174,2,2008-01-07,73576.8595041322,2,51162.3140495868,C,23,139,28,13,79.52
2008,2008-01-05,2008-01-05,FALSE,Out of Bounds,127,NA,NA,NA,NA,NA,127,22414.5454545455,59544.4628099174,2,2008-01-07,73576.8595041322,2,51162.3140495868,C,23,139,28,13,79.52
2008,2008-01-05,2008-01-05,FALSE,Sacramento River Deep Water Ship Channel,127,NA,NA,NA,NA,NA,127,22414.5454545455,59544.4628099174,2,2008-01-07,73576.8595041322,2,51162.3140495868,C,23,139,28,13,79.52
2008,2008-01-05,2008-01-05,FALSE,Sacramento River Mainstem,127,NA,NA,NA,NA,0.5333333333333332,127,22414.5454545455,59544.4628099174,2,2008-01-07,73576.8595041322,2,51162.3140495868,C,23,139,28,13,79.52
2008,2008-01-05,2008-01-05,FALSE,Sacramento River Mainstem,127,NA,NA,NA,NA,NA,127,22414.5454545455,59544.4628099174,2,2008-01-07,73576.8595041322,2,51162.3140495868,C,23,139,28,13,79.52
2008,2008-01-05,2008-01-05,FALSE,Sacramento River Mainstem,127,12718.819999999998,NA,NA,NA,NA,127,22414.5454545455,59544.4628099174,2,2008-01-07,73576.8595041322,2,51162.3140495868,C,23,139,28,13,79.52
2008,2008-01-05,2008-01-05,FALSE,Sacramento River Mainstem,127,NA,NA,NA,1.1666666666666663,NA,127,22414.5454545455,59544.4628099174,2,2008-01-07,73576.8595041322,2,51162.3140495868,C,23,139,28,13,79.52
2008,2008-01-05,2008-01-05,FALSE,San Pablo Bay and Carquinez Strait,127,NA,NA,NA,NA,-0.04888888888888942,127,22414.5454545455,59544.4628099174,2,2008-01-07,73576.8595041322,2,51162.3140495868,C,23,139,28,13,79.52
2008,2008-01-05,2008-01-05,FALSE,San Pablo Bay and Carquinez Strait,127,NA,-4693.448888888888,NA,NA,NA,127,22414.5454545455,59544.4628099174,2,2008-01-07,73576.8595041322,2,51162.3140495868,C,23,139,28,13,79.52
2008,2008-01-05,2008-01-05,FALSE,San Pablo Bay and Carquinez Strait,127,NA,NA,7.273333333333333,NA,NA,127,22414.5454545455,59544.4628099174,2,2008-01-07,73576.8595041322,2,51162.3140495868,C,23,139,28,13,79.52
2008,2008-01-05,2008-01-05,FALSE,San Pablo Bay and Carquinez Strait,127,NA,NA,NA,NA,NA,127,22414.5454545455,59544.4628099174,2,2008-01-07,73576.8595041322,2,51162.3140495868,C,23,139,28,13,79.52
2008,2008-01-05,2008-01-05,FALSE,South Delta,127,NA,NA,NA,NA,0.4986666666666668,127,22414.5454545455,59544.4628099174,2,2008-01-07,73576.8595041322,2,51162.3140495868,C,23,139,28,13,79.52
2008,2008-01-05,2008-01-05,FALSE,South Delta,127,NA,-78.10733333333337,NA,NA,NA,127,22414.5454545455,59544.4628099174,2,2008-01-07,73576.8595041322,2,51162.3140495868,C,23,139,28,13,79.52
2008,2008-01-05,2008-01-05,FALSE,South Delta,127,NA,NA,21.822222222222223,NA,NA,127,22414.5454545455,59544.4628099174,2,2008-01-07,73576.8595041322,2,51162.3140495868,C,23,139,28,13,79.52
2008,2008-01-05,2008-01-05,FALSE,South Delta,127,1512.0235555555553,NA,NA,NA,NA,127,22414.5454545455,59544.4628099174,2,2008-01-07,73576.8595041322,2,51162.3140495868,C,23,139,28,13,79.52
2008,2008-01-05,2008-01-05,FALSE,South Delta,127,NA,NA,NA,0.09666666666666666,NA,127,22414.5454545455,59544.4628099174,2,2008-01-07,73576.8595041322,2,51162.3140495868,C,23,139,28,13,79.52
2008,2008-01-05,2008-01-05,FALSE,Suisun Marsh and Montezuma Slough,127,NA,NA,NA,NA,0.21444444444444424,127,22414.5454545455,59544.4628099174,2,2008-01-07,73576.8595041322,2,51162.3140495868,C,23,139,28,13,79.52
2008,2008-01-05,2008-01-05,FALSE,Suisun Marsh and Montezuma Slough,127,NA,-608.9574999999986,NA,NA,NA,127,22414.5454545455,59544.4628099174,2,2008-01-07,73576.8595041322,2,51162.3140495868,C,23,139,28,13,79.52
2008,2008-01-05,2008-01-05,FALSE,Suisun Marsh and Montezuma Slough,127,NA,NA,NA,NA,NA,127,22414.5454545455,59544.4628099174,2,2008-01-07,73576.8595041322,2,51162.3140495868,C,23,139,28,13,79.52
2008,2008-01-05,2008-01-05,FALSE,Suisun Marsh and Montezuma Slough,127,639.85,NA,NA,NA,NA,127,22414.5454545455,59544.4628099174,2,2008-01-07,73576.8595041322,2,51162.3140495868,C,23,139,28,13,79.52
2008,2008-01-05,2008-01-05,FALSE,Suisun Marsh and Montezuma Slough,127,NA,NA,NA,0.14666666666666667,NA,127,22414.5454545455,59544.4628099174,2,2008-01-07,73576.8595041322,2,51162.3140495868,C,23,139,28,13,79.52
2008,2008-01-05,2008-01-05,FALSE,Suisun and Honker Bays,127,NA,NA,NA,NA,NA,127,22414.5454545455,59544.4628099174,2,2008-01-07,73576.8595041322,2,51162.3140495868,C,23,139,28,13,79.52
2008,2008-01-05,2008-01-05,FALSE,NA,127,NA,NA,NA,NA,NA,127,22414.5454545455,59544.4628099174,2,2008-01-07,73576.8595041322,2,51162.3140495868,C,23,139,28,13,79.52
2008,2008-01-27,2008-01-05,TRUE,Cache Slough and Liberty Island,149,NA,NA,NA,NA,NA,127,22414.5454545455,59544.4628099174,2,2008-01-07,73576.8595041322,2,51162.3140495868,C,23,139,28,13,72.12
2008,2008-01-27,2008-01-05,TRUE,Confluence,149,NA,NA,NA,NA,0.33999999999999986,127,22414.5454545455,59544.4628099174,2,2008-01-07,73576.8595041322,2,51162.3140495868,C,23,139,28,13,72.12
2008,2008-01-27,2008-01-05,TRUE,Confluence,149,NA,-155.43666666666672,NA,NA,NA,127,22414.5454545455,59544.4628099174,2,2008-01-07,73576.8595041322,2,51162.3140495868,C,23,139,28,13,72.12
2008,2008-01-27,2008-01-05,TRUE,Confluence,149,NA,NA,1.923333333333332,NA,NA,127,22414.5454545455,59544.4628099174,2,2008-01-07,73576.8595041322,2,51162.3140495868,C,23,139,28,13,72.12
2008,2008-01-27,2008-01-05,TRUE,Confluence,149,12315.555555555557,NA,NA,NA,NA,127,22414.5454545455,59544.4628099174,2,2008-01-07,73576.8595041322,2,51162.3140495868,C,23,139,28,13,72.12
2008,2008-01-27,2008-01-05,TRUE,Confluence,149,NA,NA,NA,0.18666666666666668,NA,127,22414.5454545455,59544.4628099174,2,2008-01-07,73576.8595041322,2,51162.3140495868,C,23,139,28,13,72.12
2008,2008-01-27,2008-01-05,TRUE,North and South Forks Mokelumne River,149,NA,NA,NA,NA,NA,127,22414.5454545455,59544.4628099174,2,2008-01-07,73576.8595041322,2,51162.3140495868,C,23,139,28,13,72.12
2008,2008-01-27,2008-01-05,TRUE,North and South Forks Mokelumne River,149,1668.8888888888887,NA,NA,NA,NA,127,22414.5454545455,59544.4628099174,2,2008-01-07,73576.8595041322,2,51162.3140495868,C,23,139,28,13,72.12
2008,2008-01-27,2008-01-05,TRUE,North and South Forks Mokelumne River,149,NA,NA,NA,0.17777777777777776,NA,127,22414.5454545455,59544.4628099174,2,2008-01-07,73576.8595041322,2,51162.3140495868,C,23,139,28,13,72.12
2008,2008-01-27,2008-01-05,TRUE,Out of Bounds,149,NA,NA,NA,NA,0.6099999999999994,127,22414.5454545455,59544.4628099174,2,2008-01-07,73576.8595041322,2,51162.3140495868,C,23,139,28,13,72.12
2008,2008-01-27,2008-01-05,TRUE,Out of Bounds,149,NA,-203.24333333333337,NA,NA,NA,127,22414.5454545455,59544.4628099174,2,2008-01-07,73576.8595041322,2,51162.3140495868,C,23,139,28,13,72.12
2008,2008-01-27,2008-01-05,TRUE,Out of Bounds,149,NA,NA,45.64999999999999,NA,NA,127,22414.5454545455,59544.4628099174,2,2008-01-07,73576.8595041322,2,51162.3140495868,C,23,139,28,13,72.12
2008,2008-01-27,2008-01-05,TRUE,Out of Bounds,149,NA,NA,NA,NA,NA,127,22414.5454545455,59544.4628099174,2,2008-01-07,73576.8595041322,2,51162.3140495868,C,23,139,28,13,72.12
2008,2008-01-27,2008-01-05,TRUE,Sacramento River Deep Water Ship Channel,149,NA,NA,NA,NA,NA,127,22414.5454545455,59544.4628099174,2,2008-01-07,73576.8595041322,2,51162.3140495868,C,23,139,28,13,72.12
2008,2008-01-27,2008-01-05,TRUE,Sacramento River Mainstem,149,NA,NA,NA,NA,0.5099999999999998,127,22414.5454545455,59544.4628099174,2,2008-01-07,73576.8595041322,2,51162.3140495868,C,23,139,28,13,72.12
2008,2008-01-27,2008-01-05,TRUE,Sacramento River Mainstem,149,NA,NA,NA,NA,NA,127,22414.5454545455,59544.4628099174,2,2008-01-07,73576.8595041322,2,51162.3140495868,C,23,139,28,13,72.12
2008,2008-01-27,2008-01-05,TRUE,Sacramento River Mainstem,149,12399.11,NA,NA,NA,NA,127,22414.5454545455,59544.4628099174,2,2008-01-07,73576.8595041322,2,51162.3140495868,C,23,139,28,13,72.12
2008,2008-01-27,2008-01-05,TRUE,Sacramento River Mainstem,149,NA,NA,NA,1.0933333333333333,NA,127,22414.5454545455,59544.4628099174,2,2008-01-07,73576.8595041322,2,51162.3140495868,C,23,139,28,13,72.12
2008,2008-01-27,2008-01-05,TRUE,San Pablo Bay and Carquinez Strait,149,NA,NA,NA,NA,0.03666666666666707,127,22414.5454545455,59544.4628099174,2,2008-01-07,73576.8595041322,2,51162.3140495868,C,23,139,28,13,72.12
2008,2008-01-27,2008-01-05,TRUE,San Pablo Bay and Carquinez Strait,149,NA,-4600.747777777777,NA,NA,NA,127,22414.5454545455,59544.4628099174,2,2008-01-07,73576.8595041322,2,51162.3140495868,C,23,139,28,13,72.12
2008,2008-01-27,2008-01-05,TRUE,San Pablo Bay and Carquinez Strait,149,NA,NA,-6.023333333333333,NA,NA,127,22414.5454545455,59544.4628099174,2,2008-01-07,73576.8595041322,2,51162.3140495868,C,23,139,28,13,72.12
2008,2008-01-27,2008-01-05,TRUE,San Pablo Bay and Carquinez Strait,149,NA,NA,NA,NA,NA,127,22414.5454545455,59544.4628099174,2,2008-01-07,73576.8595041322,2,51162.3140495868,C,23,139,28,13,72.12
2008,2008-01-27,2008-01-05,TRUE,South Delta,149,NA,NA,NA,NA,0.559333333333333,127,22414.5454545455,59544.4628099174,2,2008-01-07,73576.8595041322,2,51162.3140495868,C,23,139,28,13,72.12
2008,2008-01-27,2008-01-05,TRUE,South Delta,149,NA,-143.7693333333334,NA,NA,NA,127,22414.5454545455,59544.4628099174,2,2008-01-07,73576.8595041322,2,51162.3140495868,C,23,139,28,13,72.12
2008,2008-01-27,2008-01-05,TRUE,South Delta,149,NA,NA,42.488888888888894,NA,NA,127,22414.5454545455,59544.4628099174,2,2008-01-07,73576.8595041322,2,51162.3140495868,C,23,139,28,13,72.12
2008,2008-01-27,2008-01-05,TRUE,South Delta,149,1770.0215384615385,NA,NA,NA,NA,127,22414.5454545455,59544.4628099174,2,2008-01-07,73576.8595041322,2,51162.3140495868,C,23,139,28,13,72.12
2008,2008-01-27,2008-01-05,TRUE,South Delta,149,NA,NA,NA,0.17099206349206347,NA,127,22414.5454545455,59544.4628099174,2,2008-01-07,73576.8595041322,2,51162.3140495868,C,23,139,28,13,72.12
2008,2008-01-27,2008-01-05,TRUE,Suisun Marsh and Montezuma Slough,149,NA,NA,NA,NA,0.5288888888888881,127,22414.5454545455,59544.4628099174,2,2008-01-07,73576.8595041322,2,51162.3140495868,C,23,139,28,13,72.12
2008,2008-01-27,2008-01-05,TRUE,Suisun Marsh and Montezuma Slough,149,NA,-1207.5350000000008,NA,NA,NA,127,22414.5454545455,59544.4628099174,2,2008-01-07,73576.8595041322,2,51162.3140495868,C,23,139,28,13,72.12
2008,2008-01-27,2008-01-05,TRUE,Suisun Marsh and Montezuma Slough,149,NA,NA,NA,NA,NA,127,22414.5454545455,59544.4628099174,2,2008-01-07,73576.8595041322,2,51162.3140495868,C,23,139,28,13,72.12
2008,2008-01-27,2008-01-05,TRUE,Suisun Marsh and Montezuma Slough,149,596.18,NA,NA,NA,NA,127,22414.5454545455,59544.4628099174,2,2008-01-07,73576.8595041322,2,51162.3140495868,C,23,139,28,13,72.12
2008,2008-01-27,2008-01-05,TRUE,Suisun Marsh and Montezuma Slough,149,NA,NA,NA,0.09,NA,127,22414.5454545455,59544.4628099174,2,2008-01-07,73576.8595041322,2,51162.3140495868,C,23,139,28,13,72.12
2008,2008-01-27,2008-01-05,TRUE,Suisun and Honker Bays,149,NA,NA,NA,NA,NA,127,22414.5454545455,59544.4628099174,2,2008-01-07,73576.8595041322,2,51162.3140495868,C,23,139,28,13,72.12
2008,2008-01-27,2008-01-05,TRUE,NA,149,NA,NA,NA,NA,NA,127,22414.5454545455,59544.4628099174,2,2008-01-07,73576.8595041322,2,51162.3140495868,C,23,139,28,13,72.12
2008,2008-02-25,2008-01-05,TRUE,Cache Slough and Liberty Island,178,NA,NA,NA,NA,NA,127,22414.5454545455,59544.4628099174,2,2008-01-07,73576.8595041322,2,51162.3140495868,C,23,139,28,13,69.83
2008,2008-02-25,2008-01-05,TRUE,Confluence,178,NA,NA,NA,NA,0.370000000000001,127,22414.5454545455,59544.4628099174,2,2008-01-07,73576.8595041322,2,51162.3140495868,C,23,139,28,13,69.83
2008,2008-02-25,2008-01-05,TRUE,Confluence,178,NA,-35.400000000000034,NA,NA,NA,127,22414.5454545455,59544.4628099174,2,2008-01-07,73576.8595041322,2,51162.3140495868,C,23,139,28,13,69.83
2008,2008-02-25,2008-01-05,TRUE,Confluence,178,NA,NA,-10.296666666666674,NA,NA,127,22414.5454545455,59544.4628099174,2,2008-01-07,73576.8595041322,2,51162.3140495868,C,23,139,28,13,69.83
2008,2008-02-25,2008-01-05,TRUE,Confluence,178,7808.888888888889,NA,NA,NA,NA,127,22414.5454545455,59544.4628099174,2,2008-01-07,73576.8595041322,2,51162.3140495868,C,23,139,28,13,69.83
2008,2008-02-25,2008-01-05,TRUE,Confluence,178,NA,NA,NA,0.14111111111111108,NA,127,22414.5454545455,59544.4628099174,2,2008-01-07,73576.8595041322,2,51162.3140495868,C,23,139,28,13,69.83
2008,2008-02-25,2008-01-05,TRUE,North and South Forks Mokelumne River,178,NA,NA,NA,NA,NA,127,22414.5454545455,59544.4628099174,2,2008-01-07,73576.8595041322,2,51162.3140495868,C,23,139,28,13,69.83
2008,2008-02-25,2008-01-05,TRUE,North and South Forks Mokelumne River,178,853.3333333333333,NA,NA,NA,NA,127,22414.5454545455,59544.4628099174,2,2008-01-07,73576.8595041322,2,51162.3140495868,C,23,139,28,13,69.83
2008,2008-02-25,2008-01-05,TRUE,North and South Forks Mokelumne River,178,NA,NA,NA,0.18666666666666665,NA,127,22414.5454545455,59544.4628099174,2,2008-01-07,73576.8595041322,2,51162.3140495868,C,23,139,28,13,69.83
2008,2008-02-25,2008-01-05,TRUE,Out of Bounds,178,NA,NA,NA,NA,0.25,127,22414.5454545455,59544.4628099174,2,2008-01-07,73576.8595041322,2,51162.3140495868,C,23,139,28,13,69.83
2008,2008-02-25,2008-01-05,TRUE,Out of Bounds,178,NA,-272.98000000000013,NA,NA,NA,127,22414.5454545455,59544.4628099174,2,2008-01-07,73576.8595041322,2,51162.3140495868,C,23,139,28,13,69.83
2008,2008-02-25,2008-01-05,TRUE,Out of Bounds,178,NA,NA,18.89,NA,NA,127,22414.5454545455,59544.4628099174,2,2008-01-07,73576.8595041322,2,51162.3140495868,C,23,139,28,13,69.83
2008,2008-02-25,2008-01-05,TRUE,Out of Bounds,178,NA,NA,NA,NA,NA,127,22414.5454545455,59544.4628099174,2,2008-01-07,73576.8595041322,2,51162.3140495868,C,23,139,28,13,69.83
2008,2008-02-25,2008-01-05,TRUE,Sacramento River Deep Water Ship Channel,178,NA,NA,NA,NA,NA,127,22414.5454545455,59544.4628099174,2,2008-01-07,73576.8595041322,2,51162.3140495868,C,23,139,28,13,69.83
2008,2008-02-25,2008-01-05,TRUE,Sacramento River Mainstem,178,NA,NA,NA,NA,-0.6016666666666666,127,22414.5454545455,59544.4628099174,2,2008-01-07,73576.8595041322,2,51162.3140495868,C,23,139,28,13,69.83
2008,2008-02-25,2008-01-05,TRUE,Sacramento River Mainstem,178,NA,-47.49000000000001,NA,NA,NA,127,22414.5454545455,59544.4628099174,2,2008-01-07,73576.8595041322,2,51162.3140495868,C,23,139,28,13,69.83
2008,2008-02-25,2008-01-05,TRUE,Sacramento River Mainstem,178,NA,NA,74.25666666666666,NA,NA,127,22414.5454545455,59544.4628099174,2,2008-01-07,73576.8595041322,2,51162.3140495868,C,23,139,28,13,69.83
2008,2008-02-25,2008-01-05,TRUE,Sacramento River Mainstem,178,10909.318333333336,NA,NA,NA,NA,127,22414.5454545455,59544.4628099174,2,2008-01-07,73576.8595041322,2,51162.3140495868,C,23,139,28,13,69.83
2008,2008-02-25,2008-01-05,TRUE,Sacramento River Mainstem,178,NA,NA,NA,1.07,NA,127,22414.5454545455,59544.4628099174,2,2008-01-07,73576.8595041322,2,51162.3140495868,C,23,139,28,13,69.83
2008,2008-02-25,2008-01-05,TRUE,San Pablo Bay and Carquinez Strait,178,NA,NA,NA,NA,0.120000000000001,127,22414.5454545455,59544.4628099174,2,2008-01-07,73576.8595041322,2,51162.3140495868,C,23,139,28,13,69.83
2008,2008-02-25,2008-01-05,TRUE,San Pablo Bay and Carquinez Strait,178,NA,-5699.570555555558,NA,NA,NA,127,22414.5454545455,59544.4628099174,2,2008-01-07,73576.8595041322,2,51162.3140495868,C,23,139,28,13,69.83
2008,2008-02-25,2008-01-05,TRUE,San Pablo Bay and Carquinez Strait,178,NA,NA,-7.716666666666669,NA,NA,127,22414.5454545455,59544.4628099174,2,2008-01-07,73576.8595041322,2,51162.3140495868,C,23,139,28,13,69.83
2008,2008-02-25,2008-01-05,TRUE,San Pablo Bay and Carquinez Strait,178,NA,NA,NA,NA,NA,127,22414.5454545455,59544.4628099174,2,2008-01-07,73576.8595041322,2,51162.3140495868,C,23,139,28,13,69.83
2008,2008-02-25,2008-01-05,TRUE,South Delta,178,NA,NA,NA,NA,0.47222222222222143,127,22414.5454545455,59544.4628099174,2,2008-01-07,73576.8595041322,2,51162.3140495868,C,23,139,28,13,69.83
2008,2008-02-25,2008-01-05,TRUE,South Delta,178,NA,-56.2305555555555,NA,NA,NA,127,22414.5454545455,59544.4628099174,2,2008-01-07,73576.8595041322,2,51162.3140495868,C,23,139,28,13,69.83
2008,2008-02-25,2008-01-05,TRUE,South Delta,178,NA,NA,4.761666666666667,NA,NA,127,22414.5454545455,59544.4628099174,2,2008-01-07,73576.8595041322,2,51162.3140495868,C,23,139,28,13,69.83
2008,2008-02-25,2008-01-05,TRUE,South Delta,178,1490.856923076923,NA,NA,NA,NA,127,22414.5454545455,59544.4628099174,2,2008-01-07,73576.8595041322,2,51162.3140495868,C,23,139,28,13,69.83
2008,2008-02-25,2008-01-05,TRUE,South Delta,178,NA,NA,NA,0.15111111111111114,NA,127,22414.5454545455,59544.4628099174,2,2008-01-07,73576.8595041322,2,51162.3140495868,C,23,139,28,13,69.83
2008,2008-02-25,2008-01-05,TRUE,Suisun Marsh and Montezuma Slough,178,NA,NA,NA,NA,0.4511111111111106,127,22414.5454545455,59544.4628099174,2,2008-01-07,73576.8595041322,2,51162.3140495868,C,23,139,28,13,69.83
2008,2008-02-25,2008-01-05,TRUE,Suisun Marsh and Montezuma Slough,178,NA,-172.32138888888903,NA,NA,NA,127,22414.5454545455,59544.4628099174,2,2008-01-07,73576.8595041322,2,51162.3140495868,C,23,139,28,13,69.83
2008,2008-02-25,2008-01-05,TRUE,Suisun Marsh and Montezuma Slough,178,NA,NA,NA,NA,NA,127,22414.5454545455,59544.4628099174,2,2008-01-07,73576.8595041322,2,51162.3140495868,C,23,139,28,13,69.83
2008,2008-02-25,2008-01-05,TRUE,Suisun Marsh and Montezuma Slough,178,639.5833333333333,NA,NA,NA,NA,127,22414.5454545455,59544.4628099174,2,2008-01-07,73576.8595041322,2,51162.3140495868,C,23,139,28,13,69.83
2008,2008-02-25,2008-01-05,TRUE,Suisun Marsh and Montezuma Slough,178,NA,NA,NA,0.11333333333333334,NA,127,22414.5454545455,59544.4628099174,2,2008-01-07,73576.8595041322,2,51162.3140495868,C,23,139,28,13,69.83
2008,2008-02-25,2008-01-05,TRUE,Suisun and Honker Bays,178,NA,NA,NA,NA,NA,127,22414.5454545455,59544.4628099174,2,2008-01-07,73576.8595041322,2,51162.3140495868,C,23,139,28,13,69.83
2008,2008-02-25,2008-01-05,TRUE,NA,178,NA,NA,NA,NA,NA,127,22414.5454545455,59544.4628099174,2,2008-01-07,73576.8595041322,2,51162.3140495868,C,23,139,28,13,69.83
2009,2009-02-17,2009-02-17,FALSE,Cache Slough and Liberty Island,170,NA,NA,NA,NA,-0.31333333333333435,170,24684.958677686,60194.3801652893,3,2009-02-26,91136.5289256198,9,66451.5702479339,D,17,65,23,139,76.96
2009,2009-02-17,2009-02-17,FALSE,Cache Slough and Liberty Island,170,NA,-145.54666666666662,NA,NA,NA,170,24684.958677686,60194.3801652893,3,2009-02-26,91136.5289256198,9,66451.5702479339,D,17,65,23,139,76.96
2009,2009-02-17,2009-02-17,FALSE,Cache Slough and Liberty Island,170,NA,NA,60.273333333333326,NA,NA,170,24684.958677686,60194.3801652893,3,2009-02-26,91136.5289256198,9,66451.5702479339,D,17,65,23,139,76.96
2009,2009-02-17,2009-02-17,FALSE,Cache Slough and Liberty Island,170,NA,NA,NA,NA,NA,170,24684.958677686,60194.3801652893,3,2009-02-26,91136.5289256198,9,66451.5702479339,D,17,65,23,139,76.96
2009,2009-02-17,2009-02-17,FALSE,Confluence,170,NA,NA,NA,NA,-0.3616666666666664,170,24684.958677686,60194.3801652893,3,2009-02-26,91136.5289256198,9,66451.5702479339,D,17,65,23,139,76.96
2009,2009-02-17,2009-02-17,FALSE,Confluence,170,NA,-4.694999999999993,NA,NA,NA,170,24684.958677686,60194.3801652893,3,2009-02-26,91136.5289256198,9,66451.5702479339,D,17,65,23,139,76.96
2009,2009-02-17,2009-02-17,FALSE,Confluence,170,NA,NA,3.041666666666668,NA,NA,170,24684.958677686,60194.3801652893,3,2009-02-26,91136.5289256198,9,66451.5702479339,D,17,65,23,139,76.96
2009,2009-02-17,2009-02-17,FALSE,Confluence,170,14538.888888888889,NA,NA,NA,NA,170,24684.958677686,60194.3801652893,3,2009-02-26,91136.5289256198,9,66451.5702479339,D,17,65,23,139,76.96
2009,2009-02-17,2009-02-17,FALSE,Confluence,170,NA,NA,NA,0.23444444444444443,NA,170,24684.958677686,60194.3801652893,3,2009-02-26,91136.5289256198,9,66451.5702479339,D,17,65,23,139,76.96
2009,2009-02-17,2009-02-17,FALSE,North and South Forks Mokelumne River,170,NA,NA,NA,NA,-0.7500000000000018,170,24684.958677686,60194.3801652893,3,2009-02-26,91136.5289256198,9,66451.5702479339,D,17,65,23,139,76.96
2009,2009-02-17,2009-02-17,FALSE,North and South Forks Mokelumne River,170,NA,-31.99000000000001,NA,NA,NA,170,24684.958677686,60194.3801652893,3,2009-02-26,91136.5289256198,9,66451.5702479339,D,17,65,23,139,76.96
2009,2009-02-17,2009-02-17,FALSE,North and South Forks Mokelumne River,170,NA,NA,14.733333333333334,NA,NA,170,24684.958677686,60194.3801652893,3,2009-02-26,91136.5289256198,9,66451.5702479339,D,17,65,23,139,76.96
2009,2009-02-17,2009-02-17,FALSE,North and South Forks Mokelumne River,170,2443.3333333333335,NA,NA,NA,NA,170,24684.958677686,60194.3801652893,3,2009-02-26,91136.5289256198,9,66451.5702479339,D,17,65,23,139,76.96
2009,2009-02-17,2009-02-17,FALSE,North and South Forks Mokelumne River,170,NA,NA,NA,0.2722222222222222,NA,170,24684.958677686,60194.3801652893,3,2009-02-26,91136.5289256198,9,66451.5702479339,D,17,65,23,139,76.96
2009,2009-02-17,2009-02-17,FALSE,Out of Bounds,170,NA,NA,NA,NA,-0.31666666666666643,170,24684.958677686,60194.3801652893,3,2009-02-26,91136.5289256198,9,66451.5702479339,D,17,65,23,139,76.96
2009,2009-02-17,2009-02-17,FALSE,Out of Bounds,170,NA,-111.6966666666666,NA,NA,NA,170,24684.958677686,60194.3801652893,3,2009-02-26,91136.5289256198,9,66451.5702479339,D,17,65,23,139,76.96
2009,2009-02-17,2009-02-17,FALSE,Out of Bounds,170,NA,NA,8.649999999999999,NA,NA,170,24684.958677686,60194.3801652893,3,2009-02-26,91136.5289256198,9,66451.5702479339,D,17,65,23,139,76.96
2009,2009-02-17,2009-02-17,FALSE,Out of Bounds,170,NA,NA,NA,NA,NA,170,24684.958677686,60194.3801652893,3,2009-02-26,91136.5289256198,9,66451.5702479339,D,17,65,23,139,76.96
2009,2009-02-17,2009-02-17,FALSE,Sacramento River Deep Water Ship Channel,170,NA,NA,NA,NA,-0.4400000000000013,170,24684.958677686,60194.3801652893,3,2009-02-26,91136.5289256198,9,66451.5702479339,D,17,65,23,139,76.96
2009,2009-02-17,2009-02-17,FALSE,Sacramento River Deep Water Ship Channel,170,NA,9.509999999999993,NA,NA,NA,170,24684.958677686,60194.3801652893,3,2009-02-26,91136.5289256198,9,66451.5702479339,D,17,65,23,139,76.96
2009,2009-02-17,2009-02-17,FALSE,Sacramento River Deep Water Ship Channel,170,NA,NA,3.923333333333336,NA,NA,170,24684.958677686,60194.3801652893,3,2009-02-26,91136.5289256198,9,66451.5702479339,D,17,65,23,139,76.96
2009,2009-02-17,2009-02-17,FALSE,Sacramento River Deep Water Ship Channel,170,669.9000000000001,NA,NA,NA,NA,170,24684.958677686,60194.3801652893,3,2009-02-26,91136.5289256198,9,66451.5702479339,D,17,65,23,139,76.96
2009,2009-02-17,2009-02-17,FALSE,Sacramento River Deep Water Ship Channel,170,NA,NA,NA,0.04333333333333335,NA,170,24684.958677686,60194.3801652893,3,2009-02-26,91136.5289256198,9,66451.5702479339,D,17,65,23,139,76.96
2009,2009-02-17,2009-02-17,FALSE,Sacramento River Mainstem,170,NA,NA,NA,NA,-0.5716666666666654,170,24684.958677686,60194.3801652893,3,2009-02-26,91136.5289256198,9,66451.5702479339,D,17,65,23,139,76.96
2009,2009-02-17,2009-02-17,FALSE,Sacramento River Mainstem,170,NA,-35.71666666666667,NA,NA,NA,170,24684.958677686,60194.3801652893,3,2009-02-26,91136.5289256198,9,66451.5702479339,D,17,65,23,139,76.96
2009,2009-02-17,2009-02-17,FALSE,Sacramento River Mainstem,170,NA,NA,69.43,NA,NA,170,24684.958677686,60194.3801652893,3,2009-02-26,91136.5289256198,9,66451.5702479339,D,17,65,23,139,76.96
2009,2009-02-17,2009-02-17,FALSE,Sacramento River Mainstem,170,12170.498333333331,NA,NA,NA,NA,170,24684.958677686,60194.3801652893,3,2009-02-26,91136.5289256198,9,66451.5702479339,D,17,65,23,139,76.96
2009,2009-02-17,2009-02-17,FALSE,Sacramento River Mainstem,170,NA,NA,NA,1.17,NA,170,24684.958677686,60194.3801652893,3,2009-02-26,91136.5289256198,9,66451.5702479339,D,17,65,23,139,76.96
2009,2009-02-17,2009-02-17,FALSE,San Pablo Bay and Carquinez Strait,170,NA,NA,NA,NA,-0.08333333333333393,170,24684.958677686,60194.3801652893,3,2009-02-26,91136.5289256198,9,66451.5702479339,D,17,65,23,139,76.96
2009,2009-02-17,2009-02-17,FALSE,San Pablo Bay and Carquinez Strait,170,NA,-3273,NA,NA,NA,170,24684.958677686,60194.3801652893,3,2009-02-26,91136.5289256198,9,66451.5702479339,D,17,65,23,139,76.96
2009,2009-02-17,2009-02-17,FALSE,San Pablo Bay and Carquinez Strait,170,NA,NA,-0.043333333333333,NA,NA,170,24684.958677686,60194.3801652893,3,2009-02-26,91136.5289256198,9,66451.5702479339,D,17,65,23,139,76.96
2009,2009-02-17,2009-02-17,FALSE,San Pablo Bay and Carquinez Strait,170,NA,NA,NA,NA,NA,170,24684.958677686,60194.3801652893,3,2009-02-26,91136.5289256198,9,66451.5702479339,D,17,65,23,139,76.96
2009,2009-02-17,2009-02-17,FALSE,South Delta,170,NA,NA,NA,NA,-0.293333333333333,170,24684.958677686,60194.3801652893,3,2009-02-26,91136.5289256198,9,66451.5702479339,D,17,65,23,139,76.96
2009,2009-02-17,2009-02-17,FALSE,South Delta,170,NA,-44.647619047618946,NA,NA,NA,170,24684.958677686,60194.3801652893,3,2009-02-26,91136.5289256198,9,66451.5702479339,D,17,65,23,139,76.96
2009,2009-02-17,2009-02-17,FALSE,South Delta,170,NA,NA,0.5213333333333345,NA,NA,170,24684.958677686,60194.3801652893,3,2009-02-26,91136.5289256198,9,66451.5702479339,D,17,65,23,139,76.96
2009,2009-02-17,2009-02-17,FALSE,South Delta,170,1108.4942222222223,NA,NA,NA,NA,170,24684.958677686,60194.3801652893,3,2009-02-26,91136.5289256198,9,66451.5702479339,D,17,65,23,139,76.96
2009,2009-02-17,2009-02-17,FALSE,South Delta,170,NA,NA,NA,0.07452380952380952,NA,170,24684.958677686,60194.3801652893,3,2009-02-26,91136.5289256198,9,66451.5702479339,D,17,65,23,139,76.96
2009,2009-02-17,2009-02-17,FALSE,Suisun Marsh and Montezuma Slough,170,NA,NA,NA,NA,0.01888888888889006,170,24684.958677686,60194.3801652893,3,2009-02-26,91136.5289256198,9,66451.5702479339,D,17,65,23,139,76.96
2009,2009-02-17,2009-02-17,FALSE,Suisun Marsh and Montezuma Slough,170,NA,-2081.925833333333,NA,NA,NA,170,24684.958677686,60194.3801652893,3,2009-02-26,91136.5289256198,9,66451.5702479339,D,17,65,23,139,76.96
2009,2009-02-17,2009-02-17,FALSE,Suisun Marsh and Montezuma Slough,170,NA,NA,NA,NA,NA,170,24684.958677686,60194.3801652893,3,2009-02-26,91136.5289256198,9,66451.5702479339,D,17,65,23,139,76.96
2009,2009-02-17,2009-02-17,FALSE,Suisun Marsh and Montezuma Slough,170,1227.5533333333333,NA,NA,NA,NA,170,24684.958677686,60194.3801652893,3,2009-02-26,91136.5289256198,9,66451.5702479339,D,17,65,23,139,76.96
2009,2009-02-17,2009-02-17,FALSE,Suisun Marsh and Montezuma Slough,170,NA,NA,NA,0.24666666666666665,NA,170,24684.958677686,60194.3801652893,3,2009-02-26,91136.5289256198,9,66451.5702479339,D,17,65,23,139,76.96
2009,2009-02-17,2009-02-17,FALSE,Suisun and Honker Bays,170,NA,NA,NA,NA,NA,170,24684.958677686,60194.3801652893,3,2009-02-26,91136.5289256198,9,66451.5702479339,D,17,65,23,139,76.96
2009,2009-02-17,2009-02-17,FALSE,NA,170,NA,NA,NA,NA,NA,170,24684.958677686,60194.3801652893,3,2009-02-26,91136.5289256198,9,66451.5702479339,D,17,65,23,139,76.96
2009,2009-02-24,2009-02-17,TRUE,Cache Slough and Liberty Island,177,NA,NA,NA,NA,1.6866666666666656,170,24684.958677686,60194.3801652893,3,2009-02-26,91136.5289256198,9,66451.5702479339,D,17,65,23,139,71.8
2009,2009-02-24,2009-02-17,TRUE,Cache Slough and Liberty Island,177,NA,-83.42000000000002,NA,NA,NA,170,24684.958677686,60194.3801652893,3,2009-02-26,91136.5289256198,9,66451.5702479339,D,17,65,23,139,71.8
2009,2009-02-24,2009-02-17,TRUE,Cache Slough and Liberty Island,177,NA,NA,-6.159999999999997,NA,NA,170,24684.958677686,60194.3801652893,3,2009-02-26,91136.5289256198,9,66451.5702479339,D,17,65,23,139,71.8
2009,2009-02-24,2009-02-17,TRUE,Cache Slough and Liberty Island,177,NA,NA,NA,NA,NA,170,24684.958677686,60194.3801652893,3,2009-02-26,91136.5289256198,9,66451.5702479339,D,17,65,23,139,71.8
2009,2009-02-24,2009-02-17,TRUE,Confluence,177,NA,NA,NA,NA,1.389166666666668,170,24684.958677686,60194.3801652893,3,2009-02-26,91136.5289256198,9,66451.5702479339,D,17,65,23,139,71.8
2009,2009-02-24,2009-02-17,TRUE,Confluence,177,NA,-20.19749999999999,NA,NA,NA,170,24684.958677686,60194.3801652893,3,2009-02-26,91136.5289256198,9,66451.5702479339,D,17,65,23,139,71.8
2009,2009-02-24,2009-02-17,TRUE,Confluence,177,NA,NA,-10.658333333333331,NA,NA,170,24684.958677686,60194.3801652893,3,2009-02-26,91136.5289256198,9,66451.5702479339,D,17,65,23,139,71.8
2009,2009-02-24,2009-02-17,TRUE,Confluence,177,4551.111111111113,NA,NA,NA,NA,170,24684.958677686,60194.3801652893,3,2009-02-26,91136.5289256198,9,66451.5702479339,D,17,65,23,139,71.8
2009,2009-02-24,2009-02-17,TRUE,Confluence,177,NA,NA,NA,0.0788888888888889,NA,170,24684.958677686,60194.3801652893,3,2009-02-26,91136.5289256198,9,66451.5702479339,D,17,65,23,139,71.8
2009,2009-02-24,2009-02-17,TRUE,North and South Forks Mokelumne River,177,NA,NA,NA,NA,2.116666666666667,170,24684.958677686,60194.3801652893,3,2009-02-26,91136.5289256198,9,66451.5702479339,D,17,65,23,139,71.8
2009,2009-02-24,2009-02-17,TRUE,North and South Forks Mokelumne River,177,NA,33.886666666666656,NA,NA,NA,170,24684.958677686,60194.3801652893,3,2009-02-26,91136.5289256198,9,66451.5702479339,D,17,65,23,139,71.8
2009,2009-02-24,2009-02-17,TRUE,North and South Forks Mokelumne River,177,NA,NA,-29.696666666666673,NA,NA,170,24684.958677686,60194.3801652893,3,2009-02-26,91136.5289256198,9,66451.5702479339,D,17,65,23,139,71.8
2009,2009-02-24,2009-02-17,TRUE,North and South Forks Mokelumne River,177,1488.8888888888887,NA,NA,NA,NA,170,24684.958677686,60194.3801652893,3,2009-02-26,91136.5289256198,9,66451.5702479339,D,17,65,23,139,71.8
2009,2009-02-24,2009-02-17,TRUE,North and South Forks Mokelumne River,177,NA,NA,NA,0.17777777777777776,NA,170,24684.958677686,60194.3801652893,3,2009-02-26,91136.5289256198,9,66451.5702479339,D,17,65,23,139,71.8
2009,2009-02-24,2009-02-17,TRUE,Out of Bounds,177,NA,NA,NA,NA,2.163333333333334,170,24684.958677686,60194.3801652893,3,2009-02-26,91136.5289256198,9,66451.5702479339,D,17,65,23,139,71.8
2009,2009-02-24,2009-02-17,TRUE,Out of Bounds,177,NA,112.13666666666666,NA,NA,NA,170,24684.958677686,60194.3801652893,3,2009-02-26,91136.5289256198,9,66451.5702479339,D,17,65,23,139,71.8
2009,2009-02-24,2009-02-17,TRUE,Out of Bounds,177,NA,NA,-0.04333333333333655,NA,NA,170,24684.958677686,60194.3801652893,3,2009-02-26,91136.5289256198,9,66451.5702479339,D,17,65,23,139,71.8
2009,2009-02-24,2009-02-17,TRUE,Out of Bounds,177,NA,NA,NA,NA,NA,170,24684.958677686,60194.3801652893,3,2009-02-26,91136.5289256198,9,66451.5702479339,D,17,65,23,139,71.8
2009,2009-02-24,2009-02-17,TRUE,Sacramento River Deep Water Ship Channel,177,NA,NA,NA,NA,1.6133333333333333,170,24684.958677686,60194.3801652893,3,2009-02-26,91136.5289256198,9,66451.5702479339,D,17,65,23,139,71.8
2009,2009-02-24,2009-02-17,TRUE,Sacramento River Deep Water Ship Channel,177,NA,-4.943333333333385,NA,NA,NA,170,24684.958677686,60194.3801652893,3,2009-02-26,91136.5289256198,9,66451.5702479339,D,17,65,23,139,71.8
2009,2009-02-24,2009-02-17,TRUE,Sacramento River Deep Water Ship Channel,177,NA,NA,-9.316666666666665,NA,NA,170,24684.958677686,60194.3801652893,3,2009-02-26,91136.5289256198,9,66451.5702479339,D,17,65,23,139,71.8
2009,2009-02-24,2009-02-17,TRUE,Sacramento River Deep Water Ship Channel,177,-656.9,NA,NA,NA,NA,170,24684.958677686,60194.3801652893,3,2009-02-26,91136.5289256198,9,66451.5702479339,D,17,65,23,139,71.8
2009,2009-02-24,2009-02-17,TRUE,Sacramento River Deep Water Ship Channel,177,NA,NA,NA,-0.04,NA,170,24684.958677686,60194.3801652893,3,2009-02-26,91136.5289256198,9,66451.5702479339,D,17,65,23,139,71.8
2009,2009-02-24,2009-02-17,TRUE,Sacramento River Mainstem,177,NA,NA,NA,NA,1.828333333333335,170,24684.958677686,60194.3801652893,3,2009-02-26,91136.5289256198,9,66451.5702479339,D,17,65,23,139,71.8
2009,2009-02-24,2009-02-17,TRUE,Sacramento River Mainstem,177,NA,15.656666666666696,NA,NA,NA,170,24684.958677686,60194.3801652893,3,2009-02-26,91136.5289256198,9,66451.5702479339,D,17,65,23,139,71.8
2009,2009-02-24,2009-02-17,TRUE,Sacramento River Mainstem,177,NA,NA,3.3799999999999955,NA,NA,170,24684.958677686,60194.3801652893,3,2009-02-26,91136.5289256198,9,66451.5702479339,D,17,65,23,139,71.8
2009,2009-02-24,2009-02-17,TRUE,Sacramento River Mainstem,177,6682.074999999997,NA,NA,NA,NA,170,24684.958677686,60194.3801652893,3,2009-02-26,91136.5289256198,9,66451.5702479339,D,17,65,23,139,71.8
2009,2009-02-24,2009-02-17,TRUE,Sacramento River Mainstem,177,NA,NA,NA,0.5133333333333332,NA,170,24684.958677686,60194.3801652893,3,2009-02-26,91136.5289256198,9,66451.5702479339,D,17,65,23,139,71.8
2009,2009-02-24,2009-02-17,TRUE,San Pablo Bay and Carquinez Strait,177,NA,NA,NA,NA,0.5333333333333332,170,24684.958677686,60194.3801652893,3,2009-02-26,91136.5289256198,9,66451.5702479339,D,17,65,23,139,71.8
2009,2009-02-24,2009-02-17,TRUE,San Pablo Bay and Carquinez Strait,177,NA,-7017.326666666667,NA,NA,NA,170,24684.958677686,60194.3801652893,3,2009-02-26,91136.5289256198,9,66451.5702479339,D,17,65,23,139,71.8
2009,2009-02-24,2009-02-17,TRUE,San Pablo Bay and Carquinez Strait,177,NA,NA,13.223333333333336,NA,NA,170,24684.958677686,60194.3801652893,3,2009-02-26,91136.5289256198,9,66451.5702479339,D,17,65,23,139,71.8
2009,2009-02-24,2009-02-17,TRUE,San Pablo Bay and Carquinez Strait,177,NA,NA,NA,NA,NA,170,24684.958677686,60194.3801652893,3,2009-02-26,91136.5289256198,9,66451.5702479339,D,17,65,23,139,71.8
2009,2009-02-24,2009-02-17,TRUE,South Delta,177,NA,NA,NA,NA,1.2695238095238093,170,24684.958677686,60194.3801652893,3,2009-02-26,91136.5289256198,9,66451.5702479339,D,17,65,23,139,71.8
2009,2009-02-24,2009-02-17,TRUE,South Delta,177,NA,-13.36714285714288,NA,NA,NA,170,24684.958677686,60194.3801652893,3,2009-02-26,91136.5289256198,9,66451.5702479339,D,17,65,23,139,71.8
2009,2009-02-24,2009-02-17,TRUE,South Delta,177,NA,NA,0.16066666666666762,NA,NA,170,24684.958677686,60194.3801652893,3,2009-02-26,91136.5289256198,9,66451.5702479339,D,17,65,23,139,71.8
2009,2009-02-24,2009-02-17,TRUE,South Delta,177,288.14666666666653,NA,NA,NA,NA,170,24684.958677686,60194.3801652893,3,2009-02-26,91136.5289256198,9,66451.5702479339,D,17,65,23,139,71.8
2009,2009-02-24,2009-02-17,TRUE,South Delta,177,NA,NA,NA,0.01047619047619047,NA,170,24684.958677686,60194.3801652893,3,2009-02-26,91136.5289256198,9,66451.5702479339,D,17,65,23,139,71.8
2009,2009-02-24,2009-02-17,TRUE,Suisun Marsh and Montezuma Slough,177,NA,NA,NA,NA,0.9888888888888888,170,24684.958677686,60194.3801652893,3,2009-02-26,91136.5289256198,9,66451.5702479339,D,17,65,23,139,71.8
2009,2009-02-24,2009-02-17,TRUE,Suisun Marsh and Montezuma Slough,177,NA,-1131.361666666667,NA,NA,NA,170,24684.958677686,60194.3801652893,3,2009-02-26,91136.5289256198,9,66451.5702479339,D,17,65,23,139,71.8
2009,2009-02-24,2009-02-17,TRUE,Suisun Marsh and Montezuma Slough,177,NA,NA,NA,NA,NA,170,24684.958677686,60194.3801652893,3,2009-02-26,91136.5289256198,9,66451.5702479339,D,17,65,23,139,71.8
2009,2009-02-24,2009-02-17,TRUE,Suisun Marsh and Montezuma Slough,177,-270.31666666666615,NA,NA,NA,NA,170,24684.958677686,60194.3801652893,3,2009-02-26,91136.5289256198,9,66451.5702479339,D,17,65,23,139,71.8
2009,2009-02-24,2009-02-17,TRUE,Suisun Marsh and Montezuma Slough,177,NA,NA,NA,-0.04666666666666652,NA,170,24684.958677686,60194.3801652893,3,2009-02-26,91136.5289256198,9,66451.5702479339,D,17,65,23,139,71.8
2009,2009-02-24,2009-02-17,TRUE,Suisun and Honker Bays,177,NA,NA,NA,NA,NA,170,24684.958677686,60194.3801652893,3,2009-02-26,91136.5289256198,9,66451.5702479339,D,17,65,23,139,71.8
2009,2009-02-24,2009-02-17,TRUE,NA,177,NA,NA,NA,NA,NA,170,24684.958677686,60194.3801652893,3,2009-02-26,91136.5289256198,9,66451.5702479339,D,17,65,23,139,71.8
2009,2009-03-04,2009-02-17,TRUE,Cache Slough and Liberty Island,185,NA,NA,NA,NA,-1.503333333333332,170,24684.958677686,60194.3801652893,3,2009-02-26,91136.5289256198,9,66451.5702479339,D,17,65,23,139,67.71
2009,2009-03-04,2009-02-17,TRUE,Cache Slough and Liberty Island,185,NA,-80.04333333333335,NA,NA,NA,170,24684.958677686,60194.3801652893,3,2009-02-26,91136.5289256198,9,66451.5702479339,D,17,65,23,139,67.71
2009,2009-03-04,2009-02-17,TRUE,Cache Slough and Liberty Island,185,NA,NA,50.02000000000001,NA,NA,170,24684.958677686,60194.3801652893,3,2009-02-26,91136.5289256198,9,66451.5702479339,D,17,65,23,139,67.71
2009,2009-03-04,2009-02-17,TRUE,Cache Slough and Liberty Island,185,NA,NA,NA,NA,NA,170,24684.958677686,60194.3801652893,3,2009-02-26,91136.5289256198,9,66451.5702479339,D,17,65,23,139,67.71
2009,2009-03-04,2009-02-17,TRUE,Confluence,185,NA,NA,NA,NA,-0.3708333333333336,170,24684.958677686,60194.3801652893,3,2009-02-26,91136.5289256198,9,66451.5702479339,D,17,65,23,139,67.71
2009,2009-03-04,2009-02-17,TRUE,Confluence,185,NA,6.686666666666667,NA,NA,NA,170,24684.958677686,60194.3801652893,3,2009-02-26,91136.5289256198,9,66451.5702479339,D,17,65,23,139,67.71
2009,2009-03-04,2009-02-17,TRUE,Confluence,185,NA,NA,0.9191666666666692,NA,NA,170,24684.958677686,60194.3801652893,3,2009-02-26,91136.5289256198,9,66451.5702479339,D,17,65,23,139,67.71
2009,2009-03-04,2009-02-17,TRUE,Confluence,185,11506.666666666668,NA,NA,NA,NA,170,24684.958677686,60194.3801652893,3,2009-02-26,91136.5289256198,9,66451.5702479339,D,17,65,23,139,67.71
2009,2009-03-04,2009-02-17,TRUE,Confluence,185,NA,NA,NA,0.18,NA,170,24684.958677686,60194.3801652893,3,2009-02-26,91136.5289256198,9,66451.5702479339,D,17,65,23,139,67.71
2009,2009-03-04,2009-02-17,TRUE,North and South Forks Mokelumne River,185,NA,NA,NA,NA,-0.7233333333333345,170,24684.958677686,60194.3801652893,3,2009-02-26,91136.5289256198,9,66451.5702479339,D,17,65,23,139,67.71
2009,2009-03-04,2009-02-17,TRUE,North and South Forks Mokelumne River,185,NA,-2.03666666666669,NA,NA,NA,170,24684.958677686,60194.3801652893,3,2009-02-26,91136.5289256198,9,66451.5702479339,D,17,65,23,139,67.71
2009,2009-03-04,2009-02-17,TRUE,North and South Forks Mokelumne River,185,NA,NA,10.94,NA,NA,170,24684.958677686,60194.3801652893,3,2009-02-26,91136.5289256198,9,66451.5702479339,D,17,65,23,139,67.71
2009,2009-03-04,2009-02-17,TRUE,North and South Forks Mokelumne River,185,3560,NA,NA,NA,NA,170,24684.958677686,60194.3801652893,3,2009-02-26,91136.5289256198,9,66451.5702479339,D,17,65,23,139,67.71
2009,2009-03-04,2009-02-17,TRUE,North and South Forks Mokelumne River,185,NA,NA,NA,0.4377777777777778,NA,170,24684.958677686,60194.3801652893,3,2009-02-26,91136.5289256198,9,66451.5702479339,D,17,65,23,139,67.71
2009,2009-03-04,2009-02-17,TRUE,Out of Bounds,185,NA,NA,NA,NA,-0.92,170,24684.958677686,60194.3801652893,3,2009-02-26,91136.5289256198,9,66451.5702479339,D,17,65,23,139,67.71
2009,2009-03-04,2009-02-17,TRUE,Out of Bounds,185,NA,-163.55666666666662,NA,NA,NA,170,24684.958677686,60194.3801652893,3,2009-02-26,91136.5289256198,9,66451.5702479339,D,17,65,23,139,67.71
2009,2009-03-04,2009-02-17,TRUE,Out of Bounds,185,NA,NA,9.379999999999995,NA,NA,170,24684.958677686,60194.3801652893,3,2009-02-26,91136.5289256198,9,66451.5702479339,D,17,65,23,139,67.71
2009,2009-03-04,2009-02-17,TRUE,Out of Bounds,185,NA,NA,NA,NA,NA,170,24684.958677686,60194.3801652893,3,2009-02-26,91136.5289256198,9,66451.5702479339,D,17,65,23,139,67.71
2009,2009-03-04,2009-02-17,TRUE,Sacramento River Deep Water Ship Channel,185,NA,NA,NA,NA,-0.39333333333333265,170,24684.958677686,60194.3801652893,3,2009-02-26,91136.5289256198,9,66451.5702479339,D,17,65,23,139,67.71
2009,2009-03-04,2009-02-17,TRUE,Sacramento River Deep Water Ship Channel,185,NA,14.553333333333342,NA,NA,NA,170,24684.958677686,60194.3801652893,3,2009-02-26,91136.5289256198,9,66451.5702479339,D,17,65,23,139,67.71
2009,2009-03-04,2009-02-17,TRUE,Sacramento River Deep Water Ship Channel,185,NA,NA,-3.2233333333333327,NA,NA,170,24684.958677686,60194.3801652893,3,2009-02-26,91136.5289256198,9,66451.5702479339,D,17,65,23,139,67.71
2009,2009-03-04,2009-02-17,TRUE,Sacramento River Deep Water Ship Channel,185,275.66666666666663,NA,NA,NA,NA,170,24684.958677686,60194.3801652893,3,2009-02-26,91136.5289256198,9,66451.5702479339,D,17,65,23,139,67.71
2009,2009-03-04,2009-02-17,TRUE,Sacramento River Deep Water Ship Channel,185,NA,NA,NA,0.01666666666666666,NA,170,24684.958677686,60194.3801652893,3,2009-02-26,91136.5289256198,9,66451.5702479339,D,17,65,23,139,67.71
2009,2009-03-04,2009-02-17,TRUE,Sacramento River Mainstem,185,NA,NA,NA,NA,-1.201666666666668,170,24684.958677686,60194.3801652893,3,2009-02-26,91136.5289256198,9,66451.5702479339,D,17,65,23,139,67.71
2009,2009-03-04,2009-02-17,TRUE,Sacramento River Mainstem,185,NA,-40.26999999999998,NA,NA,NA,170,24684.958677686,60194.3801652893,3,2009-02-26,91136.5289256198,9,66451.5702479339,D,17,65,23,139,67.71
2009,2009-03-04,2009-02-17,TRUE,Sacramento River Mainstem,185,NA,NA,43.88,NA,NA,170,24684.958677686,60194.3801652893,3,2009-02-26,91136.5289256198,9,66451.5702479339,D,17,65,23,139,67.71
2009,2009-03-04,2009-02-17,TRUE,Sacramento River Mainstem,185,9994.074999999995,NA,NA,NA,NA,170,24684.958677686,60194.3801652893,3,2009-02-26,91136.5289256198,9,66451.5702479339,D,17,65,23,139,67.71
2009,2009-03-04,2009-02-17,TRUE,Sacramento River Mainstem,185,NA,NA,NA,0.746666666666667,NA,170,24684.958677686,60194.3801652893,3,2009-02-26,91136.5289256198,9,66451.5702479339,D,17,65,23,139,67.71
2009,2009-03-04,2009-02-17,TRUE,San Pablo Bay and Carquinez Strait,185,NA,NA,NA,NA,0.16222222222222094,170,24684.958677686,60194.3801652893,3,2009-02-26,91136.5289256198,9,66451.5702479339,D,17,65,23,139,67.71
2009,2009-03-04,2009-02-17,TRUE,San Pablo Bay and Carquinez Strait,185,NA,-3473.3633333333346,NA,NA,NA,170,24684.958677686,60194.3801652893,3,2009-02-26,91136.5289256198,9,66451.5702479339,D,17,65,23,139,67.71
2009,2009-03-04,2009-02-17,TRUE,San Pablo Bay and Carquinez Strait,185,NA,NA,6.2066666666666634,NA,NA,170,24684.958677686,60194.3801652893,3,2009-02-26,91136.5289256198,9,66451.5702479339,D,17,65,23,139,67.71
2009,2009-03-04,2009-02-17,TRUE,San Pablo Bay and Carquinez Strait,185,NA,NA,NA,NA,NA,170,24684.958677686,60194.3801652893,3,2009-02-26,91136.5289256198,9,66451.5702479339,D,17,65,23,139,67.71
2009,2009-03-04,2009-02-17,TRUE,South Delta,185,NA,NA,NA,NA,-0.18333333333333357,170,24684.958677686,60194.3801652893,3,2009-02-26,91136.5289256198,9,66451.5702479339,D,17,65,23,139,67.71
2009,2009-03-04,2009-02-17,TRUE,South Delta,185,NA,-22.75190476190471,NA,NA,NA,170,24684.958677686,60194.3801652893,3,2009-02-26,91136.5289256198,9,66451.5702479339,D,17,65,23,139,67.71
2009,2009-03-04,2009-02-17,TRUE,South Delta,185,NA,NA,1.110666666666667,NA,NA,170,24684.958677686,60194.3801652893,3,2009-02-26,91136.5289256198,9,66451.5702479339,D,17,65,23,139,67.71
2009,2009-03-04,2009-02-17,TRUE,South Delta,185,1449.9160000000002,NA,NA,NA,NA,170,24684.958677686,60194.3801652893,3,2009-02-26,91136.5289256198,9,66451.5702479339,D,17,65,23,139,67.71
2009,2009-03-04,2009-02-17,TRUE,South Delta,185,NA,NA,NA,0.14809523809523809,NA,170,24684.958677686,60194.3801652893,3,2009-02-26,91136.5289256198,9,66451.5702479339,D,17,65,23,139,67.71
2009,2009-03-04,2009-02-17,TRUE,Suisun Marsh and Montezuma Slough,185,NA,NA,NA,NA,-0.00999999999999978,170,24684.958677686,60194.3801652893,3,2009-02-26,91136.5289256198,9,66451.5702479339,D,17,65,23,139,67.71
2009,2009-03-04,2009-02-17,TRUE,Suisun Marsh and Montezuma Slough,185,NA,-206.33083333333343,NA,NA,NA,170,24684.958677686,60194.3801652893,3,2009-02-26,91136.5289256198,9,66451.5702479339,D,17,65,23,139,67.71
2009,2009-03-04,2009-02-17,TRUE,Suisun Marsh and Montezuma Slough,185,NA,NA,NA,NA,NA,170,24684.958677686,60194.3801652893,3,2009-02-26,91136.5289256198,9,66451.5702479339,D,17,65,23,139,67.71
2009,2009-03-04,2009-02-17,TRUE,Suisun Marsh and Montezuma Slough,185,782.4333333333334,NA,NA,NA,NA,170,24684.958677686,60194.3801652893,3,2009-02-26,91136.5289256198,9,66451.5702479339,D,17,65,23,139,67.71
2009,2009-03-04,2009-02-17,TRUE,Suisun Marsh and Montezuma Slough,185,NA,NA,NA,0.15666666666666668,NA,170,24684.958677686,60194.3801652893,3,2009-02-26,91136.5289256198,9,66451.5702479339,D,17,65,23,139,67.71
2009,2009-03-04,2009-02-17,TRUE,Suisun and Honker Bays,185,NA,NA,NA,NA,NA,170,24684.958677686,60194.3801652893,3,2009-02-26,91136.5289256198,9,66451.5702479339,D,17,65,23,139,67.71
2009,2009-03-04,2009-02-17,TRUE,NA,185,NA,NA,NA,NA,NA,170,24684.958677686,60194.3801652893,3,2009-02-26,91136.5289256198,9,66451.5702479339,D,17,65,23,139,67.71
2009,2009-05-06,2009-02-17,TRUE,Cache Slough and Liberty Island,248,NA,NA,NA,NA,1.7266666666666666,170,24684.958677686,60194.3801652893,3,2009-02-26,91136.5289256198,9,66451.5702479339,D,17,65,23,139,72.25
2009,2009-05-06,2009-02-17,TRUE,Cache Slough and Liberty Island,248,NA,-5.196666666666658,NA,NA,NA,170,24684.958677686,60194.3801652893,3,2009-02-26,91136.5289256198,9,66451.5702479339,D,17,65,23,139,72.25
2009,2009-05-06,2009-02-17,TRUE,Cache Slough and Liberty Island,248,NA,NA,-4.3700000000000045,NA,NA,170,24684.958677686,60194.3801652893,3,2009-02-26,91136.5289256198,9,66451.5702479339,D,17,65,23,139,72.25
2009,2009-05-06,2009-02-17,TRUE,Cache Slough and Liberty Island,248,NA,NA,NA,NA,NA,170,24684.958677686,60194.3801652893,3,2009-02-26,91136.5289256198,9,66451.5702479339,D,17,65,23,139,72.25
2009,2009-05-06,2009-02-17,TRUE,Confluence,248,NA,NA,NA,NA,0.7916666666666661,170,24684.958677686,60194.3801652893,3,2009-02-26,91136.5289256198,9,66451.5702479339,D,17,65,23,139,72.25
2009,2009-05-06,2009-02-17,TRUE,Confluence,248,NA,-27.70333333333332,NA,NA,NA,170,24684.958677686,60194.3801652893,3,2009-02-26,91136.5289256198,9,66451.5702479339,D,17,65,23,139,72.25
2009,2009-05-06,2009-02-17,TRUE,Confluence,248,NA,NA,0.04333333333332945,NA,NA,170,24684.958677686,60194.3801652893,3,2009-02-26,91136.5289256198,9,66451.5702479339,D,17,65,23,139,72.25
2009,2009-05-06,2009-02-17,TRUE,Confluence,248,6163.333333333334,NA,NA,NA,NA,170,24684.958677686,60194.3801652893,3,2009-02-26,91136.5289256198,9,66451.5702479339,D,17,65,23,139,72.25
2009,2009-05-06,2009-02-17,TRUE,Confluence,248,NA,NA,NA,0.09888888888888886,NA,170,24684.958677686,60194.3801652893,3,2009-02-26,91136.5289256198,9,66451.5702479339,D,17,65,23,139,72.25
2009,2009-05-06,2009-02-17,TRUE,North and South Forks Mokelumne River,248,NA,NA,NA,NA,0.6600000000000001,170,24684.958677686,60194.3801652893,3,2009-02-26,91136.5289256198,9,66451.5702479339,D,17,65,23,139,72.25
2009,2009-05-06,2009-02-17,TRUE,North and South Forks Mokelumne River,248,NA,-5.126666666666665,NA,NA,NA,170,24684.958677686,60194.3801652893,3,2009-02-26,91136.5289256198,9,66451.5702479339,D,17,65,23,139,72.25
2009,2009-05-06,2009-02-17,TRUE,North and South Forks Mokelumne River,248,NA,NA,5.553333333333333,NA,NA,170,24684.958677686,60194.3801652893,3,2009-02-26,91136.5289256198,9,66451.5702479339,D,17,65,23,139,72.25
2009,2009-05-06,2009-02-17,TRUE,North and South Forks Mokelumne River,248,1011.1111111111107,NA,NA,NA,NA,170,24684.958677686,60194.3801652893,3,2009-02-26,91136.5289256198,9,66451.5702479339,D,17,65,23,139,72.25
2009,2009-05-06,2009-02-17,TRUE,North and South Forks Mokelumne River,248,NA,NA,NA,0.11888888888888888,NA,170,24684.958677686,60194.3801652893,3,2009-02-26,91136.5289256198,9,66451.5702479339,D,17,65,23,139,72.25
2009,2009-05-06,2009-02-17,TRUE,Out of Bounds,248,NA,NA,NA,NA,2.0533333333333346,170,24684.958677686,60194.3801652893,3,2009-02-26,91136.5289256198,9,66451.5702479339,D,17,65,23,139,72.25
2009,2009-05-06,2009-02-17,TRUE,Out of Bounds,248,NA,-19.356666666666623,NA,NA,NA,170,24684.958677686,60194.3801652893,3,2009-02-26,91136.5289256198,9,66451.5702479339,D,17,65,23,139,72.25
2009,2009-05-06,2009-02-17,TRUE,Out of Bounds,248,NA,NA,-5.346666666666668,NA,NA,170,24684.958677686,60194.3801652893,3,2009-02-26,91136.5289256198,9,66451.5702479339,D,17,65,23,139,72.25
2009,2009-05-06,2009-02-17,TRUE,Out of Bounds,248,NA,NA,NA,NA,NA,170,24684.958677686,60194.3801652893,3,2009-02-26,91136.5289256198,9,66451.5702479339,D,17,65,23,139,72.25
2009,2009-05-06,2009-02-17,TRUE,Sacramento River Deep Water Ship Channel,248,NA,NA,NA,NA,1.0799999999999983,170,24684.958677686,60194.3801652893,3,2009-02-26,91136.5289256198,9,66451.5702479339,D,17,65,23,139,72.25
2009,2009-05-06,2009-02-17,TRUE,Sacramento River Deep Water Ship Channel,248,NA,1.2133333333333385,NA,NA,NA,170,24684.958677686,60194.3801652893,3,2009-02-26,91136.5289256198,9,66451.5702479339,D,17,65,23,139,72.25
2009,2009-05-06,2009-02-17,TRUE,Sacramento River Deep Water Ship Channel,248,NA,NA,1.1166666666666671,NA,NA,170,24684.958677686,60194.3801652893,3,2009-02-26,91136.5289256198,9,66451.5702479339,D,17,65,23,139,72.25
2009,2009-05-06,2009-02-17,TRUE,Sacramento River Deep Water Ship Channel,248,527.5666666666667,NA,NA,NA,NA,170,24684.958677686,60194.3801652893,3,2009-02-26,91136.5289256198,9,66451.5702479339,D,17,65,23,139,72.25
2009,2009-05-06,2009-02-17,TRUE,Sacramento River Deep Water Ship Channel,248,NA,NA,NA,0.04333333333333333,NA,170,24684.958677686,60194.3801652893,3,2009-02-26,91136.5289256198,9,66451.5702479339,D,17,65,23,139,72.25
2009,2009-05-06,2009-02-17,TRUE,Sacramento River Mainstem,248,NA,NA,NA,NA,0.9050000000000012,170,24684.958677686,60194.3801652893,3,2009-02-26,91136.5289256198,9,66451.5702479339,D,17,65,23,139,72.25
2009,2009-05-06,2009-02-17,TRUE,Sacramento River Mainstem,248,NA,NA,NA,NA,NA,170,24684.958677686,60194.3801652893,3,2009-02-26,91136.5289256198,9,66451.5702479339,D,17,65,23,139,72.25
2009,2009-05-06,2009-02-17,TRUE,Sacramento River Mainstem,248,NA,NA,21.773333333333333,NA,NA,170,24684.958677686,60194.3801652893,3,2009-02-26,91136.5289256198,9,66451.5702479339,D,17,65,23,139,72.25
2009,2009-05-06,2009-02-17,TRUE,Sacramento River Mainstem,248,8158.591666666665,NA,NA,NA,NA,170,24684.958677686,60194.3801652893,3,2009-02-26,91136.5289256198,9,66451.5702479339,D,17,65,23,139,72.25
2009,2009-05-06,2009-02-17,TRUE,Sacramento River Mainstem,248,NA,NA,NA,0.7733333333333334,NA,170,24684.958677686,60194.3801652893,3,2009-02-26,91136.5289256198,9,66451.5702479339,D,17,65,23,139,72.25
2009,2009-05-06,2009-02-17,TRUE,San Pablo Bay and Carquinez Strait,248,NA,NA,NA,NA,1.2388888888888907,170,24684.958677686,60194.3801652893,3,2009-02-26,91136.5289256198,9,66451.5702479339,D,17,65,23,139,72.25
2009,2009-05-06,2009-02-17,TRUE,San Pablo Bay and Carquinez Strait,248,NA,-3156.1166666666686,NA,NA,NA,170,24684.958677686,60194.3801652893,3,2009-02-26,91136.5289256198,9,66451.5702479339,D,17,65,23,139,72.25
2009,2009-05-06,2009-02-17,TRUE,San Pablo Bay and Carquinez Strait,248,NA,NA,7.450000000000003,NA,NA,170,24684.958677686,60194.3801652893,3,2009-02-26,91136.5289256198,9,66451.5702479339,D,17,65,23,139,72.25
2009,2009-05-06,2009-02-17,TRUE,San Pablo Bay and Carquinez Strait,248,NA,NA,NA,NA,NA,170,24684.958677686,60194.3801652893,3,2009-02-26,91136.5289256198,9,66451.5702479339,D,17,65,23,139,72.25
2009,2009-05-06,2009-02-17,TRUE,South Delta,248,NA,NA,NA,NA,1.5885714285714307,170,24684.958677686,60194.3801652893,3,2009-02-26,91136.5289256198,9,66451.5702479339,D,17,65,23,139,72.25
2009,2009-05-06,2009-02-17,TRUE,South Delta,248,NA,-5.945714285714246,NA,NA,NA,170,24684.958677686,60194.3801652893,3,2009-02-26,91136.5289256198,9,66451.5702479339,D,17,65,23,139,72.25
2009,2009-05-06,2009-02-17,TRUE,South Delta,248,NA,NA,0.9156666666666649,NA,NA,170,24684.958677686,60194.3801652893,3,2009-02-26,91136.5289256198,9,66451.5702479339,D,17,65,23,139,72.25
2009,2009-05-06,2009-02-17,TRUE,South Delta,248,-34.7031111111111,NA,NA,NA,NA,170,24684.958677686,60194.3801652893,3,2009-02-26,91136.5289256198,9,66451.5702479339,D,17,65,23,139,72.25
2009,2009-05-06,2009-02-17,TRUE,South Delta,248,NA,NA,NA,-0.02666666666666667,NA,170,24684.958677686,60194.3801652893,3,2009-02-26,91136.5289256198,9,66451.5702479339,D,17,65,23,139,72.25
2009,2009-05-06,2009-02-17,TRUE,Suisun Marsh and Montezuma Slough,248,NA,NA,NA,NA,1.421111111111113,170,24684.958677686,60194.3801652893,3,2009-02-26,91136.5289256198,9,66451.5702479339,D,17,65,23,139,72.25
2009,2009-05-06,2009-02-17,TRUE,Suisun Marsh and Montezuma Slough,248,NA,-743.6799999999998,NA,NA,NA,170,24684.958677686,60194.3801652893,3,2009-02-26,91136.5289256198,9,66451.5702479339,D,17,65,23,139,72.25
2009,2009-05-06,2009-02-17,TRUE,Suisun Marsh and Montezuma Slough,248,NA,NA,NA,NA,NA,170,24684.958677686,60194.3801652893,3,2009-02-26,91136.5289256198,9,66451.5702479339,D,17,65,23,139,72.25
2009,2009-05-06,2009-02-17,TRUE,Suisun Marsh and Montezuma Slough,248,288.91999999999996,NA,NA,NA,NA,170,24684.958677686,60194.3801652893,3,2009-02-26,91136.5289256198,9,66451.5702479339,D,17,65,23,139,72.25
2009,2009-05-06,2009-02-17,TRUE,Suisun Marsh and Montezuma Slough,248,NA,NA,NA,0.06333333333333332,NA,170,24684.958677686,60194.3801652893,3,2009-02-26,91136.5289256198,9,66451.5702479339,D,17,65,23,139,72.25
2009,2009-05-06,2009-02-17,TRUE,Suisun and Honker Bays,248,NA,NA,NA,NA,NA,170,24684.958677686,60194.3801652893,3,2009-02-26,91136.5289256198,9,66451.5702479339,D,17,65,23,139,72.25
2009,2009-05-06,2009-02-17,TRUE,NA,248,NA,NA,NA,NA,NA,170,24684.958677686,60194.3801652893,3,2009-02-26,91136.5289256198,9,66451.5702479339,D,17,65,23,139,72.25
2010,2010-01-20,2010-01-20,FALSE,Cache Slough and Liberty Island,142,NA,NA,NA,NA,NA,142,34317.3553719008,87200,1,2010-01-24,127588.760330579,4,93271.4049586777,BN,29,191,17,65,78.93
2010,2010-01-20,2010-01-20,FALSE,Confluence,142,NA,NA,NA,NA,-0.06533333333333324,142,34317.3553719008,87200,1,2010-01-24,127588.760330579,4,93271.4049586777,BN,29,191,17,65,78.93
2010,2010-01-20,2010-01-20,FALSE,Confluence,142,NA,-244.28733333333344,NA,NA,NA,142,34317.3553719008,87200,1,2010-01-24,127588.760330579,4,93271.4049586777,BN,29,191,17,65,78.93
2010,2010-01-20,2010-01-20,FALSE,Confluence,142,NA,NA,19.34200000000001,NA,NA,142,34317.3553719008,87200,1,2010-01-24,127588.760330579,4,93271.4049586777,BN,29,191,17,65,78.93
2010,2010-01-20,2010-01-20,FALSE,Confluence,142,18993.333333333332,NA,NA,NA,NA,142,34317.3553719008,87200,1,2010-01-24,127588.760330579,4,93271.4049586777,BN,29,191,17,65,78.93
2010,2010-01-20,2010-01-20,FALSE,Confluence,142,NA,NA,NA,0.28222222222222226,NA,142,34317.3553719008,87200,1,2010-01-24,127588.760330579,4,93271.4049586777,BN,29,191,17,65,78.93
2010,2010-01-20,2010-01-20,FALSE,North and South Forks Mokelumne River,142,NA,NA,NA,NA,-0.5844444444444452,142,34317.3553719008,87200,1,2010-01-24,127588.760330579,4,93271.4049586777,BN,29,191,17,65,78.93
2010,2010-01-20,2010-01-20,FALSE,North and South Forks Mokelumne River,142,NA,-35.04777777777775,NA,NA,NA,142,34317.3553719008,87200,1,2010-01-24,127588.760330579,4,93271.4049586777,BN,29,191,17,65,78.93
2010,2010-01-20,2010-01-20,FALSE,North and South Forks Mokelumne River,142,NA,NA,25.63666666666667,NA,NA,142,34317.3553719008,87200,1,2010-01-24,127588.760330579,4,93271.4049586777,BN,29,191,17,65,78.93
2010,2010-01-20,2010-01-20,FALSE,North and South Forks Mokelumne River,142,2877.7777777777783,NA,NA,NA,NA,142,34317.3553719008,87200,1,2010-01-24,127588.760330579,4,93271.4049586777,BN,29,191,17,65,78.93
2010,2010-01-20,2010-01-20,FALSE,North and South Forks Mokelumne River,142,NA,NA,NA,0.29777777777777775,NA,142,34317.3553719008,87200,1,2010-01-24,127588.760330579,4,93271.4049586777,BN,29,191,17,65,78.93
2010,2010-01-20,2010-01-20,FALSE,Out of Bounds,142,NA,NA,NA,NA,-1.3066666666666649,142,34317.3553719008,87200,1,2010-01-24,127588.760330579,4,93271.4049586777,BN,29,191,17,65,78.93
2010,2010-01-20,2010-01-20,FALSE,Out of Bounds,142,NA,-233.74,NA,NA,NA,142,34317.3553719008,87200,1,2010-01-24,127588.760330579,4,93271.4049586777,BN,29,191,17,65,78.93
2010,2010-01-20,2010-01-20,FALSE,Out of Bounds,142,NA,NA,194.23666666666668,NA,NA,142,34317.3553719008,87200,1,2010-01-24,127588.760330579,4,93271.4049586777,BN,29,191,17,65,78.93
2010,2010-01-20,2010-01-20,FALSE,Out of Bounds,142,NA,NA,NA,NA,NA,142,34317.3553719008,87200,1,2010-01-24,127588.760330579,4,93271.4049586777,BN,29,191,17,65,78.93
2010,2010-01-20,2010-01-20,FALSE,Sacramento River Deep Water Ship Channel,142,NA,NA,NA,NA,-0.6199999999999992,142,34317.3553719008,87200,1,2010-01-24,127588.760330579,4,93271.4049586777,BN,29,191,17,65,78.93
2010,2010-01-20,2010-01-20,FALSE,Sacramento River Deep Water Ship Channel,142,NA,22.09333333333336,NA,NA,NA,142,34317.3553719008,87200,1,2010-01-24,127588.760330579,4,93271.4049586777,BN,29,191,17,65,78.93
2010,2010-01-20,2010-01-20,FALSE,Sacramento River Deep Water Ship Channel,142,NA,NA,26.346666666666668,NA,NA,142,34317.3553719008,87200,1,2010-01-24,127588.760330579,4,93271.4049586777,BN,29,191,17,65,78.93
2010,2010-01-20,2010-01-20,FALSE,Sacramento River Deep Water Ship Channel,142,NA,NA,NA,NA,NA,142,34317.3553719008,87200,1,2010-01-24,127588.760330579,4,93271.4049586777,BN,29,191,17,65,78.93
2010,2010-01-20,2010-01-20,FALSE,Sacramento River Deep Water Ship Channel,142,NA,NA,NA,NA,NA,142,34317.3553719008,87200,1,2010-01-24,127588.760330579,4,93271.4049586777,BN,29,191,17,65,78.93
2010,2010-01-20,2010-01-20,FALSE,Sacramento River Mainstem,142,NA,NA,NA,NA,-0.9277777777777788,142,34317.3553719008,87200,1,2010-01-24,127588.760330579,4,93271.4049586777,BN,29,191,17,65,78.93
2010,2010-01-20,2010-01-20,FALSE,Sacramento River Mainstem,142,NA,-24.606666666666683,NA,NA,NA,142,34317.3553719008,87200,1,2010-01-24,127588.760330579,4,93271.4049586777,BN,29,191,17,65,78.93
2010,2010-01-20,2010-01-20,FALSE,Sacramento River Mainstem,142,NA,NA,141.2122222222222,NA,NA,142,34317.3553719008,87200,1,2010-01-24,127588.760330579,4,93271.4049586777,BN,29,191,17,65,78.93
2010,2010-01-20,2010-01-20,FALSE,Sacramento River Mainstem,142,15993.511666666664,NA,NA,NA,NA,142,34317.3553719008,87200,1,2010-01-24,127588.760330579,4,93271.4049586777,BN,29,191,17,65,78.93
2010,2010-01-20,2010-01-20,FALSE,Sacramento River Mainstem,142,NA,NA,NA,1.2933333333333332,NA,142,34317.3553719008,87200,1,2010-01-24,127588.760330579,4,93271.4049586777,BN,29,191,17,65,78.93
2010,2010-01-20,2010-01-20,FALSE,San Pablo Bay and Carquinez Strait,142,NA,NA,NA,NA,-0.288333333333334,142,34317.3553719008,87200,1,2010-01-24,127588.760330579,4,93271.4049586777,BN,29,191,17,65,78.93
2010,2010-01-20,2010-01-20,FALSE,San Pablo Bay and Carquinez Strait,142,NA,-5694.495000000003,NA,NA,NA,142,34317.3553719008,87200,1,2010-01-24,127588.760330579,4,93271.4049586777,BN,29,191,17,65,78.93
2010,2010-01-20,2010-01-20,FALSE,San Pablo Bay and Carquinez Strait,142,NA,NA,1.173333333333332,NA,NA,142,34317.3553719008,87200,1,2010-01-24,127588.760330579,4,93271.4049586777,BN,29,191,17,65,78.93
2010,2010-01-20,2010-01-20,FALSE,San Pablo Bay and Carquinez Strait,142,NA,NA,NA,NA,NA,142,34317.3553719008,87200,1,2010-01-24,127588.760330579,4,93271.4049586777,BN,29,191,17,65,78.93
2010,2010-01-20,2010-01-20,FALSE,South Delta,142,NA,NA,NA,NA,-0.5233333333333334,142,34317.3553719008,87200,1,2010-01-24,127588.760330579,4,93271.4049586777,BN,29,191,17,65,78.93
2010,2010-01-20,2010-01-20,FALSE,South Delta,142,NA,-66.21725490196081,NA,NA,NA,142,34317.3553719008,87200,1,2010-01-24,127588.760330579,4,93271.4049586777,BN,29,191,17,65,78.93
2010,2010-01-20,2010-01-20,FALSE,South Delta,142,NA,NA,23.33686274509804,NA,NA,142,34317.3553719008,87200,1,2010-01-24,127588.760330579,4,93271.4049586777,BN,29,191,17,65,78.93
2010,2010-01-20,2010-01-20,FALSE,South Delta,142,1592.964603174603,NA,NA,NA,NA,142,34317.3553719008,87200,1,2010-01-24,127588.760330579,4,93271.4049586777,BN,29,191,17,65,78.93
2010,2010-01-20,2010-01-20,FALSE,South Delta,142,NA,NA,NA,0.17286713286713287,NA,142,34317.3553719008,87200,1,2010-01-24,127588.760330579,4,93271.4049586777,BN,29,191,17,65,78.93
2010,2010-01-20,2010-01-20,FALSE,Suisun Marsh and Montezuma Slough,142,NA,NA,NA,NA,-0.32222222222222285,142,34317.3553719008,87200,1,2010-01-24,127588.760330579,4,93271.4049586777,BN,29,191,17,65,78.93
2010,2010-01-20,2010-01-20,FALSE,Suisun Marsh and Montezuma Slough,142,NA,-2080.935833333333,NA,NA,NA,142,34317.3553719008,87200,1,2010-01-24,127588.760330579,4,93271.4049586777,BN,29,191,17,65,78.93
2010,2010-01-20,2010-01-20,FALSE,Suisun Marsh and Montezuma Slough,142,NA,NA,NA,NA,NA,142,34317.3553719008,87200,1,2010-01-24,127588.760330579,4,93271.4049586777,BN,29,191,17,65,78.93
2010,2010-01-20,2010-01-20,FALSE,Suisun Marsh and Montezuma Slough,142,576.9499999999999,NA,NA,NA,NA,142,34317.3553719008,87200,1,2010-01-24,127588.760330579,4,93271.4049586777,BN,29,191,17,65,78.93
2010,2010-01-20,2010-01-20,FALSE,Suisun Marsh and Montezuma Slough,142,NA,NA,NA,0.1,NA,142,34317.3553719008,87200,1,2010-01-24,127588.760330579,4,93271.4049586777,BN,29,191,17,65,78.93
2010,2010-01-20,2010-01-20,FALSE,Suisun and Honker Bays,142,NA,NA,NA,NA,NA,142,34317.3553719008,87200,1,2010-01-24,127588.760330579,4,93271.4049586777,BN,29,191,17,65,78.93
2010,2010-01-20,2010-01-20,FALSE,NA,142,NA,NA,NA,NA,NA,142,34317.3553719008,87200,1,2010-01-24,127588.760330579,4,93271.4049586777,BN,29,191,17,65,78.93
2010,2010-04-15,2010-01-20,TRUE,Cache Slough and Liberty Island,227,NA,NA,NA,NA,NA,142,34317.3553719008,87200,1,2010-01-24,127588.760330579,4,93271.4049586777,BN,29,191,17,65,70.48
2010,2010-04-15,2010-01-20,TRUE,Cache Slough and Liberty Island,227,NA,NA,NA,NA,NA,142,34317.3553719008,87200,1,2010-01-24,127588.760330579,4,93271.4049586777,BN,29,191,17,65,70.48
2010,2010-04-15,2010-01-20,TRUE,Cache Slough and Liberty Island,227,NA,NA,NA,NA,NA,142,34317.3553719008,87200,1,2010-01-24,127588.760330579,4,93271.4049586777,BN,29,191,17,65,70.48
2010,2010-04-15,2010-01-20,TRUE,Cache Slough and Liberty Island,227,NA,NA,NA,NA,NA,142,34317.3553719008,87200,1,2010-01-24,127588.760330579,4,93271.4049586777,BN,29,191,17,65,70.48
2010,2010-04-15,2010-01-20,TRUE,Confluence,227,NA,NA,NA,NA,0.2919999999999998,142,34317.3553719008,87200,1,2010-01-24,127588.760330579,4,93271.4049586777,BN,29,191,17,65,70.48
2010,2010-04-15,2010-01-20,TRUE,Confluence,227,NA,-10.923999999999978,NA,NA,NA,142,34317.3553719008,87200,1,2010-01-24,127588.760330579,4,93271.4049586777,BN,29,191,17,65,70.48
2010,2010-04-15,2010-01-20,TRUE,Confluence,227,NA,NA,2.9686666666666657,NA,NA,142,34317.3553719008,87200,1,2010-01-24,127588.760330579,4,93271.4049586777,BN,29,191,17,65,70.48
2010,2010-04-15,2010-01-20,TRUE,Confluence,227,4748.888888888889,NA,NA,NA,NA,142,34317.3553719008,87200,1,2010-01-24,127588.760330579,4,93271.4049586777,BN,29,191,17,65,70.48
2010,2010-04-15,2010-01-20,TRUE,Confluence,227,NA,NA,NA,0.07666666666666669,NA,142,34317.3553719008,87200,1,2010-01-24,127588.760330579,4,93271.4049586777,BN,29,191,17,65,70.48
2010,2010-04-15,2010-01-20,TRUE,North and South Forks Mokelumne River,227,NA,NA,NA,NA,0.6311111111111103,142,34317.3553719008,87200,1,2010-01-24,127588.760330579,4,93271.4049586777,BN,29,191,17,65,70.48
2010,2010-04-15,2010-01-20,TRUE,North and South Forks Mokelumne River,227,NA,-6.665555555555557,NA,NA,NA,142,34317.3553719008,87200,1,2010-01-24,127588.760330579,4,93271.4049586777,BN,29,191,17,65,70.48
2010,2010-04-15,2010-01-20,TRUE,North and South Forks Mokelumne River,227,NA,NA,12.031111111111112,NA,NA,142,34317.3553719008,87200,1,2010-01-24,127588.760330579,4,93271.4049586777,BN,29,191,17,65,70.48
2010,2010-04-15,2010-01-20,TRUE,North and South Forks Mokelumne River,227,572.2222222222222,NA,NA,NA,NA,142,34317.3553719008,87200,1,2010-01-24,127588.760330579,4,93271.4049586777,BN,29,191,17,65,70.48
2010,2010-04-15,2010-01-20,TRUE,North and South Forks Mokelumne River,227,NA,NA,NA,0.06666666666666665,NA,142,34317.3553719008,87200,1,2010-01-24,127588.760330579,4,93271.4049586777,BN,29,191,17,65,70.48
2010,2010-04-15,2010-01-20,TRUE,Out of Bounds,227,NA,NA,NA,NA,1.9633333333333347,142,34317.3553719008,87200,1,2010-01-24,127588.760330579,4,93271.4049586777,BN,29,191,17,65,70.48
2010,2010-04-15,2010-01-20,TRUE,Out of Bounds,227,NA,-64.64333333333332,NA,NA,NA,142,34317.3553719008,87200,1,2010-01-24,127588.760330579,4,93271.4049586777,BN,29,191,17,65,70.48
2010,2010-04-15,2010-01-20,TRUE,Out of Bounds,227,NA,NA,-4.876666666666672,NA,NA,142,34317.3553719008,87200,1,2010-01-24,127588.760330579,4,93271.4049586777,BN,29,191,17,65,70.48
2010,2010-04-15,2010-01-20,TRUE,Out of Bounds,227,NA,NA,NA,NA,NA,142,34317.3553719008,87200,1,2010-01-24,127588.760330579,4,93271.4049586777,BN,29,191,17,65,70.48
2010,2010-04-15,2010-01-20,TRUE,Sacramento River Deep Water Ship Channel,227,NA,NA,NA,NA,0.5366666666666671,142,34317.3553719008,87200,1,2010-01-24,127588.760330579,4,93271.4049586777,BN,29,191,17,65,70.48
2010,2010-04-15,2010-01-20,TRUE,Sacramento River Deep Water Ship Channel,227,NA,-5.009999999999991,NA,NA,NA,142,34317.3553719008,87200,1,2010-01-24,127588.760330579,4,93271.4049586777,BN,29,191,17,65,70.48
2010,2010-04-15,2010-01-20,TRUE,Sacramento River Deep Water Ship Channel,227,NA,NA,8.943333333333333,NA,NA,142,34317.3553719008,87200,1,2010-01-24,127588.760330579,4,93271.4049586777,BN,29,191,17,65,70.48
2010,2010-04-15,2010-01-20,TRUE,Sacramento River Deep Water Ship Channel,227,296.91999999999996,NA,NA,NA,NA,142,34317.3553719008,87200,1,2010-01-24,127588.760330579,4,93271.4049586777,BN,29,191,17,65,70.48
2010,2010-04-15,2010-01-20,TRUE,Sacramento River Deep Water Ship Channel,227,NA,NA,NA,0.01999999999999999,NA,142,34317.3553719008,87200,1,2010-01-24,127588.760330579,4,93271.4049586777,BN,29,191,17,65,70.48
2010,2010-04-15,2010-01-20,TRUE,Sacramento River Mainstem,227,NA,NA,NA,NA,0.1022222222222222,142,34317.3553719008,87200,1,2010-01-24,127588.760330579,4,93271.4049586777,BN,29,191,17,65,70.48
2010,2010-04-15,2010-01-20,TRUE,Sacramento River Mainstem,227,NA,-14.686666666666667,NA,NA,NA,142,34317.3553719008,87200,1,2010-01-24,127588.760330579,4,93271.4049586777,BN,29,191,17,65,70.48
2010,2010-04-15,2010-01-20,TRUE,Sacramento River Mainstem,227,NA,NA,115.61833333333334,NA,NA,142,34317.3553719008,87200,1,2010-01-24,127588.760330579,4,93271.4049586777,BN,29,191,17,65,70.48
2010,2010-04-15,2010-01-20,TRUE,Sacramento River Mainstem,227,6540.4416666666675,NA,NA,NA,NA,142,34317.3553719008,87200,1,2010-01-24,127588.760330579,4,93271.4049586777,BN,29,191,17,65,70.48
2010,2010-04-15,2010-01-20,TRUE,Sacramento River Mainstem,227,NA,NA,NA,0.6433333333333333,NA,142,34317.3553719008,87200,1,2010-01-24,127588.760330579,4,93271.4049586777,BN,29,191,17,65,70.48
2010,2010-04-15,2010-01-20,TRUE,San Pablo Bay and Carquinez Strait,227,NA,NA,NA,NA,0.5544444444444458,142,34317.3553719008,87200,1,2010-01-24,127588.760330579,4,93271.4049586777,BN,29,191,17,65,70.48
2010,2010-04-15,2010-01-20,TRUE,San Pablo Bay and Carquinez Strait,227,NA,-3757.232222222221,NA,NA,NA,142,34317.3553719008,87200,1,2010-01-24,127588.760330579,4,93271.4049586777,BN,29,191,17,65,70.48
2010,2010-04-15,2010-01-20,TRUE,San Pablo Bay and Carquinez Strait,227,NA,NA,6.056666666666665,NA,NA,142,34317.3553719008,87200,1,2010-01-24,127588.760330579,4,93271.4049586777,BN,29,191,17,65,70.48
2010,2010-04-15,2010-01-20,TRUE,San Pablo Bay and Carquinez Strait,227,NA,NA,NA,NA,NA,142,34317.3553719008,87200,1,2010-01-24,127588.760330579,4,93271.4049586777,BN,29,191,17,65,70.48
2010,2010-04-15,2010-01-20,TRUE,South Delta,227,NA,NA,NA,NA,1.2329411764705895,142,34317.3553719008,87200,1,2010-01-24,127588.760330579,4,93271.4049586777,BN,29,191,17,65,70.48
2010,2010-04-15,2010-01-20,TRUE,South Delta,227,NA,-3.1498039215686617,NA,NA,NA,142,34317.3553719008,87200,1,2010-01-24,127588.760330579,4,93271.4049586777,BN,29,191,17,65,70.48
2010,2010-04-15,2010-01-20,TRUE,South Delta,227,NA,NA,-0.03529411764705958,NA,NA,142,34317.3553719008,87200,1,2010-01-24,127588.760330579,4,93271.4049586777,BN,29,191,17,65,70.48
2010,2010-04-15,2010-01-20,TRUE,South Delta,227,221.75155555555557,NA,NA,NA,NA,142,34317.3553719008,87200,1,2010-01-24,127588.760330579,4,93271.4049586777,BN,29,191,17,65,70.48
2010,2010-04-15,2010-01-20,TRUE,South Delta,227,NA,NA,NA,0.02928571428571425,NA,142,34317.3553719008,87200,1,2010-01-24,127588.760330579,4,93271.4049586777,BN,29,191,17,65,70.48
2010,2010-04-15,2010-01-20,TRUE,Suisun Marsh and Montezuma Slough,227,NA,NA,NA,NA,0.5611111111111118,142,34317.3553719008,87200,1,2010-01-24,127588.760330579,4,93271.4049586777,BN,29,191,17,65,70.48
2010,2010-04-15,2010-01-20,TRUE,Suisun Marsh and Montezuma Slough,227,NA,-1185.169166666667,NA,NA,NA,142,34317.3553719008,87200,1,2010-01-24,127588.760330579,4,93271.4049586777,BN,29,191,17,65,70.48
2010,2010-04-15,2010-01-20,TRUE,Suisun Marsh and Montezuma Slough,227,NA,NA,NA,NA,NA,142,34317.3553719008,87200,1,2010-01-24,127588.760330579,4,93271.4049586777,BN,29,191,17,65,70.48
2010,2010-04-15,2010-01-20,TRUE,Suisun Marsh and Montezuma Slough,227,1112.9833333333331,NA,NA,NA,NA,142,34317.3553719008,87200,1,2010-01-24,127588.760330579,4,93271.4049586777,BN,29,191,17,65,70.48
2010,2010-04-15,2010-01-20,TRUE,Suisun Marsh and Montezuma Slough,227,NA,NA,NA,0.23,NA,142,34317.3553719008,87200,1,2010-01-24,127588.760330579,4,93271.4049586777,BN,29,191,17,65,70.48
2010,2010-04-15,2010-01-20,TRUE,Suisun and Honker Bays,227,NA,NA,NA,NA,NA,142,34317.3553719008,87200,1,2010-01-24,127588.760330579,4,93271.4049586777,BN,29,191,17,65,70.48
2010,2010-04-15,2010-01-20,TRUE,NA,227,NA,NA,NA,NA,NA,142,34317.3553719008,87200,1,2010-01-24,127588.760330579,4,93271.4049586777,BN,29,191,17,65,70.48
2011,2010-12-16,2010-12-16,FALSE,Cache Slough and Liberty Island,107,NA,NA,NA,NA,-1.0216666666666665,107,63682.6446280992,104861.487603306,5,2010-12-21,157997.355371901,5,94314.7107438016,W,343,477,29,191,72.92
2011,2010-12-16,2010-12-16,FALSE,Cache Slough and Liberty Island,107,NA,-13.553333333333285,NA,NA,NA,107,63682.6446280992,104861.487603306,5,2010-12-21,157997.355371901,5,94314.7107438016,W,343,477,29,191,72.92
2011,2010-12-16,2010-12-16,FALSE,Cache Slough and Liberty Island,107,NA,NA,-2.036666666666668,NA,NA,107,63682.6446280992,104861.487603306,5,2010-12-21,157997.355371901,5,94314.7107438016,W,343,477,29,191,72.92
2011,2010-12-16,2010-12-16,FALSE,Cache Slough and Liberty Island,107,NA,NA,NA,NA,NA,107,63682.6446280992,104861.487603306,5,2010-12-21,157997.355371901,5,94314.7107438016,W,343,477,29,191,72.92
2011,2010-12-16,2010-12-16,FALSE,Confluence,107,NA,NA,NA,NA,-0.3846666666666661,107,63682.6446280992,104861.487603306,5,2010-12-21,157997.355371901,5,94314.7107438016,W,343,477,29,191,72.92
2011,2010-12-16,2010-12-16,FALSE,Confluence,107,NA,-63.98666666666668,NA,NA,NA,107,63682.6446280992,104861.487603306,5,2010-12-21,157997.355371901,5,94314.7107438016,W,343,477,29,191,72.92
2011,2010-12-16,2010-12-16,FALSE,Confluence,107,NA,NA,1.0413333333333323,NA,NA,107,63682.6446280992,104861.487603306,5,2010-12-21,157997.355371901,5,94314.7107438016,W,343,477,29,191,72.92
2011,2010-12-16,2010-12-16,FALSE,Confluence,107,9387.077777777777,NA,NA,NA,NA,107,63682.6446280992,104861.487603306,5,2010-12-21,157997.355371901,5,94314.7107438016,W,343,477,29,191,72.92
2011,2010-12-16,2010-12-16,FALSE,Confluence,107,NA,NA,NA,0.1488888888888889,NA,107,63682.6446280992,104861.487603306,5,2010-12-21,157997.355371901,5,94314.7107438016,W,343,477,29,191,72.92
2011,2010-12-16,2010-12-16,FALSE,North and South Forks Mokelumne River,107,NA,NA,NA,NA,-1.0474999999999994,107,63682.6446280992,104861.487603306,5,2010-12-21,157997.355371901,5,94314.7107438016,W,343,477,29,191,72.92
2011,2010-12-16,2010-12-16,FALSE,North and South Forks Mokelumne River,107,NA,-27.745833333333337,NA,NA,NA,107,63682.6446280992,104861.487603306,5,2010-12-21,157997.355371901,5,94314.7107438016,W,343,477,29,191,72.92
2011,2010-12-16,2010-12-16,FALSE,North and South Forks Mokelumne River,107,NA,NA,4.26,NA,NA,107,63682.6446280992,104861.487603306,5,2010-12-21,157997.355371901,5,94314.7107438016,W,343,477,29,191,72.92
2011,2010-12-16,2010-12-16,FALSE,North and South Forks Mokelumne River,107,862.5,NA,NA,NA,NA,107,63682.6446280992,104861.487603306,5,2010-12-21,157997.355371901,5,94314.7107438016,W,343,477,29,191,72.92
2011,2010-12-16,2010-12-16,FALSE,North and South Forks Mokelumne River,107,NA,NA,NA,0.1433333333333333,NA,107,63682.6446280992,104861.487603306,5,2010-12-21,157997.355371901,5,94314.7107438016,W,343,477,29,191,72.92
2011,2010-12-16,2010-12-16,FALSE,Out of Bounds,107,NA,NA,NA,NA,-1.1066666666666674,107,63682.6446280992,104861.487603306,5,2010-12-21,157997.355371901,5,94314.7107438016,W,343,477,29,191,72.92
2011,2010-12-16,2010-12-16,FALSE,Out of Bounds,107,NA,-75.55000000000007,NA,NA,NA,107,63682.6446280992,104861.487603306,5,2010-12-21,157997.355371901,5,94314.7107438016,W,343,477,29,191,72.92
2011,2010-12-16,2010-12-16,FALSE,Out of Bounds,107,NA,NA,3.043333333333333,NA,NA,107,63682.6446280992,104861.487603306,5,2010-12-21,157997.355371901,5,94314.7107438016,W,343,477,29,191,72.92
2011,2010-12-16,2010-12-16,FALSE,Out of Bounds,107,NA,NA,NA,NA,NA,107,63682.6446280992,104861.487603306,5,2010-12-21,157997.355371901,5,94314.7107438016,W,343,477,29,191,72.92
2011,2010-12-16,2010-12-16,FALSE,Sacramento River Deep Water Ship Channel,107,NA,NA,NA,NA,-0.8566666666666656,107,63682.6446280992,104861.487603306,5,2010-12-21,157997.355371901,5,94314.7107438016,W,343,477,29,191,72.92
2011,2010-12-16,2010-12-16,FALSE,Sacramento River Deep Water Ship Channel,107,NA,-47.77666666666664,NA,NA,NA,107,63682.6446280992,104861.487603306,5,2010-12-21,157997.355371901,5,94314.7107438016,W,343,477,29,191,72.92
2011,2010-12-16,2010-12-16,FALSE,Sacramento River Deep Water Ship Channel,107,NA,NA,0.7166666666666668,NA,NA,107,63682.6446280992,104861.487603306,5,2010-12-21,157997.355371901,5,94314.7107438016,W,343,477,29,191,72.92
2011,2010-12-16,2010-12-16,FALSE,Sacramento River Deep Water Ship Channel,107,NA,NA,NA,NA,NA,107,63682.6446280992,104861.487603306,5,2010-12-21,157997.355371901,5,94314.7107438016,W,343,477,29,191,72.92
2011,2010-12-16,2010-12-16,FALSE,Sacramento River Deep Water Ship Channel,107,NA,NA,NA,NA,NA,107,63682.6446280992,104861.487603306,5,2010-12-21,157997.355371901,5,94314.7107438016,W,343,477,29,191,72.92
2011,2010-12-16,2010-12-16,FALSE,Sacramento River Mainstem,107,NA,NA,NA,NA,-1.0233333333333334,107,63682.6446280992,104861.487603306,5,2010-12-21,157997.355371901,5,94314.7107438016,W,343,477,29,191,72.92
2011,2010-12-16,2010-12-16,FALSE,Sacramento River Mainstem,107,NA,-36.139999999999986,NA,NA,NA,107,63682.6446280992,104861.487603306,5,2010-12-21,157997.355371901,5,94314.7107438016,W,343,477,29,191,72.92
2011,2010-12-16,2010-12-16,FALSE,Sacramento River Mainstem,107,NA,NA,11.193888888888887,NA,NA,107,63682.6446280992,104861.487603306,5,2010-12-21,157997.355371901,5,94314.7107438016,W,343,477,29,191,72.92
2011,2010-12-16,2010-12-16,FALSE,Sacramento River Mainstem,107,13403.029999999995,NA,NA,NA,NA,107,63682.6446280992,104861.487603306,5,2010-12-21,157997.355371901,5,94314.7107438016,W,343,477,29,191,72.92
2011,2010-12-16,2010-12-16,FALSE,Sacramento River Mainstem,107,NA,NA,NA,0.8366666666666669,NA,107,63682.6446280992,104861.487603306,5,2010-12-21,157997.355371901,5,94314.7107438016,W,343,477,29,191,72.92
2011,2010-12-16,2010-12-16,FALSE,San Pablo Bay and Carquinez Strait,107,NA,NA,NA,NA,-0.2922222222222235,107,63682.6446280992,104861.487603306,5,2010-12-21,157997.355371901,5,94314.7107438016,W,343,477,29,191,72.92
2011,2010-12-16,2010-12-16,FALSE,San Pablo Bay and Carquinez Strait,107,NA,-1554.7022222222258,NA,NA,NA,107,63682.6446280992,104861.487603306,5,2010-12-21,157997.355371901,5,94314.7107438016,W,343,477,29,191,72.92
2011,2010-12-16,2010-12-16,FALSE,San Pablo Bay and Carquinez Strait,107,NA,NA,6.118333333333334,NA,NA,107,63682.6446280992,104861.487603306,5,2010-12-21,157997.355371901,5,94314.7107438016,W,343,477,29,191,72.92
2011,2010-12-16,2010-12-16,FALSE,San Pablo Bay and Carquinez Strait,107,NA,NA,NA,NA,NA,107,63682.6446280992,104861.487603306,5,2010-12-21,157997.355371901,5,94314.7107438016,W,343,477,29,191,72.92
2011,2010-12-16,2010-12-16,FALSE,South Delta,107,NA,NA,NA,NA,-0.6343137254901965,107,63682.6446280992,104861.487603306,5,2010-12-21,157997.355371901,5,94314.7107438016,W,343,477,29,191,72.92
2011,2010-12-16,2010-12-16,FALSE,South Delta,107,NA,-47.0127450980392,NA,NA,NA,107,63682.6446280992,104861.487603306,5,2010-12-21,157997.355371901,5,94314.7107438016,W,343,477,29,191,72.92
2011,2010-12-16,2010-12-16,FALSE,South Delta,107,NA,NA,0.5364705882352938,NA,NA,107,63682.6446280992,104861.487603306,5,2010-12-21,157997.355371901,5,94314.7107438016,W,343,477,29,191,72.92
2011,2010-12-16,2010-12-16,FALSE,South Delta,107,-271.2221880341881,NA,NA,NA,NA,107,63682.6446280992,104861.487603306,5,2010-12-21,157997.355371901,5,94314.7107438016,W,343,477,29,191,72.92
2011,2010-12-16,2010-12-16,FALSE,South Delta,107,NA,NA,NA,-5.158730158730243e-4,NA,107,63682.6446280992,104861.487603306,5,2010-12-21,157997.355371901,5,94314.7107438016,W,343,477,29,191,72.92
2011,2010-12-16,2010-12-16,FALSE,Suisun Marsh and Montezuma Slough,107,NA,NA,NA,NA,-0.6566666666666681,107,63682.6446280992,104861.487603306,5,2010-12-21,157997.355371901,5,94314.7107438016,W,343,477,29,191,72.92
2011,2010-12-16,2010-12-16,FALSE,Suisun Marsh and Montezuma Slough,107,NA,-477.7675000000008,NA,NA,NA,107,63682.6446280992,104861.487603306,5,2010-12-21,157997.355371901,5,94314.7107438016,W,343,477,29,191,72.92
2011,2010-12-16,2010-12-16,FALSE,Suisun Marsh and Montezuma Slough,107,NA,NA,NA,NA,NA,107,63682.6446280992,104861.487603306,5,2010-12-21,157997.355371901,5,94314.7107438016,W,343,477,29,191,72.92
2011,2010-12-16,2010-12-16,FALSE,Suisun Marsh and Montezuma Slough,107,470.34666666666664,NA,NA,NA,NA,107,63682.6446280992,104861.487603306,5,2010-12-21,157997.355371901,5,94314.7107438016,W,343,477,29,191,72.92
2011,2010-12-16,2010-12-16,FALSE,Suisun Marsh and Montezuma Slough,107,NA,NA,NA,0.11,NA,107,63682.6446280992,104861.487603306,5,2010-12-21,157997.355371901,5,94314.7107438016,W,343,477,29,191,72.92
2011,2010-12-16,2010-12-16,FALSE,Suisun and Honker Bays,107,NA,NA,NA,NA,NA,107,63682.6446280992,104861.487603306,5,2010-12-21,157997.355371901,5,94314.7107438016,W,343,477,29,191,72.92
2011,2010-12-16,2010-12-16,FALSE,NA,107,NA,NA,NA,NA,NA,107,63682.6446280992,104861.487603306,5,2010-12-21,157997.355371901,5,94314.7107438016,W,343,477,29,191,72.92
2011,2010-12-19,2010-12-16,TRUE,Cache Slough and Liberty Island,110,NA,NA,NA,NA,-0.1566666666666663,107,63682.6446280992,104861.487603306,5,2010-12-21,157997.355371901,5,94314.7107438016,W,343,477,29,191,70.16
2011,2010-12-19,2010-12-16,TRUE,Cache Slough and Liberty Island,110,NA,69.31999999999994,NA,NA,NA,107,63682.6446280992,104861.487603306,5,2010-12-21,157997.355371901,5,94314.7107438016,W,343,477,29,191,70.16
2011,2010-12-19,2010-12-16,TRUE,Cache Slough and Liberty Island,110,NA,NA,30.143333333333334,NA,NA,107,63682.6446280992,104861.487603306,5,2010-12-21,157997.355371901,5,94314.7107438016,W,343,477,29,191,70.16
2011,2010-12-19,2010-12-16,TRUE,Cache Slough and Liberty Island,110,NA,NA,NA,NA,NA,107,63682.6446280992,104861.487603306,5,2010-12-21,157997.355371901,5,94314.7107438016,W,343,477,29,191,70.16
2011,2010-12-19,2010-12-16,TRUE,Confluence,110,NA,NA,NA,NA,-0.4440000000000008,107,63682.6446280992,104861.487603306,5,2010-12-21,157997.355371901,5,94314.7107438016,W,343,477,29,191,70.16
2011,2010-12-19,2010-12-16,TRUE,Confluence,110,NA,-64.13399999999996,NA,NA,NA,107,63682.6446280992,104861.487603306,5,2010-12-21,157997.355371901,5,94314.7107438016,W,343,477,29,191,70.16
2011,2010-12-19,2010-12-16,TRUE,Confluence,110,NA,NA,4.521333333333333,NA,NA,107,63682.6446280992,104861.487603306,5,2010-12-21,157997.355371901,5,94314.7107438016,W,343,477,29,191,70.16
2011,2010-12-19,2010-12-16,TRUE,Confluence,110,16893.333333333332,NA,NA,NA,NA,107,63682.6446280992,104861.487603306,5,2010-12-21,157997.355371901,5,94314.7107438016,W,343,477,29,191,70.16
2011,2010-12-19,2010-12-16,TRUE,Confluence,110,NA,NA,NA,0.25111111111111106,NA,107,63682.6446280992,104861.487603306,5,2010-12-21,157997.355371901,5,94314.7107438016,W,343,477,29,191,70.16
2011,2010-12-19,2010-12-16,TRUE,North and South Forks Mokelumne River,110,NA,NA,NA,NA,-0.23550000000000185,107,63682.6446280992,104861.487603306,5,2010-12-21,157997.355371901,5,94314.7107438016,W,343,477,29,191,70.16
2011,2010-12-19,2010-12-16,TRUE,North and South Forks Mokelumne River,110,NA,-15.013166666666676,NA,NA,NA,107,63682.6446280992,104861.487603306,5,2010-12-21,157997.355371901,5,94314.7107438016,W,343,477,29,191,70.16
2011,2010-12-19,2010-12-16,TRUE,North and South Forks Mokelumne River,110,NA,NA,18.81383333333333,NA,NA,107,63682.6446280992,104861.487603306,5,2010-12-21,157997.355371901,5,94314.7107438016,W,343,477,29,191,70.16
2011,2010-12-19,2010-12-16,TRUE,North and South Forks Mokelumne River,110,6073.055555555556,NA,NA,NA,NA,107,63682.6446280992,104861.487603306,5,2010-12-21,157997.355371901,5,94314.7107438016,W,343,477,29,191,70.16
2011,2010-12-19,2010-12-16,TRUE,North and South Forks Mokelumne River,110,NA,NA,NA,0.6766666666666666,NA,107,63682.6446280992,104861.487603306,5,2010-12-21,157997.355371901,5,94314.7107438016,W,343,477,29,191,70.16
2011,2010-12-19,2010-12-16,TRUE,Out of Bounds,110,NA,NA,NA,NA,0.4000000000000003,107,63682.6446280992,104861.487603306,5,2010-12-21,157997.355371901,5,94314.7107438016,W,343,477,29,191,70.16
2011,2010-12-19,2010-12-16,TRUE,Out of Bounds,110,NA,-67.67666666666665,NA,NA,NA,107,63682.6446280992,104861.487603306,5,2010-12-21,157997.355371901,5,94314.7107438016,W,343,477,29,191,70.16
2011,2010-12-19,2010-12-16,TRUE,Out of Bounds,110,NA,NA,17.500000000000007,NA,NA,107,63682.6446280992,104861.487603306,5,2010-12-21,157997.355371901,5,94314.7107438016,W,343,477,29,191,70.16
2011,2010-12-19,2010-12-16,TRUE,Out of Bounds,110,NA,NA,NA,NA,NA,107,63682.6446280992,104861.487603306,5,2010-12-21,157997.355371901,5,94314.7107438016,W,343,477,29,191,70.16
2011,2010-12-19,2010-12-16,TRUE,Sacramento River Deep Water Ship Channel,110,NA,NA,NA,NA,-0.4466666666666672,107,63682.6446280992,104861.487603306,5,2010-12-21,157997.355371901,5,94314.7107438016,W,343,477,29,191,70.16
2011,2010-12-19,2010-12-16,TRUE,Sacramento River Deep Water Ship Channel,110,NA,-19.49666666666667,NA,NA,NA,107,63682.6446280992,104861.487603306,5,2010-12-21,157997.355371901,5,94314.7107438016,W,343,477,29,191,70.16
2011,2010-12-19,2010-12-16,TRUE,Sacramento River Deep Water Ship Channel,110,NA,NA,7.84,NA,NA,107,63682.6446280992,104861.487603306,5,2010-12-21,157997.355371901,5,94314.7107438016,W,343,477,29,191,70.16
2011,2010-12-19,2010-12-16,TRUE,Sacramento River Deep Water Ship Channel,110,NA,NA,NA,NA,NA,107,63682.6446280992,104861.487603306,5,2010-12-21,157997.355371901,5,94314.7107438016,W,343,477,29,191,70.16
2011,2010-12-19,2010-12-16,TRUE,Sacramento River Deep Water Ship Channel,110,NA,NA,NA,0.01,NA,107,63682.6446280992,104861.487603306,5,2010-12-21,157997.355371901,5,94314.7107438016,W,343,477,29,191,70.16
2011,2010-12-19,2010-12-16,TRUE,Sacramento River Mainstem,110,NA,NA,NA,NA,-0.4022222222222229,107,63682.6446280992,104861.487603306,5,2010-12-21,157997.355371901,5,94314.7107438016,W,343,477,29,191,70.16
2011,2010-12-19,2010-12-16,TRUE,Sacramento River Mainstem,110,NA,-11.950000000000005,NA,NA,NA,107,63682.6446280992,104861.487603306,5,2010-12-21,157997.355371901,5,94314.7107438016,W,343,477,29,191,70.16
2011,2010-12-19,2010-12-16,TRUE,Sacramento River Mainstem,110,NA,NA,15.912777777777777,NA,NA,107,63682.6446280992,104861.487603306,5,2010-12-21,157997.355371901,5,94314.7107438016,W,343,477,29,191,70.16
2011,2010-12-19,2010-12-16,TRUE,Sacramento River Mainstem,110,11602.475000000006,NA,NA,NA,NA,107,63682.6446280992,104861.487603306,5,2010-12-21,157997.355371901,5,94314.7107438016,W,343,477,29,191,70.16
2011,2010-12-19,2010-12-16,TRUE,Sacramento River Mainstem,110,NA,NA,NA,0.3666666666666667,NA,107,63682.6446280992,104861.487603306,5,2010-12-21,157997.355371901,5,94314.7107438016,W,343,477,29,191,70.16
2011,2010-12-19,2010-12-16,TRUE,San Pablo Bay and Carquinez Strait,110,NA,NA,NA,NA,-0.28999999999999915,107,63682.6446280992,104861.487603306,5,2010-12-21,157997.355371901,5,94314.7107438016,W,343,477,29,191,70.16
2011,2010-12-19,2010-12-16,TRUE,San Pablo Bay and Carquinez Strait,110,NA,-8528.00333333333,NA,NA,NA,107,63682.6446280992,104861.487603306,5,2010-12-21,157997.355371901,5,94314.7107438016,W,343,477,29,191,70.16
2011,2010-12-19,2010-12-16,TRUE,San Pablo Bay and Carquinez Strait,110,NA,NA,13.966666666666669,NA,NA,107,63682.6446280992,104861.487603306,5,2010-12-21,157997.355371901,5,94314.7107438016,W,343,477,29,191,70.16
2011,2010-12-19,2010-12-16,TRUE,San Pablo Bay and Carquinez Strait,110,NA,NA,NA,NA,NA,107,63682.6446280992,104861.487603306,5,2010-12-21,157997.355371901,5,94314.7107438016,W,343,477,29,191,70.16
2011,2010-12-19,2010-12-16,TRUE,South Delta,110,NA,NA,NA,NA,0.11078431372549068,107,63682.6446280992,104861.487603306,5,2010-12-21,157997.355371901,5,94314.7107438016,W,343,477,29,191,70.16
2011,2010-12-19,2010-12-16,TRUE,South Delta,110,NA,-64.93705882352941,NA,NA,NA,107,63682.6446280992,104861.487603306,5,2010-12-21,157997.355371901,5,94314.7107438016,W,343,477,29,191,70.16
2011,2010-12-19,2010-12-16,TRUE,South Delta,110,NA,NA,6.45156862745098,NA,NA,107,63682.6446280992,104861.487603306,5,2010-12-21,157997.355371901,5,94314.7107438016,W,343,477,29,191,70.16
2011,2010-12-19,2010-12-16,TRUE,South Delta,110,1837.0071111111113,NA,NA,NA,NA,107,63682.6446280992,104861.487603306,5,2010-12-21,157997.355371901,5,94314.7107438016,W,343,477,29,191,70.16
2011,2010-12-19,2010-12-16,TRUE,South Delta,110,NA,NA,NA,0.16904761904761903,NA,107,63682.6446280992,104861.487603306,5,2010-12-21,157997.355371901,5,94314.7107438016,W,343,477,29,191,70.16
2011,2010-12-19,2010-12-16,TRUE,Suisun Marsh and Montezuma Slough,110,NA,NA,NA,NA,-0.3650000000000002,107,63682.6446280992,104861.487603306,5,2010-12-21,157997.355371901,5,94314.7107438016,W,343,477,29,191,70.16
2011,2010-12-19,2010-12-16,TRUE,Suisun Marsh and Montezuma Slough,110,NA,-1494.2024999999994,NA,NA,NA,107,63682.6446280992,104861.487603306,5,2010-12-21,157997.355371901,5,94314.7107438016,W,343,477,29,191,70.16
2011,2010-12-19,2010-12-16,TRUE,Suisun Marsh and Montezuma Slough,110,NA,NA,NA,NA,NA,107,63682.6446280992,104861.487603306,5,2010-12-21,157997.355371901,5,94314.7107438016,W,343,477,29,191,70.16
2011,2010-12-19,2010-12-16,TRUE,Suisun Marsh and Montezuma Slough,110,358.59333333333336,NA,NA,NA,NA,107,63682.6446280992,104861.487603306,5,2010-12-21,157997.355371901,5,94314.7107438016,W,343,477,29,191,70.16
2011,2010-12-19,2010-12-16,TRUE,Suisun Marsh and Montezuma Slough,110,NA,NA,NA,0.07999999999999996,NA,107,63682.6446280992,104861.487603306,5,2010-12-21,157997.355371901,5,94314.7107438016,W,343,477,29,191,70.16
2011,2010-12-19,2010-12-16,TRUE,Suisun and Honker Bays,110,NA,NA,NA,NA,NA,107,63682.6446280992,104861.487603306,5,2010-12-21,157997.355371901,5,94314.7107438016,W,343,477,29,191,70.16
2011,2010-12-19,2010-12-16,TRUE,NA,110,NA,NA,NA,NA,NA,107,63682.6446280992,104861.487603306,5,2010-12-21,157997.355371901,5,94314.7107438016,W,343,477,29,191,70.16
2011,2011-02-18,2010-12-16,TRUE,Cache Slough and Liberty Island,171,NA,NA,NA,NA,-2.333333333333332,107,63682.6446280992,104861.487603306,5,2010-12-21,157997.355371901,5,94314.7107438016,W,343,477,29,191,67.23
2011,2011-02-18,2010-12-16,TRUE,Cache Slough and Liberty Island,171,NA,-229.19333333333333,NA,NA,NA,107,63682.6446280992,104861.487603306,5,2010-12-21,157997.355371901,5,94314.7107438016,W,343,477,29,191,67.23
2011,2011-02-18,2010-12-16,TRUE,Cache Slough and Liberty Island,171,NA,NA,43.16166666666667,NA,NA,107,63682.6446280992,104861.487603306,5,2010-12-21,157997.355371901,5,94314.7107438016,W,343,477,29,191,67.23
2011,2011-02-18,2010-12-16,TRUE,Cache Slough and Liberty Island,171,NA,NA,NA,NA,NA,107,63682.6446280992,104861.487603306,5,2010-12-21,157997.355371901,5,94314.7107438016,W,343,477,29,191,67.23
2011,2011-02-18,2010-12-16,TRUE,Confluence,171,NA,NA,NA,NA,-0.809333333333333,107,63682.6446280992,104861.487603306,5,2010-12-21,157997.355371901,5,94314.7107438016,W,343,477,29,191,67.23
2011,2011-02-18,2010-12-16,TRUE,Confluence,171,NA,-52.9973333333333,NA,NA,NA,107,63682.6446280992,104861.487603306,5,2010-12-21,157997.355371901,5,94314.7107438016,W,343,477,29,191,67.23
2011,2011-02-18,2010-12-16,TRUE,Confluence,171,NA,NA,0.5586666666666709,NA,NA,107,63682.6446280992,104861.487603306,5,2010-12-21,157997.355371901,5,94314.7107438016,W,343,477,29,191,67.23
2011,2011-02-18,2010-12-16,TRUE,Confluence,171,10873.333333333336,NA,NA,NA,NA,107,63682.6446280992,104861.487603306,5,2010-12-21,157997.355371901,5,94314.7107438016,W,343,477,29,191,67.23
2011,2011-02-18,2010-12-16,TRUE,Confluence,171,NA,NA,NA,0.17333333333333334,NA,107,63682.6446280992,104861.487603306,5,2010-12-21,157997.355371901,5,94314.7107438016,W,343,477,29,191,67.23
2011,2011-02-18,2010-12-16,TRUE,North and South Forks Mokelumne River,171,NA,NA,NA,NA,-1.2300000000000004,107,63682.6446280992,104861.487603306,5,2010-12-21,157997.355371901,5,94314.7107438016,W,343,477,29,191,67.23
2011,2011-02-18,2010-12-16,TRUE,North and South Forks Mokelumne River,171,NA,3.4413333333333185,NA,NA,NA,107,63682.6446280992,104861.487603306,5,2010-12-21,157997.355371901,5,94314.7107438016,W,343,477,29,191,67.23
2011,2011-02-18,2010-12-16,TRUE,North and South Forks Mokelumne River,171,NA,NA,12.713333333333331,NA,NA,107,63682.6446280992,104861.487603306,5,2010-12-21,157997.355371901,5,94314.7107438016,W,343,477,29,191,67.23
2011,2011-02-18,2010-12-16,TRUE,North and South Forks Mokelumne River,171,1108.3888888888891,NA,NA,NA,NA,107,63682.6446280992,104861.487603306,5,2010-12-21,157997.355371901,5,94314.7107438016,W,343,477,29,191,67.23
2011,2011-02-18,2010-12-16,TRUE,North and South Forks Mokelumne River,171,NA,NA,NA,0.49900000000000005,NA,107,63682.6446280992,104861.487603306,5,2010-12-21,157997.355371901,5,94314.7107438016,W,343,477,29,191,67.23
2011,2011-02-18,2010-12-16,TRUE,Out of Bounds,171,NA,NA,NA,NA,-1.243333333333334,107,63682.6446280992,104861.487603306,5,2010-12-21,157997.355371901,5,94314.7107438016,W,343,477,29,191,67.23
2011,2011-02-18,2010-12-16,TRUE,Out of Bounds,171,NA,-12.933333333333335,NA,NA,NA,107,63682.6446280992,104861.487603306,5,2010-12-21,157997.355371901,5,94314.7107438016,W,343,477,29,191,67.23
2011,2011-02-18,2010-12-16,TRUE,Out of Bounds,171,NA,NA,10.033333333333331,NA,NA,107,63682.6446280992,104861.487603306,5,2010-12-21,157997.355371901,5,94314.7107438016,W,343,477,29,191,67.23
2011,2011-02-18,2010-12-16,TRUE,Out of Bounds,171,NA,NA,NA,NA,NA,107,63682.6446280992,104861.487603306,5,2010-12-21,157997.355371901,5,94314.7107438016,W,343,477,29,191,67.23
2011,2011-02-18,2010-12-16,TRUE,Sacramento River Deep Water Ship Channel,171,NA,NA,NA,NA,-1.083333333333334,107,63682.6446280992,104861.487603306,5,2010-12-21,157997.355371901,5,94314.7107438016,W,343,477,29,191,67.23
2011,2011-02-18,2010-12-16,TRUE,Sacramento River Deep Water Ship Channel,171,NA,10.46999999999997,NA,NA,NA,107,63682.6446280992,104861.487603306,5,2010-12-21,157997.355371901,5,94314.7107438016,W,343,477,29,191,67.23
2011,2011-02-18,2010-12-16,TRUE,Sacramento River Deep Water Ship Channel,171,NA,NA,4.306666666666668,NA,NA,107,63682.6446280992,104861.487603306,5,2010-12-21,157997.355371901,5,94314.7107438016,W,343,477,29,191,67.23
2011,2011-02-18,2010-12-16,TRUE,Sacramento River Deep Water Ship Channel,171,-112.66666666666666,NA,NA,NA,NA,107,63682.6446280992,104861.487603306,5,2010-12-21,157997.355371901,5,94314.7107438016,W,343,477,29,191,67.23
2011,2011-02-18,2010-12-16,TRUE,Sacramento River Deep Water Ship Channel,171,NA,NA,NA,0.00333333333333333,NA,107,63682.6446280992,104861.487603306,5,2010-12-21,157997.355371901,5,94314.7107438016,W,343,477,29,191,67.23
2011,2011-02-18,2010-12-16,TRUE,Sacramento River Mainstem,171,NA,NA,NA,NA,-1.5733333333333324,107,63682.6446280992,104861.487603306,5,2010-12-21,157997.355371901,5,94314.7107438016,W,343,477,29,191,67.23
2011,2011-02-18,2010-12-16,TRUE,Sacramento River Mainstem,171,NA,-16.380000000000024,NA,NA,NA,107,63682.6446280992,104861.487603306,5,2010-12-21,157997.355371901,5,94314.7107438016,W,343,477,29,191,67.23
2011,2011-02-18,2010-12-16,TRUE,Sacramento River Mainstem,171,NA,NA,19.645555555555557,NA,NA,107,63682.6446280992,104861.487603306,5,2010-12-21,157997.355371901,5,94314.7107438016,W,343,477,29,191,67.23
2011,2011-02-18,2010-12-16,TRUE,Sacramento River Mainstem,171,11013.026666666665,NA,NA,NA,NA,107,63682.6446280992,104861.487603306,5,2010-12-21,157997.355371901,5,94314.7107438016,W,343,477,29,191,67.23
2011,2011-02-18,2010-12-16,TRUE,Sacramento River Mainstem,171,NA,NA,NA,0.9466666666666664,NA,107,63682.6446280992,104861.487603306,5,2010-12-21,157997.355371901,5,94314.7107438016,W,343,477,29,191,67.23
2011,2011-02-18,2010-12-16,TRUE,San Pablo Bay and Carquinez Strait,171,NA,NA,NA,NA,-1.0411111111111104,107,63682.6446280992,104861.487603306,5,2010-12-21,157997.355371901,5,94314.7107438016,W,343,477,29,191,67.23
2011,2011-02-18,2010-12-16,TRUE,San Pablo Bay and Carquinez Strait,171,NA,-6770.3788888888885,NA,NA,NA,107,63682.6446280992,104861.487603306,5,2010-12-21,157997.355371901,5,94314.7107438016,W,343,477,29,191,67.23
2011,2011-02-18,2010-12-16,TRUE,San Pablo Bay and Carquinez Strait,171,NA,NA,19.944999999999997,NA,NA,107,63682.6446280992,104861.487603306,5,2010-12-21,157997.355371901,5,94314.7107438016,W,343,477,29,191,67.23
2011,2011-02-18,2010-12-16,TRUE,San Pablo Bay and Carquinez Strait,171,NA,NA,NA,NA,NA,107,63682.6446280992,104861.487603306,5,2010-12-21,157997.355371901,5,94314.7107438016,W,343,477,29,191,67.23
2011,2011-02-18,2010-12-16,TRUE,South Delta,171,NA,NA,NA,NA,-0.9847058823529428,107,63682.6446280992,104861.487603306,5,2010-12-21,157997.355371901,5,94314.7107438016,W,343,477,29,191,67.23
2011,2011-02-18,2010-12-16,TRUE,South Delta,171,NA,-0.2021568627450847,NA,NA,NA,107,63682.6446280992,104861.487603306,5,2010-12-21,157997.355371901,5,94314.7107438016,W,343,477,29,191,67.23
2011,2011-02-18,2010-12-16,TRUE,South Delta,171,NA,NA,1.9939215686274496,NA,NA,107,63682.6446280992,104861.487603306,5,2010-12-21,157997.355371901,5,94314.7107438016,W,343,477,29,191,67.23
2011,2011-02-18,2010-12-16,TRUE,South Delta,171,787.5376470588236,NA,NA,NA,NA,107,63682.6446280992,104861.487603306,5,2010-12-21,157997.355371901,5,94314.7107438016,W,343,477,29,191,67.23
2011,2011-02-18,2010-12-16,TRUE,South Delta,171,NA,NA,NA,0.07520833333333338,NA,107,63682.6446280992,104861.487603306,5,2010-12-21,157997.355371901,5,94314.7107438016,W,343,477,29,191,67.23
2011,2011-02-18,2010-12-16,TRUE,Suisun Marsh and Montezuma Slough,171,NA,NA,NA,NA,-1.1250000000000018,107,63682.6446280992,104861.487603306,5,2010-12-21,157997.355371901,5,94314.7107438016,W,343,477,29,191,67.23
2011,2011-02-18,2010-12-16,TRUE,Suisun Marsh and Montezuma Slough,171,NA,-420.0683333333331,NA,NA,NA,107,63682.6446280992,104861.487603306,5,2010-12-21,157997.355371901,5,94314.7107438016,W,343,477,29,191,67.23
2011,2011-02-18,2010-12-16,TRUE,Suisun Marsh and Montezuma Slough,171,NA,NA,NA,NA,NA,107,63682.6446280992,104861.487603306,5,2010-12-21,157997.355371901,5,94314.7107438016,W,343,477,29,191,67.23
2011,2011-02-18,2010-12-16,TRUE,Suisun Marsh and Montezuma Slough,171,NA,NA,NA,NA,NA,107,63682.6446280992,104861.487603306,5,2010-12-21,157997.355371901,5,94314.7107438016,W,343,477,29,191,67.23
2011,2011-02-18,2010-12-16,TRUE,Suisun Marsh and Montezuma Slough,171,NA,NA,NA,NA,NA,107,63682.6446280992,104861.487603306,5,2010-12-21,157997.355371901,5,94314.7107438016,W,343,477,29,191,67.23
2011,2011-02-18,2010-12-16,TRUE,Suisun and Honker Bays,171,NA,NA,NA,NA,NA,107,63682.6446280992,104861.487603306,5,2010-12-21,157997.355371901,5,94314.7107438016,W,343,477,29,191,67.23
2011,2011-02-18,2010-12-16,TRUE,NA,171,NA,NA,NA,NA,NA,107,63682.6446280992,104861.487603306,5,2010-12-21,157997.355371901,5,94314.7107438016,W,343,477,29,191,67.23
2011,2011-02-26,2010-12-16,TRUE,Cache Slough and Liberty Island,179,NA,NA,NA,NA,0.33333333333333215,107,63682.6446280992,104861.487603306,5,2010-12-21,157997.355371901,5,94314.7107438016,W,343,477,29,191,64.33
2011,2011-02-26,2010-12-16,TRUE,Cache Slough and Liberty Island,179,NA,-74.81,NA,NA,NA,107,63682.6446280992,104861.487603306,5,2010-12-21,157997.355371901,5,94314.7107438016,W,343,477,29,191,64.33
2011,2011-02-26,2010-12-16,TRUE,Cache Slough and Liberty Island,179,NA,NA,27.095,NA,NA,107,63682.6446280992,104861.487603306,5,2010-12-21,157997.355371901,5,94314.7107438016,W,343,477,29,191,64.33
2011,2011-02-26,2010-12-16,TRUE,Cache Slough and Liberty Island,179,NA,NA,NA,NA,NA,107,63682.6446280992,104861.487603306,5,2010-12-21,157997.355371901,5,94314.7107438016,W,343,477,29,191,64.33
2011,2011-02-26,2010-12-16,TRUE,Confluence,179,NA,NA,NA,NA,0.02066666666666705,107,63682.6446280992,104861.487603306,5,2010-12-21,157997.355371901,5,94314.7107438016,W,343,477,29,191,64.33
2011,2011-02-26,2010-12-16,TRUE,Confluence,179,NA,9.625333333333344,NA,NA,NA,107,63682.6446280992,104861.487603306,5,2010-12-21,157997.355371901,5,94314.7107438016,W,343,477,29,191,64.33
2011,2011-02-26,2010-12-16,TRUE,Confluence,179,NA,NA,1.6759999999999984,NA,NA,107,63682.6446280992,104861.487603306,5,2010-12-21,157997.355371901,5,94314.7107438016,W,343,477,29,191,64.33
2011,2011-02-26,2010-12-16,TRUE,Confluence,179,5835.555555555555,NA,NA,NA,NA,107,63682.6446280992,104861.487603306,5,2010-12-21,157997.355371901,5,94314.7107438016,W,343,477,29,191,64.33
2011,2011-02-26,2010-12-16,TRUE,Confluence,179,NA,NA,NA,0.08666666666666661,NA,107,63682.6446280992,104861.487603306,5,2010-12-21,157997.355371901,5,94314.7107438016,W,343,477,29,191,64.33
2011,2011-02-26,2010-12-16,TRUE,North and South Forks Mokelumne River,179,NA,NA,NA,NA,-0.2699999999999996,107,63682.6446280992,104861.487603306,5,2010-12-21,157997.355371901,5,94314.7107438016,W,343,477,29,191,64.33
2011,2011-02-26,2010-12-16,TRUE,North and South Forks Mokelumne River,179,NA,2.842000000000013,NA,NA,NA,107,63682.6446280992,104861.487603306,5,2010-12-21,157997.355371901,5,94314.7107438016,W,343,477,29,191,64.33
2011,2011-02-26,2010-12-16,TRUE,North and South Forks Mokelumne River,179,NA,NA,8.580333333333332,NA,NA,107,63682.6446280992,104861.487603306,5,2010-12-21,157997.355371901,5,94314.7107438016,W,343,477,29,191,64.33
2011,2011-02-26,2010-12-16,TRUE,North and South Forks Mokelumne River,179,1431.6666666666663,NA,NA,NA,NA,107,63682.6446280992,104861.487603306,5,2010-12-21,157997.355371901,5,94314.7107438016,W,343,477,29,191,64.33
2011,2011-02-26,2010-12-16,TRUE,North and South Forks Mokelumne River,179,NA,NA,NA,0.37111111111111106,NA,107,63682.6446280992,104861.487603306,5,2010-12-21,157997.355371901,5,94314.7107438016,W,343,477,29,191,64.33
2011,2011-02-26,2010-12-16,TRUE,Out of Bounds,179,NA,NA,NA,NA,-0.5600000000000005,107,63682.6446280992,104861.487603306,5,2010-12-21,157997.355371901,5,94314.7107438016,W,343,477,29,191,64.33
2011,2011-02-26,2010-12-16,TRUE,Out of Bounds,179,NA,-9.703333333333376,NA,NA,NA,107,63682.6446280992,104861.487603306,5,2010-12-21,157997.355371901,5,94314.7107438016,W,343,477,29,191,64.33
2011,2011-02-26,2010-12-16,TRUE,Out of Bounds,179,NA,NA,3.3966666666666683,NA,NA,107,63682.6446280992,104861.487603306,5,2010-12-21,157997.355371901,5,94314.7107438016,W,343,477,29,191,64.33
2011,2011-02-26,2010-12-16,TRUE,Out of Bounds,179,NA,NA,NA,NA,NA,107,63682.6446280992,104861.487603306,5,2010-12-21,157997.355371901,5,94314.7107438016,W,343,477,29,191,64.33
2011,2011-02-26,2010-12-16,TRUE,Sacramento River Deep Water Ship Channel,179,NA,NA,NA,NA,-0.04000000000000092,107,63682.6446280992,104861.487603306,5,2010-12-21,157997.355371901,5,94314.7107438016,W,343,477,29,191,64.33
2011,2011-02-26,2010-12-16,TRUE,Sacramento River Deep Water Ship Channel,179,NA,18.389999999999983,NA,NA,NA,107,63682.6446280992,104861.487603306,5,2010-12-21,157997.355371901,5,94314.7107438016,W,343,477,29,191,64.33
2011,2011-02-26,2010-12-16,TRUE,Sacramento River Deep Water Ship Channel,179,NA,NA,1.0800000000000018,NA,NA,107,63682.6446280992,104861.487603306,5,2010-12-21,157997.355371901,5,94314.7107438016,W,343,477,29,191,64.33
2011,2011-02-26,2010-12-16,TRUE,Sacramento River Deep Water Ship Channel,179,382.6666666666667,NA,NA,NA,NA,107,63682.6446280992,104861.487603306,5,2010-12-21,157997.355371901,5,94314.7107438016,W,343,477,29,191,64.33
2011,2011-02-26,2010-12-16,TRUE,Sacramento River Deep Water Ship Channel,179,NA,NA,NA,0.01666666666666666,NA,107,63682.6446280992,104861.487603306,5,2010-12-21,157997.355371901,5,94314.7107438016,W,343,477,29,191,64.33
2011,2011-02-26,2010-12-16,TRUE,Sacramento River Mainstem,179,NA,NA,NA,NA,-0.24444444444444535,107,63682.6446280992,104861.487603306,5,2010-12-21,157997.355371901,5,94314.7107438016,W,343,477,29,191,64.33
2011,2011-02-26,2010-12-16,TRUE,Sacramento River Mainstem,179,NA,-3.568333333333328,NA,NA,NA,107,63682.6446280992,104861.487603306,5,2010-12-21,157997.355371901,5,94314.7107438016,W,343,477,29,191,64.33
2011,2011-02-26,2010-12-16,TRUE,Sacramento River Mainstem,179,NA,NA,16.449999999999996,NA,NA,107,63682.6446280992,104861.487603306,5,2010-12-21,157997.355371901,5,94314.7107438016,W,343,477,29,191,64.33
2011,2011-02-26,2010-12-16,TRUE,Sacramento River Mainstem,179,4573.87833333333,NA,NA,NA,NA,107,63682.6446280992,104861.487603306,5,2010-12-21,157997.355371901,5,94314.7107438016,W,343,477,29,191,64.33
2011,2011-02-26,2010-12-16,TRUE,Sacramento River Mainstem,179,NA,NA,NA,0.3833333333333331,NA,107,63682.6446280992,104861.487603306,5,2010-12-21,157997.355371901,5,94314.7107438016,W,343,477,29,191,64.33
2011,2011-02-26,2010-12-16,TRUE,San Pablo Bay and Carquinez Strait,179,NA,NA,NA,NA,-0.07000000000000028,107,63682.6446280992,104861.487603306,5,2010-12-21,157997.355371901,5,94314.7107438016,W,343,477,29,191,64.33
2011,2011-02-26,2010-12-16,TRUE,San Pablo Bay and Carquinez Strait,179,NA,-567.00944444444394,NA,NA,NA,107,63682.6446280992,104861.487603306,5,2010-12-21,157997.355371901,5,94314.7107438016,W,343,477,29,191,64.33
2011,2011-02-26,2010-12-16,TRUE,San Pablo Bay and Carquinez Strait,179,NA,NA,-4.011666666666667,NA,NA,107,63682.6446280992,104861.487603306,5,2010-12-21,157997.355371901,5,94314.7107438016,W,343,477,29,191,64.33
2011,2011-02-26,2010-12-16,TRUE,San Pablo Bay and Carquinez Strait,179,NA,NA,NA,NA,NA,107,63682.6446280992,104861.487603306,5,2010-12-21,157997.355371901,5,94314.7107438016,W,343,477,29,191,64.33
2011,2011-02-26,2010-12-16,TRUE,South Delta,179,NA,NA,NA,NA,-0.3358823529411765,107,63682.6446280992,104861.487603306,5,2010-12-21,157997.355371901,5,94314.7107438016,W,343,477,29,191,64.33
2011,2011-02-26,2010-12-16,TRUE,South Delta,179,NA,3.768039215686258,NA,NA,NA,107,63682.6446280992,104861.487603306,5,2010-12-21,157997.355371901,5,94314.7107438016,W,343,477,29,191,64.33
2011,2011-02-26,2010-12-16,TRUE,South Delta,179,NA,NA,0.4359191176470585,NA,NA,107,63682.6446280992,104861.487603306,5,2010-12-21,157997.355371901,5,94314.7107438016,W,343,477,29,191,64.33
2011,2011-02-26,2010-12-16,TRUE,South Delta,179,265.82831372549026,NA,NA,NA,NA,107,63682.6446280992,104861.487603306,5,2010-12-21,157997.355371901,5,94314.7107438016,W,343,477,29,191,64.33
2011,2011-02-26,2010-12-16,TRUE,South Delta,179,NA,NA,NA,0.06270833333333331,NA,107,63682.6446280992,104861.487603306,5,2010-12-21,157997.355371901,5,94314.7107438016,W,343,477,29,191,64.33
2011,2011-02-26,2010-12-16,TRUE,Suisun Marsh and Montezuma Slough,179,NA,NA,NA,NA,-0.3000000000000007,107,63682.6446280992,104861.487603306,5,2010-12-21,157997.355371901,5,94314.7107438016,W,343,477,29,191,64.33
2011,2011-02-26,2010-12-16,TRUE,Suisun Marsh and Montezuma Slough,179,NA,-268,NA,NA,NA,107,63682.6446280992,104861.487603306,5,2010-12-21,157997.355371901,5,94314.7107438016,W,343,477,29,191,64.33
2011,2011-02-26,2010-12-16,TRUE,Suisun Marsh and Montezuma Slough,179,NA,NA,NA,NA,NA,107,63682.6446280992,104861.487603306,5,2010-12-21,157997.355371901,5,94314.7107438016,W,343,477,29,191,64.33
2011,2011-02-26,2010-12-16,TRUE,Suisun Marsh and Montezuma Slough,179,287.02666666666664,NA,NA,NA,NA,107,63682.6446280992,104861.487603306,5,2010-12-21,157997.355371901,5,94314.7107438016,W,343,477,29,191,64.33
2011,2011-02-26,2010-12-16,TRUE,Suisun Marsh and Montezuma Slough,179,NA,NA,NA,0.06333333333333335,NA,107,63682.6446280992,104861.487603306,5,2010-12-21,157997.355371901,5,94314.7107438016,W,343,477,29,191,64.33
2011,2011-02-26,2010-12-16,TRUE,Suisun and Honker Bays,179,NA,NA,NA,NA,NA,107,63682.6446280992,104861.487603306,5,2010-12-21,157997.355371901,5,94314.7107438016,W,343,477,29,191,64.33
2011,2011-02-26,2010-12-16,TRUE,NA,179,NA,NA,NA,NA,NA,107,63682.6446280992,104861.487603306,5,2010-12-21,157997.355371901,5,94314.7107438016,W,343,477,29,191,64.33
2011,2011-03-16,2010-12-16,TRUE,Cache Slough and Liberty Island,197,NA,NA,NA,NA,0.17666666666666586,107,63682.6446280992,104861.487603306,5,2010-12-21,157997.355371901,5,94314.7107438016,W,343,477,29,191,60.83
2011,2011-03-16,2010-12-16,TRUE,Cache Slough and Liberty Island,197,NA,54.06000000000006,NA,NA,NA,107,63682.6446280992,104861.487603306,5,2010-12-21,157997.355371901,5,94314.7107438016,W,343,477,29,191,60.83
2011,2011-03-16,2010-12-16,TRUE,Cache Slough and Liberty Island,197,NA,NA,-0.6749999999999972,NA,NA,107,63682.6446280992,104861.487603306,5,2010-12-21,157997.355371901,5,94314.7107438016,W,343,477,29,191,60.83
2011,2011-03-16,2010-12-16,TRUE,Cache Slough and Liberty Island,197,NA,NA,NA,NA,NA,107,63682.6446280992,104861.487603306,5,2010-12-21,157997.355371901,5,94314.7107438016,W,343,477,29,191,60.83
2011,2011-03-16,2010-12-16,TRUE,Confluence,197,NA,NA,NA,NA,-0.22266666666666524,107,63682.6446280992,104861.487603306,5,2010-12-21,157997.355371901,5,94314.7107438016,W,343,477,29,191,60.83
2011,2011-03-16,2010-12-16,TRUE,Confluence,197,NA,-28.119333333333316,NA,NA,NA,107,63682.6446280992,104861.487603306,5,2010-12-21,157997.355371901,5,94314.7107438016,W,343,477,29,191,60.83
2011,2011-03-16,2010-12-16,TRUE,Confluence,197,NA,NA,2.4353333333333342,NA,NA,107,63682.6446280992,104861.487603306,5,2010-12-21,157997.355371901,5,94314.7107438016,W,343,477,29,191,60.83
2011,2011-03-16,2010-12-16,TRUE,Confluence,197,18444.44444444444,NA,NA,NA,NA,107,63682.6446280992,104861.487603306,5,2010-12-21,157997.355371901,5,94314.7107438016,W,343,477,29,191,60.83
2011,2011-03-16,2010-12-16,TRUE,Confluence,197,NA,NA,NA,0.2944444444444444,NA,107,63682.6446280992,104861.487603306,5,2010-12-21,157997.355371901,5,94314.7107438016,W,343,477,29,191,60.83
2011,2011-03-16,2010-12-16,TRUE,North and South Forks Mokelumne River,197,NA,NA,NA,NA,-0.3886666666666656,107,63682.6446280992,104861.487603306,5,2010-12-21,157997.355371901,5,94314.7107438016,W,343,477,29,191,60.83
2011,2011-03-16,2010-12-16,TRUE,North and South Forks Mokelumne River,197,NA,-19.12266666666667,NA,NA,NA,107,63682.6446280992,104861.487603306,5,2010-12-21,157997.355371901,5,94314.7107438016,W,343,477,29,191,60.83
2011,2011-03-16,2010-12-16,TRUE,North and South Forks Mokelumne River,197,NA,NA,13.036,NA,NA,107,63682.6446280992,104861.487603306,5,2010-12-21,157997.355371901,5,94314.7107438016,W,343,477,29,191,60.83
2011,2011-03-16,2010-12-16,TRUE,North and South Forks Mokelumne River,197,6196.944444444445,NA,NA,NA,NA,107,63682.6446280992,104861.487603306,5,2010-12-21,157997.355371901,5,94314.7107438016,W,343,477,29,191,60.83
2011,2011-03-16,2010-12-16,TRUE,North and South Forks Mokelumne River,197,NA,NA,NA,0.7358333333333332,NA,107,63682.6446280992,104861.487603306,5,2010-12-21,157997.355371901,5,94314.7107438016,W,343,477,29,191,60.83
2011,2011-03-16,2010-12-16,TRUE,Out of Bounds,197,NA,NA,NA,NA,0.04666666666666685,107,63682.6446280992,104861.487603306,5,2010-12-21,157997.355371901,5,94314.7107438016,W,343,477,29,191,60.83
2011,2011-03-16,2010-12-16,TRUE,Out of Bounds,197,NA,16.98333333333335,NA,NA,NA,107,63682.6446280992,104861.487603306,5,2010-12-21,157997.355371901,5,94314.7107438016,W,343,477,29,191,60.83
2011,2011-03-16,2010-12-16,TRUE,Out of Bounds,197,NA,NA,0.5500000000000007,NA,NA,107,63682.6446280992,104861.487603306,5,2010-12-21,157997.355371901,5,94314.7107438016,W,343,477,29,191,60.83
2011,2011-03-16,2010-12-16,TRUE,Out of Bounds,197,NA,NA,NA,NA,NA,107,63682.6446280992,104861.487603306,5,2010-12-21,157997.355371901,5,94314.7107438016,W,343,477,29,191,60.83
2011,2011-03-16,2010-12-16,TRUE,Sacramento River Deep Water Ship Channel,197,NA,NA,NA,NA,-0.47666666666666657,107,63682.6446280992,104861.487603306,5,2010-12-21,157997.355371901,5,94314.7107438016,W,343,477,29,191,60.83
2011,2011-03-16,2010-12-16,TRUE,Sacramento River Deep Water Ship Channel,197,NA,-49.30666666666667,NA,NA,NA,107,63682.6446280992,104861.487603306,5,2010-12-21,157997.355371901,5,94314.7107438016,W,343,477,29,191,60.83
2011,2011-03-16,2010-12-16,TRUE,Sacramento River Deep Water Ship Channel,197,NA,NA,1.2666666666666675,NA,NA,107,63682.6446280992,104861.487603306,5,2010-12-21,157997.355371901,5,94314.7107438016,W,343,477,29,191,60.83
2011,2011-03-16,2010-12-16,TRUE,Sacramento River Deep Water Ship Channel,197,56.4,NA,NA,NA,NA,107,63682.6446280992,104861.487603306,5,2010-12-21,157997.355371901,5,94314.7107438016,W,343,477,29,191,60.83
2011,2011-03-16,2010-12-16,TRUE,Sacramento River Deep Water Ship Channel,197,NA,NA,NA,0.02,NA,107,63682.6446280992,104861.487603306,5,2010-12-21,157997.355371901,5,94314.7107438016,W,343,477,29,191,60.83
2011,2011-03-16,2010-12-16,TRUE,Sacramento River Mainstem,197,NA,NA,NA,NA,-1.134444444444446,107,63682.6446280992,104861.487603306,5,2010-12-21,157997.355371901,5,94314.7107438016,W,343,477,29,191,60.83
2011,2011-03-16,2010-12-16,TRUE,Sacramento River Mainstem,197,NA,-40.125,NA,NA,NA,107,63682.6446280992,104861.487603306,5,2010-12-21,157997.355371901,5,94314.7107438016,W,343,477,29,191,60.83
2011,2011-03-16,2010-12-16,TRUE,Sacramento River Mainstem,197,NA,NA,20.18444444444444,NA,NA,107,63682.6446280992,104861.487603306,5,2010-12-21,157997.355371901,5,94314.7107438016,W,343,477,29,191,60.83
2011,2011-03-16,2010-12-16,TRUE,Sacramento River Mainstem,197,21937.056666666664,NA,NA,NA,NA,107,63682.6446280992,104861.487603306,5,2010-12-21,157997.355371901,5,94314.7107438016,W,343,477,29,191,60.83
2011,2011-03-16,2010-12-16,TRUE,Sacramento River Mainstem,197,NA,NA,NA,1.063333333333333,NA,107,63682.6446280992,104861.487603306,5,2010-12-21,157997.355371901,5,94314.7107438016,W,343,477,29,191,60.83
2011,2011-03-16,2010-12-16,TRUE,San Pablo Bay and Carquinez Strait,197,NA,NA,NA,NA,0.4655555555555555,107,63682.6446280992,104861.487603306,5,2010-12-21,157997.355371901,5,94314.7107438016,W,343,477,29,191,60.83
2011,2011-03-16,2010-12-16,TRUE,San Pablo Bay and Carquinez Strait,197,NA,-6765.907777777777,NA,NA,NA,107,63682.6446280992,104861.487603306,5,2010-12-21,157997.355371901,5,94314.7107438016,W,343,477,29,191,60.83
2011,2011-03-16,2010-12-16,TRUE,San Pablo Bay and Carquinez Strait,197,NA,NA,17.511666666666663,NA,NA,107,63682.6446280992,104861.487603306,5,2010-12-21,157997.355371901,5,94314.7107438016,W,343,477,29,191,60.83
2011,2011-03-16,2010-12-16,TRUE,San Pablo Bay and Carquinez Strait,197,NA,NA,NA,NA,NA,107,63682.6446280992,104861.487603306,5,2010-12-21,157997.355371901,5,94314.7107438016,W,343,477,29,191,60.83
2011,2011-03-16,2010-12-16,TRUE,South Delta,197,NA,NA,NA,NA,0.16235294117647037,107,63682.6446280992,104861.487603306,5,2010-12-21,157997.355371901,5,94314.7107438016,W,343,477,29,191,60.83
2011,2011-03-16,2010-12-16,TRUE,South Delta,197,NA,-1.8821568627450915,NA,NA,NA,107,63682.6446280992,104861.487603306,5,2010-12-21,157997.355371901,5,94314.7107438016,W,343,477,29,191,60.83
2011,2011-03-16,2010-12-16,TRUE,South Delta,197,NA,NA,0.6096078431372538,NA,NA,107,63682.6446280992,104861.487603306,5,2010-12-21,157997.355371901,5,94314.7107438016,W,343,477,29,191,60.83
2011,2011-03-16,2010-12-16,TRUE,South Delta,197,1078.2661980894925,NA,NA,NA,NA,107,63682.6446280992,104861.487603306,5,2010-12-21,157997.355371901,5,94314.7107438016,W,343,477,29,191,60.83
2011,2011-03-16,2010-12-16,TRUE,South Delta,197,NA,NA,NA,0.27999007936507936,NA,107,63682.6446280992,104861.487603306,5,2010-12-21,157997.355371901,5,94314.7107438016,W,343,477,29,191,60.83
2011,2011-03-16,2010-12-16,TRUE,Suisun Marsh and Montezuma Slough,197,NA,NA,NA,NA,-0.02999999999999936,107,63682.6446280992,104861.487603306,5,2010-12-21,157997.355371901,5,94314.7107438016,W,343,477,29,191,60.83
2011,2011-03-16,2010-12-16,TRUE,Suisun Marsh and Montezuma Slough,197,NA,-23.500833333333276,NA,NA,NA,107,63682.6446280992,104861.487603306,5,2010-12-21,157997.355371901,5,94314.7107438016,W,343,477,29,191,60.83
2011,2011-03-16,2010-12-16,TRUE,Suisun Marsh and Montezuma Slough,197,NA,NA,NA,NA,NA,107,63682.6446280992,104861.487603306,5,2010-12-21,157997.355371901,5,94314.7107438016,W,343,477,29,191,60.83
2011,2011-03-16,2010-12-16,TRUE,Suisun Marsh and Montezuma Slough,197,430.7633333333333,NA,NA,NA,NA,107,63682.6446280992,104861.487603306,5,2010-12-21,157997.355371901,5,94314.7107438016,W,343,477,29,191,60.83
2011,2011-03-16,2010-12-16,TRUE,Suisun Marsh and Montezuma Slough,197,NA,NA,NA,0.13,NA,107,63682.6446280992,104861.487603306,5,2010-12-21,157997.355371901,5,94314.7107438016,W,343,477,29,191,60.83
2011,2011-03-16,2010-12-16,TRUE,Suisun and Honker Bays,197,NA,NA,NA,NA,NA,107,63682.6446280992,104861.487603306,5,2010-12-21,157997.355371901,5,94314.7107438016,W,343,477,29,191,60.83
2011,2011-03-16,2010-12-16,TRUE,NA,197,NA,NA,NA,NA,NA,107,63682.6446280992,104861.487603306,5,2010-12-21,157997.355371901,5,94314.7107438016,W,343,477,29,191,60.83
2011,2011-03-25,2010-12-16,TRUE,Cache Slough and Liberty Island,206,NA,NA,NA,NA,-0.9233333333333338,107,63682.6446280992,104861.487603306,5,2010-12-21,157997.355371901,5,94314.7107438016,W,343,477,29,191,54.19
2011,2011-03-25,2010-12-16,TRUE,Cache Slough and Liberty Island,206,NA,-98.72333333333331,NA,NA,NA,107,63682.6446280992,104861.487603306,5,2010-12-21,157997.355371901,5,94314.7107438016,W,343,477,29,191,54.19
2011,2011-03-25,2010-12-16,TRUE,Cache Slough and Liberty Island,206,NA,NA,35.44166666666666,NA,NA,107,63682.6446280992,104861.487603306,5,2010-12-21,157997.355371901,5,94314.7107438016,W,343,477,29,191,54.19
2011,2011-03-25,2010-12-16,TRUE,Cache Slough and Liberty Island,206,NA,NA,NA,NA,NA,107,63682.6446280992,104861.487603306,5,2010-12-21,157997.355371901,5,94314.7107438016,W,343,477,29,191,54.19
2011,2011-03-25,2010-12-16,TRUE,Confluence,206,NA,NA,NA,NA,-0.10666666666666735,107,63682.6446280992,104861.487603306,5,2010-12-21,157997.355371901,5,94314.7107438016,W,343,477,29,191,54.19
2011,2011-03-25,2010-12-16,TRUE,Confluence,206,NA,10.73666666666668,NA,NA,NA,107,63682.6446280992,104861.487603306,5,2010-12-21,157997.355371901,5,94314.7107438016,W,343,477,29,191,54.19
2011,2011-03-25,2010-12-16,TRUE,Confluence,206,NA,NA,11.664,NA,NA,107,63682.6446280992,104861.487603306,5,2010-12-21,157997.355371901,5,94314.7107438016,W,343,477,29,191,54.19
2011,2011-03-25,2010-12-16,TRUE,Confluence,206,23755.55555555556,NA,NA,NA,NA,107,63682.6446280992,104861.487603306,5,2010-12-21,157997.355371901,5,94314.7107438016,W,343,477,29,191,54.19
2011,2011-03-25,2010-12-16,TRUE,Confluence,206,NA,NA,NA,0.35111111111111093,NA,107,63682.6446280992,104861.487603306,5,2010-12-21,157997.355371901,5,94314.7107438016,W,343,477,29,191,54.19
2011,2011-03-25,2010-12-16,TRUE,North and South Forks Mokelumne River,206,NA,NA,NA,NA,-0.23866666666666525,107,63682.6446280992,104861.487603306,5,2010-12-21,157997.355371901,5,94314.7107438016,W,343,477,29,191,54.19
2011,2011-03-25,2010-12-16,TRUE,North and South Forks Mokelumne River,206,NA,8.726666666666674,NA,NA,NA,107,63682.6446280992,104861.487603306,5,2010-12-21,157997.355371901,5,94314.7107438016,W,343,477,29,191,54.19
2011,2011-03-25,2010-12-16,TRUE,North and South Forks Mokelumne River,206,NA,NA,13.967999999999996,NA,NA,107,63682.6446280992,104861.487603306,5,2010-12-21,157997.355371901,5,94314.7107438016,W,343,477,29,191,54.19
2011,2011-03-25,2010-12-16,TRUE,North and South Forks Mokelumne River,206,3878.6111111111113,NA,NA,NA,NA,107,63682.6446280992,104861.487603306,5,2010-12-21,157997.355371901,5,94314.7107438016,W,343,477,29,191,54.19
2011,2011-03-25,2010-12-16,TRUE,North and South Forks Mokelumne River,206,NA,NA,NA,0.45216666666666683,NA,107,63682.6446280992,104861.487603306,5,2010-12-21,157997.355371901,5,94314.7107438016,W,343,477,29,191,54.19
2011,2011-03-25,2010-12-16,TRUE,Out of Bounds,206,NA,NA,NA,NA,-0.02999999999999936,107,63682.6446280992,104861.487603306,5,2010-12-21,157997.355371901,5,94314.7107438016,W,343,477,29,191,54.19
2011,2011-03-25,2010-12-16,TRUE,Out of Bounds,206,NA,-8.150000000000006,NA,NA,NA,107,63682.6446280992,104861.487603306,5,2010-12-21,157997.355371901,5,94314.7107438016,W,343,477,29,191,54.19
2011,2011-03-25,2010-12-16,TRUE,Out of Bounds,206,NA,NA,5.366666666666667,NA,NA,107,63682.6446280992,104861.487603306,5,2010-12-21,157997.355371901,5,94314.7107438016,W,343,477,29,191,54.19
2011,2011-03-25,2010-12-16,TRUE,Out of Bounds,206,NA,NA,NA,NA,NA,107,63682.6446280992,104861.487603306,5,2010-12-21,157997.355371901,5,94314.7107438016,W,343,477,29,191,54.19
2011,2011-03-25,2010-12-16,TRUE,Sacramento River Deep Water Ship Channel,206,NA,NA,NA,NA,0.07000000000000028,107,63682.6446280992,104861.487603306,5,2010-12-21,157997.355371901,5,94314.7107438016,W,343,477,29,191,54.19
2011,2011-03-25,2010-12-16,TRUE,Sacramento River Deep Water Ship Channel,206,NA,15.353333333333325,NA,NA,NA,107,63682.6446280992,104861.487603306,5,2010-12-21,157997.355371901,5,94314.7107438016,W,343,477,29,191,54.19
2011,2011-03-25,2010-12-16,TRUE,Sacramento River Deep Water Ship Channel,206,NA,NA,-5.416666666666664,NA,NA,107,63682.6446280992,104861.487603306,5,2010-12-21,157997.355371901,5,94314.7107438016,W,343,477,29,191,54.19
2011,2011-03-25,2010-12-16,TRUE,Sacramento River Deep Water Ship Channel,206,NA,NA,NA,NA,NA,107,63682.6446280992,104861.487603306,5,2010-12-21,157997.355371901,5,94314.7107438016,W,343,477,29,191,54.19
2011,2011-03-25,2010-12-16,TRUE,Sacramento River Deep Water Ship Channel,206,NA,NA,NA,0.05,NA,107,63682.6446280992,104861.487603306,5,2010-12-21,157997.355371901,5,94314.7107438016,W,343,477,29,191,54.19
2011,2011-03-25,2010-12-16,TRUE,Sacramento River Mainstem,206,NA,NA,NA,NA,-0.2766666666666673,107,63682.6446280992,104861.487603306,5,2010-12-21,157997.355371901,5,94314.7107438016,W,343,477,29,191,54.19
2011,2011-03-25,2010-12-16,TRUE,Sacramento River Mainstem,206,NA,5.473333333333329,NA,NA,NA,107,63682.6446280992,104861.487603306,5,2010-12-21,157997.355371901,5,94314.7107438016,W,343,477,29,191,54.19
2011,2011-03-25,2010-12-16,TRUE,Sacramento River Mainstem,206,NA,NA,6.042222222222222,NA,NA,107,63682.6446280992,104861.487603306,5,2010-12-21,157997.355371901,5,94314.7107438016,W,343,477,29,191,54.19
2011,2011-03-25,2010-12-16,TRUE,Sacramento River Mainstem,206,587.2083333333285,NA,NA,NA,NA,107,63682.6446280992,104861.487603306,5,2010-12-21,157997.355371901,5,94314.7107438016,W,343,477,29,191,54.19
2011,2011-03-25,2010-12-16,TRUE,Sacramento River Mainstem,206,NA,NA,NA,-0.04666666666666641,NA,107,63682.6446280992,104861.487603306,5,2010-12-21,157997.355371901,5,94314.7107438016,W,343,477,29,191,54.19
2011,2011-03-25,2010-12-16,TRUE,San Pablo Bay and Carquinez Strait,206,NA,NA,NA,NA,-0.41999999999999993,107,63682.6446280992,104861.487603306,5,2010-12-21,157997.355371901,5,94314.7107438016,W,343,477,29,191,54.19
2011,2011-03-25,2010-12-16,TRUE,San Pablo Bay and Carquinez Strait,206,NA,-193.99888888888887,NA,NA,NA,107,63682.6446280992,104861.487603306,5,2010-12-21,157997.355371901,5,94314.7107438016,W,343,477,29,191,54.19
2011,2011-03-25,2010-12-16,TRUE,San Pablo Bay and Carquinez Strait,206,NA,NA,11.77666666666667,NA,NA,107,63682.6446280992,104861.487603306,5,2010-12-21,157997.355371901,5,94314.7107438016,W,343,477,29,191,54.19
2011,2011-03-25,2010-12-16,TRUE,San Pablo Bay and Carquinez Strait,206,NA,NA,NA,NA,NA,107,63682.6446280992,104861.487603306,5,2010-12-21,157997.355371901,5,94314.7107438016,W,343,477,29,191,54.19
2011,2011-03-25,2010-12-16,TRUE,South Delta,206,NA,NA,NA,NA,-0.355294117647059,107,63682.6446280992,104861.487603306,5,2010-12-21,157997.355371901,5,94314.7107438016,W,343,477,29,191,54.19
2011,2011-03-25,2010-12-16,TRUE,South Delta,206,NA,10.503529411764704,NA,NA,NA,107,63682.6446280992,104861.487603306,5,2010-12-21,157997.355371901,5,94314.7107438016,W,343,477,29,191,54.19
2011,2011-03-25,2010-12-16,TRUE,South Delta,206,NA,NA,5.770784313725489,NA,NA,107,63682.6446280992,104861.487603306,5,2010-12-21,157997.355371901,5,94314.7107438016,W,343,477,29,191,54.19
2011,2011-03-25,2010-12-16,TRUE,South Delta,206,2374.49568627451,NA,NA,NA,NA,107,63682.6446280992,104861.487603306,5,2010-12-21,157997.355371901,5,94314.7107438016,W,343,477,29,191,54.19
2011,2011-03-25,2010-12-16,TRUE,South Delta,206,NA,NA,NA,0.23645833333333333,NA,107,63682.6446280992,104861.487603306,5,2010-12-21,157997.355371901,5,94314.7107438016,W,343,477,29,191,54.19
2011,2011-03-25,2010-12-16,TRUE,Suisun Marsh and Montezuma Slough,206,NA,NA,NA,NA,-0.4158333333333335,107,63682.6446280992,104861.487603306,5,2010-12-21,157997.355371901,5,94314.7107438016,W,343,477,29,191,54.19
2011,2011-03-25,2010-12-16,TRUE,Suisun Marsh and Montezuma Slough,206,NA,-84.99833333333333,NA,NA,NA,107,63682.6446280992,104861.487603306,5,2010-12-21,157997.355371901,5,94314.7107438016,W,343,477,29,191,54.19
2011,2011-03-25,2010-12-16,TRUE,Suisun Marsh and Montezuma Slough,206,NA,NA,NA,NA,NA,107,63682.6446280992,104861.487603306,5,2010-12-21,157997.355371901,5,94314.7107438016,W,343,477,29,191,54.19
2011,2011-03-25,2010-12-16,TRUE,Suisun Marsh and Montezuma Slough,206,502.6400000000003,NA,NA,NA,NA,107,63682.6446280992,104861.487603306,5,2010-12-21,157997.355371901,5,94314.7107438016,W,343,477,29,191,54.19
2011,2011-03-25,2010-12-16,TRUE,Suisun Marsh and Montezuma Slough,206,NA,NA,NA,0.07999999999999996,NA,107,63682.6446280992,104861.487603306,5,2010-12-21,157997.355371901,5,94314.7107438016,W,343,477,29,191,54.19
2011,2011-03-25,2010-12-16,TRUE,Suisun and Honker Bays,206,NA,NA,NA,NA,NA,107,63682.6446280992,104861.487603306,5,2010-12-21,157997.355371901,5,94314.7107438016,W,343,477,29,191,54.19
2011,2011-03-25,2010-12-16,TRUE,NA,206,NA,NA,NA,NA,NA,107,63682.6446280992,104861.487603306,5,2010-12-21,157997.355371901,5,94314.7107438016,W,343,477,29,191,54.19
2012,2012-01-23,2012-01-23,FALSE,Cache Slough and Liberty Island,145,NA,NA,NA,NA,0.9533333333333324,145,27074.3801652893,54870.7438016529,3,2012-01-25,63137.8512396694,2,36063.4710743802,BN,42,61,343,477,80.28
2012,2012-01-23,2012-01-23,FALSE,Cache Slough and Liberty Island,145,NA,-55.59333333333336,NA,NA,NA,145,27074.3801652893,54870.7438016529,3,2012-01-25,63137.8512396694,2,36063.4710743802,BN,42,61,343,477,80.28
2012,2012-01-23,2012-01-23,FALSE,Cache Slough and Liberty Island,145,NA,NA,21.56666666666667,NA,NA,145,27074.3801652893,54870.7438016529,3,2012-01-25,63137.8512396694,2,36063.4710743802,BN,42,61,343,477,80.28
2012,2012-01-23,2012-01-23,FALSE,Cache Slough and Liberty Island,145,NA,NA,NA,NA,NA,145,27074.3801652893,54870.7438016529,3,2012-01-25,63137.8512396694,2,36063.4710743802,BN,42,61,343,477,80.28
2012,2012-01-23,2012-01-23,FALSE,Confluence,145,NA,NA,NA,NA,0.1786666666666683,145,27074.3801652893,54870.7438016529,3,2012-01-25,63137.8512396694,2,36063.4710743802,BN,42,61,343,477,80.28
2012,2012-01-23,2012-01-23,FALSE,Confluence,145,NA,-416.52733333333344,NA,NA,NA,145,27074.3801652893,54870.7438016529,3,2012-01-25,63137.8512396694,2,36063.4710743802,BN,42,61,343,477,80.28
2012,2012-01-23,2012-01-23,FALSE,Confluence,145,NA,NA,2.8019999999999996,NA,NA,145,27074.3801652893,54870.7438016529,3,2012-01-25,63137.8512396694,2,36063.4710743802,BN,42,61,343,477,80.28
2012,2012-01-23,2012-01-23,FALSE,Confluence,145,9554.444444444443,NA,NA,NA,NA,145,27074.3801652893,54870.7438016529,3,2012-01-25,63137.8512396694,2,36063.4710743802,BN,42,61,343,477,80.28
2012,2012-01-23,2012-01-23,FALSE,Confluence,145,NA,NA,NA,0.13666666666666666,NA,145,27074.3801652893,54870.7438016529,3,2012-01-25,63137.8512396694,2,36063.4710743802,BN,42,61,343,477,80.28
2012,2012-01-23,2012-01-23,FALSE,North and South Forks Mokelumne River,145,NA,NA,NA,NA,0.5306666666666677,145,27074.3801652893,54870.7438016529,3,2012-01-25,63137.8512396694,2,36063.4710743802,BN,42,61,343,477,80.28
2012,2012-01-23,2012-01-23,FALSE,North and South Forks Mokelumne River,145,NA,-10.927999999999995,NA,NA,NA,145,27074.3801652893,54870.7438016529,3,2012-01-25,63137.8512396694,2,36063.4710743802,BN,42,61,343,477,80.28
2012,2012-01-23,2012-01-23,FALSE,North and South Forks Mokelumne River,145,NA,NA,8.103333333333332,NA,NA,145,27074.3801652893,54870.7438016529,3,2012-01-25,63137.8512396694,2,36063.4710743802,BN,42,61,343,477,80.28
2012,2012-01-23,2012-01-23,FALSE,North and South Forks Mokelumne River,145,1419.3666666666668,NA,NA,NA,NA,145,27074.3801652893,54870.7438016529,3,2012-01-25,63137.8512396694,2,36063.4710743802,BN,42,61,343,477,80.28
2012,2012-01-23,2012-01-23,FALSE,North and South Forks Mokelumne River,145,NA,NA,NA,0.17800000000000002,NA,145,27074.3801652893,54870.7438016529,3,2012-01-25,63137.8512396694,2,36063.4710743802,BN,42,61,343,477,80.28
2012,2012-01-23,2012-01-23,FALSE,Out of Bounds,145,NA,NA,NA,NA,1.1800000000000015,145,27074.3801652893,54870.7438016529,3,2012-01-25,63137.8512396694,2,36063.4710743802,BN,42,61,343,477,80.28
2012,2012-01-23,2012-01-23,FALSE,Out of Bounds,145,NA,-43.2166666666667,NA,NA,NA,145,27074.3801652893,54870.7438016529,3,2012-01-25,63137.8512396694,2,36063.4710743802,BN,42,61,343,477,80.28
2012,2012-01-23,2012-01-23,FALSE,Out of Bounds,145,NA,NA,2.326666666666667,NA,NA,145,27074.3801652893,54870.7438016529,3,2012-01-25,63137.8512396694,2,36063.4710743802,BN,42,61,343,477,80.28
2012,2012-01-23,2012-01-23,FALSE,Out of Bounds,145,NA,NA,NA,NA,NA,145,27074.3801652893,54870.7438016529,3,2012-01-25,63137.8512396694,2,36063.4710743802,BN,42,61,343,477,80.28
2012,2012-01-23,2012-01-23,FALSE,Sacramento River Deep Water Ship Channel,145,NA,NA,NA,NA,0.3366666666666678,145,27074.3801652893,54870.7438016529,3,2012-01-25,63137.8512396694,2,36063.4710743802,BN,42,61,343,477,80.28
2012,2012-01-23,2012-01-23,FALSE,Sacramento River Deep Water Ship Channel,145,NA,15.633333333333354,NA,NA,NA,145,27074.3801652893,54870.7438016529,3,2012-01-25,63137.8512396694,2,36063.4710743802,BN,42,61,343,477,80.28
2012,2012-01-23,2012-01-23,FALSE,Sacramento River Deep Water Ship Channel,145,NA,NA,6.970000000000001,NA,NA,145,27074.3801652893,54870.7438016529,3,2012-01-25,63137.8512396694,2,36063.4710743802,BN,42,61,343,477,80.28
2012,2012-01-23,2012-01-23,FALSE,Sacramento River Deep Water Ship Channel,145,NA,NA,NA,NA,NA,145,27074.3801652893,54870.7438016529,3,2012-01-25,63137.8512396694,2,36063.4710743802,BN,42,61,343,477,80.28
2012,2012-01-23,2012-01-23,FALSE,Sacramento River Deep Water Ship Channel,145,NA,NA,NA,-0.00333333333333333,NA,145,27074.3801652893,54870.7438016529,3,2012-01-25,63137.8512396694,2,36063.4710743802,BN,42,61,343,477,80.28
2012,2012-01-23,2012-01-23,FALSE,Sacramento River Mainstem,145,NA,NA,NA,NA,0.6500000000000004,145,27074.3801652893,54870.7438016529,3,2012-01-25,63137.8512396694,2,36063.4710743802,BN,42,61,343,477,80.28
2012,2012-01-23,2012-01-23,FALSE,Sacramento River Mainstem,145,NA,-10.386666666666656,NA,NA,NA,145,27074.3801652893,54870.7438016529,3,2012-01-25,63137.8512396694,2,36063.4710743802,BN,42,61,343,477,80.28
2012,2012-01-23,2012-01-23,FALSE,Sacramento River Mainstem,145,NA,NA,42.096666666666664,NA,NA,145,27074.3801652893,54870.7438016529,3,2012-01-25,63137.8512396694,2,36063.4710743802,BN,42,61,343,477,80.28
2012,2012-01-23,2012-01-23,FALSE,Sacramento River Mainstem,145,9426.613333333333,NA,NA,NA,NA,145,27074.3801652893,54870.7438016529,3,2012-01-25,63137.8512396694,2,36063.4710743802,BN,42,61,343,477,80.28
2012,2012-01-23,2012-01-23,FALSE,Sacramento River Mainstem,145,NA,NA,NA,0.9033333333333332,NA,145,27074.3801652893,54870.7438016529,3,2012-01-25,63137.8512396694,2,36063.4710743802,BN,42,61,343,477,80.28
2012,2012-01-23,2012-01-23,FALSE,San Pablo Bay and Carquinez Strait,145,NA,NA,NA,NA,0.09333333333333373,145,27074.3801652893,54870.7438016529,3,2012-01-25,63137.8512396694,2,36063.4710743802,BN,42,61,343,477,80.28
2012,2012-01-23,2012-01-23,FALSE,San Pablo Bay and Carquinez Strait,145,NA,-4416.123333333333,NA,NA,NA,145,27074.3801652893,54870.7438016529,3,2012-01-25,63137.8512396694,2,36063.4710743802,BN,42,61,343,477,80.28
2012,2012-01-23,2012-01-23,FALSE,San Pablo Bay and Carquinez Strait,145,NA,NA,3.0516666666666694,NA,NA,145,27074.3801652893,54870.7438016529,3,2012-01-25,63137.8512396694,2,36063.4710743802,BN,42,61,343,477,80.28
2012,2012-01-23,2012-01-23,FALSE,San Pablo Bay and Carquinez Strait,145,NA,NA,NA,NA,NA,145,27074.3801652893,54870.7438016529,3,2012-01-25,63137.8512396694,2,36063.4710743802,BN,42,61,343,477,80.28
2012,2012-01-23,2012-01-23,FALSE,South Delta,145,NA,NA,NA,NA,0.5484313725490182,145,27074.3801652893,54870.7438016529,3,2012-01-25,63137.8512396694,2,36063.4710743802,BN,42,61,343,477,80.28
2012,2012-01-23,2012-01-23,FALSE,South Delta,145,NA,-24.820588235294167,NA,NA,NA,145,27074.3801652893,54870.7438016529,3,2012-01-25,63137.8512396694,2,36063.4710743802,BN,42,61,343,477,80.28
2012,2012-01-23,2012-01-23,FALSE,South Delta,145,NA,NA,1.098431372549019,NA,NA,145,27074.3801652893,54870.7438016529,3,2012-01-25,63137.8512396694,2,36063.4710743802,BN,42,61,343,477,80.28
2012,2012-01-23,2012-01-23,FALSE,South Delta,145,469.95173581973586,NA,NA,NA,NA,145,27074.3801652893,54870.7438016529,3,2012-01-25,63137.8512396694,2,36063.4710743802,BN,42,61,343,477,80.28
2012,2012-01-23,2012-01-23,FALSE,South Delta,145,NA,NA,NA,0.05773809523809524,NA,145,27074.3801652893,54870.7438016529,3,2012-01-25,63137.8512396694,2,36063.4710743802,BN,42,61,343,477,80.28
2012,2012-01-23,2012-01-23,FALSE,Suisun Marsh and Montezuma Slough,145,NA,NA,NA,NA,0.23833333333333415,145,27074.3801652893,54870.7438016529,3,2012-01-25,63137.8512396694,2,36063.4710743802,BN,42,61,343,477,80.28
2012,2012-01-23,2012-01-23,FALSE,Suisun Marsh and Montezuma Slough,145,NA,-1822.4491666666672,NA,NA,NA,145,27074.3801652893,54870.7438016529,3,2012-01-25,63137.8512396694,2,36063.4710743802,BN,42,61,343,477,80.28
2012,2012-01-23,2012-01-23,FALSE,Suisun Marsh and Montezuma Slough,145,NA,NA,NA,NA,NA,145,27074.3801652893,54870.7438016529,3,2012-01-25,63137.8512396694,2,36063.4710743802,BN,42,61,343,477,80.28
2012,2012-01-23,2012-01-23,FALSE,Suisun Marsh and Montezuma Slough,145,105.59999999999992,NA,NA,NA,NA,145,27074.3801652893,54870.7438016529,3,2012-01-25,63137.8512396694,2,36063.4710743802,BN,42,61,343,477,80.28
2012,2012-01-23,2012-01-23,FALSE,Suisun Marsh and Montezuma Slough,145,NA,NA,NA,0.03666666666666662,NA,145,27074.3801652893,54870.7438016529,3,2012-01-25,63137.8512396694,2,36063.4710743802,BN,42,61,343,477,80.28
2012,2012-01-23,2012-01-23,FALSE,Suisun and Honker Bays,145,NA,NA,NA,NA,NA,145,27074.3801652893,54870.7438016529,3,2012-01-25,63137.8512396694,2,36063.4710743802,BN,42,61,343,477,80.28
2012,2012-01-23,2012-01-23,FALSE,NA,145,NA,NA,NA,NA,NA,145,27074.3801652893,54870.7438016529,3,2012-01-25,63137.8512396694,2,36063.4710743802,BN,42,61,343,477,80.28
2012,2012-03-16,2012-01-23,TRUE,Cache Slough and Liberty Island,198,NA,NA,NA,NA,0.5966666666666658,145,27074.3801652893,54870.7438016529,3,2012-01-25,63137.8512396694,2,36063.4710743802,BN,42,61,343,477,76.34
2012,2012-03-16,2012-01-23,TRUE,Cache Slough and Liberty Island,198,NA,-57.94666666666666,NA,NA,NA,145,27074.3801652893,54870.7438016529,3,2012-01-25,63137.8512396694,2,36063.4710743802,BN,42,61,343,477,76.34
2012,2012-03-16,2012-01-23,TRUE,Cache Slough and Liberty Island,198,NA,NA,16.581666666666663,NA,NA,145,27074.3801652893,54870.7438016529,3,2012-01-25,63137.8512396694,2,36063.4710743802,BN,42,61,343,477,76.34
2012,2012-03-16,2012-01-23,TRUE,Cache Slough and Liberty Island,198,NA,NA,NA,NA,NA,145,27074.3801652893,54870.7438016529,3,2012-01-25,63137.8512396694,2,36063.4710743802,BN,42,61,343,477,76.34
2012,2012-03-16,2012-01-23,TRUE,Confluence,198,NA,NA,NA,NA,-0.07200000000000095,145,27074.3801652893,54870.7438016529,3,2012-01-25,63137.8512396694,2,36063.4710743802,BN,42,61,343,477,76.34
2012,2012-03-16,2012-01-23,TRUE,Confluence,198,NA,-82.91600000000005,NA,NA,NA,145,27074.3801652893,54870.7438016529,3,2012-01-25,63137.8512396694,2,36063.4710743802,BN,42,61,343,477,76.34
2012,2012-03-16,2012-01-23,TRUE,Confluence,198,NA,NA,1.482666666666665,NA,NA,145,27074.3801652893,54870.7438016529,3,2012-01-25,63137.8512396694,2,36063.4710743802,BN,42,61,343,477,76.34
2012,2012-03-16,2012-01-23,TRUE,Confluence,198,12503.333333333332,NA,NA,NA,NA,145,27074.3801652893,54870.7438016529,3,2012-01-25,63137.8512396694,2,36063.4710743802,BN,42,61,343,477,76.34
2012,2012-03-16,2012-01-23,TRUE,Confluence,198,NA,NA,NA,0.1988888888888889,NA,145,27074.3801652893,54870.7438016529,3,2012-01-25,63137.8512396694,2,36063.4710743802,BN,42,61,343,477,76.34
2012,2012-03-16,2012-01-23,TRUE,North and South Forks Mokelumne River,198,NA,NA,NA,NA,-0.5073333333333334,145,27074.3801652893,54870.7438016529,3,2012-01-25,63137.8512396694,2,36063.4710743802,BN,42,61,343,477,76.34
2012,2012-03-16,2012-01-23,TRUE,North and South Forks Mokelumne River,198,NA,-4.519333333333321,NA,NA,NA,145,27074.3801652893,54870.7438016529,3,2012-01-25,63137.8512396694,2,36063.4710743802,BN,42,61,343,477,76.34
2012,2012-03-16,2012-01-23,TRUE,North and South Forks Mokelumne River,198,NA,NA,14.313333333333333,NA,NA,145,27074.3801652893,54870.7438016529,3,2012-01-25,63137.8512396694,2,36063.4710743802,BN,42,61,343,477,76.34
2012,2012-03-16,2012-01-23,TRUE,North and South Forks Mokelumne River,198,553.4166666666667,NA,NA,NA,NA,145,27074.3801652893,54870.7438016529,3,2012-01-25,63137.8512396694,2,36063.4710743802,BN,42,61,343,477,76.34
2012,2012-03-16,2012-01-23,TRUE,North and South Forks Mokelumne River,198,NA,NA,NA,0.20933333333333337,NA,145,27074.3801652893,54870.7438016529,3,2012-01-25,63137.8512396694,2,36063.4710743802,BN,42,61,343,477,76.34
2012,2012-03-16,2012-01-23,TRUE,Out of Bounds,198,NA,NA,NA,NA,-0.12333333333333309,145,27074.3801652893,54870.7438016529,3,2012-01-25,63137.8512396694,2,36063.4710743802,BN,42,61,343,477,76.34
2012,2012-03-16,2012-01-23,TRUE,Out of Bounds,198,NA,-22.82333333333338,NA,NA,NA,145,27074.3801652893,54870.7438016529,3,2012-01-25,63137.8512396694,2,36063.4710743802,BN,42,61,343,477,76.34
2012,2012-03-16,2012-01-23,TRUE,Out of Bounds,198,NA,NA,1.126666666666667,NA,NA,145,27074.3801652893,54870.7438016529,3,2012-01-25,63137.8512396694,2,36063.4710743802,BN,42,61,343,477,76.34
2012,2012-03-16,2012-01-23,TRUE,Out of Bounds,198,NA,NA,NA,NA,NA,145,27074.3801652893,54870.7438016529,3,2012-01-25,63137.8512396694,2,36063.4710743802,BN,42,61,343,477,76.34
2012,2012-03-16,2012-01-23,TRUE,Sacramento River Deep Water Ship Channel,198,NA,NA,NA,NA,0.1999999999999993,145,27074.3801652893,54870.7438016529,3,2012-01-25,63137.8512396694,2,36063.4710743802,BN,42,61,343,477,76.34
2012,2012-03-16,2012-01-23,TRUE,Sacramento River Deep Water Ship Channel,198,NA,-20.376666666666665,NA,NA,NA,145,27074.3801652893,54870.7438016529,3,2012-01-25,63137.8512396694,2,36063.4710743802,BN,42,61,343,477,76.34
2012,2012-03-16,2012-01-23,TRUE,Sacramento River Deep Water Ship Channel,198,NA,NA,0.8733333333333331,NA,NA,145,27074.3801652893,54870.7438016529,3,2012-01-25,63137.8512396694,2,36063.4710743802,BN,42,61,343,477,76.34
2012,2012-03-16,2012-01-23,TRUE,Sacramento River Deep Water Ship Channel,198,NA,NA,NA,NA,NA,145,27074.3801652893,54870.7438016529,3,2012-01-25,63137.8512396694,2,36063.4710743802,BN,42,61,343,477,76.34
2012,2012-03-16,2012-01-23,TRUE,Sacramento River Deep Water Ship Channel,198,NA,NA,NA,0.01,NA,145,27074.3801652893,54870.7438016529,3,2012-01-25,63137.8512396694,2,36063.4710743802,BN,42,61,343,477,76.34
2012,2012-03-16,2012-01-23,TRUE,Sacramento River Mainstem,198,NA,NA,NA,NA,-0.926666666666666,145,27074.3801652893,54870.7438016529,3,2012-01-25,63137.8512396694,2,36063.4710743802,BN,42,61,343,477,76.34
2012,2012-03-16,2012-01-23,TRUE,Sacramento River Mainstem,198,NA,-49.021666666666675,NA,NA,NA,145,27074.3801652893,54870.7438016529,3,2012-01-25,63137.8512396694,2,36063.4710743802,BN,42,61,343,477,76.34
2012,2012-03-16,2012-01-23,TRUE,Sacramento River Mainstem,198,NA,NA,48.58666666666667,NA,NA,145,27074.3801652893,54870.7438016529,3,2012-01-25,63137.8512396694,2,36063.4710743802,BN,42,61,343,477,76.34
2012,2012-03-16,2012-01-23,TRUE,Sacramento River Mainstem,198,17081.348333333335,NA,NA,NA,NA,145,27074.3801652893,54870.7438016529,3,2012-01-25,63137.8512396694,2,36063.4710743802,BN,42,61,343,477,76.34
2012,2012-03-16,2012-01-23,TRUE,Sacramento River Mainstem,198,NA,NA,NA,1.4666666666666663,NA,145,27074.3801652893,54870.7438016529,3,2012-01-25,63137.8512396694,2,36063.4710743802,BN,42,61,343,477,76.34
2012,2012-03-16,2012-01-23,TRUE,San Pablo Bay and Carquinez Strait,198,NA,NA,NA,NA,0.00333333333333385,145,27074.3801652893,54870.7438016529,3,2012-01-25,63137.8512396694,2,36063.4710743802,BN,42,61,343,477,76.34
2012,2012-03-16,2012-01-23,TRUE,San Pablo Bay and Carquinez Strait,198,NA,-3931.923333333332,NA,NA,NA,145,27074.3801652893,54870.7438016529,3,2012-01-25,63137.8512396694,2,36063.4710743802,BN,42,61,343,477,76.34
2012,2012-03-16,2012-01-23,TRUE,San Pablo Bay and Carquinez Strait,198,NA,NA,6.905000000000001,NA,NA,145,27074.3801652893,54870.7438016529,3,2012-01-25,63137.8512396694,2,36063.4710743802,BN,42,61,343,477,76.34
2012,2012-03-16,2012-01-23,TRUE,San Pablo Bay and Carquinez Strait,198,NA,NA,NA,NA,NA,145,27074.3801652893,54870.7438016529,3,2012-01-25,63137.8512396694,2,36063.4710743802,BN,42,61,343,477,76.34
2012,2012-03-16,2012-01-23,TRUE,South Delta,198,NA,NA,NA,NA,-0.09882352941176364,145,27074.3801652893,54870.7438016529,3,2012-01-25,63137.8512396694,2,36063.4710743802,BN,42,61,343,477,76.34
2012,2012-03-16,2012-01-23,TRUE,South Delta,198,NA,-26.30431372549026,NA,NA,NA,145,27074.3801652893,54870.7438016529,3,2012-01-25,63137.8512396694,2,36063.4710743802,BN,42,61,343,477,76.34
2012,2012-03-16,2012-01-23,TRUE,South Delta,198,NA,NA,-0.8259607843137253,NA,NA,145,27074.3801652893,54870.7438016529,3,2012-01-25,63137.8512396694,2,36063.4710743802,BN,42,61,343,477,76.34
2012,2012-03-16,2012-01-23,TRUE,South Delta,198,161.73960784313726,NA,NA,NA,NA,145,27074.3801652893,54870.7438016529,3,2012-01-25,63137.8512396694,2,36063.4710743802,BN,42,61,343,477,76.34
2012,2012-03-16,2012-01-23,TRUE,South Delta,198,NA,NA,NA,0.00979166666666665,NA,145,27074.3801652893,54870.7438016529,3,2012-01-25,63137.8512396694,2,36063.4710743802,BN,42,61,343,477,76.34
2012,2012-03-16,2012-01-23,TRUE,Suisun Marsh and Montezuma Slough,198,NA,NA,NA,NA,-0.1416666666666675,145,27074.3801652893,54870.7438016529,3,2012-01-25,63137.8512396694,2,36063.4710743802,BN,42,61,343,477,76.34
2012,2012-03-16,2012-01-23,TRUE,Suisun Marsh and Montezuma Slough,198,NA,-559.3183333333336,NA,NA,NA,145,27074.3801652893,54870.7438016529,3,2012-01-25,63137.8512396694,2,36063.4710743802,BN,42,61,343,477,76.34
2012,2012-03-16,2012-01-23,TRUE,Suisun Marsh and Montezuma Slough,198,NA,NA,NA,NA,NA,145,27074.3801652893,54870.7438016529,3,2012-01-25,63137.8512396694,2,36063.4710743802,BN,42,61,343,477,76.34
2012,2012-03-16,2012-01-23,TRUE,Suisun Marsh and Montezuma Slough,198,744.9966666666667,NA,NA,NA,NA,145,27074.3801652893,54870.7438016529,3,2012-01-25,63137.8512396694,2,36063.4710743802,BN,42,61,343,477,76.34
2012,2012-03-16,2012-01-23,TRUE,Suisun Marsh and Montezuma Slough,198,NA,NA,NA,0.15333333333333332,NA,145,27074.3801652893,54870.7438016529,3,2012-01-25,63137.8512396694,2,36063.4710743802,BN,42,61,343,477,76.34
2012,2012-03-16,2012-01-23,TRUE,Suisun and Honker Bays,198,NA,NA,NA,NA,NA,145,27074.3801652893,54870.7438016529,3,2012-01-25,63137.8512396694,2,36063.4710743802,BN,42,61,343,477,76.34
2012,2012-03-16,2012-01-23,TRUE,NA,198,NA,NA,NA,NA,NA,145,27074.3801652893,54870.7438016529,3,2012-01-25,63137.8512396694,2,36063.4710743802,BN,42,61,343,477,76.34
2012,2012-03-30,2012-01-23,TRUE,Cache Slough and Liberty Island,212,NA,NA,NA,NA,1.093333333333332,145,27074.3801652893,54870.7438016529,3,2012-01-25,63137.8512396694,2,36063.4710743802,BN,42,61,343,477,70.13
2012,2012-03-30,2012-01-23,TRUE,Cache Slough and Liberty Island,212,NA,-18.90666666666664,NA,NA,NA,145,27074.3801652893,54870.7438016529,3,2012-01-25,63137.8512396694,2,36063.4710743802,BN,42,61,343,477,70.13
2012,2012-03-30,2012-01-23,TRUE,Cache Slough and Liberty Island,212,NA,NA,-17.633333333333326,NA,NA,145,27074.3801652893,54870.7438016529,3,2012-01-25,63137.8512396694,2,36063.4710743802,BN,42,61,343,477,70.13
2012,2012-03-30,2012-01-23,TRUE,Cache Slough and Liberty Island,212,NA,NA,NA,NA,NA,145,27074.3801652893,54870.7438016529,3,2012-01-25,63137.8512396694,2,36063.4710743802,BN,42,61,343,477,70.13
2012,2012-03-30,2012-01-23,TRUE,Confluence,212,NA,NA,NA,NA,0.44933333333333536,145,27074.3801652893,54870.7438016529,3,2012-01-25,63137.8512396694,2,36063.4710743802,BN,42,61,343,477,70.13
2012,2012-03-30,2012-01-23,TRUE,Confluence,212,NA,-0.2766666666666424,NA,NA,NA,145,27074.3801652893,54870.7438016529,3,2012-01-25,63137.8512396694,2,36063.4710743802,BN,42,61,343,477,70.13
2012,2012-03-30,2012-01-23,TRUE,Confluence,212,NA,NA,8.367333333333331,NA,NA,145,27074.3801652893,54870.7438016529,3,2012-01-25,63137.8512396694,2,36063.4710743802,BN,42,61,343,477,70.13
2012,2012-03-30,2012-01-23,TRUE,Confluence,212,6600,NA,NA,NA,NA,145,27074.3801652893,54870.7438016529,3,2012-01-25,63137.8512396694,2,36063.4710743802,BN,42,61,343,477,70.13
2012,2012-03-30,2012-01-23,TRUE,Confluence,212,NA,NA,NA,0.11444444444444446,NA,145,27074.3801652893,54870.7438016529,3,2012-01-25,63137.8512396694,2,36063.4710743802,BN,42,61,343,477,70.13
2012,2012-03-30,2012-01-23,TRUE,North and South Forks Mokelumne River,212,NA,NA,NA,NA,0.6493333333333329,145,27074.3801652893,54870.7438016529,3,2012-01-25,63137.8512396694,2,36063.4710743802,BN,42,61,343,477,70.13
2012,2012-03-30,2012-01-23,TRUE,North and South Forks Mokelumne River,212,NA,7.470666666666659,NA,NA,NA,145,27074.3801652893,54870.7438016529,3,2012-01-25,63137.8512396694,2,36063.4710743802,BN,42,61,343,477,70.13
2012,2012-03-30,2012-01-23,TRUE,North and South Forks Mokelumne River,212,NA,NA,11.687333333333331,NA,NA,145,27074.3801652893,54870.7438016529,3,2012-01-25,63137.8512396694,2,36063.4710743802,BN,42,61,343,477,70.13
2012,2012-03-30,2012-01-23,TRUE,North and South Forks Mokelumne River,212,845.1666666666665,NA,NA,NA,NA,145,27074.3801652893,54870.7438016529,3,2012-01-25,63137.8512396694,2,36063.4710743802,BN,42,61,343,477,70.13
2012,2012-03-30,2012-01-23,TRUE,North and South Forks Mokelumne River,212,NA,NA,NA,0.10066666666666664,NA,145,27074.3801652893,54870.7438016529,3,2012-01-25,63137.8512396694,2,36063.4710743802,BN,42,61,343,477,70.13
2012,2012-03-30,2012-01-23,TRUE,Out of Bounds,212,NA,NA,NA,NA,1.2333333333333325,145,27074.3801652893,54870.7438016529,3,2012-01-25,63137.8512396694,2,36063.4710743802,BN,42,61,343,477,70.13
2012,2012-03-30,2012-01-23,TRUE,Out of Bounds,212,NA,5.290000000000077,NA,NA,NA,145,27074.3801652893,54870.7438016529,3,2012-01-25,63137.8512396694,2,36063.4710743802,BN,42,61,343,477,70.13
2012,2012-03-30,2012-01-23,TRUE,Out of Bounds,212,NA,NA,-0.27333333333333343,NA,NA,145,27074.3801652893,54870.7438016529,3,2012-01-25,63137.8512396694,2,36063.4710743802,BN,42,61,343,477,70.13
2012,2012-03-30,2012-01-23,TRUE,Out of Bounds,212,NA,NA,NA,NA,NA,145,27074.3801652893,54870.7438016529,3,2012-01-25,63137.8512396694,2,36063.4710743802,BN,42,61,343,477,70.13
2012,2012-03-30,2012-01-23,TRUE,Sacramento River Deep Water Ship Channel,212,NA,NA,NA,NA,0.7133333333333329,145,27074.3801652893,54870.7438016529,3,2012-01-25,63137.8512396694,2,36063.4710743802,BN,42,61,343,477,70.13
2012,2012-03-30,2012-01-23,TRUE,Sacramento River Deep Water Ship Channel,212,NA,34.37666666666672,NA,NA,NA,145,27074.3801652893,54870.7438016529,3,2012-01-25,63137.8512396694,2,36063.4710743802,BN,42,61,343,477,70.13
2012,2012-03-30,2012-01-23,TRUE,Sacramento River Deep Water Ship Channel,212,NA,NA,5.433333333333334,NA,NA,145,27074.3801652893,54870.7438016529,3,2012-01-25,63137.8512396694,2,36063.4710743802,BN,42,61,343,477,70.13
2012,2012-03-30,2012-01-23,TRUE,Sacramento River Deep Water Ship Channel,212,NA,NA,NA,NA,NA,145,27074.3801652893,54870.7438016529,3,2012-01-25,63137.8512396694,2,36063.4710743802,BN,42,61,343,477,70.13
2012,2012-03-30,2012-01-23,TRUE,Sacramento River Deep Water Ship Channel,212,NA,NA,NA,0.01666666666666666,NA,145,27074.3801652893,54870.7438016529,3,2012-01-25,63137.8512396694,2,36063.4710743802,BN,42,61,343,477,70.13
2012,2012-03-30,2012-01-23,TRUE,Sacramento River Mainstem,212,NA,NA,NA,NA,0.03500000000000014,145,27074.3801652893,54870.7438016529,3,2012-01-25,63137.8512396694,2,36063.4710743802,BN,42,61,343,477,70.13
2012,2012-03-30,2012-01-23,TRUE,Sacramento River Mainstem,212,NA,-19.646666666666675,NA,NA,NA,145,27074.3801652893,54870.7438016529,3,2012-01-25,63137.8512396694,2,36063.4710743802,BN,42,61,343,477,70.13
2012,2012-03-30,2012-01-23,TRUE,Sacramento River Mainstem,212,NA,NA,86.41888888888889,NA,NA,145,27074.3801652893,54870.7438016529,3,2012-01-25,63137.8512396694,2,36063.4710743802,BN,42,61,343,477,70.13
2012,2012-03-30,2012-01-23,TRUE,Sacramento River Mainstem,212,8165.244999999999,NA,NA,NA,NA,145,27074.3801652893,54870.7438016529,3,2012-01-25,63137.8512396694,2,36063.4710743802,BN,42,61,343,477,70.13
2012,2012-03-30,2012-01-23,TRUE,Sacramento River Mainstem,212,NA,NA,NA,0.7133333333333334,NA,145,27074.3801652893,54870.7438016529,3,2012-01-25,63137.8512396694,2,36063.4710743802,BN,42,61,343,477,70.13
2012,2012-03-30,2012-01-23,TRUE,San Pablo Bay and Carquinez Strait,212,NA,NA,NA,NA,0.3977777777777778,145,27074.3801652893,54870.7438016529,3,2012-01-25,63137.8512396694,2,36063.4710743802,BN,42,61,343,477,70.13
2012,2012-03-30,2012-01-23,TRUE,San Pablo Bay and Carquinez Strait,212,NA,1122.0277777777774,NA,NA,NA,145,27074.3801652893,54870.7438016529,3,2012-01-25,63137.8512396694,2,36063.4710743802,BN,42,61,343,477,70.13
2012,2012-03-30,2012-01-23,TRUE,San Pablo Bay and Carquinez Strait,212,NA,NA,-3.3533333333333353,NA,NA,145,27074.3801652893,54870.7438016529,3,2012-01-25,63137.8512396694,2,36063.4710743802,BN,42,61,343,477,70.13
2012,2012-03-30,2012-01-23,TRUE,San Pablo Bay and Carquinez Strait,212,NA,NA,NA,NA,NA,145,27074.3801652893,54870.7438016529,3,2012-01-25,63137.8512396694,2,36063.4710743802,BN,42,61,343,477,70.13
2012,2012-03-30,2012-01-23,TRUE,South Delta,212,NA,NA,NA,NA,0.7305882352941175,145,27074.3801652893,54870.7438016529,3,2012-01-25,63137.8512396694,2,36063.4710743802,BN,42,61,343,477,70.13
2012,2012-03-30,2012-01-23,TRUE,South Delta,212,NA,2.648823529411743,NA,NA,NA,145,27074.3801652893,54870.7438016529,3,2012-01-25,63137.8512396694,2,36063.4710743802,BN,42,61,343,477,70.13
2012,2012-03-30,2012-01-23,TRUE,South Delta,212,NA,NA,0.08053921568627409,NA,NA,145,27074.3801652893,54870.7438016529,3,2012-01-25,63137.8512396694,2,36063.4710743802,BN,42,61,343,477,70.13
2012,2012-03-30,2012-01-23,TRUE,South Delta,212,28.554901960784264,NA,NA,NA,NA,145,27074.3801652893,54870.7438016529,3,2012-01-25,63137.8512396694,2,36063.4710743802,BN,42,61,343,477,70.13
2012,2012-03-30,2012-01-23,TRUE,South Delta,212,NA,NA,NA,-0.01501388888888889,NA,145,27074.3801652893,54870.7438016529,3,2012-01-25,63137.8512396694,2,36063.4710743802,BN,42,61,343,477,70.13
2012,2012-03-30,2012-01-23,TRUE,Suisun Marsh and Montezuma Slough,212,NA,NA,NA,NA,0.8908333333333331,145,27074.3801652893,54870.7438016529,3,2012-01-25,63137.8512396694,2,36063.4710743802,BN,42,61,343,477,70.13
2012,2012-03-30,2012-01-23,TRUE,Suisun Marsh and Montezuma Slough,212,NA,-212.91416666666692,NA,NA,NA,145,27074.3801652893,54870.7438016529,3,2012-01-25,63137.8512396694,2,36063.4710743802,BN,42,61,343,477,70.13
2012,2012-03-30,2012-01-23,TRUE,Suisun Marsh and Montezuma Slough,212,NA,NA,NA,NA,NA,145,27074.3801652893,54870.7438016529,3,2012-01-25,63137.8512396694,2,36063.4710743802,BN,42,61,343,477,70.13
2012,2012-03-30,2012-01-23,TRUE,Suisun Marsh and Montezuma Slough,212,366.4033333333333,NA,NA,NA,NA,145,27074.3801652893,54870.7438016529,3,2012-01-25,63137.8512396694,2,36063.4710743802,BN,42,61,343,477,70.13
2012,2012-03-30,2012-01-23,TRUE,Suisun Marsh and Montezuma Slough,212,NA,NA,NA,0.07333333333333333,NA,145,27074.3801652893,54870.7438016529,3,2012-01-25,63137.8512396694,2,36063.4710743802,BN,42,61,343,477,70.13
2012,2012-03-30,2012-01-23,TRUE,Suisun and Honker Bays,212,NA,NA,NA,NA,NA,145,27074.3801652893,54870.7438016529,3,2012-01-25,63137.8512396694,2,36063.4710743802,BN,42,61,343,477,70.13
2012,2012-03-30,2012-01-23,TRUE,NA,212,NA,NA,NA,NA,NA,145,27074.3801652893,54870.7438016529,3,2012-01-25,63137.8512396694,2,36063.4710743802,BN,42,61,343,477,70.13
2012,2012-04-14,2012-01-23,TRUE,Cache Slough and Liberty Island,227,NA,NA,NA,NA,-0.32333333333333236,145,27074.3801652893,54870.7438016529,3,2012-01-25,63137.8512396694,2,36063.4710743802,BN,42,61,343,477,67.4
2012,2012-04-14,2012-01-23,TRUE,Cache Slough and Liberty Island,227,NA,-51.833333333333314,NA,NA,NA,145,27074.3801652893,54870.7438016529,3,2012-01-25,63137.8512396694,2,36063.4710743802,BN,42,61,343,477,67.4
2012,2012-04-14,2012-01-23,TRUE,Cache Slough and Liberty Island,227,NA,NA,17.619999999999997,NA,NA,145,27074.3801652893,54870.7438016529,3,2012-01-25,63137.8512396694,2,36063.4710743802,BN,42,61,343,477,67.4
2012,2012-04-14,2012-01-23,TRUE,Cache Slough and Liberty Island,227,NA,NA,NA,NA,NA,145,27074.3801652893,54870.7438016529,3,2012-01-25,63137.8512396694,2,36063.4710743802,BN,42,61,343,477,67.4
2012,2012-04-14,2012-01-23,TRUE,Confluence,227,NA,NA,NA,NA,0.14400000000000013,145,27074.3801652893,54870.7438016529,3,2012-01-25,63137.8512396694,2,36063.4710743802,BN,42,61,343,477,67.4
2012,2012-04-14,2012-01-23,TRUE,Confluence,227,NA,4.625333333333344,NA,NA,NA,145,27074.3801652893,54870.7438016529,3,2012-01-25,63137.8512396694,2,36063.4710743802,BN,42,61,343,477,67.4
2012,2012-04-14,2012-01-23,TRUE,Confluence,227,NA,NA,-0.0779999999999994,NA,NA,145,27074.3801652893,54870.7438016529,3,2012-01-25,63137.8512396694,2,36063.4710743802,BN,42,61,343,477,67.4
2012,2012-04-14,2012-01-23,TRUE,Confluence,227,9337.777777777776,NA,NA,NA,NA,145,27074.3801652893,54870.7438016529,3,2012-01-25,63137.8512396694,2,36063.4710743802,BN,42,61,343,477,67.4
2012,2012-04-14,2012-01-23,TRUE,Confluence,227,NA,NA,NA,0.16333333333333333,NA,145,27074.3801652893,54870.7438016529,3,2012-01-25,63137.8512396694,2,36063.4710743802,BN,42,61,343,477,67.4
2012,2012-04-14,2012-01-23,TRUE,North and South Forks Mokelumne River,227,NA,NA,NA,NA,0.01133333333333297,145,27074.3801652893,54870.7438016529,3,2012-01-25,63137.8512396694,2,36063.4710743802,BN,42,61,343,477,67.4
2012,2012-04-14,2012-01-23,TRUE,North and South Forks Mokelumne River,227,NA,4.170666666666676,NA,NA,NA,145,27074.3801652893,54870.7438016529,3,2012-01-25,63137.8512396694,2,36063.4710743802,BN,42,61,343,477,67.4
2012,2012-04-14,2012-01-23,TRUE,North and South Forks Mokelumne River,227,NA,NA,16.236666666666665,NA,NA,145,27074.3801652893,54870.7438016529,3,2012-01-25,63137.8512396694,2,36063.4710743802,BN,42,61,343,477,67.4
2012,2012-04-14,2012-01-23,TRUE,North and South Forks Mokelumne River,227,2366.083333333333,NA,NA,NA,NA,145,27074.3801652893,54870.7438016529,3,2012-01-25,63137.8512396694,2,36063.4710743802,BN,42,61,343,477,67.4
2012,2012-04-14,2012-01-23,TRUE,North and South Forks Mokelumne River,227,NA,NA,NA,0.40866666666666673,NA,145,27074.3801652893,54870.7438016529,3,2012-01-25,63137.8512396694,2,36063.4710743802,BN,42,61,343,477,67.4
2012,2012-04-14,2012-01-23,TRUE,Out of Bounds,227,NA,NA,NA,NA,0.7166666666666668,145,27074.3801652893,54870.7438016529,3,2012-01-25,63137.8512396694,2,36063.4710743802,BN,42,61,343,477,67.4
2012,2012-04-14,2012-01-23,TRUE,Out of Bounds,227,NA,47.5266666666667,NA,NA,NA,145,27074.3801652893,54870.7438016529,3,2012-01-25,63137.8512396694,2,36063.4710743802,BN,42,61,343,477,67.4
2012,2012-04-14,2012-01-23,TRUE,Out of Bounds,227,NA,NA,4.200000000000001,NA,NA,145,27074.3801652893,54870.7438016529,3,2012-01-25,63137.8512396694,2,36063.4710743802,BN,42,61,343,477,67.4
2012,2012-04-14,2012-01-23,TRUE,Out of Bounds,227,NA,NA,NA,NA,NA,145,27074.3801652893,54870.7438016529,3,2012-01-25,63137.8512396694,2,36063.4710743802,BN,42,61,343,477,67.4
2012,2012-04-14,2012-01-23,TRUE,Sacramento River Deep Water Ship Channel,227,NA,NA,NA,NA,0.3633333333333333,145,27074.3801652893,54870.7438016529,3,2012-01-25,63137.8512396694,2,36063.4710743802,BN,42,61,343,477,67.4
2012,2012-04-14,2012-01-23,TRUE,Sacramento River Deep Water Ship Channel,227,NA,35.170000000000016,NA,NA,NA,145,27074.3801652893,54870.7438016529,3,2012-01-25,63137.8512396694,2,36063.4710743802,BN,42,61,343,477,67.4
2012,2012-04-14,2012-01-23,TRUE,Sacramento River Deep Water Ship Channel,227,NA,NA,0.6333333333333329,NA,NA,145,27074.3801652893,54870.7438016529,3,2012-01-25,63137.8512396694,2,36063.4710743802,BN,42,61,343,477,67.4
2012,2012-04-14,2012-01-23,TRUE,Sacramento River Deep Water Ship Channel,227,NA,NA,NA,NA,NA,145,27074.3801652893,54870.7438016529,3,2012-01-25,63137.8512396694,2,36063.4710743802,BN,42,61,343,477,67.4
2012,2012-04-14,2012-01-23,TRUE,Sacramento River Deep Water Ship Channel,227,NA,NA,NA,0.02,NA,145,27074.3801652893,54870.7438016529,3,2012-01-25,63137.8512396694,2,36063.4710743802,BN,42,61,343,477,67.4
2012,2012-04-14,2012-01-23,TRUE,Sacramento River Mainstem,227,NA,NA,NA,NA,-0.4000000000000003,145,27074.3801652893,54870.7438016529,3,2012-01-25,63137.8512396694,2,36063.4710743802,BN,42,61,343,477,67.4
2012,2012-04-14,2012-01-23,TRUE,Sacramento River Mainstem,227,NA,-26.12833333333333,NA,NA,NA,145,27074.3801652893,54870.7438016529,3,2012-01-25,63137.8512396694,2,36063.4710743802,BN,42,61,343,477,67.4
2012,2012-04-14,2012-01-23,TRUE,Sacramento River Mainstem,227,NA,NA,38.169999999999995,NA,NA,145,27074.3801652893,54870.7438016529,3,2012-01-25,63137.8512396694,2,36063.4710743802,BN,42,61,343,477,67.4
2012,2012-04-14,2012-01-23,TRUE,Sacramento River Mainstem,227,10348.483333333332,NA,NA,NA,NA,145,27074.3801652893,54870.7438016529,3,2012-01-25,63137.8512396694,2,36063.4710743802,BN,42,61,343,477,67.4
2012,2012-04-14,2012-01-23,TRUE,Sacramento River Mainstem,227,NA,NA,NA,0.9533333333333334,NA,145,27074.3801652893,54870.7438016529,3,2012-01-25,63137.8512396694,2,36063.4710743802,BN,42,61,343,477,67.4
2012,2012-04-14,2012-01-23,TRUE,San Pablo Bay and Carquinez Strait,227,NA,NA,NA,NA,0.3955555555555552,145,27074.3801652893,54870.7438016529,3,2012-01-25,63137.8512396694,2,36063.4710743802,BN,42,61,343,477,67.4
2012,2012-04-14,2012-01-23,TRUE,San Pablo Bay and Carquinez Strait,227,NA,-3886.3233333333337,NA,NA,NA,145,27074.3801652893,54870.7438016529,3,2012-01-25,63137.8512396694,2,36063.4710743802,BN,42,61,343,477,67.4
2012,2012-04-14,2012-01-23,TRUE,San Pablo Bay and Carquinez Strait,227,NA,NA,8.783333333333339,NA,NA,145,27074.3801652893,54870.7438016529,3,2012-01-25,63137.8512396694,2,36063.4710743802,BN,42,61,343,477,67.4
2012,2012-04-14,2012-01-23,TRUE,San Pablo Bay and Carquinez Strait,227,NA,NA,NA,NA,NA,145,27074.3801652893,54870.7438016529,3,2012-01-25,63137.8512396694,2,36063.4710743802,BN,42,61,343,477,67.4
2012,2012-04-14,2012-01-23,TRUE,South Delta,227,NA,NA,NA,NA,0.4499999999999993,145,27074.3801652893,54870.7438016529,3,2012-01-25,63137.8512396694,2,36063.4710743802,BN,42,61,343,477,67.4
2012,2012-04-14,2012-01-23,TRUE,South Delta,227,NA,36.192156862745094,NA,NA,NA,145,27074.3801652893,54870.7438016529,3,2012-01-25,63137.8512396694,2,36063.4710743802,BN,42,61,343,477,67.4
2012,2012-04-14,2012-01-23,TRUE,South Delta,227,NA,NA,-0.34372549019607845,NA,NA,145,27074.3801652893,54870.7438016529,3,2012-01-25,63137.8512396694,2,36063.4710743802,BN,42,61,343,477,67.4
2012,2012-04-14,2012-01-23,TRUE,South Delta,227,386.99401307189544,NA,NA,NA,NA,145,27074.3801652893,54870.7438016529,3,2012-01-25,63137.8512396694,2,36063.4710743802,BN,42,61,343,477,67.4
2012,2012-04-14,2012-01-23,TRUE,South Delta,227,NA,NA,NA,0.036875,NA,145,27074.3801652893,54870.7438016529,3,2012-01-25,63137.8512396694,2,36063.4710743802,BN,42,61,343,477,67.4
2012,2012-04-14,2012-01-23,TRUE,Suisun Marsh and Montezuma Slough,227,NA,NA,NA,NA,0.4691666666666663,145,27074.3801652893,54870.7438016529,3,2012-01-25,63137.8512396694,2,36063.4710743802,BN,42,61,343,477,67.4
2012,2012-04-14,2012-01-23,TRUE,Suisun Marsh and Montezuma Slough,227,NA,-210.0699999999999,NA,NA,NA,145,27074.3801652893,54870.7438016529,3,2012-01-25,63137.8512396694,2,36063.4710743802,BN,42,61,343,477,67.4
2012,2012-04-14,2012-01-23,TRUE,Suisun Marsh and Montezuma Slough,227,NA,NA,NA,NA,NA,145,27074.3801652893,54870.7438016529,3,2012-01-25,63137.8512396694,2,36063.4710743802,BN,42,61,343,477,67.4
2012,2012-04-14,2012-01-23,TRUE,Suisun Marsh and Montezuma Slough,227,471.34,NA,NA,NA,NA,145,27074.3801652893,54870.7438016529,3,2012-01-25,63137.8512396694,2,36063.4710743802,BN,42,61,343,477,67.4
2012,2012-04-14,2012-01-23,TRUE,Suisun Marsh and Montezuma Slough,227,NA,NA,NA,0.1,NA,145,27074.3801652893,54870.7438016529,3,2012-01-25,63137.8512396694,2,36063.4710743802,BN,42,61,343,477,67.4
2012,2012-04-14,2012-01-23,TRUE,Suisun and Honker Bays,227,NA,NA,NA,NA,NA,145,27074.3801652893,54870.7438016529,3,2012-01-25,63137.8512396694,2,36063.4710743802,BN,42,61,343,477,67.4
2012,2012-04-14,2012-01-23,TRUE,NA,227,NA,NA,NA,NA,NA,145,27074.3801652893,54870.7438016529,3,2012-01-25,63137.8512396694,2,36063.4710743802,BN,42,61,343,477,67.4
2013,2012-12-01,2012-12-01,FALSE,Cache Slough and Liberty Island,92,NA,NA,NA,NA,0.9866666666666664,92,29242.9752066116,92366.9421487603,1,2012-12-04,122538.842975207,3,93295.8677685951,D,18,164,42,61,81.88
2013,2012-12-01,2012-12-01,FALSE,Cache Slough and Liberty Island,92,NA,-62.14666666666665,NA,NA,NA,92,29242.9752066116,92366.9421487603,1,2012-12-04,122538.842975207,3,93295.8677685951,D,18,164,42,61,81.88
2013,2012-12-01,2012-12-01,FALSE,Cache Slough and Liberty Island,92,NA,NA,68.08666666666667,NA,NA,92,29242.9752066116,92366.9421487603,1,2012-12-04,122538.842975207,3,93295.8677685951,D,18,164,42,61,81.88
2013,2012-12-01,2012-12-01,FALSE,Cache Slough and Liberty Island,92,NA,NA,NA,NA,NA,92,29242.9752066116,92366.9421487603,1,2012-12-04,122538.842975207,3,93295.8677685951,D,18,164,42,61,81.88
2013,2012-12-01,2012-12-01,FALSE,Confluence,92,NA,NA,NA,NA,0.10866666666666625,92,29242.9752066116,92366.9421487603,1,2012-12-04,122538.842975207,3,93295.8677685951,D,18,164,42,61,81.88
2013,2012-12-01,2012-12-01,FALSE,Confluence,92,NA,-401.1013333333333,NA,NA,NA,92,29242.9752066116,92366.9421487603,1,2012-12-04,122538.842975207,3,93295.8677685951,D,18,164,42,61,81.88
2013,2012-12-01,2012-12-01,FALSE,Confluence,92,NA,NA,4.3679999999999986,NA,NA,92,29242.9752066116,92366.9421487603,1,2012-12-04,122538.842975207,3,93295.8677685951,D,18,164,42,61,81.88
2013,2012-12-01,2012-12-01,FALSE,Confluence,92,24002.555555555555,NA,NA,NA,NA,92,29242.9752066116,92366.9421487603,1,2012-12-04,122538.842975207,3,93295.8677685951,D,18,164,42,61,81.88
2013,2012-12-01,2012-12-01,FALSE,Confluence,92,NA,NA,NA,0.38555555555555543,NA,92,29242.9752066116,92366.9421487603,1,2012-12-04,122538.842975207,3,93295.8677685951,D,18,164,42,61,81.88
2013,2012-12-01,2012-12-01,FALSE,North and South Forks Mokelumne River,92,NA,NA,NA,NA,0.5493333333333332,92,29242.9752066116,92366.9421487603,1,2012-12-04,122538.842975207,3,93295.8677685951,D,18,164,42,61,81.88
2013,2012-12-01,2012-12-01,FALSE,North and South Forks Mokelumne River,92,NA,-13.199999999999989,NA,NA,NA,92,29242.9752066116,92366.9421487603,1,2012-12-04,122538.842975207,3,93295.8677685951,D,18,164,42,61,81.88
2013,2012-12-01,2012-12-01,FALSE,North and South Forks Mokelumne River,92,NA,NA,17.558,NA,NA,92,29242.9752066116,92366.9421487603,1,2012-12-04,122538.842975207,3,93295.8677685951,D,18,164,42,61,81.88
2013,2012-12-01,2012-12-01,FALSE,North and South Forks Mokelumne River,92,3283.083333333333,NA,NA,NA,NA,92,29242.9752066116,92366.9421487603,1,2012-12-04,122538.842975207,3,93295.8677685951,D,18,164,42,61,81.88
2013,2012-12-01,2012-12-01,FALSE,North and South Forks Mokelumne River,92,NA,NA,NA,0.43799999999999994,NA,92,29242.9752066116,92366.9421487603,1,2012-12-04,122538.842975207,3,93295.8677685951,D,18,164,42,61,81.88
2013,2012-12-01,2012-12-01,FALSE,Out of Bounds,92,NA,NA,NA,NA,1.2066666666666652,92,29242.9752066116,92366.9421487603,1,2012-12-04,122538.842975207,3,93295.8677685951,D,18,164,42,61,81.88
2013,2012-12-01,2012-12-01,FALSE,Out of Bounds,92,NA,-96.9666666666667,NA,NA,NA,92,29242.9752066116,92366.9421487603,1,2012-12-04,122538.842975207,3,93295.8677685951,D,18,164,42,61,81.88
2013,2012-12-01,2012-12-01,FALSE,Out of Bounds,92,NA,NA,10.213333333333331,NA,NA,92,29242.9752066116,92366.9421487603,1,2012-12-04,122538.842975207,3,93295.8677685951,D,18,164,42,61,81.88
2013,2012-12-01,2012-12-01,FALSE,Out of Bounds,92,NA,NA,NA,NA,NA,92,29242.9752066116,92366.9421487603,1,2012-12-04,122538.842975207,3,93295.8677685951,D,18,164,42,61,81.88
2013,2012-12-01,2012-12-01,FALSE,Sacramento River Deep Water Ship Channel,92,NA,NA,NA,NA,0.27000000000000135,92,29242.9752066116,92366.9421487603,1,2012-12-04,122538.842975207,3,93295.8677685951,D,18,164,42,61,81.88
2013,2012-12-01,2012-12-01,FALSE,Sacramento River Deep Water Ship Channel,92,NA,14.54333333333335,NA,NA,NA,92,29242.9752066116,92366.9421487603,1,2012-12-04,122538.842975207,3,93295.8677685951,D,18,164,42,61,81.88
2013,2012-12-01,2012-12-01,FALSE,Sacramento River Deep Water Ship Channel,92,NA,NA,8.43,NA,NA,92,29242.9752066116,92366.9421487603,1,2012-12-04,122538.842975207,3,93295.8677685951,D,18,164,42,61,81.88
2013,2012-12-01,2012-12-01,FALSE,Sacramento River Deep Water Ship Channel,92,173.33333333333326,NA,NA,NA,NA,92,29242.9752066116,92366.9421487603,1,2012-12-04,122538.842975207,3,93295.8677685951,D,18,164,42,61,81.88
2013,2012-12-01,2012-12-01,FALSE,Sacramento River Deep Water Ship Channel,92,NA,NA,NA,0.00999999999999999,NA,92,29242.9752066116,92366.9421487603,1,2012-12-04,122538.842975207,3,93295.8677685951,D,18,164,42,61,81.88
2013,2012-12-01,2012-12-01,FALSE,Sacramento River Mainstem,92,NA,NA,NA,NA,0.6866666666666656,92,29242.9752066116,92366.9421487603,1,2012-12-04,122538.842975207,3,93295.8677685951,D,18,164,42,61,81.88
2013,2012-12-01,2012-12-01,FALSE,Sacramento River Mainstem,92,NA,-41.528333333333336,NA,NA,NA,92,29242.9752066116,92366.9421487603,1,2012-12-04,122538.842975207,3,93295.8677685951,D,18,164,42,61,81.88
2013,2012-12-01,2012-12-01,FALSE,Sacramento River Mainstem,92,NA,NA,72.44777777777779,NA,NA,92,29242.9752066116,92366.9421487603,1,2012-12-04,122538.842975207,3,93295.8677685951,D,18,164,42,61,81.88
2013,2012-12-01,2012-12-01,FALSE,Sacramento River Mainstem,92,20842.31333333333,NA,NA,NA,NA,92,29242.9752066116,92366.9421487603,1,2012-12-04,122538.842975207,3,93295.8677685951,D,18,164,42,61,81.88
2013,2012-12-01,2012-12-01,FALSE,Sacramento River Mainstem,92,NA,NA,NA,1.6566666666666665,NA,92,29242.9752066116,92366.9421487603,1,2012-12-04,122538.842975207,3,93295.8677685951,D,18,164,42,61,81.88
2013,2012-12-01,2012-12-01,FALSE,San Pablo Bay and Carquinez Strait,92,NA,NA,NA,NA,-0.02333333333333342,92,29242.9752066116,92366.9421487603,1,2012-12-04,122538.842975207,3,93295.8677685951,D,18,164,42,61,81.88
2013,2012-12-01,2012-12-01,FALSE,San Pablo Bay and Carquinez Strait,92,NA,-5718.725000000002,NA,NA,NA,92,29242.9752066116,92366.9421487603,1,2012-12-04,122538.842975207,3,93295.8677685951,D,18,164,42,61,81.88
2013,2012-12-01,2012-12-01,FALSE,San Pablo Bay and Carquinez Strait,92,NA,NA,3.508333333333333,NA,NA,92,29242.9752066116,92366.9421487603,1,2012-12-04,122538.842975207,3,93295.8677685951,D,18,164,42,61,81.88
2013,2012-12-01,2012-12-01,FALSE,San Pablo Bay and Carquinez Strait,92,NA,NA,NA,NA,NA,92,29242.9752066116,92366.9421487603,1,2012-12-04,122538.842975207,3,93295.8677685951,D,18,164,42,61,81.88
2013,2012-12-01,2012-12-01,FALSE,South Delta,92,NA,NA,NA,NA,0.39274509803921553,92,29242.9752066116,92366.9421487603,1,2012-12-04,122538.842975207,3,93295.8677685951,D,18,164,42,61,81.88
2013,2012-12-01,2012-12-01,FALSE,South Delta,92,NA,31.553921568627516,NA,NA,NA,92,29242.9752066116,92366.9421487603,1,2012-12-04,122538.842975207,3,93295.8677685951,D,18,164,42,61,81.88
2013,2012-12-01,2012-12-01,FALSE,South Delta,92,NA,NA,2.543816993464052,NA,NA,92,29242.9752066116,92366.9421487603,1,2012-12-04,122538.842975207,3,93295.8677685951,D,18,164,42,61,81.88
2013,2012-12-01,2012-12-01,FALSE,South Delta,92,642.80547008547,NA,NA,NA,NA,92,29242.9752066116,92366.9421487603,1,2012-12-04,122538.842975207,3,93295.8677685951,D,18,164,42,61,81.88
2013,2012-12-01,2012-12-01,FALSE,South Delta,92,NA,NA,NA,0.08015151515151515,NA,92,29242.9752066116,92366.9421487603,1,2012-12-04,122538.842975207,3,93295.8677685951,D,18,164,42,61,81.88
2013,2012-12-01,2012-12-01,FALSE,Suisun Marsh and Montezuma Slough,92,NA,NA,NA,NA,0.07000000000000028,92,29242.9752066116,92366.9421487603,1,2012-12-04,122538.842975207,3,93295.8677685951,D,18,164,42,61,81.88
2013,2012-12-01,2012-12-01,FALSE,Suisun Marsh and Montezuma Slough,92,NA,-42.69638888888949,NA,NA,NA,92,29242.9752066116,92366.9421487603,1,2012-12-04,122538.842975207,3,93295.8677685951,D,18,164,42,61,81.88
2013,2012-12-01,2012-12-01,FALSE,Suisun Marsh and Montezuma Slough,92,NA,NA,NA,NA,NA,92,29242.9752066116,92366.9421487603,1,2012-12-04,122538.842975207,3,93295.8677685951,D,18,164,42,61,81.88
2013,2012-12-01,2012-12-01,FALSE,Suisun Marsh and Montezuma Slough,92,409.1733333333333,NA,NA,NA,NA,92,29242.9752066116,92366.9421487603,1,2012-12-04,122538.842975207,3,93295.8677685951,D,18,164,42,61,81.88
2013,2012-12-01,2012-12-01,FALSE,Suisun Marsh and Montezuma Slough,92,NA,NA,NA,0.07333333333333333,NA,92,29242.9752066116,92366.9421487603,1,2012-12-04,122538.842975207,3,93295.8677685951,D,18,164,42,61,81.88
2013,2012-12-01,2012-12-01,FALSE,Suisun and Honker Bays,92,NA,NA,NA,NA,NA,92,29242.9752066116,92366.9421487603,1,2012-12-04,122538.842975207,3,93295.8677685951,D,18,164,42,61,81.88
2013,2012-12-01,2012-12-01,FALSE,NA,92,NA,NA,NA,NA,NA,92,29242.9752066116,92366.9421487603,1,2012-12-04,122538.842975207,3,93295.8677685951,D,18,164,42,61,81.88
2013,2012-12-23,2012-12-01,TRUE,Cache Slough and Liberty Island,114,NA,NA,NA,NA,0.4866666666666664,92,29242.9752066116,92366.9421487603,1,2012-12-04,122538.842975207,3,93295.8677685951,D,18,164,42,61,68.33
2013,2012-12-23,2012-12-01,TRUE,Cache Slough and Liberty Island,114,NA,-294.0566666666667,NA,NA,NA,92,29242.9752066116,92366.9421487603,1,2012-12-04,122538.842975207,3,93295.8677685951,D,18,164,42,61,68.33
2013,2012-12-23,2012-12-01,TRUE,Cache Slough and Liberty Island,114,NA,NA,109.62166666666666,NA,NA,92,29242.9752066116,92366.9421487603,1,2012-12-04,122538.842975207,3,93295.8677685951,D,18,164,42,61,68.33
2013,2012-12-23,2012-12-01,TRUE,Cache Slough and Liberty Island,114,NA,NA,NA,NA,NA,92,29242.9752066116,92366.9421487603,1,2012-12-04,122538.842975207,3,93295.8677685951,D,18,164,42,61,68.33
2013,2012-12-23,2012-12-01,TRUE,Confluence,114,NA,NA,NA,NA,-0.24933333333333252,92,29242.9752066116,92366.9421487603,1,2012-12-04,122538.842975207,3,93295.8677685951,D,18,164,42,61,68.33
2013,2012-12-23,2012-12-01,TRUE,Confluence,114,NA,-14.572666666666692,NA,NA,NA,92,29242.9752066116,92366.9421487603,1,2012-12-04,122538.842975207,3,93295.8677685951,D,18,164,42,61,68.33
2013,2012-12-23,2012-12-01,TRUE,Confluence,114,NA,NA,18.412666666666663,NA,NA,92,29242.9752066116,92366.9421487603,1,2012-12-04,122538.842975207,3,93295.8677685951,D,18,164,42,61,68.33
2013,2012-12-23,2012-12-01,TRUE,Confluence,114,21158.88888888889,NA,NA,NA,NA,92,29242.9752066116,92366.9421487603,1,2012-12-04,122538.842975207,3,93295.8677685951,D,18,164,42,61,68.33
2013,2012-12-23,2012-12-01,TRUE,Confluence,114,NA,NA,NA,0.3411111111111111,NA,92,29242.9752066116,92366.9421487603,1,2012-12-04,122538.842975207,3,93295.8677685951,D,18,164,42,61,68.33
2013,2012-12-23,2012-12-01,TRUE,North and South Forks Mokelumne River,114,NA,NA,NA,NA,0.1639999999999997,92,29242.9752066116,92366.9421487603,1,2012-12-04,122538.842975207,3,93295.8677685951,D,18,164,42,61,68.33
2013,2012-12-23,2012-12-01,TRUE,North and South Forks Mokelumne River,114,NA,-18.676000000000016,NA,NA,NA,92,29242.9752066116,92366.9421487603,1,2012-12-04,122538.842975207,3,93295.8677685951,D,18,164,42,61,68.33
2013,2012-12-23,2012-12-01,TRUE,North and South Forks Mokelumne River,114,NA,NA,21.76666666666667,NA,NA,92,29242.9752066116,92366.9421487603,1,2012-12-04,122538.842975207,3,93295.8677685951,D,18,164,42,61,68.33
2013,2012-12-23,2012-12-01,TRUE,North and South Forks Mokelumne River,114,2997.083333333333,NA,NA,NA,NA,92,29242.9752066116,92366.9421487603,1,2012-12-04,122538.842975207,3,93295.8677685951,D,18,164,42,61,68.33
2013,2012-12-23,2012-12-01,TRUE,North and South Forks Mokelumne River,114,NA,NA,NA,0.3913333333333334,NA,92,29242.9752066116,92366.9421487603,1,2012-12-04,122538.842975207,3,93295.8677685951,D,18,164,42,61,68.33
2013,2012-12-23,2012-12-01,TRUE,Out of Bounds,114,NA,NA,NA,NA,0.8600000000000012,92,29242.9752066116,92366.9421487603,1,2012-12-04,122538.842975207,3,93295.8677685951,D,18,164,42,61,68.33
2013,2012-12-23,2012-12-01,TRUE,Out of Bounds,114,NA,-202.13666666666663,NA,NA,NA,92,29242.9752066116,92366.9421487603,1,2012-12-04,122538.842975207,3,93295.8677685951,D,18,164,42,61,68.33
2013,2012-12-23,2012-12-01,TRUE,Out of Bounds,114,NA,NA,133.7,NA,NA,92,29242.9752066116,92366.9421487603,1,2012-12-04,122538.842975207,3,93295.8677685951,D,18,164,42,61,68.33
2013,2012-12-23,2012-12-01,TRUE,Out of Bounds,114,NA,NA,NA,NA,NA,92,29242.9752066116,92366.9421487603,1,2012-12-04,122538.842975207,3,93295.8677685951,D,18,164,42,61,68.33
2013,2012-12-23,2012-12-01,TRUE,Sacramento River Deep Water Ship Channel,114,NA,NA,NA,NA,-0.2833333333333332,92,29242.9752066116,92366.9421487603,1,2012-12-04,122538.842975207,3,93295.8677685951,D,18,164,42,61,68.33
2013,2012-12-23,2012-12-01,TRUE,Sacramento River Deep Water Ship Channel,114,NA,-17.19666666666666,NA,NA,NA,92,29242.9752066116,92366.9421487603,1,2012-12-04,122538.842975207,3,93295.8677685951,D,18,164,42,61,68.33
2013,2012-12-23,2012-12-01,TRUE,Sacramento River Deep Water Ship Channel,114,NA,NA,20.20333333333333,NA,NA,92,29242.9752066116,92366.9421487603,1,2012-12-04,122538.842975207,3,93295.8677685951,D,18,164,42,61,68.33
2013,2012-12-23,2012-12-01,TRUE,Sacramento River Deep Water Ship Channel,114,672.6666666666667,NA,NA,NA,NA,92,29242.9752066116,92366.9421487603,1,2012-12-04,122538.842975207,3,93295.8677685951,D,18,164,42,61,68.33
2013,2012-12-23,2012-12-01,TRUE,Sacramento River Deep Water Ship Channel,114,NA,NA,NA,0.04333333333333333,NA,92,29242.9752066116,92366.9421487603,1,2012-12-04,122538.842975207,3,93295.8677685951,D,18,164,42,61,68.33
2013,2012-12-23,2012-12-01,TRUE,Sacramento River Mainstem,114,NA,NA,NA,NA,-0.0522222222222215,92,29242.9752066116,92366.9421487603,1,2012-12-04,122538.842975207,3,93295.8677685951,D,18,164,42,61,68.33
2013,2012-12-23,2012-12-01,TRUE,Sacramento River Mainstem,114,NA,-33.611666666666665,NA,NA,NA,92,29242.9752066116,92366.9421487603,1,2012-12-04,122538.842975207,3,93295.8677685951,D,18,164,42,61,68.33
2013,2012-12-23,2012-12-01,TRUE,Sacramento River Mainstem,114,NA,NA,62.38666666666667,NA,NA,92,29242.9752066116,92366.9421487603,1,2012-12-04,122538.842975207,3,93295.8677685951,D,18,164,42,61,68.33
2013,2012-12-23,2012-12-01,TRUE,Sacramento River Mainstem,114,16863.755000000005,NA,NA,NA,NA,92,29242.9752066116,92366.9421487603,1,2012-12-04,122538.842975207,3,93295.8677685951,D,18,164,42,61,68.33
2013,2012-12-23,2012-12-01,TRUE,Sacramento River Mainstem,114,NA,NA,NA,1.0466666666666664,NA,92,29242.9752066116,92366.9421487603,1,2012-12-04,122538.842975207,3,93295.8677685951,D,18,164,42,61,68.33
2013,2012-12-23,2012-12-01,TRUE,San Pablo Bay and Carquinez Strait,114,NA,NA,NA,NA,-0.46499999999999986,92,29242.9752066116,92366.9421487603,1,2012-12-04,122538.842975207,3,93295.8677685951,D,18,164,42,61,68.33
2013,2012-12-23,2012-12-01,TRUE,San Pablo Bay and Carquinez Strait,114,NA,-5327.998333333334,NA,NA,NA,92,29242.9752066116,92366.9421487603,1,2012-12-04,122538.842975207,3,93295.8677685951,D,18,164,42,61,68.33
2013,2012-12-23,2012-12-01,TRUE,San Pablo Bay and Carquinez Strait,114,NA,NA,5.73833333333333,NA,NA,92,29242.9752066116,92366.9421487603,1,2012-12-04,122538.842975207,3,93295.8677685951,D,18,164,42,61,68.33
2013,2012-12-23,2012-12-01,TRUE,San Pablo Bay and Carquinez Strait,114,NA,NA,NA,NA,NA,92,29242.9752066116,92366.9421487603,1,2012-12-04,122538.842975207,3,93295.8677685951,D,18,164,42,61,68.33
2013,2012-12-23,2012-12-01,TRUE,South Delta,114,NA,NA,NA,NA,-0.17313725490195964,92,29242.9752066116,92366.9421487603,1,2012-12-04,122538.842975207,3,93295.8677685951,D,18,164,42,61,68.33
2013,2012-12-23,2012-12-01,TRUE,South Delta,114,NA,-19.50333333333333,NA,NA,NA,92,29242.9752066116,92366.9421487603,1,2012-12-04,122538.842975207,3,93295.8677685951,D,18,164,42,61,68.33
2013,2012-12-23,2012-12-01,TRUE,South Delta,114,NA,NA,9.775764705882356,NA,NA,92,29242.9752066116,92366.9421487603,1,2012-12-04,122538.842975207,3,93295.8677685951,D,18,164,42,61,68.33
2013,2012-12-23,2012-12-01,TRUE,South Delta,114,967.996717948718,NA,NA,NA,NA,92,29242.9752066116,92366.9421487603,1,2012-12-04,122538.842975207,3,93295.8677685951,D,18,164,42,61,68.33
2013,2012-12-23,2012-12-01,TRUE,South Delta,114,NA,NA,NA,0.08527777777777777,NA,92,29242.9752066116,92366.9421487603,1,2012-12-04,122538.842975207,3,93295.8677685951,D,18,164,42,61,68.33
2013,2012-12-23,2012-12-01,TRUE,Suisun Marsh and Montezuma Slough,114,NA,NA,NA,NA,-0.13916666666666622,92,29242.9752066116,92366.9421487603,1,2012-12-04,122538.842975207,3,93295.8677685951,D,18,164,42,61,68.33
2013,2012-12-23,2012-12-01,TRUE,Suisun Marsh and Montezuma Slough,114,NA,-294.7249999999999,NA,NA,NA,92,29242.9752066116,92366.9421487603,1,2012-12-04,122538.842975207,3,93295.8677685951,D,18,164,42,61,68.33
2013,2012-12-23,2012-12-01,TRUE,Suisun Marsh and Montezuma Slough,114,NA,NA,NA,NA,NA,92,29242.9752066116,92366.9421487603,1,2012-12-04,122538.842975207,3,93295.8677685951,D,18,164,42,61,68.33
2013,2012-12-23,2012-12-01,TRUE,Suisun Marsh and Montezuma Slough,114,595.99,NA,NA,NA,NA,92,29242.9752066116,92366.9421487603,1,2012-12-04,122538.842975207,3,93295.8677685951,D,18,164,42,61,68.33
2013,2012-12-23,2012-12-01,TRUE,Suisun Marsh and Montezuma Slough,114,NA,NA,NA,0.1366666666666667,NA,92,29242.9752066116,92366.9421487603,1,2012-12-04,122538.842975207,3,93295.8677685951,D,18,164,42,61,68.33
2013,2012-12-23,2012-12-01,TRUE,Suisun and Honker Bays,114,NA,NA,NA,NA,NA,92,29242.9752066116,92366.9421487603,1,2012-12-04,122538.842975207,3,93295.8677685951,D,18,164,42,61,68.33
2013,2012-12-23,2012-12-01,TRUE,NA,114,NA,NA,NA,NA,NA,92,29242.9752066116,92366.9421487603,1,2012-12-04,122538.842975207,3,93295.8677685951,D,18,164,42,61,68.33
2014,2014-03-06,2014-03-06,FALSE,Cache Slough and Liberty Island,187,NA,NA,NA,NA,0.956666666666667,187,40084.6280991736,53043.9669421488,0,2014-03-07,55557.0247933884,1,15472.3966942149,C,9,16,18,164,75.89
2014,2014-03-06,2014-03-06,FALSE,Cache Slough and Liberty Island,187,NA,11.553333333333342,NA,NA,NA,187,40084.6280991736,53043.9669421488,0,2014-03-07,55557.0247933884,1,15472.3966942149,C,9,16,18,164,75.89
2014,2014-03-06,2014-03-06,FALSE,Cache Slough and Liberty Island,187,NA,NA,-11.256666666666666,NA,NA,187,40084.6280991736,53043.9669421488,0,2014-03-07,55557.0247933884,1,15472.3966942149,C,9,16,18,164,75.89
2014,2014-03-06,2014-03-06,FALSE,Cache Slough and Liberty Island,187,NA,NA,NA,NA,NA,187,40084.6280991736,53043.9669421488,0,2014-03-07,55557.0247933884,1,15472.3966942149,C,9,16,18,164,75.89
2014,2014-03-06,2014-03-06,FALSE,Confluence,187,NA,NA,NA,NA,0.5039999999999996,187,40084.6280991736,53043.9669421488,0,2014-03-07,55557.0247933884,1,15472.3966942149,C,9,16,18,164,75.89
2014,2014-03-06,2014-03-06,FALSE,Confluence,187,NA,-89.14733333333334,NA,NA,NA,187,40084.6280991736,53043.9669421488,0,2014-03-07,55557.0247933884,1,15472.3966942149,C,9,16,18,164,75.89
2014,2014-03-06,2014-03-06,FALSE,Confluence,187,NA,NA,3.413333333333332,NA,NA,187,40084.6280991736,53043.9669421488,0,2014-03-07,55557.0247933884,1,15472.3966942149,C,9,16,18,164,75.89
2014,2014-03-06,2014-03-06,FALSE,Confluence,187,3387.7777777777774,NA,NA,NA,NA,187,40084.6280991736,53043.9669421488,0,2014-03-07,55557.0247933884,1,15472.3966942149,C,9,16,18,164,75.89
2014,2014-03-06,2014-03-06,FALSE,Confluence,187,NA,NA,NA,0.0444444444444444,NA,187,40084.6280991736,53043.9669421488,0,2014-03-07,55557.0247933884,1,15472.3966942149,C,9,16,18,164,75.89
2014,2014-03-06,2014-03-06,FALSE,North and South Forks Mokelumne River,187,NA,NA,NA,NA,0.8760000000000012,187,40084.6280991736,53043.9669421488,0,2014-03-07,55557.0247933884,1,15472.3966942149,C,9,16,18,164,75.89
2014,2014-03-06,2014-03-06,FALSE,North and South Forks Mokelumne River,187,NA,-26.78866666666667,NA,NA,NA,187,40084.6280991736,53043.9669421488,0,2014-03-07,55557.0247933884,1,15472.3966942149,C,9,16,18,164,75.89
2014,2014-03-06,2014-03-06,FALSE,North and South Forks Mokelumne River,187,NA,NA,2.602666666666668,NA,NA,187,40084.6280991736,53043.9669421488,0,2014-03-07,55557.0247933884,1,15472.3966942149,C,9,16,18,164,75.89
2014,2014-03-06,2014-03-06,FALSE,North and South Forks Mokelumne River,187,357.0833333333335,NA,NA,NA,NA,187,40084.6280991736,53043.9669421488,0,2014-03-07,55557.0247933884,1,15472.3966942149,C,9,16,18,164,75.89
2014,2014-03-06,2014-03-06,FALSE,North and South Forks Mokelumne River,187,NA,NA,NA,0.03866666666666668,NA,187,40084.6280991736,53043.9669421488,0,2014-03-07,55557.0247933884,1,15472.3966942149,C,9,16,18,164,75.89
2014,2014-03-06,2014-03-06,FALSE,Out of Bounds,187,NA,NA,NA,NA,1.736666666666668,187,40084.6280991736,53043.9669421488,0,2014-03-07,55557.0247933884,1,15472.3966942149,C,9,16,18,164,75.89
2014,2014-03-06,2014-03-06,FALSE,Out of Bounds,187,NA,41.34333333333325,NA,NA,NA,187,40084.6280991736,53043.9669421488,0,2014-03-07,55557.0247933884,1,15472.3966942149,C,9,16,18,164,75.89
2014,2014-03-06,2014-03-06,FALSE,Out of Bounds,187,NA,NA,-0.7666666666666675,NA,NA,187,40084.6280991736,53043.9669421488,0,2014-03-07,55557.0247933884,1,15472.3966942149,C,9,16,18,164,75.89
2014,2014-03-06,2014-03-06,FALSE,Out of Bounds,187,NA,NA,NA,NA,NA,187,40084.6280991736,53043.9669421488,0,2014-03-07,55557.0247933884,1,15472.3966942149,C,9,16,18,164,75.89
2014,2014-03-06,2014-03-06,FALSE,Sacramento River Deep Water Ship Channel,187,NA,NA,NA,NA,0.4899999999999984,187,40084.6280991736,53043.9669421488,0,2014-03-07,55557.0247933884,1,15472.3966942149,C,9,16,18,164,75.89
2014,2014-03-06,2014-03-06,FALSE,Sacramento River Deep Water Ship Channel,187,NA,-9.983333333333348,NA,NA,NA,187,40084.6280991736,53043.9669421488,0,2014-03-07,55557.0247933884,1,15472.3966942149,C,9,16,18,164,75.89
2014,2014-03-06,2014-03-06,FALSE,Sacramento River Deep Water Ship Channel,187,NA,NA,-0.05333333333333279,NA,NA,187,40084.6280991736,53043.9669421488,0,2014-03-07,55557.0247933884,1,15472.3966942149,C,9,16,18,164,75.89
2014,2014-03-06,2014-03-06,FALSE,Sacramento River Deep Water Ship Channel,187,100,NA,NA,NA,NA,187,40084.6280991736,53043.9669421488,0,2014-03-07,55557.0247933884,1,15472.3966942149,C,9,16,18,164,75.89
2014,2014-03-06,2014-03-06,FALSE,Sacramento River Deep Water Ship Channel,187,NA,NA,NA,0.00666666666666666,NA,187,40084.6280991736,53043.9669421488,0,2014-03-07,55557.0247933884,1,15472.3966942149,C,9,16,18,164,75.89
2014,2014-03-06,2014-03-06,FALSE,Sacramento River Mainstem,187,NA,NA,NA,NA,0.637777777777778,187,40084.6280991736,53043.9669421488,0,2014-03-07,55557.0247933884,1,15472.3966942149,C,9,16,18,164,75.89
2014,2014-03-06,2014-03-06,FALSE,Sacramento River Mainstem,187,NA,-32.79555555555555,NA,NA,NA,187,40084.6280991736,53043.9669421488,0,2014-03-07,55557.0247933884,1,15472.3966942149,C,9,16,18,164,75.89
2014,2014-03-06,2014-03-06,FALSE,Sacramento River Mainstem,187,NA,NA,-2.0400000000000063,NA,NA,187,40084.6280991736,53043.9669421488,0,2014-03-07,55557.0247933884,1,15472.3966942149,C,9,16,18,164,75.89
2014,2014-03-06,2014-03-06,FALSE,Sacramento River Mainstem,187,4398.108333333334,NA,NA,NA,NA,187,40084.6280991736,53043.9669421488,0,2014-03-07,55557.0247933884,1,15472.3966942149,C,9,16,18,164,75.89
2014,2014-03-06,2014-03-06,FALSE,Sacramento River Mainstem,187,NA,NA,NA,0.4600000000000002,NA,187,40084.6280991736,53043.9669421488,0,2014-03-07,55557.0247933884,1,15472.3966942149,C,9,16,18,164,75.89
2014,2014-03-06,2014-03-06,FALSE,San Pablo Bay and Carquinez Strait,187,NA,NA,NA,NA,0.5250000000000004,187,40084.6280991736,53043.9669421488,0,2014-03-07,55557.0247933884,1,15472.3966942149,C,9,16,18,164,75.89
2014,2014-03-06,2014-03-06,FALSE,San Pablo Bay and Carquinez Strait,187,NA,-1884.625,NA,NA,NA,187,40084.6280991736,53043.9669421488,0,2014-03-07,55557.0247933884,1,15472.3966942149,C,9,16,18,164,75.89
2014,2014-03-06,2014-03-06,FALSE,San Pablo Bay and Carquinez Strait,187,NA,NA,-7.978333333333335,NA,NA,187,40084.6280991736,53043.9669421488,0,2014-03-07,55557.0247933884,1,15472.3966942149,C,9,16,18,164,75.89
2014,2014-03-06,2014-03-06,FALSE,San Pablo Bay and Carquinez Strait,187,NA,NA,NA,NA,NA,187,40084.6280991736,53043.9669421488,0,2014-03-07,55557.0247933884,1,15472.3966942149,C,9,16,18,164,75.89
2014,2014-03-06,2014-03-06,FALSE,South Delta,187,NA,NA,NA,NA,1.0994117647058808,187,40084.6280991736,53043.9669421488,0,2014-03-07,55557.0247933884,1,15472.3966942149,C,9,16,18,164,75.89
2014,2014-03-06,2014-03-06,FALSE,South Delta,187,NA,13.33647058823533,NA,NA,NA,187,40084.6280991736,53043.9669421488,0,2014-03-07,55557.0247933884,1,15472.3966942149,C,9,16,18,164,75.89
2014,2014-03-06,2014-03-06,FALSE,South Delta,187,NA,NA,-0.1295833333333336,NA,NA,187,40084.6280991736,53043.9669421488,0,2014-03-07,55557.0247933884,1,15472.3966942149,C,9,16,18,164,75.89
2014,2014-03-06,2014-03-06,FALSE,South Delta,187,81.472281548517,NA,NA,NA,NA,187,40084.6280991736,53043.9669421488,0,2014-03-07,55557.0247933884,1,15472.3966942149,C,9,16,18,164,75.89
2014,2014-03-06,2014-03-06,FALSE,South Delta,187,NA,NA,NA,-0.02693452380952379,NA,187,40084.6280991736,53043.9669421488,0,2014-03-07,55557.0247933884,1,15472.3966942149,C,9,16,18,164,75.89
2014,2014-03-06,2014-03-06,FALSE,Suisun Marsh and Montezuma Slough,187,NA,NA,NA,NA,0.855833333333333,187,40084.6280991736,53043.9669421488,0,2014-03-07,55557.0247933884,1,15472.3966942149,C,9,16,18,164,75.89
2014,2014-03-06,2014-03-06,FALSE,Suisun Marsh and Montezuma Slough,187,NA,-1212.245833333333,NA,NA,NA,187,40084.6280991736,53043.9669421488,0,2014-03-07,55557.0247933884,1,15472.3966942149,C,9,16,18,164,75.89
2014,2014-03-06,2014-03-06,FALSE,Suisun Marsh and Montezuma Slough,187,NA,NA,NA,NA,NA,187,40084.6280991736,53043.9669421488,0,2014-03-07,55557.0247933884,1,15472.3966942149,C,9,16,18,164,75.89
2014,2014-03-06,2014-03-06,FALSE,Suisun Marsh and Montezuma Slough,187,-198.5566666666664,NA,NA,NA,NA,187,40084.6280991736,53043.9669421488,0,2014-03-07,55557.0247933884,1,15472.3966942149,C,9,16,18,164,75.89
2014,2014-03-06,2014-03-06,FALSE,Suisun Marsh and Montezuma Slough,187,NA,NA,NA,-0.05333333333333334,NA,187,40084.6280991736,53043.9669421488,0,2014-03-07,55557.0247933884,1,15472.3966942149,C,9,16,18,164,75.89
2014,2014-03-06,2014-03-06,FALSE,Suisun and Honker Bays,187,NA,NA,NA,NA,NA,187,40084.6280991736,53043.9669421488,0,2014-03-07,55557.0247933884,1,15472.3966942149,C,9,16,18,164,75.89
2014,2014-03-06,2014-03-06,FALSE,NA,187,NA,NA,NA,NA,NA,187,40084.6280991736,53043.9669421488,0,2014-03-07,55557.0247933884,1,15472.3966942149,C,9,16,18,164,75.89
2015,2014-12-12,2014-12-12,FALSE,Cache Slough and Liberty Island,103,NA,NA,NA,NA,-1.5616666666666656,103,40109.7520661157,82150.0826446281,1,2014-12-16,114241.983471074,4,74132.2314049587,C,7,4,9,16,77.51
2015,2014-12-12,2014-12-12,FALSE,Cache Slough and Liberty Island,103,NA,-68.67833333333334,NA,NA,NA,103,40109.7520661157,82150.0826446281,1,2014-12-16,114241.983471074,4,74132.2314049587,C,7,4,9,16,77.51
2015,2014-12-12,2014-12-12,FALSE,Cache Slough and Liberty Island,103,NA,NA,13.013333333333332,NA,NA,103,40109.7520661157,82150.0826446281,1,2014-12-16,114241.983471074,4,74132.2314049587,C,7,4,9,16,77.51
2015,2014-12-12,2014-12-12,FALSE,Cache Slough and Liberty Island,103,NA,NA,NA,NA,NA,103,40109.7520661157,82150.0826446281,1,2014-12-16,114241.983471074,4,74132.2314049587,C,7,4,9,16,77.51
2015,2014-12-12,2014-12-12,FALSE,Confluence,103,NA,NA,NA,NA,-0.5800000000000001,103,40109.7520661157,82150.0826446281,1,2014-12-16,114241.983471074,4,74132.2314049587,C,7,4,9,16,77.51
2015,2014-12-12,2014-12-12,FALSE,Confluence,103,NA,-288.9353333333331,NA,NA,NA,103,40109.7520661157,82150.0826446281,1,2014-12-16,114241.983471074,4,74132.2314049587,C,7,4,9,16,77.51
2015,2014-12-12,2014-12-12,FALSE,Confluence,103,NA,NA,1.173333333333332,NA,NA,103,40109.7520661157,82150.0826446281,1,2014-12-16,114241.983471074,4,74132.2314049587,C,7,4,9,16,77.51
2015,2014-12-12,2014-12-12,FALSE,Confluence,103,22700,NA,NA,NA,NA,103,40109.7520661157,82150.0826446281,1,2014-12-16,114241.983471074,4,74132.2314049587,C,7,4,9,16,77.51
2015,2014-12-12,2014-12-12,FALSE,Confluence,103,NA,NA,NA,0.39333333333333337,NA,103,40109.7520661157,82150.0826446281,1,2014-12-16,114241.983471074,4,74132.2314049587,C,7,4,9,16,77.51
2015,2014-12-12,2014-12-12,FALSE,North and South Forks Mokelumne River,103,NA,NA,NA,NA,-1.1799999999999995,103,40109.7520661157,82150.0826446281,1,2014-12-16,114241.983471074,4,74132.2314049587,C,7,4,9,16,77.51
2015,2014-12-12,2014-12-12,FALSE,North and South Forks Mokelumne River,103,NA,3.1433333333333167,NA,NA,NA,103,40109.7520661157,82150.0826446281,1,2014-12-16,114241.983471074,4,74132.2314049587,C,7,4,9,16,77.51
2015,2014-12-12,2014-12-12,FALSE,North and South Forks Mokelumne River,103,NA,NA,17.234444444444442,NA,NA,103,40109.7520661157,82150.0826446281,1,2014-12-16,114241.983471074,4,74132.2314049587,C,7,4,9,16,77.51
2015,2014-12-12,2014-12-12,FALSE,North and South Forks Mokelumne River,103,1659.9999999999998,NA,NA,NA,NA,103,40109.7520661157,82150.0826446281,1,2014-12-16,114241.983471074,4,74132.2314049587,C,7,4,9,16,77.51
2015,2014-12-12,2014-12-12,FALSE,North and South Forks Mokelumne River,103,NA,NA,NA,0.36166666666666664,NA,103,40109.7520661157,82150.0826446281,1,2014-12-16,114241.983471074,4,74132.2314049587,C,7,4,9,16,77.51
2015,2014-12-12,2014-12-12,FALSE,Out of Bounds,103,NA,NA,NA,NA,-1.3133333333333344,103,40109.7520661157,82150.0826446281,1,2014-12-16,114241.983471074,4,74132.2314049587,C,7,4,9,16,77.51
2015,2014-12-12,2014-12-12,FALSE,Out of Bounds,103,NA,-319.42,NA,NA,NA,103,40109.7520661157,82150.0826446281,1,2014-12-16,114241.983471074,4,74132.2314049587,C,7,4,9,16,77.51
2015,2014-12-12,2014-12-12,FALSE,Out of Bounds,103,NA,NA,47.53666666666666,NA,NA,103,40109.7520661157,82150.0826446281,1,2014-12-16,114241.983471074,4,74132.2314049587,C,7,4,9,16,77.51
2015,2014-12-12,2014-12-12,FALSE,Out of Bounds,103,NA,NA,NA,NA,NA,103,40109.7520661157,82150.0826446281,1,2014-12-16,114241.983471074,4,74132.2314049587,C,7,4,9,16,77.51
2015,2014-12-12,2014-12-12,FALSE,Sacramento River Deep Water Ship Channel,103,NA,NA,NA,NA,-0.5616666666666674,103,40109.7520661157,82150.0826446281,1,2014-12-16,114241.983471074,4,74132.2314049587,C,7,4,9,16,77.51
2015,2014-12-12,2014-12-12,FALSE,Sacramento River Deep Water Ship Channel,103,NA,15.446666666666658,NA,NA,NA,103,40109.7520661157,82150.0826446281,1,2014-12-16,114241.983471074,4,74132.2314049587,C,7,4,9,16,77.51
2015,2014-12-12,2014-12-12,FALSE,Sacramento River Deep Water Ship Channel,103,NA,NA,7.395000000000003,NA,NA,103,40109.7520661157,82150.0826446281,1,2014-12-16,114241.983471074,4,74132.2314049587,C,7,4,9,16,77.51
2015,2014-12-12,2014-12-12,FALSE,Sacramento River Deep Water Ship Channel,103,413.66666666666674,NA,NA,NA,NA,103,40109.7520661157,82150.0826446281,1,2014-12-16,114241.983471074,4,74132.2314049587,C,7,4,9,16,77.51
2015,2014-12-12,2014-12-12,FALSE,Sacramento River Deep Water Ship Channel,103,NA,NA,NA,0.03,NA,103,40109.7520661157,82150.0826446281,1,2014-12-16,114241.983471074,4,74132.2314049587,C,7,4,9,16,77.51
2015,2014-12-12,2014-12-12,FALSE,Sacramento River Mainstem,103,NA,NA,NA,NA,-1.118888888888888,103,40109.7520661157,82150.0826446281,1,2014-12-16,114241.983471074,4,74132.2314049587,C,7,4,9,16,77.51
2015,2014-12-12,2014-12-12,FALSE,Sacramento River Mainstem,103,NA,-21.403333333333336,NA,NA,NA,103,40109.7520661157,82150.0826446281,1,2014-12-16,114241.983471074,4,74132.2314049587,C,7,4,9,16,77.51
2015,2014-12-12,2014-12-12,FALSE,Sacramento River Mainstem,103,NA,NA,106.5788888888889,NA,NA,103,40109.7520661157,82150.0826446281,1,2014-12-16,114241.983471074,4,74132.2314049587,C,7,4,9,16,77.51
2015,2014-12-12,2014-12-12,FALSE,Sacramento River Mainstem,103,20898.15,NA,NA,NA,NA,103,40109.7520661157,82150.0826446281,1,2014-12-16,114241.983471074,4,74132.2314049587,C,7,4,9,16,77.51
2015,2014-12-12,2014-12-12,FALSE,Sacramento River Mainstem,103,NA,NA,NA,0.45666666666666655,NA,103,40109.7520661157,82150.0826446281,1,2014-12-16,114241.983471074,4,74132.2314049587,C,7,4,9,16,77.51
2015,2014-12-12,2014-12-12,FALSE,San Pablo Bay and Carquinez Strait,103,NA,NA,NA,NA,-0.4900000000000002,103,40109.7520661157,82150.0826446281,1,2014-12-16,114241.983471074,4,74132.2314049587,C,7,4,9,16,77.51
2015,2014-12-12,2014-12-12,FALSE,San Pablo Bay and Carquinez Strait,103,NA,-5101.976666666669,NA,NA,NA,103,40109.7520661157,82150.0826446281,1,2014-12-16,114241.983471074,4,74132.2314049587,C,7,4,9,16,77.51
2015,2014-12-12,2014-12-12,FALSE,San Pablo Bay and Carquinez Strait,103,NA,NA,-2.2916666666666643,NA,NA,103,40109.7520661157,82150.0826446281,1,2014-12-16,114241.983471074,4,74132.2314049587,C,7,4,9,16,77.51
2015,2014-12-12,2014-12-12,FALSE,San Pablo Bay and Carquinez Strait,103,NA,NA,NA,NA,NA,103,40109.7520661157,82150.0826446281,1,2014-12-16,114241.983471074,4,74132.2314049587,C,7,4,9,16,77.51
2015,2014-12-12,2014-12-12,FALSE,South Delta,103,NA,NA,NA,NA,-0.9262745098039228,103,40109.7520661157,82150.0826446281,1,2014-12-16,114241.983471074,4,74132.2314049587,C,7,4,9,16,77.51
2015,2014-12-12,2014-12-12,FALSE,South Delta,103,NA,-26.282549019607817,NA,NA,NA,103,40109.7520661157,82150.0826446281,1,2014-12-16,114241.983471074,4,74132.2314049587,C,7,4,9,16,77.51
2015,2014-12-12,2014-12-12,FALSE,South Delta,103,NA,NA,9.686666666666667,NA,NA,103,40109.7520661157,82150.0826446281,1,2014-12-16,114241.983471074,4,74132.2314049587,C,7,4,9,16,77.51
2015,2014-12-12,2014-12-12,FALSE,South Delta,103,885.2760784313725,NA,NA,NA,NA,103,40109.7520661157,82150.0826446281,1,2014-12-16,114241.983471074,4,74132.2314049587,C,7,4,9,16,77.51
2015,2014-12-12,2014-12-12,FALSE,South Delta,103,NA,NA,NA,0.10735119047619048,NA,103,40109.7520661157,82150.0826446281,1,2014-12-16,114241.983471074,4,74132.2314049587,C,7,4,9,16,77.51
2015,2014-12-12,2014-12-12,FALSE,Suisun Marsh and Montezuma Slough,103,NA,NA,NA,NA,-0.7774999999999999,103,40109.7520661157,82150.0826446281,1,2014-12-16,114241.983471074,4,74132.2314049587,C,7,4,9,16,77.51
2015,2014-12-12,2014-12-12,FALSE,Suisun Marsh and Montezuma Slough,103,NA,-3290.1966666666667,NA,NA,NA,103,40109.7520661157,82150.0826446281,1,2014-12-16,114241.983471074,4,74132.2314049587,C,7,4,9,16,77.51
2015,2014-12-12,2014-12-12,FALSE,Suisun Marsh and Montezuma Slough,103,NA,NA,NA,NA,NA,103,40109.7520661157,82150.0826446281,1,2014-12-16,114241.983471074,4,74132.2314049587,C,7,4,9,16,77.51
2015,2014-12-12,2014-12-12,FALSE,Suisun Marsh and Montezuma Slough,103,645.9433333333333,NA,NA,NA,NA,103,40109.7520661157,82150.0826446281,1,2014-12-16,114241.983471074,4,74132.2314049587,C,7,4,9,16,77.51
2015,2014-12-12,2014-12-12,FALSE,Suisun Marsh and Montezuma Slough,103,NA,NA,NA,0.11333333333333331,NA,103,40109.7520661157,82150.0826446281,1,2014-12-16,114241.983471074,4,74132.2314049587,C,7,4,9,16,77.51
2015,2014-12-12,2014-12-12,FALSE,Suisun and Honker Bays,103,NA,NA,NA,NA,NA,103,40109.7520661157,82150.0826446281,1,2014-12-16,114241.983471074,4,74132.2314049587,C,7,4,9,16,77.51
2015,2014-12-12,2014-12-12,FALSE,NA,103,NA,NA,NA,NA,NA,103,40109.7520661157,82150.0826446281,1,2014-12-16,114241.983471074,4,74132.2314049587,C,7,4,9,16,77.51
2015,2015-02-09,2014-12-12,TRUE,Cache Slough and Liberty Island,162,NA,NA,NA,NA,1.073333333333334,103,40109.7520661157,82150.0826446281,1,2014-12-16,114241.983471074,4,74132.2314049587,C,7,4,9,16,78.41
2015,2015-02-09,2014-12-12,TRUE,Cache Slough and Liberty Island,162,NA,-56.745000000000005,NA,NA,NA,103,40109.7520661157,82150.0826446281,1,2014-12-16,114241.983471074,4,74132.2314049587,C,7,4,9,16,78.41
2015,2015-02-09,2014-12-12,TRUE,Cache Slough and Liberty Island,162,NA,NA,46.185,NA,NA,103,40109.7520661157,82150.0826446281,1,2014-12-16,114241.983471074,4,74132.2314049587,C,7,4,9,16,78.41
2015,2015-02-09,2014-12-12,TRUE,Cache Slough and Liberty Island,162,NA,NA,NA,NA,NA,103,40109.7520661157,82150.0826446281,1,2014-12-16,114241.983471074,4,74132.2314049587,C,7,4,9,16,78.41
2015,2015-02-09,2014-12-12,TRUE,Cache Slough and Liberty Island,162,NA,NA,NA,0.16666666666666666,NA,103,40109.7520661157,82150.0826446281,1,2014-12-16,114241.983471074,4,74132.2314049587,C,7,4,9,16,78.41
2015,2015-02-09,2014-12-12,TRUE,Confluence,162,NA,NA,NA,NA,0.3786666666666676,103,40109.7520661157,82150.0826446281,1,2014-12-16,114241.983471074,4,74132.2314049587,C,7,4,9,16,78.41
2015,2015-02-09,2014-12-12,TRUE,Confluence,162,NA,-539.9599999999996,NA,NA,NA,103,40109.7520661157,82150.0826446281,1,2014-12-16,114241.983471074,4,74132.2314049587,C,7,4,9,16,78.41
2015,2015-02-09,2014-12-12,TRUE,Confluence,162,NA,NA,22.47266666666667,NA,NA,103,40109.7520661157,82150.0826446281,1,2014-12-16,114241.983471074,4,74132.2314049587,C,7,4,9,16,78.41
2015,2015-02-09,2014-12-12,TRUE,Confluence,162,15353.333333333336,NA,NA,NA,NA,103,40109.7520661157,82150.0826446281,1,2014-12-16,114241.983471074,4,74132.2314049587,C,7,4,9,16,78.41
2015,2015-02-09,2014-12-12,TRUE,Confluence,162,NA,NA,NA,0.2533333333333333,NA,103,40109.7520661157,82150.0826446281,1,2014-12-16,114241.983471074,4,74132.2314049587,C,7,4,9,16,78.41
2015,2015-02-09,2014-12-12,TRUE,North and South Forks Mokelumne River,162,NA,NA,NA,NA,0.7333333333333325,103,40109.7520661157,82150.0826446281,1,2014-12-16,114241.983471074,4,74132.2314049587,C,7,4,9,16,78.41
2015,2015-02-09,2014-12-12,TRUE,North and South Forks Mokelumne River,162,NA,-12.704666666666668,NA,NA,NA,103,40109.7520661157,82150.0826446281,1,2014-12-16,114241.983471074,4,74132.2314049587,C,7,4,9,16,78.41
2015,2015-02-09,2014-12-12,TRUE,North and South Forks Mokelumne River,162,NA,NA,56.45933333333333,NA,NA,103,40109.7520661157,82150.0826446281,1,2014-12-16,114241.983471074,4,74132.2314049587,C,7,4,9,16,78.41
2015,2015-02-09,2014-12-12,TRUE,North and South Forks Mokelumne River,162,3395.4444444444443,NA,NA,NA,NA,103,40109.7520661157,82150.0826446281,1,2014-12-16,114241.983471074,4,74132.2314049587,C,7,4,9,16,78.41
2015,2015-02-09,2014-12-12,TRUE,North and South Forks Mokelumne River,162,NA,NA,NA,0.5291666666666667,NA,103,40109.7520661157,82150.0826446281,1,2014-12-16,114241.983471074,4,74132.2314049587,C,7,4,9,16,78.41
2015,2015-02-09,2014-12-12,TRUE,Out of Bounds,162,NA,NA,NA,NA,0.8866666666666667,103,40109.7520661157,82150.0826446281,1,2014-12-16,114241.983471074,4,74132.2314049587,C,7,4,9,16,78.41
2015,2015-02-09,2014-12-12,TRUE,Out of Bounds,162,NA,-104.2266666666668,NA,NA,NA,103,40109.7520661157,82150.0826446281,1,2014-12-16,114241.983471074,4,74132.2314049587,C,7,4,9,16,78.41
2015,2015-02-09,2014-12-12,TRUE,Out of Bounds,162,NA,NA,6.689999999999998,NA,NA,103,40109.7520661157,82150.0826446281,1,2014-12-16,114241.983471074,4,74132.2314049587,C,7,4,9,16,78.41
2015,2015-02-09,2014-12-12,TRUE,Out of Bounds,162,NA,NA,NA,NA,NA,103,40109.7520661157,82150.0826446281,1,2014-12-16,114241.983471074,4,74132.2314049587,C,7,4,9,16,78.41
2015,2015-02-09,2014-12-12,TRUE,Sacramento River Deep Water Ship Channel,162,NA,NA,NA,NA,0.906666666666668,103,40109.7520661157,82150.0826446281,1,2014-12-16,114241.983471074,4,74132.2314049587,C,7,4,9,16,78.41
2015,2015-02-09,2014-12-12,TRUE,Sacramento River Deep Water Ship Channel,162,NA,-63.04000000000002,NA,NA,NA,103,40109.7520661157,82150.0826446281,1,2014-12-16,114241.983471074,4,74132.2314049587,C,7,4,9,16,78.41
2015,2015-02-09,2014-12-12,TRUE,Sacramento River Deep Water Ship Channel,162,NA,NA,12.281666666666666,NA,NA,103,40109.7520661157,82150.0826446281,1,2014-12-16,114241.983471074,4,74132.2314049587,C,7,4,9,16,78.41
2015,2015-02-09,2014-12-12,TRUE,Sacramento River Deep Water Ship Channel,162,129.23333333333335,NA,NA,NA,NA,103,40109.7520661157,82150.0826446281,1,2014-12-16,114241.983471074,4,74132.2314049587,C,7,4,9,16,78.41
2015,2015-02-09,2014-12-12,TRUE,Sacramento River Deep Water Ship Channel,162,NA,NA,NA,0.00666666666666666,NA,103,40109.7520661157,82150.0826446281,1,2014-12-16,114241.983471074,4,74132.2314049587,C,7,4,9,16,78.41
2015,2015-02-09,2014-12-12,TRUE,Sacramento River Mainstem,162,NA,NA,NA,NA,0.38555555555555543,103,40109.7520661157,82150.0826446281,1,2014-12-16,114241.983471074,4,74132.2314049587,C,7,4,9,16,78.41
2015,2015-02-09,2014-12-12,TRUE,Sacramento River Mainstem,162,NA,-58.09,NA,NA,NA,103,40109.7520661157,82150.0826446281,1,2014-12-16,114241.983471074,4,74132.2314049587,C,7,4,9,16,78.41
2015,2015-02-09,2014-12-12,TRUE,Sacramento River Mainstem,162,NA,NA,247.38444444444443,NA,NA,103,40109.7520661157,82150.0826446281,1,2014-12-16,114241.983471074,4,74132.2314049587,C,7,4,9,16,78.41
2015,2015-02-09,2014-12-12,TRUE,Sacramento River Mainstem,162,20953.441666666666,NA,NA,NA,NA,103,40109.7520661157,82150.0826446281,1,2014-12-16,114241.983471074,4,74132.2314049587,C,7,4,9,16,78.41
2015,2015-02-09,2014-12-12,TRUE,Sacramento River Mainstem,162,NA,NA,NA,NA,NA,103,40109.7520661157,82150.0826446281,1,2014-12-16,114241.983471074,4,74132.2314049587,C,7,4,9,16,78.41
2015,2015-02-09,2014-12-12,TRUE,San Pablo Bay and Carquinez Strait,162,NA,NA,NA,NA,0.293333333333333,103,40109.7520661157,82150.0826446281,1,2014-12-16,114241.983471074,4,74132.2314049587,C,7,4,9,16,78.41
2015,2015-02-09,2014-12-12,TRUE,San Pablo Bay and Carquinez Strait,162,NA,-5369.112222222226,NA,NA,NA,103,40109.7520661157,82150.0826446281,1,2014-12-16,114241.983471074,4,74132.2314049587,C,7,4,9,16,78.41
2015,2015-02-09,2014-12-12,TRUE,San Pablo Bay and Carquinez Strait,162,NA,NA,1.0316666666666665,NA,NA,103,40109.7520661157,82150.0826446281,1,2014-12-16,114241.983471074,4,74132.2314049587,C,7,4,9,16,78.41
2015,2015-02-09,2014-12-12,TRUE,San Pablo Bay and Carquinez Strait,162,NA,NA,NA,NA,NA,103,40109.7520661157,82150.0826446281,1,2014-12-16,114241.983471074,4,74132.2314049587,C,7,4,9,16,78.41
2015,2015-02-09,2014-12-12,TRUE,South Delta,162,NA,NA,NA,NA,0.873921568627452,103,40109.7520661157,82150.0826446281,1,2014-12-16,114241.983471074,4,74132.2314049587,C,7,4,9,16,78.41
2015,2015-02-09,2014-12-12,TRUE,South Delta,162,NA,-36.274509803921546,NA,NA,NA,103,40109.7520661157,82150.0826446281,1,2014-12-16,114241.983471074,4,74132.2314049587,C,7,4,9,16,78.41
2015,2015-02-09,2014-12-12,TRUE,South Delta,162,NA,NA,1.5323529411764705,NA,NA,103,40109.7520661157,82150.0826446281,1,2014-12-16,114241.983471074,4,74132.2314049587,C,7,4,9,16,78.41
2015,2015-02-09,2014-12-12,TRUE,South Delta,162,753.4404444444446,NA,NA,NA,NA,103,40109.7520661157,82150.0826446281,1,2014-12-16,114241.983471074,4,74132.2314049587,C,7,4,9,16,78.41
2015,2015-02-09,2014-12-12,TRUE,South Delta,162,NA,NA,NA,0.03074404761904762,NA,103,40109.7520661157,82150.0826446281,1,2014-12-16,114241.983471074,4,74132.2314049587,C,7,4,9,16,78.41
2015,2015-02-09,2014-12-12,TRUE,Suisun Marsh and Montezuma Slough,162,NA,NA,NA,NA,0.7058333333333326,103,40109.7520661157,82150.0826446281,1,2014-12-16,114241.983471074,4,74132.2314049587,C,7,4,9,16,78.41
2015,2015-02-09,2014-12-12,TRUE,Suisun Marsh and Montezuma Slough,162,NA,-1108.1708333333345,NA,NA,NA,103,40109.7520661157,82150.0826446281,1,2014-12-16,114241.983471074,4,74132.2314049587,C,7,4,9,16,78.41
2015,2015-02-09,2014-12-12,TRUE,Suisun Marsh and Montezuma Slough,162,NA,NA,NA,NA,NA,103,40109.7520661157,82150.0826446281,1,2014-12-16,114241.983471074,4,74132.2314049587,C,7,4,9,16,78.41
2015,2015-02-09,2014-12-12,TRUE,Suisun Marsh and Montezuma Slough,162,-113.40666666666677,NA,NA,NA,NA,103,40109.7520661157,82150.0826446281,1,2014-12-16,114241.983471074,4,74132.2314049587,C,7,4,9,16,78.41
2015,2015-02-09,2014-12-12,TRUE,Suisun Marsh and Montezuma Slough,162,NA,NA,NA,5.551115123125783e-17,NA,103,40109.7520661157,82150.0826446281,1,2014-12-16,114241.983471074,4,74132.2314049587,C,7,4,9,16,78.41
2015,2015-02-09,2014-12-12,TRUE,Suisun and Honker Bays,162,NA,NA,NA,NA,NA,103,40109.7520661157,82150.0826446281,1,2014-12-16,114241.983471074,4,74132.2314049587,C,7,4,9,16,78.41
2015,2015-02-09,2014-12-12,TRUE,NA,162,NA,NA,NA,NA,NA,103,40109.7520661157,82150.0826446281,1,2014-12-16,114241.983471074,4,74132.2314049587,C,7,4,9,16,78.41
2016,2016-01-08,2016-01-08,FALSE,Cache Slough and Liberty Island,130,NA,NA,NA,NA,0.5716666666666663,130,23198.6776859504,46856.1983471074,2,2016-01-22,100407.272727273,14,77208.5950413223,BN,8,6,7,4,79.37
2016,2016-01-08,2016-01-08,FALSE,Cache Slough and Liberty Island,130,NA,24.19500000000005,NA,NA,NA,130,23198.6776859504,46856.1983471074,2,2016-01-22,100407.272727273,14,77208.5950413223,BN,8,6,7,4,79.37
2016,2016-01-08,2016-01-08,FALSE,Cache Slough and Liberty Island,130,NA,NA,4.8999999999999995,NA,NA,130,23198.6776859504,46856.1983471074,2,2016-01-22,100407.272727273,14,77208.5950413223,BN,8,6,7,4,79.37
2016,2016-01-08,2016-01-08,FALSE,Cache Slough and Liberty Island,130,NA,NA,NA,NA,NA,130,23198.6776859504,46856.1983471074,2,2016-01-22,100407.272727273,14,77208.5950413223,BN,8,6,7,4,79.37
2016,2016-01-08,2016-01-08,FALSE,Cache Slough and Liberty Island,130,NA,NA,NA,0.07999999999999999,NA,130,23198.6776859504,46856.1983471074,2,2016-01-22,100407.272727273,14,77208.5950413223,BN,8,6,7,4,79.37
2016,2016-01-08,2016-01-08,FALSE,Confluence,130,NA,NA,NA,NA,0.21866666666666923,130,23198.6776859504,46856.1983471074,2,2016-01-22,100407.272727273,14,77208.5950413223,BN,8,6,7,4,79.37
2016,2016-01-08,2016-01-08,FALSE,Confluence,130,NA,-489.73,NA,NA,NA,130,23198.6776859504,46856.1983471074,2,2016-01-22,100407.272727273,14,77208.5950413223,BN,8,6,7,4,79.37
2016,2016-01-08,2016-01-08,FALSE,Confluence,130,NA,NA,1.9086666666666687,NA,NA,130,23198.6776859504,46856.1983471074,2,2016-01-22,100407.272727273,14,77208.5950413223,BN,8,6,7,4,79.37
2016,2016-01-08,2016-01-08,FALSE,Confluence,130,8131.111111111113,NA,NA,NA,NA,130,23198.6776859504,46856.1983471074,2,2016-01-22,100407.272727273,14,77208.5950413223,BN,8,6,7,4,79.37
2016,2016-01-08,2016-01-08,FALSE,Confluence,130,NA,NA,NA,0.14444444444444443,NA,130,23198.6776859504,46856.1983471074,2,2016-01-22,100407.272727273,14,77208.5950413223,BN,8,6,7,4,79.37
2016,2016-01-08,2016-01-08,FALSE,North and South Forks Mokelumne River,130,NA,NA,NA,NA,0.5713333333333326,130,23198.6776859504,46856.1983471074,2,2016-01-22,100407.272727273,14,77208.5950413223,BN,8,6,7,4,79.37
2016,2016-01-08,2016-01-08,FALSE,North and South Forks Mokelumne River,130,NA,-0.9926666666666506,NA,NA,NA,130,23198.6776859504,46856.1983471074,2,2016-01-22,100407.272727273,14,77208.5950413223,BN,8,6,7,4,79.37
2016,2016-01-08,2016-01-08,FALSE,North and South Forks Mokelumne River,130,NA,NA,5.828666666666668,NA,NA,130,23198.6776859504,46856.1983471074,2,2016-01-22,100407.272727273,14,77208.5950413223,BN,8,6,7,4,79.37
2016,2016-01-08,2016-01-08,FALSE,North and South Forks Mokelumne River,130,999.1111111111112,NA,NA,NA,NA,130,23198.6776859504,46856.1983471074,2,2016-01-22,100407.272727273,14,77208.5950413223,BN,8,6,7,4,79.37
2016,2016-01-08,2016-01-08,FALSE,North and South Forks Mokelumne River,130,NA,NA,NA,0.1125,NA,130,23198.6776859504,46856.1983471074,2,2016-01-22,100407.272727273,14,77208.5950413223,BN,8,6,7,4,79.37
2016,2016-01-08,2016-01-08,FALSE,Out of Bounds,130,NA,NA,NA,NA,0.2400000000000002,130,23198.6776859504,46856.1983471074,2,2016-01-22,100407.272727273,14,77208.5950413223,BN,8,6,7,4,79.37
2016,2016-01-08,2016-01-08,FALSE,Out of Bounds,130,NA,-191.13666666666663,NA,NA,NA,130,23198.6776859504,46856.1983471074,2,2016-01-22,100407.272727273,14,77208.5950413223,BN,8,6,7,4,79.37
2016,2016-01-08,2016-01-08,FALSE,Out of Bounds,130,NA,NA,17.92666666666667,NA,NA,130,23198.6776859504,46856.1983471074,2,2016-01-22,100407.272727273,14,77208.5950413223,BN,8,6,7,4,79.37
2016,2016-01-08,2016-01-08,FALSE,Out of Bounds,130,NA,NA,NA,NA,NA,130,23198.6776859504,46856.1983471074,2,2016-01-22,100407.272727273,14,77208.5950413223,BN,8,6,7,4,79.37
2016,2016-01-08,2016-01-08,FALSE,Sacramento River Deep Water Ship Channel,130,NA,NA,NA,NA,0.39333333333333353,130,23198.6776859504,46856.1983471074,2,2016-01-22,100407.272727273,14,77208.5950413223,BN,8,6,7,4,79.37
2016,2016-01-08,2016-01-08,FALSE,Sacramento River Deep Water Ship Channel,130,NA,28.46833333333336,NA,NA,NA,130,23198.6776859504,46856.1983471074,2,2016-01-22,100407.272727273,14,77208.5950413223,BN,8,6,7,4,79.37
2016,2016-01-08,2016-01-08,FALSE,Sacramento River Deep Water Ship Channel,130,NA,NA,5.076666666666664,NA,NA,130,23198.6776859504,46856.1983471074,2,2016-01-22,100407.272727273,14,77208.5950413223,BN,8,6,7,4,79.37
2016,2016-01-08,2016-01-08,FALSE,Sacramento River Deep Water Ship Channel,130,NA,NA,NA,NA,NA,130,23198.6776859504,46856.1983471074,2,2016-01-22,100407.272727273,14,77208.5950413223,BN,8,6,7,4,79.37
2016,2016-01-08,2016-01-08,FALSE,Sacramento River Deep Water Ship Channel,130,NA,NA,NA,-0.04333333333333333,NA,130,23198.6776859504,46856.1983471074,2,2016-01-22,100407.272727273,14,77208.5950413223,BN,8,6,7,4,79.37
2016,2016-01-08,2016-01-08,FALSE,Sacramento River Mainstem,130,NA,NA,NA,NA,0.8238095238095244,130,23198.6776859504,46856.1983471074,2,2016-01-22,100407.272727273,14,77208.5950413223,BN,8,6,7,4,79.37
2016,2016-01-08,2016-01-08,FALSE,Sacramento River Mainstem,130,NA,-38.89761904761906,NA,NA,NA,130,23198.6776859504,46856.1983471074,2,2016-01-22,100407.272727273,14,77208.5950413223,BN,8,6,7,4,79.37
2016,2016-01-08,2016-01-08,FALSE,Sacramento River Mainstem,130,NA,NA,41.29238095238095,NA,NA,130,23198.6776859504,46856.1983471074,2,2016-01-22,100407.272727273,14,77208.5950413223,BN,8,6,7,4,79.37
2016,2016-01-08,2016-01-08,FALSE,Sacramento River Mainstem,130,4792.255555555556,NA,NA,NA,NA,130,23198.6776859504,46856.1983471074,2,2016-01-22,100407.272727273,14,77208.5950413223,BN,8,6,7,4,79.37
2016,2016-01-08,2016-01-08,FALSE,Sacramento River Mainstem,130,NA,NA,NA,0.6505555555555556,NA,130,23198.6776859504,46856.1983471074,2,2016-01-22,100407.272727273,14,77208.5950413223,BN,8,6,7,4,79.37
2016,2016-01-08,2016-01-08,FALSE,San Pablo Bay and Carquinez Strait,130,NA,NA,NA,NA,0.03333333333333321,130,23198.6776859504,46856.1983471074,2,2016-01-22,100407.272727273,14,77208.5950413223,BN,8,6,7,4,79.37
2016,2016-01-08,2016-01-08,FALSE,San Pablo Bay and Carquinez Strait,130,NA,-3835.321111111112,NA,NA,NA,130,23198.6776859504,46856.1983471074,2,2016-01-22,100407.272727273,14,77208.5950413223,BN,8,6,7,4,79.37
2016,2016-01-08,2016-01-08,FALSE,San Pablo Bay and Carquinez Strait,130,NA,NA,4.6899999999999995,NA,NA,130,23198.6776859504,46856.1983471074,2,2016-01-22,100407.272727273,14,77208.5950413223,BN,8,6,7,4,79.37
2016,2016-01-08,2016-01-08,FALSE,San Pablo Bay and Carquinez Strait,130,NA,NA,NA,NA,NA,130,23198.6776859504,46856.1983471074,2,2016-01-22,100407.272727273,14,77208.5950413223,BN,8,6,7,4,79.37
2016,2016-01-08,2016-01-08,FALSE,South Delta,130,NA,NA,NA,NA,0.31725490196078354,130,23198.6776859504,46856.1983471074,2,2016-01-22,100407.272727273,14,77208.5950413223,BN,8,6,7,4,79.37
2016,2016-01-08,2016-01-08,FALSE,South Delta,130,NA,-68.20784313725494,NA,NA,NA,130,23198.6776859504,46856.1983471074,2,2016-01-22,100407.272727273,14,77208.5950413223,BN,8,6,7,4,79.37
2016,2016-01-08,2016-01-08,FALSE,South Delta,130,NA,NA,3.1945098039215676,NA,NA,130,23198.6776859504,46856.1983471074,2,2016-01-22,100407.272727273,14,77208.5950413223,BN,8,6,7,4,79.37
2016,2016-01-08,2016-01-08,FALSE,South Delta,130,240.64901960784323,NA,NA,NA,NA,130,23198.6776859504,46856.1983471074,2,2016-01-22,100407.272727273,14,77208.5950413223,BN,8,6,7,4,79.37
2016,2016-01-08,2016-01-08,FALSE,South Delta,130,NA,NA,NA,0.06208333333333332,NA,130,23198.6776859504,46856.1983471074,2,2016-01-22,100407.272727273,14,77208.5950413223,BN,8,6,7,4,79.37
2016,2016-01-08,2016-01-08,FALSE,Suisun Marsh and Montezuma Slough,130,NA,NA,NA,NA,0.00222222222222079,130,23198.6776859504,46856.1983471074,2,2016-01-22,100407.272727273,14,77208.5950413223,BN,8,6,7,4,79.37
2016,2016-01-08,2016-01-08,FALSE,Suisun Marsh and Montezuma Slough,130,NA,-910.1500000000004,NA,NA,NA,130,23198.6776859504,46856.1983471074,2,2016-01-22,100407.272727273,14,77208.5950413223,BN,8,6,7,4,79.37
2016,2016-01-08,2016-01-08,FALSE,Suisun Marsh and Montezuma Slough,130,NA,NA,NA,NA,NA,130,23198.6776859504,46856.1983471074,2,2016-01-22,100407.272727273,14,77208.5950413223,BN,8,6,7,4,79.37
2016,2016-01-08,2016-01-08,FALSE,Suisun Marsh and Montezuma Slough,130,654.1700000000001,NA,NA,NA,NA,130,23198.6776859504,46856.1983471074,2,2016-01-22,100407.272727273,14,77208.5950413223,BN,8,6,7,4,79.37
2016,2016-01-08,2016-01-08,FALSE,Suisun Marsh and Montezuma Slough,130,NA,NA,NA,0.16666666666666663,NA,130,23198.6776859504,46856.1983471074,2,2016-01-22,100407.272727273,14,77208.5950413223,BN,8,6,7,4,79.37
2016,2016-01-08,2016-01-08,FALSE,Suisun and Honker Bays,130,NA,NA,NA,NA,0.00333333333333385,130,23198.6776859504,46856.1983471074,2,2016-01-22,100407.272727273,14,77208.5950413223,BN,8,6,7,4,79.37
2016,2016-01-08,2016-01-08,FALSE,Suisun and Honker Bays,130,NA,-2975.1944444444453,NA,NA,NA,130,23198.6776859504,46856.1983471074,2,2016-01-22,100407.272727273,14,77208.5950413223,BN,8,6,7,4,79.37
2016,2016-01-08,2016-01-08,FALSE,Suisun and Honker Bays,130,NA,NA,3.5322222222222237,NA,NA,130,23198.6776859504,46856.1983471074,2,2016-01-22,100407.272727273,14,77208.5950413223,BN,8,6,7,4,79.37
2016,2016-01-08,2016-01-08,FALSE,Suisun and Honker Bays,130,NA,NA,NA,NA,NA,130,23198.6776859504,46856.1983471074,2,2016-01-22,100407.272727273,14,77208.5950413223,BN,8,6,7,4,79.37
2016,2016-01-08,2016-01-08,FALSE,NA,130,NA,NA,NA,NA,NA,130,23198.6776859504,46856.1983471074,2,2016-01-22,100407.272727273,14,77208.5950413223,BN,8,6,7,4,79.37
2016,2016-03-06,2016-01-08,TRUE,Cache Slough and Liberty Island,188,NA,NA,NA,NA,-1.535,130,23198.6776859504,46856.1983471074,2,2016-01-22,100407.272727273,14,77208.5950413223,BN,8,6,7,4,71.88
2016,2016-03-06,2016-01-08,TRUE,Cache Slough and Liberty Island,188,NA,-97.82166666666666,NA,NA,NA,130,23198.6776859504,46856.1983471074,2,2016-01-22,100407.272727273,14,77208.5950413223,BN,8,6,7,4,71.88
2016,2016-03-06,2016-01-08,TRUE,Cache Slough and Liberty Island,188,NA,NA,76.285,NA,NA,130,23198.6776859504,46856.1983471074,2,2016-01-22,100407.272727273,14,77208.5950413223,BN,8,6,7,4,71.88
2016,2016-03-06,2016-01-08,TRUE,Cache Slough and Liberty Island,188,NA,NA,NA,NA,NA,130,23198.6776859504,46856.1983471074,2,2016-01-22,100407.272727273,14,77208.5950413223,BN,8,6,7,4,71.88
2016,2016-03-06,2016-01-08,TRUE,Cache Slough and Liberty Island,188,NA,NA,NA,0.13000000000000003,NA,130,23198.6776859504,46856.1983471074,2,2016-01-22,100407.272727273,14,77208.5950413223,BN,8,6,7,4,71.88
2016,2016-03-06,2016-01-08,TRUE,Confluence,188,NA,NA,NA,NA,-0.200666666666665,130,23198.6776859504,46856.1983471074,2,2016-01-22,100407.272727273,14,77208.5950413223,BN,8,6,7,4,71.88
2016,2016-03-06,2016-01-08,TRUE,Confluence,188,NA,66.99466666666672,NA,NA,NA,130,23198.6776859504,46856.1983471074,2,2016-01-22,100407.272727273,14,77208.5950413223,BN,8,6,7,4,71.88
2016,2016-03-06,2016-01-08,TRUE,Confluence,188,NA,NA,3.8166666666666664,NA,NA,130,23198.6776859504,46856.1983471074,2,2016-01-22,100407.272727273,14,77208.5950413223,BN,8,6,7,4,71.88
2016,2016-03-06,2016-01-08,TRUE,Confluence,188,18892,NA,NA,NA,NA,130,23198.6776859504,46856.1983471074,2,2016-01-22,100407.272727273,14,77208.5950413223,BN,8,6,7,4,71.88
2016,2016-03-06,2016-01-08,TRUE,Confluence,188,NA,NA,NA,0.3122222222222222,NA,130,23198.6776859504,46856.1983471074,2,2016-01-22,100407.272727273,14,77208.5950413223,BN,8,6,7,4,71.88
2016,2016-03-06,2016-01-08,TRUE,North and South Forks Mokelumne River,188,NA,NA,NA,NA,-0.8313333333333333,130,23198.6776859504,46856.1983471074,2,2016-01-22,100407.272727273,14,77208.5950413223,BN,8,6,7,4,71.88
2016,2016-03-06,2016-01-08,TRUE,North and South Forks Mokelumne River,188,NA,-0.48799999999999955,NA,NA,NA,130,23198.6776859504,46856.1983471074,2,2016-01-22,100407.272727273,14,77208.5950413223,BN,8,6,7,4,71.88
2016,2016-03-06,2016-01-08,TRUE,North and South Forks Mokelumne River,188,NA,NA,18.22,NA,NA,130,23198.6776859504,46856.1983471074,2,2016-01-22,100407.272727273,14,77208.5950413223,BN,8,6,7,4,71.88
2016,2016-03-06,2016-01-08,TRUE,North and South Forks Mokelumne River,188,3821.8888888888887,NA,NA,NA,NA,130,23198.6776859504,46856.1983471074,2,2016-01-22,100407.272727273,14,77208.5950413223,BN,8,6,7,4,71.88
2016,2016-03-06,2016-01-08,TRUE,North and South Forks Mokelumne River,188,NA,NA,NA,0.5008333333333334,NA,130,23198.6776859504,46856.1983471074,2,2016-01-22,100407.272727273,14,77208.5950413223,BN,8,6,7,4,71.88
2016,2016-03-06,2016-01-08,TRUE,Out of Bounds,188,NA,NA,NA,NA,-1.84,130,23198.6776859504,46856.1983471074,2,2016-01-22,100407.272727273,14,77208.5950413223,BN,8,6,7,4,71.88
2016,2016-03-06,2016-01-08,TRUE,Out of Bounds,188,NA,-139.94000000000003,NA,NA,NA,130,23198.6776859504,46856.1983471074,2,2016-01-22,100407.272727273,14,77208.5950413223,BN,8,6,7,4,71.88
2016,2016-03-06,2016-01-08,TRUE,Out of Bounds,188,NA,NA,4.986666666666666,NA,NA,130,23198.6776859504,46856.1983471074,2,2016-01-22,100407.272727273,14,77208.5950413223,BN,8,6,7,4,71.88
2016,2016-03-06,2016-01-08,TRUE,Out of Bounds,188,NA,NA,NA,NA,NA,130,23198.6776859504,46856.1983471074,2,2016-01-22,100407.272727273,14,77208.5950413223,BN,8,6,7,4,71.88
2016,2016-03-06,2016-01-08,TRUE,Sacramento River Deep Water Ship Channel,188,NA,NA,NA,NA,-0.2950000000000017,130,23198.6776859504,46856.1983471074,2,2016-01-22,100407.272727273,14,77208.5950413223,BN,8,6,7,4,71.88
2016,2016-03-06,2016-01-08,TRUE,Sacramento River Deep Water Ship Channel,188,NA,1.7583333333333258,NA,NA,NA,130,23198.6776859504,46856.1983471074,2,2016-01-22,100407.272727273,14,77208.5950413223,BN,8,6,7,4,71.88
2016,2016-03-06,2016-01-08,TRUE,Sacramento River Deep Water Ship Channel,188,NA,NA,8.15,NA,NA,130,23198.6776859504,46856.1983471074,2,2016-01-22,100407.272727273,14,77208.5950413223,BN,8,6,7,4,71.88
2016,2016-03-06,2016-01-08,TRUE,Sacramento River Deep Water Ship Channel,188,NA,NA,NA,NA,NA,130,23198.6776859504,46856.1983471074,2,2016-01-22,100407.272727273,14,77208.5950413223,BN,8,6,7,4,71.88
2016,2016-03-06,2016-01-08,TRUE,Sacramento River Deep Water Ship Channel,188,NA,NA,NA,0.02666666666666665,NA,130,23198.6776859504,46856.1983471074,2,2016-01-22,100407.272727273,14,77208.5950413223,BN,8,6,7,4,71.88
2016,2016-03-06,2016-01-08,TRUE,Sacramento River Mainstem,188,NA,NA,NA,NA,-0.9761904761904764,130,23198.6776859504,46856.1983471074,2,2016-01-22,100407.272727273,14,77208.5950413223,BN,8,6,7,4,71.88
2016,2016-03-06,2016-01-08,TRUE,Sacramento River Mainstem,188,NA,-22.26000000000002,NA,NA,NA,130,23198.6776859504,46856.1983471074,2,2016-01-22,100407.272727273,14,77208.5950413223,BN,8,6,7,4,71.88
2016,2016-03-06,2016-01-08,TRUE,Sacramento River Mainstem,188,NA,NA,34.50857142857143,NA,NA,130,23198.6776859504,46856.1983471074,2,2016-01-22,100407.272727273,14,77208.5950413223,BN,8,6,7,4,71.88
2016,2016-03-06,2016-01-08,TRUE,Sacramento River Mainstem,188,9103.435555555554,NA,NA,NA,NA,130,23198.6776859504,46856.1983471074,2,2016-01-22,100407.272727273,14,77208.5950413223,BN,8,6,7,4,71.88
2016,2016-03-06,2016-01-08,TRUE,Sacramento River Mainstem,188,NA,NA,NA,1.0727777777777778,NA,130,23198.6776859504,46856.1983471074,2,2016-01-22,100407.272727273,14,77208.5950413223,BN,8,6,7,4,71.88
2016,2016-03-06,2016-01-08,TRUE,San Pablo Bay and Carquinez Strait,188,NA,NA,NA,NA,-0.3422222222222224,130,23198.6776859504,46856.1983471074,2,2016-01-22,100407.272727273,14,77208.5950413223,BN,8,6,7,4,71.88
2016,2016-03-06,2016-01-08,TRUE,San Pablo Bay and Carquinez Strait,188,NA,-4177.767777777779,NA,NA,NA,130,23198.6776859504,46856.1983471074,2,2016-01-22,100407.272727273,14,77208.5950413223,BN,8,6,7,4,71.88
2016,2016-03-06,2016-01-08,TRUE,San Pablo Bay and Carquinez Strait,188,NA,NA,17.54,NA,NA,130,23198.6776859504,46856.1983471074,2,2016-01-22,100407.272727273,14,77208.5950413223,BN,8,6,7,4,71.88
2016,2016-03-06,2016-01-08,TRUE,San Pablo Bay and Carquinez Strait,188,NA,NA,NA,NA,NA,130,23198.6776859504,46856.1983471074,2,2016-01-22,100407.272727273,14,77208.5950413223,BN,8,6,7,4,71.88
2016,2016-03-06,2016-01-08,TRUE,South Delta,188,NA,NA,NA,NA,-0.8170588235294112,130,23198.6776859504,46856.1983471074,2,2016-01-22,100407.272727273,14,77208.5950413223,BN,8,6,7,4,71.88
2016,2016-03-06,2016-01-08,TRUE,South Delta,188,NA,-37.373921568627395,NA,NA,NA,130,23198.6776859504,46856.1983471074,2,2016-01-22,100407.272727273,14,77208.5950413223,BN,8,6,7,4,71.88
2016,2016-03-06,2016-01-08,TRUE,South Delta,188,NA,NA,1.481960784313725,NA,NA,130,23198.6776859504,46856.1983471074,2,2016-01-22,100407.272727273,14,77208.5950413223,BN,8,6,7,4,71.88
2016,2016-03-06,2016-01-08,TRUE,South Delta,188,884.9929411764706,NA,NA,NA,NA,130,23198.6776859504,46856.1983471074,2,2016-01-22,100407.272727273,14,77208.5950413223,BN,8,6,7,4,71.88
2016,2016-03-06,2016-01-08,TRUE,South Delta,188,NA,NA,NA,0.078125,NA,130,23198.6776859504,46856.1983471074,2,2016-01-22,100407.272727273,14,77208.5950413223,BN,8,6,7,4,71.88
2016,2016-03-06,2016-01-08,TRUE,Suisun Marsh and Montezuma Slough,188,NA,NA,NA,NA,-0.663333333333334,130,23198.6776859504,46856.1983471074,2,2016-01-22,100407.272727273,14,77208.5950413223,BN,8,6,7,4,71.88
2016,2016-03-06,2016-01-08,TRUE,Suisun Marsh and Montezuma Slough,188,NA,437.123333333333,NA,NA,NA,130,23198.6776859504,46856.1983471074,2,2016-01-22,100407.272727273,14,77208.5950413223,BN,8,6,7,4,71.88
2016,2016-03-06,2016-01-08,TRUE,Suisun Marsh and Montezuma Slough,188,NA,NA,NA,NA,NA,130,23198.6776859504,46856.1983471074,2,2016-01-22,100407.272727273,14,77208.5950413223,BN,8,6,7,4,71.88
2016,2016-03-06,2016-01-08,TRUE,Suisun Marsh and Montezuma Slough,188,510.01,NA,NA,NA,NA,130,23198.6776859504,46856.1983471074,2,2016-01-22,100407.272727273,14,77208.5950413223,BN,8,6,7,4,71.88
2016,2016-03-06,2016-01-08,TRUE,Suisun Marsh and Montezuma Slough,188,NA,NA,NA,0.14333333333333334,NA,130,23198.6776859504,46856.1983471074,2,2016-01-22,100407.272727273,14,77208.5950413223,BN,8,6,7,4,71.88
2016,2016-03-06,2016-01-08,TRUE,Suisun and Honker Bays,188,NA,NA,NA,NA,-0.844444444444445,130,23198.6776859504,46856.1983471074,2,2016-01-22,100407.272727273,14,77208.5950413223,BN,8,6,7,4,71.88
2016,2016-03-06,2016-01-08,TRUE,Suisun and Honker Bays,188,NA,-279.2255555555548,NA,NA,NA,130,23198.6776859504,46856.1983471074,2,2016-01-22,100407.272727273,14,77208.5950413223,BN,8,6,7,4,71.88
2016,2016-03-06,2016-01-08,TRUE,Suisun and Honker Bays,188,NA,NA,11.024444444444445,NA,NA,130,23198.6776859504,46856.1983471074,2,2016-01-22,100407.272727273,14,77208.5950413223,BN,8,6,7,4,71.88
2016,2016-03-06,2016-01-08,TRUE,Suisun and Honker Bays,188,NA,NA,NA,NA,NA,130,23198.6776859504,46856.1983471074,2,2016-01-22,100407.272727273,14,77208.5950413223,BN,8,6,7,4,71.88
2016,2016-03-06,2016-01-08,TRUE,NA,188,NA,NA,NA,NA,NA,130,23198.6776859504,46856.1983471074,2,2016-01-22,100407.272727273,14,77208.5950413223,BN,8,6,7,4,71.88
2016,2016-03-12,2016-01-08,TRUE,Cache Slough and Liberty Island,194,NA,NA,NA,NA,-0.5216666666666665,130,23198.6776859504,46856.1983471074,2,2016-01-22,100407.272727273,14,77208.5950413223,BN,8,6,7,4,66.83
2016,2016-03-12,2016-01-08,TRUE,Cache Slough and Liberty Island,194,NA,-33.65499999999997,NA,NA,NA,130,23198.6776859504,46856.1983471074,2,2016-01-22,100407.272727273,14,77208.5950413223,BN,8,6,7,4,66.83
2016,2016-03-12,2016-01-08,TRUE,Cache Slough and Liberty Island,194,NA,NA,20.946666666666673,NA,NA,130,23198.6776859504,46856.1983471074,2,2016-01-22,100407.272727273,14,77208.5950413223,BN,8,6,7,4,66.83
2016,2016-03-12,2016-01-08,TRUE,Cache Slough and Liberty Island,194,NA,NA,NA,NA,NA,130,23198.6776859504,46856.1983471074,2,2016-01-22,100407.272727273,14,77208.5950413223,BN,8,6,7,4,66.83
2016,2016-03-12,2016-01-08,TRUE,Cache Slough and Liberty Island,194,NA,NA,NA,0.08,NA,130,23198.6776859504,46856.1983471074,2,2016-01-22,100407.272727273,14,77208.5950413223,BN,8,6,7,4,66.83
2016,2016-03-12,2016-01-08,TRUE,Confluence,194,NA,NA,NA,NA,-0.5579999999999998,130,23198.6776859504,46856.1983471074,2,2016-01-22,100407.272727273,14,77208.5950413223,BN,8,6,7,4,66.83
2016,2016-03-12,2016-01-08,TRUE,Confluence,194,NA,-17.073333333333267,NA,NA,NA,130,23198.6776859504,46856.1983471074,2,2016-01-22,100407.272727273,14,77208.5950413223,BN,8,6,7,4,66.83
2016,2016-03-12,2016-01-08,TRUE,Confluence,194,NA,NA,1.4833333333333345,NA,NA,130,23198.6776859504,46856.1983471074,2,2016-01-22,100407.272727273,14,77208.5950413223,BN,8,6,7,4,66.83
2016,2016-03-12,2016-01-08,TRUE,Confluence,194,14622.222222222226,NA,NA,NA,NA,130,23198.6776859504,46856.1983471074,2,2016-01-22,100407.272727273,14,77208.5950413223,BN,8,6,7,4,66.83
2016,2016-03-12,2016-01-08,TRUE,Confluence,194,NA,NA,NA,0.2166666666666668,NA,130,23198.6776859504,46856.1983471074,2,2016-01-22,100407.272727273,14,77208.5950413223,BN,8,6,7,4,66.83
2016,2016-03-12,2016-01-08,TRUE,North and South Forks Mokelumne River,194,NA,NA,NA,NA,-0.34133333333333304,130,23198.6776859504,46856.1983471074,2,2016-01-22,100407.272727273,14,77208.5950413223,BN,8,6,7,4,66.83
2016,2016-03-12,2016-01-08,TRUE,North and South Forks Mokelumne River,194,NA,9.13199999999999,NA,NA,NA,130,23198.6776859504,46856.1983471074,2,2016-01-22,100407.272727273,14,77208.5950413223,BN,8,6,7,4,66.83
2016,2016-03-12,2016-01-08,TRUE,North and South Forks Mokelumne River,194,NA,NA,-9.593333333333334,NA,NA,130,23198.6776859504,46856.1983471074,2,2016-01-22,100407.272727273,14,77208.5950413223,BN,8,6,7,4,66.83
2016,2016-03-12,2016-01-08,TRUE,North and South Forks Mokelumne River,194,1048.8888888888887,NA,NA,NA,NA,130,23198.6776859504,46856.1983471074,2,2016-01-22,100407.272727273,14,77208.5950413223,BN,8,6,7,4,66.83
2016,2016-03-12,2016-01-08,TRUE,North and South Forks Mokelumne River,194,NA,NA,NA,0.0083333333333333,NA,130,23198.6776859504,46856.1983471074,2,2016-01-22,100407.272727273,14,77208.5950413223,BN,8,6,7,4,66.83
2016,2016-03-12,2016-01-08,TRUE,Out of Bounds,194,NA,NA,NA,NA,-0.16999999999999993,130,23198.6776859504,46856.1983471074,2,2016-01-22,100407.272727273,14,77208.5950413223,BN,8,6,7,4,66.83
2016,2016-03-12,2016-01-08,TRUE,Out of Bounds,194,NA,84.19666666666672,NA,NA,NA,130,23198.6776859504,46856.1983471074,2,2016-01-22,100407.272727273,14,77208.5950413223,BN,8,6,7,4,66.83
2016,2016-03-12,2016-01-08,TRUE,Out of Bounds,194,NA,NA,2.979999999999997,NA,NA,130,23198.6776859504,46856.1983471074,2,2016-01-22,100407.272727273,14,77208.5950413223,BN,8,6,7,4,66.83
2016,2016-03-12,2016-01-08,TRUE,Out of Bounds,194,NA,NA,NA,NA,NA,130,23198.6776859504,46856.1983471074,2,2016-01-22,100407.272727273,14,77208.5950413223,BN,8,6,7,4,66.83
2016,2016-03-12,2016-01-08,TRUE,Sacramento River Deep Water Ship Channel,194,NA,NA,NA,NA,-0.586666666666666,130,23198.6776859504,46856.1983471074,2,2016-01-22,100407.272727273,14,77208.5950413223,BN,8,6,7,4,66.83
2016,2016-03-12,2016-01-08,TRUE,Sacramento River Deep Water Ship Channel,194,NA,-0.4833333333333485,NA,NA,NA,130,23198.6776859504,46856.1983471074,2,2016-01-22,100407.272727273,14,77208.5950413223,BN,8,6,7,4,66.83
2016,2016-03-12,2016-01-08,TRUE,Sacramento River Deep Water Ship Channel,194,NA,NA,-6.594999999999999,NA,NA,130,23198.6776859504,46856.1983471074,2,2016-01-22,100407.272727273,14,77208.5950413223,BN,8,6,7,4,66.83
2016,2016-03-12,2016-01-08,TRUE,Sacramento River Deep Water Ship Channel,194,NA,NA,NA,NA,NA,130,23198.6776859504,46856.1983471074,2,2016-01-22,100407.272727273,14,77208.5950413223,BN,8,6,7,4,66.83
2016,2016-03-12,2016-01-08,TRUE,Sacramento River Deep Water Ship Channel,194,NA,NA,NA,-0.00333333333333332,NA,130,23198.6776859504,46856.1983471074,2,2016-01-22,100407.272727273,14,77208.5950413223,BN,8,6,7,4,66.83
2016,2016-03-12,2016-01-08,TRUE,Sacramento River Mainstem,194,NA,NA,NA,NA,-0.3771428571428572,130,23198.6776859504,46856.1983471074,2,2016-01-22,100407.272727273,14,77208.5950413223,BN,8,6,7,4,66.83
2016,2016-03-12,2016-01-08,TRUE,Sacramento River Mainstem,194,NA,6.775238095238095,NA,NA,NA,130,23198.6776859504,46856.1983471074,2,2016-01-22,100407.272727273,14,77208.5950413223,BN,8,6,7,4,66.83
2016,2016-03-12,2016-01-08,TRUE,Sacramento River Mainstem,194,NA,NA,-25.52409523809524,NA,NA,130,23198.6776859504,46856.1983471074,2,2016-01-22,100407.272727273,14,77208.5950413223,BN,8,6,7,4,66.83
2016,2016-03-12,2016-01-08,TRUE,Sacramento River Mainstem,194,7891.40861111111,NA,NA,NA,NA,130,23198.6776859504,46856.1983471074,2,2016-01-22,100407.272727273,14,77208.5950413223,BN,8,6,7,4,66.83
2016,2016-03-12,2016-01-08,TRUE,Sacramento River Mainstem,194,NA,NA,NA,0.4594444444444448,NA,130,23198.6776859504,46856.1983471074,2,2016-01-22,100407.272727273,14,77208.5950413223,BN,8,6,7,4,66.83
2016,2016-03-12,2016-01-08,TRUE,San Pablo Bay and Carquinez Strait,194,NA,NA,NA,NA,-0.6411111111111101,130,23198.6776859504,46856.1983471074,2,2016-01-22,100407.272727273,14,77208.5950413223,BN,8,6,7,4,66.83
2016,2016-03-12,2016-01-08,TRUE,San Pablo Bay and Carquinez Strait,194,NA,-7342.525555555556,NA,NA,NA,130,23198.6776859504,46856.1983471074,2,2016-01-22,100407.272727273,14,77208.5950413223,BN,8,6,7,4,66.83
2016,2016-03-12,2016-01-08,TRUE,San Pablo Bay and Carquinez Strait,194,NA,NA,14.131666666666668,NA,NA,130,23198.6776859504,46856.1983471074,2,2016-01-22,100407.272727273,14,77208.5950413223,BN,8,6,7,4,66.83
2016,2016-03-12,2016-01-08,TRUE,San Pablo Bay and Carquinez Strait,194,NA,NA,NA,NA,NA,130,23198.6776859504,46856.1983471074,2,2016-01-22,100407.272727273,14,77208.5950413223,BN,8,6,7,4,66.83
2016,2016-03-12,2016-01-08,TRUE,South Delta,194,NA,NA,NA,NA,-0.6345098039215689,130,23198.6776859504,46856.1983471074,2,2016-01-22,100407.272727273,14,77208.5950413223,BN,8,6,7,4,66.83
2016,2016-03-12,2016-01-08,TRUE,South Delta,194,NA,-11.443137254901956,NA,NA,NA,130,23198.6776859504,46856.1983471074,2,2016-01-22,100407.272727273,14,77208.5950413223,BN,8,6,7,4,66.83
2016,2016-03-12,2016-01-08,TRUE,South Delta,194,NA,NA,0.5319607843137248,NA,NA,130,23198.6776859504,46856.1983471074,2,2016-01-22,100407.272727273,14,77208.5950413223,BN,8,6,7,4,66.83
2016,2016-03-12,2016-01-08,TRUE,South Delta,194,375.2152941176471,NA,NA,NA,NA,130,23198.6776859504,46856.1983471074,2,2016-01-22,100407.272727273,14,77208.5950413223,BN,8,6,7,4,66.83
2016,2016-03-12,2016-01-08,TRUE,South Delta,194,NA,NA,NA,0.01583333333333335,NA,130,23198.6776859504,46856.1983471074,2,2016-01-22,100407.272727273,14,77208.5950413223,BN,8,6,7,4,66.83
2016,2016-03-12,2016-01-08,TRUE,Suisun Marsh and Montezuma Slough,194,NA,NA,NA,NA,-1.073333333333334,130,23198.6776859504,46856.1983471074,2,2016-01-22,100407.272727273,14,77208.5950413223,BN,8,6,7,4,66.83
2016,2016-03-12,2016-01-08,TRUE,Suisun Marsh and Montezuma Slough,194,NA,-639.2399999999998,NA,NA,NA,130,23198.6776859504,46856.1983471074,2,2016-01-22,100407.272727273,14,77208.5950413223,BN,8,6,7,4,66.83
2016,2016-03-12,2016-01-08,TRUE,Suisun Marsh and Montezuma Slough,194,NA,NA,NA,NA,NA,130,23198.6776859504,46856.1983471074,2,2016-01-22,100407.272727273,14,77208.5950413223,BN,8,6,7,4,66.83
2016,2016-03-12,2016-01-08,TRUE,Suisun Marsh and Montezuma Slough,194,475.4333333333334,NA,NA,NA,NA,130,23198.6776859504,46856.1983471074,2,2016-01-22,100407.272727273,14,77208.5950413223,BN,8,6,7,4,66.83
2016,2016-03-12,2016-01-08,TRUE,Suisun Marsh and Montezuma Slough,194,NA,NA,NA,0.08000000000000002,NA,130,23198.6776859504,46856.1983471074,2,2016-01-22,100407.272727273,14,77208.5950413223,BN,8,6,7,4,66.83
2016,2016-03-12,2016-01-08,TRUE,Suisun and Honker Bays,194,NA,NA,NA,NA,-0.9655555555555536,130,23198.6776859504,46856.1983471074,2,2016-01-22,100407.272727273,14,77208.5950413223,BN,8,6,7,4,66.83
2016,2016-03-12,2016-01-08,TRUE,Suisun and Honker Bays,194,NA,-1856.1266666666663,NA,NA,NA,130,23198.6776859504,46856.1983471074,2,2016-01-22,100407.272727273,14,77208.5950413223,BN,8,6,7,4,66.83
2016,2016-03-12,2016-01-08,TRUE,Suisun and Honker Bays,194,NA,NA,17.85,NA,NA,130,23198.6776859504,46856.1983471074,2,2016-01-22,100407.272727273,14,77208.5950413223,BN,8,6,7,4,66.83
2016,2016-03-12,2016-01-08,TRUE,Suisun and Honker Bays,194,NA,NA,NA,NA,NA,130,23198.6776859504,46856.1983471074,2,2016-01-22,100407.272727273,14,77208.5950413223,BN,8,6,7,4,66.83
2016,2016-03-12,2016-01-08,TRUE,NA,194,NA,NA,NA,NA,NA,130,23198.6776859504,46856.1983471074,2,2016-01-22,100407.272727273,14,77208.5950413223,BN,8,6,7,4,66.83
2017,2016-12-11,2016-12-11,FALSE,Cache Slough and Liberty Island,102,NA,NA,NA,NA,0.3200000000000003,102,29566.9421487603,72487.9338842975,11,2016-12-19,198755.702479339,8,169188.760330578,W,2,141,8,6,79.69
2017,2016-12-11,2016-12-11,FALSE,Cache Slough and Liberty Island,102,NA,-8.879999999999995,NA,NA,NA,102,29566.9421487603,72487.9338842975,11,2016-12-19,198755.702479339,8,169188.760330578,W,2,141,8,6,79.69
2017,2016-12-11,2016-12-11,FALSE,Cache Slough and Liberty Island,102,NA,NA,3.460000000000001,NA,NA,102,29566.9421487603,72487.9338842975,11,2016-12-19,198755.702479339,8,169188.760330578,W,2,141,8,6,79.69
2017,2016-12-11,2016-12-11,FALSE,Cache Slough and Liberty Island,102,NA,NA,NA,NA,NA,102,29566.9421487603,72487.9338842975,11,2016-12-19,198755.702479339,8,169188.760330578,W,2,141,8,6,79.69
2017,2016-12-11,2016-12-11,FALSE,Cache Slough and Liberty Island,102,NA,NA,NA,-0.01333333333333333,NA,102,29566.9421487603,72487.9338842975,11,2016-12-19,198755.702479339,8,169188.760330578,W,2,141,8,6,79.69
2017,2016-12-11,2016-12-11,FALSE,Confluence,102,NA,NA,NA,NA,-0.00733333333333341,102,29566.9421487603,72487.9338842975,11,2016-12-19,198755.702479339,8,169188.760330578,W,2,141,8,6,79.69
2017,2016-12-11,2016-12-11,FALSE,Confluence,102,NA,34.248666666666395,NA,NA,NA,102,29566.9421487603,72487.9338842975,11,2016-12-19,198755.702479339,8,169188.760330578,W,2,141,8,6,79.69
2017,2016-12-11,2016-12-11,FALSE,Confluence,102,NA,NA,1.8226666666666684,NA,NA,102,29566.9421487603,72487.9338842975,11,2016-12-19,198755.702479339,8,169188.760330578,W,2,141,8,6,79.69
2017,2016-12-11,2016-12-11,FALSE,Confluence,102,22829.777777777777,NA,NA,NA,NA,102,29566.9421487603,72487.9338842975,11,2016-12-19,198755.702479339,8,169188.760330578,W,2,141,8,6,79.69
2017,2016-12-11,2016-12-11,FALSE,Confluence,102,NA,NA,NA,0.3466666666666667,NA,102,29566.9421487603,72487.9338842975,11,2016-12-19,198755.702479339,8,169188.760330578,W,2,141,8,6,79.69
2017,2016-12-11,2016-12-11,FALSE,North and South Forks Mokelumne River,102,NA,NA,NA,NA,0.23000000000000043,102,29566.9421487603,72487.9338842975,11,2016-12-19,198755.702479339,8,169188.760330578,W,2,141,8,6,79.69
2017,2016-12-11,2016-12-11,FALSE,North and South Forks Mokelumne River,102,NA,-16.85916666666668,NA,NA,NA,102,29566.9421487603,72487.9338842975,11,2016-12-19,198755.702479339,8,169188.760330578,W,2,141,8,6,79.69
2017,2016-12-11,2016-12-11,FALSE,North and South Forks Mokelumne River,102,NA,NA,12.215000000000002,NA,NA,102,29566.9421487603,72487.9338842975,11,2016-12-19,198755.702479339,8,169188.760330578,W,2,141,8,6,79.69
2017,2016-12-11,2016-12-11,FALSE,North and South Forks Mokelumne River,102,2575.5555555555557,NA,NA,NA,NA,102,29566.9421487603,72487.9338842975,11,2016-12-19,198755.702479339,8,169188.760330578,W,2,141,8,6,79.69
2017,2016-12-11,2016-12-11,FALSE,North and South Forks Mokelumne River,102,NA,NA,NA,0.31999999999999995,NA,102,29566.9421487603,72487.9338842975,11,2016-12-19,198755.702479339,8,169188.760330578,W,2,141,8,6,79.69
2017,2016-12-11,2016-12-11,FALSE,Out of Bounds,102,NA,NA,NA,NA,1.1733333333333338,102,29566.9421487603,72487.9338842975,11,2016-12-19,198755.702479339,8,169188.760330578,W,2,141,8,6,79.69
2017,2016-12-11,2016-12-11,FALSE,Out of Bounds,102,NA,46.8900000000001,NA,NA,NA,102,29566.9421487603,72487.9338842975,11,2016-12-19,198755.702479339,8,169188.760330578,W,2,141,8,6,79.69
2017,2016-12-11,2016-12-11,FALSE,Out of Bounds,102,NA,NA,-1.9033333333333324,NA,NA,102,29566.9421487603,72487.9338842975,11,2016-12-19,198755.702479339,8,169188.760330578,W,2,141,8,6,79.69
2017,2016-12-11,2016-12-11,FALSE,Out of Bounds,102,NA,NA,NA,NA,NA,102,29566.9421487603,72487.9338842975,11,2016-12-19,198755.702479339,8,169188.760330578,W,2,141,8,6,79.69
2017,2016-12-11,2016-12-11,FALSE,Sacramento River Deep Water Ship Channel,102,NA,NA,NA,NA,-0.086666666666666,102,29566.9421487603,72487.9338842975,11,2016-12-19,198755.702479339,8,169188.760330578,W,2,141,8,6,79.69
2017,2016-12-11,2016-12-11,FALSE,Sacramento River Deep Water Ship Channel,102,NA,-52.19166666666666,NA,NA,NA,102,29566.9421487603,72487.9338842975,11,2016-12-19,198755.702479339,8,169188.760330578,W,2,141,8,6,79.69
2017,2016-12-11,2016-12-11,FALSE,Sacramento River Deep Water Ship Channel,102,NA,NA,1.7699999999999996,NA,NA,102,29566.9421487603,72487.9338842975,11,2016-12-19,198755.702479339,8,169188.760330578,W,2,141,8,6,79.69
2017,2016-12-11,2016-12-11,FALSE,Sacramento River Deep Water Ship Channel,102,38.89999999999998,NA,NA,NA,NA,102,29566.9421487603,72487.9338842975,11,2016-12-19,198755.702479339,8,169188.760330578,W,2,141,8,6,79.69
2017,2016-12-11,2016-12-11,FALSE,Sacramento River Deep Water Ship Channel,102,NA,NA,NA,-0.00333333333333333,NA,102,29566.9421487603,72487.9338842975,11,2016-12-19,198755.702479339,8,169188.760330578,W,2,141,8,6,79.69
2017,2016-12-11,2016-12-11,FALSE,Sacramento River Mainstem,102,NA,NA,NA,NA,0.7161904761904765,102,29566.9421487603,72487.9338842975,11,2016-12-19,198755.702479339,8,169188.760330578,W,2,141,8,6,79.69
2017,2016-12-11,2016-12-11,FALSE,Sacramento River Mainstem,102,NA,-41.81857142857143,NA,NA,NA,102,29566.9421487603,72487.9338842975,11,2016-12-19,198755.702479339,8,169188.760330578,W,2,141,8,6,79.69
2017,2016-12-11,2016-12-11,FALSE,Sacramento River Mainstem,102,NA,NA,40.51809523809524,NA,NA,102,29566.9421487603,72487.9338842975,11,2016-12-19,198755.702479339,8,169188.760330578,W,2,141,8,6,79.69
2017,2016-12-11,2016-12-11,FALSE,Sacramento River Mainstem,102,10169.310833333331,NA,NA,NA,NA,102,29566.9421487603,72487.9338842975,11,2016-12-19,198755.702479339,8,169188.760330578,W,2,141,8,6,79.69
2017,2016-12-11,2016-12-11,FALSE,Sacramento River Mainstem,102,NA,NA,NA,1.1244444444444444,NA,102,29566.9421487603,72487.9338842975,11,2016-12-19,198755.702479339,8,169188.760330578,W,2,141,8,6,79.69
2017,2016-12-11,2016-12-11,FALSE,San Pablo Bay and Carquinez Strait,102,NA,NA,NA,NA,-0.02777777777777679,102,29566.9421487603,72487.9338842975,11,2016-12-19,198755.702479339,8,169188.760330578,W,2,141,8,6,79.69
2017,2016-12-11,2016-12-11,FALSE,San Pablo Bay and Carquinez Strait,102,NA,-829.3699999999953,NA,NA,NA,102,29566.9421487603,72487.9338842975,11,2016-12-19,198755.702479339,8,169188.760330578,W,2,141,8,6,79.69
2017,2016-12-11,2016-12-11,FALSE,San Pablo Bay and Carquinez Strait,102,NA,NA,5.23,NA,NA,102,29566.9421487603,72487.9338842975,11,2016-12-19,198755.702479339,8,169188.760330578,W,2,141,8,6,79.69
2017,2016-12-11,2016-12-11,FALSE,San Pablo Bay and Carquinez Strait,102,NA,NA,NA,NA,NA,102,29566.9421487603,72487.9338842975,11,2016-12-19,198755.702479339,8,169188.760330578,W,2,141,8,6,79.69
2017,2016-12-11,2016-12-11,FALSE,South Delta,102,NA,NA,NA,NA,0.35117647058823565,102,29566.9421487603,72487.9338842975,11,2016-12-19,198755.702479339,8,169188.760330578,W,2,141,8,6,79.69
2017,2016-12-11,2016-12-11,FALSE,South Delta,102,NA,42.60270833333334,NA,NA,NA,102,29566.9421487603,72487.9338842975,11,2016-12-19,198755.702479339,8,169188.760330578,W,2,141,8,6,79.69
2017,2016-12-11,2016-12-11,FALSE,South Delta,102,NA,NA,0.785061274509804,NA,NA,102,29566.9421487603,72487.9338842975,11,2016-12-19,198755.702479339,8,169188.760330578,W,2,141,8,6,79.69
2017,2016-12-11,2016-12-11,FALSE,South Delta,102,78.56242332830561,NA,NA,NA,NA,102,29566.9421487603,72487.9338842975,11,2016-12-19,198755.702479339,8,169188.760330578,W,2,141,8,6,79.69
2017,2016-12-11,2016-12-11,FALSE,South Delta,102,NA,NA,NA,-0.03357142857142856,NA,102,29566.9421487603,72487.9338842975,11,2016-12-19,198755.702479339,8,169188.760330578,W,2,141,8,6,79.69
2017,2016-12-11,2016-12-11,FALSE,Suisun Marsh and Montezuma Slough,102,NA,NA,NA,NA,0.2575000000000003,102,29566.9421487603,72487.9338842975,11,2016-12-19,198755.702479339,8,169188.760330578,W,2,141,8,6,79.69
2017,2016-12-11,2016-12-11,FALSE,Suisun Marsh and Montezuma Slough,102,NA,1204.0825000000011,NA,NA,NA,102,29566.9421487603,72487.9338842975,11,2016-12-19,198755.702479339,8,169188.760330578,W,2,141,8,6,79.69
2017,2016-12-11,2016-12-11,FALSE,Suisun Marsh and Montezuma Slough,102,NA,NA,NA,NA,NA,102,29566.9421487603,72487.9338842975,11,2016-12-19,198755.702479339,8,169188.760330578,W,2,141,8,6,79.69
2017,2016-12-11,2016-12-11,FALSE,Suisun Marsh and Montezuma Slough,102,290.77666666666664,NA,NA,NA,NA,102,29566.9421487603,72487.9338842975,11,2016-12-19,198755.702479339,8,169188.760330578,W,2,141,8,6,79.69
2017,2016-12-11,2016-12-11,FALSE,Suisun Marsh and Montezuma Slough,102,NA,NA,NA,0.09333333333333332,NA,102,29566.9421487603,72487.9338842975,11,2016-12-19,198755.702479339,8,169188.760330578,W,2,141,8,6,79.69
2017,2016-12-11,2016-12-11,FALSE,Suisun and Honker Bays,102,NA,NA,NA,NA,0.04111111111111221,102,29566.9421487603,72487.9338842975,11,2016-12-19,198755.702479339,8,169188.760330578,W,2,141,8,6,79.69
2017,2016-12-11,2016-12-11,FALSE,Suisun and Honker Bays,102,NA,89.6077777777773,NA,NA,NA,102,29566.9421487603,72487.9338842975,11,2016-12-19,198755.702479339,8,169188.760330578,W,2,141,8,6,79.69
2017,2016-12-11,2016-12-11,FALSE,Suisun and Honker Bays,102,NA,NA,-1.9622222222222232,NA,NA,102,29566.9421487603,72487.9338842975,11,2016-12-19,198755.702479339,8,169188.760330578,W,2,141,8,6,79.69
2017,2016-12-11,2016-12-11,FALSE,Suisun and Honker Bays,102,NA,NA,NA,NA,NA,102,29566.9421487603,72487.9338842975,11,2016-12-19,198755.702479339,8,169188.760330578,W,2,141,8,6,79.69
2017,2016-12-11,2016-12-11,FALSE,NA,102,NA,NA,NA,NA,NA,102,29566.9421487603,72487.9338842975,11,2016-12-19,198755.702479339,8,169188.760330578,W,2,141,8,6,79.69
2017,2016-12-15,2016-12-11,TRUE,Cache Slough and Liberty Island,106,NA,NA,NA,NA,0.23666666666666636,102,29566.9421487603,72487.9338842975,11,2016-12-19,198755.702479339,8,169188.760330578,W,2,141,8,6,76.02
2017,2016-12-15,2016-12-11,TRUE,Cache Slough and Liberty Island,106,NA,14.389999999999986,NA,NA,NA,102,29566.9421487603,72487.9338842975,11,2016-12-19,198755.702479339,8,169188.760330578,W,2,141,8,6,76.02
2017,2016-12-15,2016-12-11,TRUE,Cache Slough and Liberty Island,106,NA,NA,17.71,NA,NA,102,29566.9421487603,72487.9338842975,11,2016-12-19,198755.702479339,8,169188.760330578,W,2,141,8,6,76.02
2017,2016-12-15,2016-12-11,TRUE,Cache Slough and Liberty Island,106,NA,NA,NA,NA,NA,102,29566.9421487603,72487.9338842975,11,2016-12-19,198755.702479339,8,169188.760330578,W,2,141,8,6,76.02
2017,2016-12-15,2016-12-11,TRUE,Cache Slough and Liberty Island,106,NA,NA,NA,0.04333333333333333,NA,102,29566.9421487603,72487.9338842975,11,2016-12-19,198755.702479339,8,169188.760330578,W,2,141,8,6,76.02
2017,2016-12-15,2016-12-11,TRUE,Confluence,106,NA,NA,NA,NA,0.03133333333333432,102,29566.9421487603,72487.9338842975,11,2016-12-19,198755.702479339,8,169188.760330578,W,2,141,8,6,76.02
2017,2016-12-15,2016-12-11,TRUE,Confluence,106,NA,-358.1400000000003,NA,NA,NA,102,29566.9421487603,72487.9338842975,11,2016-12-19,198755.702479339,8,169188.760330578,W,2,141,8,6,76.02
2017,2016-12-15,2016-12-11,TRUE,Confluence,106,NA,NA,8.968666666666667,NA,NA,102,29566.9421487603,72487.9338842975,11,2016-12-19,198755.702479339,8,169188.760330578,W,2,141,8,6,76.02
2017,2016-12-15,2016-12-11,TRUE,Confluence,106,12722.22222222222,NA,NA,NA,NA,102,29566.9421487603,72487.9338842975,11,2016-12-19,198755.702479339,8,169188.760330578,W,2,141,8,6,76.02
2017,2016-12-15,2016-12-11,TRUE,Confluence,106,NA,NA,NA,0.12,NA,102,29566.9421487603,72487.9338842975,11,2016-12-19,198755.702479339,8,169188.760330578,W,2,141,8,6,76.02
2017,2016-12-15,2016-12-11,TRUE,North and South Forks Mokelumne River,106,NA,NA,NA,NA,0.3458333333333332,102,29566.9421487603,72487.9338842975,11,2016-12-19,198755.702479339,8,169188.760330578,W,2,141,8,6,76.02
2017,2016-12-15,2016-12-11,TRUE,North and South Forks Mokelumne River,106,NA,-38.425,NA,NA,NA,102,29566.9421487603,72487.9338842975,11,2016-12-19,198755.702479339,8,169188.760330578,W,2,141,8,6,76.02
2017,2016-12-15,2016-12-11,TRUE,North and South Forks Mokelumne River,106,NA,NA,8.917499999999997,NA,NA,102,29566.9421487603,72487.9338842975,11,2016-12-19,198755.702479339,8,169188.760330578,W,2,141,8,6,76.02
2017,2016-12-15,2016-12-11,TRUE,North and South Forks Mokelumne River,106,2352.2222222222217,NA,NA,NA,NA,102,29566.9421487603,72487.9338842975,11,2016-12-19,198755.702479339,8,169188.760330578,W,2,141,8,6,76.02
2017,2016-12-15,2016-12-11,TRUE,North and South Forks Mokelumne River,106,NA,NA,NA,0.1416666666666666,NA,102,29566.9421487603,72487.9338842975,11,2016-12-19,198755.702479339,8,169188.760330578,W,2,141,8,6,76.02
2017,2016-12-15,2016-12-11,TRUE,Out of Bounds,106,NA,NA,NA,NA,-0.3433333333333337,102,29566.9421487603,72487.9338842975,11,2016-12-19,198755.702479339,8,169188.760330578,W,2,141,8,6,76.02
2017,2016-12-15,2016-12-11,TRUE,Out of Bounds,106,NA,-30.66999999999996,NA,NA,NA,102,29566.9421487603,72487.9338842975,11,2016-12-19,198755.702479339,8,169188.760330578,W,2,141,8,6,76.02
2017,2016-12-15,2016-12-11,TRUE,Out of Bounds,106,NA,NA,3.24,NA,NA,102,29566.9421487603,72487.9338842975,11,2016-12-19,198755.702479339,8,169188.760330578,W,2,141,8,6,76.02
2017,2016-12-15,2016-12-11,TRUE,Out of Bounds,106,NA,NA,NA,NA,NA,102,29566.9421487603,72487.9338842975,11,2016-12-19,198755.702479339,8,169188.760330578,W,2,141,8,6,76.02
2017,2016-12-15,2016-12-11,TRUE,Sacramento River Deep Water Ship Channel,106,NA,NA,NA,NA,0.4033333333333342,102,29566.9421487603,72487.9338842975,11,2016-12-19,198755.702479339,8,169188.760330578,W,2,141,8,6,76.02
2017,2016-12-15,2016-12-11,TRUE,Sacramento River Deep Water Ship Channel,106,NA,47.41666666666666,NA,NA,NA,102,29566.9421487603,72487.9338842975,11,2016-12-19,198755.702479339,8,169188.760330578,W,2,141,8,6,76.02
2017,2016-12-15,2016-12-11,TRUE,Sacramento River Deep Water Ship Channel,106,NA,NA,6.331666666666667,NA,NA,102,29566.9421487603,72487.9338842975,11,2016-12-19,198755.702479339,8,169188.760330578,W,2,141,8,6,76.02
2017,2016-12-15,2016-12-11,TRUE,Sacramento River Deep Water Ship Channel,106,559.6666666666667,NA,NA,NA,NA,102,29566.9421487603,72487.9338842975,11,2016-12-19,198755.702479339,8,169188.760330578,W,2,141,8,6,76.02
2017,2016-12-15,2016-12-11,TRUE,Sacramento River Deep Water Ship Channel,106,NA,NA,NA,0.03333333333333333,NA,102,29566.9421487603,72487.9338842975,11,2016-12-19,198755.702479339,8,169188.760330578,W,2,141,8,6,76.02
2017,2016-12-15,2016-12-11,TRUE,Sacramento River Mainstem,106,NA,NA,NA,NA,0.16571428571428548,102,29566.9421487603,72487.9338842975,11,2016-12-19,198755.702479339,8,169188.760330578,W,2,141,8,6,76.02
2017,2016-12-15,2016-12-11,TRUE,Sacramento River Mainstem,106,NA,-15.150476190476184,NA,NA,NA,102,29566.9421487603,72487.9338842975,11,2016-12-19,198755.702479339,8,169188.760330578,W,2,141,8,6,76.02
2017,2016-12-15,2016-12-11,TRUE,Sacramento River Mainstem,106,NA,NA,-7.797619047619065,NA,NA,102,29566.9421487603,72487.9338842975,11,2016-12-19,198755.702479339,8,169188.760330578,W,2,141,8,6,76.02
2017,2016-12-15,2016-12-11,TRUE,Sacramento River Mainstem,106,9402.129166666666,NA,NA,NA,NA,102,29566.9421487603,72487.9338842975,11,2016-12-19,198755.702479339,8,169188.760330578,W,2,141,8,6,76.02
2017,2016-12-15,2016-12-11,TRUE,Sacramento River Mainstem,106,NA,NA,NA,0.7258333333333336,NA,102,29566.9421487603,72487.9338842975,11,2016-12-19,198755.702479339,8,169188.760330578,W,2,141,8,6,76.02
2017,2016-12-15,2016-12-11,TRUE,San Pablo Bay and Carquinez Strait,106,NA,NA,NA,NA,-0.3511111111111127,102,29566.9421487603,72487.9338842975,11,2016-12-19,198755.702479339,8,169188.760330578,W,2,141,8,6,76.02
2017,2016-12-15,2016-12-11,TRUE,San Pablo Bay and Carquinez Strait,106,NA,-6000.386666666665,NA,NA,NA,102,29566.9421487603,72487.9338842975,11,2016-12-19,198755.702479339,8,169188.760330578,W,2,141,8,6,76.02
2017,2016-12-15,2016-12-11,TRUE,San Pablo Bay and Carquinez Strait,106,NA,NA,9.886666666666668,NA,NA,102,29566.9421487603,72487.9338842975,11,2016-12-19,198755.702479339,8,169188.760330578,W,2,141,8,6,76.02
2017,2016-12-15,2016-12-11,TRUE,San Pablo Bay and Carquinez Strait,106,NA,NA,NA,NA,NA,102,29566.9421487603,72487.9338842975,11,2016-12-19,198755.702479339,8,169188.760330578,W,2,141,8,6,76.02
2017,2016-12-15,2016-12-11,TRUE,South Delta,106,NA,NA,NA,NA,-0.08470588235294052,102,29566.9421487603,72487.9338842975,11,2016-12-19,198755.702479339,8,169188.760330578,W,2,141,8,6,76.02
2017,2016-12-15,2016-12-11,TRUE,South Delta,106,NA,-25.42291666666665,NA,NA,NA,102,29566.9421487603,72487.9338842975,11,2016-12-19,198755.702479339,8,169188.760330578,W,2,141,8,6,76.02
2017,2016-12-15,2016-12-11,TRUE,South Delta,106,NA,NA,1.9845098039215685,NA,NA,102,29566.9421487603,72487.9338842975,11,2016-12-19,198755.702479339,8,169188.760330578,W,2,141,8,6,76.02
2017,2016-12-15,2016-12-11,TRUE,South Delta,106,349.7824514831573,NA,NA,NA,NA,102,29566.9421487603,72487.9338842975,11,2016-12-19,198755.702479339,8,169188.760330578,W,2,141,8,6,76.02
2017,2016-12-15,2016-12-11,TRUE,South Delta,106,NA,NA,NA,0.08675595238095238,NA,102,29566.9421487603,72487.9338842975,11,2016-12-19,198755.702479339,8,169188.760330578,W,2,141,8,6,76.02
2017,2016-12-15,2016-12-11,TRUE,Suisun Marsh and Montezuma Slough,106,NA,NA,NA,NA,-0.1899999999999995,102,29566.9421487603,72487.9338842975,11,2016-12-19,198755.702479339,8,169188.760330578,W,2,141,8,6,76.02
2017,2016-12-15,2016-12-11,TRUE,Suisun Marsh and Montezuma Slough,106,NA,-2350.2474999999995,NA,NA,NA,102,29566.9421487603,72487.9338842975,11,2016-12-19,198755.702479339,8,169188.760330578,W,2,141,8,6,76.02
2017,2016-12-15,2016-12-11,TRUE,Suisun Marsh and Montezuma Slough,106,NA,NA,NA,NA,NA,102,29566.9421487603,72487.9338842975,11,2016-12-19,198755.702479339,8,169188.760330578,W,2,141,8,6,76.02
2017,2016-12-15,2016-12-11,TRUE,Suisun Marsh and Montezuma Slough,106,656.6,NA,NA,NA,NA,102,29566.9421487603,72487.9338842975,11,2016-12-19,198755.702479339,8,169188.760330578,W,2,141,8,6,76.02
2017,2016-12-15,2016-12-11,TRUE,Suisun Marsh and Montezuma Slough,106,NA,NA,NA,0.12333333333333338,NA,102,29566.9421487603,72487.9338842975,11,2016-12-19,198755.702479339,8,169188.760330578,W,2,141,8,6,76.02
2017,2016-12-15,2016-12-11,TRUE,Suisun and Honker Bays,106,NA,NA,NA,NA,-0.4416666666666664,102,29566.9421487603,72487.9338842975,11,2016-12-19,198755.702479339,8,169188.760330578,W,2,141,8,6,76.02
2017,2016-12-15,2016-12-11,TRUE,Suisun and Honker Bays,106,NA,-5367.762777777777,NA,NA,NA,102,29566.9421487603,72487.9338842975,11,2016-12-19,198755.702479339,8,169188.760330578,W,2,141,8,6,76.02
2017,2016-12-15,2016-12-11,TRUE,Suisun and Honker Bays,106,NA,NA,24.94055555555556,NA,NA,102,29566.9421487603,72487.9338842975,11,2016-12-19,198755.702479339,8,169188.760330578,W,2,141,8,6,76.02
2017,2016-12-15,2016-12-11,TRUE,Suisun and Honker Bays,106,NA,NA,NA,NA,NA,102,29566.9421487603,72487.9338842975,11,2016-12-19,198755.702479339,8,169188.760330578,W,2,141,8,6,76.02
2017,2016-12-15,2016-12-11,TRUE,NA,106,NA,NA,NA,NA,NA,102,29566.9421487603,72487.9338842975,11,2016-12-19,198755.702479339,8,169188.760330578,W,2,141,8,6,76.02
2017,2017-01-05,2016-12-11,TRUE,Cache Slough and Liberty Island,127,NA,NA,NA,NA,0.18333333333333357,102,29566.9421487603,72487.9338842975,11,2016-12-19,198755.702479339,8,169188.760330578,W,2,141,8,6,66
2017,2017-01-05,2016-12-11,TRUE,Cache Slough and Liberty Island,127,NA,5.409999999999997,NA,NA,NA,102,29566.9421487603,72487.9338842975,11,2016-12-19,198755.702479339,8,169188.760330578,W,2,141,8,6,66
2017,2017-01-05,2016-12-11,TRUE,Cache Slough and Liberty Island,127,NA,NA,18.473333333333336,NA,NA,102,29566.9421487603,72487.9338842975,11,2016-12-19,198755.702479339,8,169188.760330578,W,2,141,8,6,66
2017,2017-01-05,2016-12-11,TRUE,Cache Slough and Liberty Island,127,NA,NA,NA,NA,NA,102,29566.9421487603,72487.9338842975,11,2016-12-19,198755.702479339,8,169188.760330578,W,2,141,8,6,66
2017,2017-01-05,2016-12-11,TRUE,Cache Slough and Liberty Island,127,NA,NA,NA,0.09000000000000002,NA,102,29566.9421487603,72487.9338842975,11,2016-12-19,198755.702479339,8,169188.760330578,W,2,141,8,6,66
2017,2017-01-05,2016-12-11,TRUE,Confluence,127,NA,NA,NA,NA,0.09333333333333373,102,29566.9421487603,72487.9338842975,11,2016-12-19,198755.702479339,8,169188.760330578,W,2,141,8,6,66
2017,2017-01-05,2016-12-11,TRUE,Confluence,127,NA,0.34266666666667334,NA,NA,NA,102,29566.9421487603,72487.9338842975,11,2016-12-19,198755.702479339,8,169188.760330578,W,2,141,8,6,66
2017,2017-01-05,2016-12-11,TRUE,Confluence,127,NA,NA,4.672666666666668,NA,NA,102,29566.9421487603,72487.9338842975,11,2016-12-19,198755.702479339,8,169188.760330578,W,2,141,8,6,66
2017,2017-01-05,2016-12-11,TRUE,Confluence,127,15616.666666666664,NA,NA,NA,NA,102,29566.9421487603,72487.9338842975,11,2016-12-19,198755.702479339,8,169188.760330578,W,2,141,8,6,66
2017,2017-01-05,2016-12-11,TRUE,Confluence,127,NA,NA,NA,0.2511111111111112,NA,102,29566.9421487603,72487.9338842975,11,2016-12-19,198755.702479339,8,169188.760330578,W,2,141,8,6,66
2017,2017-01-05,2016-12-11,TRUE,North and South Forks Mokelumne River,127,NA,NA,NA,NA,0.1949999999999985,102,29566.9421487603,72487.9338842975,11,2016-12-19,198755.702479339,8,169188.760330578,W,2,141,8,6,66
2017,2017-01-05,2016-12-11,TRUE,North and South Forks Mokelumne River,127,NA,-4.714166666666671,NA,NA,NA,102,29566.9421487603,72487.9338842975,11,2016-12-19,198755.702479339,8,169188.760330578,W,2,141,8,6,66
2017,2017-01-05,2016-12-11,TRUE,North and South Forks Mokelumne River,127,NA,NA,16.216666666666665,NA,NA,102,29566.9421487603,72487.9338842975,11,2016-12-19,198755.702479339,8,169188.760330578,W,2,141,8,6,66
2017,2017-01-05,2016-12-11,TRUE,North and South Forks Mokelumne River,127,5216.666666666666,NA,NA,NA,NA,102,29566.9421487603,72487.9338842975,11,2016-12-19,198755.702479339,8,169188.760330578,W,2,141,8,6,66
2017,2017-01-05,2016-12-11,TRUE,North and South Forks Mokelumne River,127,NA,NA,NA,0.6575000000000001,NA,102,29566.9421487603,72487.9338842975,11,2016-12-19,198755.702479339,8,169188.760330578,W,2,141,8,6,66
2017,2017-01-05,2016-12-11,TRUE,Out of Bounds,127,NA,NA,NA,NA,0.9466666666666654,102,29566.9421487603,72487.9338842975,11,2016-12-19,198755.702479339,8,169188.760330578,W,2,141,8,6,66
2017,2017-01-05,2016-12-11,TRUE,Out of Bounds,127,NA,-799.62,NA,NA,NA,102,29566.9421487603,72487.9338842975,11,2016-12-19,198755.702479339,8,169188.760330578,W,2,141,8,6,66
2017,2017-01-05,2016-12-11,TRUE,Out of Bounds,127,NA,NA,37.96333333333333,NA,NA,102,29566.9421487603,72487.9338842975,11,2016-12-19,198755.702479339,8,169188.760330578,W,2,141,8,6,66
2017,2017-01-05,2016-12-11,TRUE,Out of Bounds,127,NA,NA,NA,NA,NA,102,29566.9421487603,72487.9338842975,11,2016-12-19,198755.702479339,8,169188.760330578,W,2,141,8,6,66
2017,2017-01-05,2016-12-11,TRUE,Sacramento River Deep Water Ship Channel,127,NA,NA,NA,NA,-0.00999999999999978,102,29566.9421487603,72487.9338842975,11,2016-12-19,198755.702479339,8,169188.760330578,W,2,141,8,6,66
2017,2017-01-05,2016-12-11,TRUE,Sacramento River Deep Water Ship Channel,127,NA,4.691666666666663,NA,NA,NA,102,29566.9421487603,72487.9338842975,11,2016-12-19,198755.702479339,8,169188.760330578,W,2,141,8,6,66
2017,2017-01-05,2016-12-11,TRUE,Sacramento River Deep Water Ship Channel,127,NA,NA,3.240000000000002,NA,NA,102,29566.9421487603,72487.9338842975,11,2016-12-19,198755.702479339,8,169188.760330578,W,2,141,8,6,66
2017,2017-01-05,2016-12-11,TRUE,Sacramento River Deep Water Ship Channel,127,-214.63333333333335,NA,NA,NA,NA,102,29566.9421487603,72487.9338842975,11,2016-12-19,198755.702479339,8,169188.760330578,W,2,141,8,6,66
2017,2017-01-05,2016-12-11,TRUE,Sacramento River Deep Water Ship Channel,127,NA,NA,NA,-0.01,NA,102,29566.9421487603,72487.9338842975,11,2016-12-19,198755.702479339,8,169188.760330578,W,2,141,8,6,66
2017,2017-01-05,2016-12-11,TRUE,Sacramento River Mainstem,127,NA,NA,NA,NA,-0.09047619047619015,102,29566.9421487603,72487.9338842975,11,2016-12-19,198755.702479339,8,169188.760330578,W,2,141,8,6,66
2017,2017-01-05,2016-12-11,TRUE,Sacramento River Mainstem,127,NA,-26.601904761904763,NA,NA,NA,102,29566.9421487603,72487.9338842975,11,2016-12-19,198755.702479339,8,169188.760330578,W,2,141,8,6,66
2017,2017-01-05,2016-12-11,TRUE,Sacramento River Mainstem,127,NA,NA,23.035238095238096,NA,NA,102,29566.9421487603,72487.9338842975,11,2016-12-19,198755.702479339,8,169188.760330578,W,2,141,8,6,66
2017,2017-01-05,2016-12-11,TRUE,Sacramento River Mainstem,127,10503.124166666668,NA,NA,NA,NA,102,29566.9421487603,72487.9338842975,11,2016-12-19,198755.702479339,8,169188.760330578,W,2,141,8,6,66
2017,2017-01-05,2016-12-11,TRUE,Sacramento River Mainstem,127,NA,NA,NA,1.123333333333333,NA,102,29566.9421487603,72487.9338842975,11,2016-12-19,198755.702479339,8,169188.760330578,W,2,141,8,6,66
2017,2017-01-05,2016-12-11,TRUE,San Pablo Bay and Carquinez Strait,127,NA,NA,NA,NA,0.01111111111111107,102,29566.9421487603,72487.9338842975,11,2016-12-19,198755.702479339,8,169188.760330578,W,2,141,8,6,66
2017,2017-01-05,2016-12-11,TRUE,San Pablo Bay and Carquinez Strait,127,NA,-672.2166666666653,NA,NA,NA,102,29566.9421487603,72487.9338842975,11,2016-12-19,198755.702479339,8,169188.760330578,W,2,141,8,6,66
2017,2017-01-05,2016-12-11,TRUE,San Pablo Bay and Carquinez Strait,127,NA,NA,-4.170000000000002,NA,NA,102,29566.9421487603,72487.9338842975,11,2016-12-19,198755.702479339,8,169188.760330578,W,2,141,8,6,66
2017,2017-01-05,2016-12-11,TRUE,San Pablo Bay and Carquinez Strait,127,NA,NA,NA,NA,NA,102,29566.9421487603,72487.9338842975,11,2016-12-19,198755.702479339,8,169188.760330578,W,2,141,8,6,66
2017,2017-01-05,2016-12-11,TRUE,South Delta,127,NA,NA,NA,NA,0.3217647058823534,102,29566.9421487603,72487.9338842975,11,2016-12-19,198755.702479339,8,169188.760330578,W,2,141,8,6,66
2017,2017-01-05,2016-12-11,TRUE,South Delta,127,NA,-130.94980392156862,NA,NA,NA,102,29566.9421487603,72487.9338842975,11,2016-12-19,198755.702479339,8,169188.760330578,W,2,141,8,6,66
2017,2017-01-05,2016-12-11,TRUE,South Delta,127,NA,NA,5.778823529411763,NA,NA,102,29566.9421487603,72487.9338842975,11,2016-12-19,198755.702479339,8,169188.760330578,W,2,141,8,6,66
2017,2017-01-05,2016-12-11,TRUE,South Delta,127,1368.1047843137255,NA,NA,NA,NA,102,29566.9421487603,72487.9338842975,11,2016-12-19,198755.702479339,8,169188.760330578,W,2,141,8,6,66
2017,2017-01-05,2016-12-11,TRUE,South Delta,127,NA,NA,NA,0.206875,NA,102,29566.9421487603,72487.9338842975,11,2016-12-19,198755.702479339,8,169188.760330578,W,2,141,8,6,66
2017,2017-01-05,2016-12-11,TRUE,Suisun Marsh and Montezuma Slough,127,NA,NA,NA,NA,0.1416666666666675,102,29566.9421487603,72487.9338842975,11,2016-12-19,198755.702479339,8,169188.760330578,W,2,141,8,6,66
2017,2017-01-05,2016-12-11,TRUE,Suisun Marsh and Montezuma Slough,127,NA,22.676666666666733,NA,NA,NA,102,29566.9421487603,72487.9338842975,11,2016-12-19,198755.702479339,8,169188.760330578,W,2,141,8,6,66
2017,2017-01-05,2016-12-11,TRUE,Suisun Marsh and Montezuma Slough,127,NA,NA,NA,NA,NA,102,29566.9421487603,72487.9338842975,11,2016-12-19,198755.702479339,8,169188.760330578,W,2,141,8,6,66
2017,2017-01-05,2016-12-11,TRUE,Suisun Marsh and Montezuma Slough,127,408.06,NA,NA,NA,NA,102,29566.9421487603,72487.9338842975,11,2016-12-19,198755.702479339,8,169188.760330578,W,2,141,8,6,66
2017,2017-01-05,2016-12-11,TRUE,Suisun Marsh and Montezuma Slough,127,NA,NA,NA,0.09,NA,102,29566.9421487603,72487.9338842975,11,2016-12-19,198755.702479339,8,169188.760330578,W,2,141,8,6,66
2017,2017-01-05,2016-12-11,TRUE,Suisun and Honker Bays,127,NA,NA,NA,NA,-0.04333333333333122,102,29566.9421487603,72487.9338842975,11,2016-12-19,198755.702479339,8,169188.760330578,W,2,141,8,6,66
2017,2017-01-05,2016-12-11,TRUE,Suisun and Honker Bays,127,NA,-190.33833333333337,NA,NA,NA,102,29566.9421487603,72487.9338842975,11,2016-12-19,198755.702479339,8,169188.760330578,W,2,141,8,6,66
2017,2017-01-05,2016-12-11,TRUE,Suisun and Honker Bays,127,NA,NA,-14.148333333333332,NA,NA,102,29566.9421487603,72487.9338842975,11,2016-12-19,198755.702479339,8,169188.760330578,W,2,141,8,6,66
2017,2017-01-05,2016-12-11,TRUE,Suisun and Honker Bays,127,NA,NA,NA,NA,NA,102,29566.9421487603,72487.9338842975,11,2016-12-19,198755.702479339,8,169188.760330578,W,2,141,8,6,66
2017,2017-01-05,2016-12-11,TRUE,NA,127,NA,NA,NA,NA,NA,102,29566.9421487603,72487.9338842975,11,2016-12-19,198755.702479339,8,169188.760330578,W,2,141,8,6,66
2017,2017-01-21,2016-12-11,TRUE,Cache Slough and Liberty Island,143,NA,NA,NA,NA,NA,102,29566.9421487603,72487.9338842975,11,2016-12-19,198755.702479339,8,169188.760330578,W,2,141,8,6,52.55
2017,2017-01-21,2016-12-11,TRUE,Cache Slough and Liberty Island,143,NA,NA,0.8400000000000034,NA,NA,102,29566.9421487603,72487.9338842975,11,2016-12-19,198755.702479339,8,169188.760330578,W,2,141,8,6,52.55
2017,2017-01-21,2016-12-11,TRUE,Cache Slough and Liberty Island,143,NA,NA,NA,0.18666666666666656,NA,102,29566.9421487603,72487.9338842975,11,2016-12-19,198755.702479339,8,169188.760330578,W,2,141,8,6,52.55
2017,2017-01-21,2016-12-11,TRUE,Confluence,143,NA,NA,NA,NA,0.23466666666666747,102,29566.9421487603,72487.9338842975,11,2016-12-19,198755.702479339,8,169188.760330578,W,2,141,8,6,52.55
2017,2017-01-21,2016-12-11,TRUE,Confluence,143,NA,16.276000000000067,NA,NA,NA,102,29566.9421487603,72487.9338842975,11,2016-12-19,198755.702479339,8,169188.760330578,W,2,141,8,6,52.55
2017,2017-01-21,2016-12-11,TRUE,Confluence,143,NA,NA,3.9399999999999977,NA,NA,102,29566.9421487603,72487.9338842975,11,2016-12-19,198755.702479339,8,169188.760330578,W,2,141,8,6,52.55
2017,2017-01-21,2016-12-11,TRUE,Confluence,143,7788.888888888876,NA,NA,NA,NA,102,29566.9421487603,72487.9338842975,11,2016-12-19,198755.702479339,8,169188.760330578,W,2,141,8,6,52.55
2017,2017-01-21,2016-12-11,TRUE,Confluence,143,NA,NA,NA,0.10555555555555518,NA,102,29566.9421487603,72487.9338842975,11,2016-12-19,198755.702479339,8,169188.760330578,W,2,141,8,6,52.55
2017,2017-01-21,2016-12-11,TRUE,North and South Forks Mokelumne River,143,NA,NA,NA,NA,0.43416666666666615,102,29566.9421487603,72487.9338842975,11,2016-12-19,198755.702479339,8,169188.760330578,W,2,141,8,6,52.55
2017,2017-01-21,2016-12-11,TRUE,North and South Forks Mokelumne River,143,NA,2.693333333333328,NA,NA,NA,102,29566.9421487603,72487.9338842975,11,2016-12-19,198755.702479339,8,169188.760330578,W,2,141,8,6,52.55
2017,2017-01-21,2016-12-11,TRUE,North and South Forks Mokelumne River,143,NA,NA,3.4508333333333354,NA,NA,102,29566.9421487603,72487.9338842975,11,2016-12-19,198755.702479339,8,169188.760330578,W,2,141,8,6,52.55
2017,2017-01-21,2016-12-11,TRUE,North and South Forks Mokelumne River,143,3884.444444444443,NA,NA,NA,NA,102,29566.9421487603,72487.9338842975,11,2016-12-19,198755.702479339,8,169188.760330578,W,2,141,8,6,52.55
2017,2017-01-21,2016-12-11,TRUE,North and South Forks Mokelumne River,143,NA,NA,NA,0.46250000000000013,NA,102,29566.9421487603,72487.9338842975,11,2016-12-19,198755.702479339,8,169188.760330578,W,2,141,8,6,52.55
2017,2017-01-21,2016-12-11,TRUE,Out of Bounds,143,NA,NA,NA,NA,0.5999999999999996,102,29566.9421487603,72487.9338842975,11,2016-12-19,198755.702479339,8,169188.760330578,W,2,141,8,6,52.55
2017,2017-01-21,2016-12-11,TRUE,Out of Bounds,143,NA,23.643333333333345,NA,NA,NA,102,29566.9421487603,72487.9338842975,11,2016-12-19,198755.702479339,8,169188.760330578,W,2,141,8,6,52.55
2017,2017-01-21,2016-12-11,TRUE,Out of Bounds,143,NA,NA,38.29666666666666,NA,NA,102,29566.9421487603,72487.9338842975,11,2016-12-19,198755.702479339,8,169188.760330578,W,2,141,8,6,52.55
2017,2017-01-21,2016-12-11,TRUE,Out of Bounds,143,NA,NA,NA,NA,NA,102,29566.9421487603,72487.9338842975,11,2016-12-19,198755.702479339,8,169188.760330578,W,2,141,8,6,52.55
2017,2017-01-21,2016-12-11,TRUE,Sacramento River Deep Water Ship Channel,143,NA,NA,NA,NA,0.1750000000000007,102,29566.9421487603,72487.9338842975,11,2016-12-19,198755.702479339,8,169188.760330578,W,2,141,8,6,52.55
2017,2017-01-21,2016-12-11,TRUE,Sacramento River Deep Water Ship Channel,143,NA,20.09833333333336,NA,NA,NA,102,29566.9421487603,72487.9338842975,11,2016-12-19,198755.702479339,8,169188.760330578,W,2,141,8,6,52.55
2017,2017-01-21,2016-12-11,TRUE,Sacramento River Deep Water Ship Channel,143,NA,NA,-11.366666666666667,NA,NA,102,29566.9421487603,72487.9338842975,11,2016-12-19,198755.702479339,8,169188.760330578,W,2,141,8,6,52.55
2017,2017-01-21,2016-12-11,TRUE,Sacramento River Deep Water Ship Channel,143,303.33333333333326,NA,NA,NA,NA,102,29566.9421487603,72487.9338842975,11,2016-12-19,198755.702479339,8,169188.760330578,W,2,141,8,6,52.55
2017,2017-01-21,2016-12-11,TRUE,Sacramento River Deep Water Ship Channel,143,NA,NA,NA,0.01,NA,102,29566.9421487603,72487.9338842975,11,2016-12-19,198755.702479339,8,169188.760330578,W,2,141,8,6,52.55
2017,2017-01-21,2016-12-11,TRUE,Sacramento River Mainstem,143,NA,NA,NA,NA,0.28095238095237995,102,29566.9421487603,72487.9338842975,11,2016-12-19,198755.702479339,8,169188.760330578,W,2,141,8,6,52.55
2017,2017-01-21,2016-12-11,TRUE,Sacramento River Mainstem,143,NA,8.353333333333325,NA,NA,NA,102,29566.9421487603,72487.9338842975,11,2016-12-19,198755.702479339,8,169188.760330578,W,2,141,8,6,52.55
2017,2017-01-21,2016-12-11,TRUE,Sacramento River Mainstem,143,NA,NA,0.14119047619048075,NA,NA,102,29566.9421487603,72487.9338842975,11,2016-12-19,198755.702479339,8,169188.760330578,W,2,141,8,6,52.55
2017,2017-01-21,2016-12-11,TRUE,Sacramento River Mainstem,143,-1004.4991666666684,NA,NA,NA,NA,102,29566.9421487603,72487.9338842975,11,2016-12-19,198755.702479339,8,169188.760330578,W,2,141,8,6,52.55
2017,2017-01-21,2016-12-11,TRUE,Sacramento River Mainstem,143,NA,NA,NA,-0.09416666666666627,NA,102,29566.9421487603,72487.9338842975,11,2016-12-19,198755.702479339,8,169188.760330578,W,2,141,8,6,52.55
2017,2017-01-21,2016-12-11,TRUE,San Pablo Bay and Carquinez Strait,143,NA,NA,NA,NA,0.03555555555555578,102,29566.9421487603,72487.9338842975,11,2016-12-19,198755.702479339,8,169188.760330578,W,2,141,8,6,52.55
2017,2017-01-21,2016-12-11,TRUE,San Pablo Bay and Carquinez Strait,143,NA,-540.6188888888889,NA,NA,NA,102,29566.9421487603,72487.9338842975,11,2016-12-19,198755.702479339,8,169188.760330578,W,2,141,8,6,52.55
2017,2017-01-21,2016-12-11,TRUE,San Pablo Bay and Carquinez Strait,143,NA,NA,-2.268333333333331,NA,NA,102,29566.9421487603,72487.9338842975,11,2016-12-19,198755.702479339,8,169188.760330578,W,2,141,8,6,52.55
2017,2017-01-21,2016-12-11,TRUE,San Pablo Bay and Carquinez Strait,143,NA,NA,NA,NA,NA,102,29566.9421487603,72487.9338842975,11,2016-12-19,198755.702479339,8,169188.760330578,W,2,141,8,6,52.55
2017,2017-01-21,2016-12-11,TRUE,South Delta,143,NA,NA,NA,NA,0.15607843137254918,102,29566.9421487603,72487.9338842975,11,2016-12-19,198755.702479339,8,169188.760330578,W,2,141,8,6,52.55
2017,2017-01-21,2016-12-11,TRUE,South Delta,143,NA,-0.9217647058823673,NA,NA,NA,102,29566.9421487603,72487.9338842975,11,2016-12-19,198755.702479339,8,169188.760330578,W,2,141,8,6,52.55
2017,2017-01-21,2016-12-11,TRUE,South Delta,143,NA,NA,10.51862745098039,NA,NA,102,29566.9421487603,72487.9338842975,11,2016-12-19,198755.702479339,8,169188.760330578,W,2,141,8,6,52.55
2017,2017-01-21,2016-12-11,TRUE,South Delta,143,-860.7419607843136,NA,NA,NA,NA,102,29566.9421487603,72487.9338842975,11,2016-12-19,198755.702479339,8,169188.760330578,W,2,141,8,6,52.55
2017,2017-01-21,2016-12-11,TRUE,South Delta,143,NA,NA,NA,-0.29202380952380946,NA,102,29566.9421487603,72487.9338842975,11,2016-12-19,198755.702479339,8,169188.760330578,W,2,141,8,6,52.55
2017,2017-01-21,2016-12-11,TRUE,Suisun Marsh and Montezuma Slough,143,NA,NA,NA,NA,0.5399999999999991,102,29566.9421487603,72487.9338842975,11,2016-12-19,198755.702479339,8,169188.760330578,W,2,141,8,6,52.55
2017,2017-01-21,2016-12-11,TRUE,Suisun Marsh and Montezuma Slough,143,NA,-156.50833333333333,NA,NA,NA,102,29566.9421487603,72487.9338842975,11,2016-12-19,198755.702479339,8,169188.760330578,W,2,141,8,6,52.55
2017,2017-01-21,2016-12-11,TRUE,Suisun Marsh and Montezuma Slough,143,NA,NA,NA,NA,NA,102,29566.9421487603,72487.9338842975,11,2016-12-19,198755.702479339,8,169188.760330578,W,2,141,8,6,52.55
2017,2017-01-21,2016-12-11,TRUE,Suisun Marsh and Montezuma Slough,143,365.8500000000003,NA,NA,NA,NA,102,29566.9421487603,72487.9338842975,11,2016-12-19,198755.702479339,8,169188.760330578,W,2,141,8,6,52.55
2017,2017-01-21,2016-12-11,TRUE,Suisun Marsh and Montezuma Slough,143,NA,NA,NA,0.06333333333333324,NA,102,29566.9421487603,72487.9338842975,11,2016-12-19,198755.702479339,8,169188.760330578,W,2,141,8,6,52.55
2017,2017-01-21,2016-12-11,TRUE,Suisun and Honker Bays,143,NA,NA,NA,NA,0.2683333333333344,102,29566.9421487603,72487.9338842975,11,2016-12-19,198755.702479339,8,169188.760330578,W,2,141,8,6,52.55
2017,2017-01-21,2016-12-11,TRUE,Suisun and Honker Bays,143,NA,13.058333333333309,NA,NA,NA,102,29566.9421487603,72487.9338842975,11,2016-12-19,198755.702479339,8,169188.760330578,W,2,141,8,6,52.55
2017,2017-01-21,2016-12-11,TRUE,Suisun and Honker Bays,143,NA,NA,-25.093333333333337,NA,NA,102,29566.9421487603,72487.9338842975,11,2016-12-19,198755.702479339,8,169188.760330578,W,2,141,8,6,52.55
2017,2017-01-21,2016-12-11,TRUE,Suisun and Honker Bays,143,NA,NA,NA,NA,NA,102,29566.9421487603,72487.9338842975,11,2016-12-19,198755.702479339,8,169188.760330578,W,2,141,8,6,52.55
2017,2017-01-21,2016-12-11,TRUE,NA,143,NA,NA,NA,NA,NA,102,29566.9421487603,72487.9338842975,11,2016-12-19,198755.702479339,8,169188.760330578,W,2,141,8,6,52.55
2017,2017-01-23,2016-12-11,TRUE,Cache Slough and Liberty Island,145,NA,NA,NA,NA,NA,102,29566.9421487603,72487.9338842975,11,2016-12-19,198755.702479339,8,169188.760330578,W,2,141,8,6,51.37
2017,2017-01-23,2016-12-11,TRUE,Cache Slough and Liberty Island,145,NA,NA,-81.40333333333334,NA,NA,102,29566.9421487603,72487.9338842975,11,2016-12-19,198755.702479339,8,169188.760330578,W,2,141,8,6,51.37
2017,2017-01-23,2016-12-11,TRUE,Cache Slough and Liberty Island,145,NA,NA,NA,0.38666666666666694,NA,102,29566.9421487603,72487.9338842975,11,2016-12-19,198755.702479339,8,169188.760330578,W,2,141,8,6,51.37
2017,2017-01-23,2016-12-11,TRUE,Confluence,145,NA,NA,NA,NA,0.08066666666666578,102,29566.9421487603,72487.9338842975,11,2016-12-19,198755.702479339,8,169188.760330578,W,2,141,8,6,51.37
2017,2017-01-23,2016-12-11,TRUE,Confluence,145,NA,6.4833333333333485,NA,NA,NA,102,29566.9421487603,72487.9338842975,11,2016-12-19,198755.702479339,8,169188.760330578,W,2,141,8,6,51.37
2017,2017-01-23,2016-12-11,TRUE,Confluence,145,NA,NA,3.8926666666666634,NA,NA,102,29566.9421487603,72487.9338842975,11,2016-12-19,198755.702479339,8,169188.760330578,W,2,141,8,6,51.37
2017,2017-01-23,2016-12-11,TRUE,Confluence,145,5644.4444444444525,NA,NA,NA,NA,102,29566.9421487603,72487.9338842975,11,2016-12-19,198755.702479339,8,169188.760330578,W,2,141,8,6,51.37
2017,2017-01-23,2016-12-11,TRUE,Confluence,145,NA,NA,NA,0.11555555555555563,NA,102,29566.9421487603,72487.9338842975,11,2016-12-19,198755.702479339,8,169188.760330578,W,2,141,8,6,51.37
2017,2017-01-23,2016-12-11,TRUE,North and South Forks Mokelumne River,145,NA,NA,NA,NA,0.15166666666666728,102,29566.9421487603,72487.9338842975,11,2016-12-19,198755.702479339,8,169188.760330578,W,2,141,8,6,51.37
2017,2017-01-23,2016-12-11,TRUE,North and South Forks Mokelumne River,145,NA,1.5600000000000025,NA,NA,NA,102,29566.9421487603,72487.9338842975,11,2016-12-19,198755.702479339,8,169188.760330578,W,2,141,8,6,51.37
2017,2017-01-23,2016-12-11,TRUE,North and South Forks Mokelumne River,145,NA,NA,-0.2191666666666663,NA,NA,102,29566.9421487603,72487.9338842975,11,2016-12-19,198755.702479339,8,169188.760330578,W,2,141,8,6,51.37
2017,2017-01-23,2016-12-11,TRUE,North and South Forks Mokelumne River,145,1184.4444444444453,NA,NA,NA,NA,102,29566.9421487603,72487.9338842975,11,2016-12-19,198755.702479339,8,169188.760330578,W,2,141,8,6,51.37
2017,2017-01-23,2016-12-11,TRUE,North and South Forks Mokelumne River,145,NA,NA,NA,0.20500000000000007,NA,102,29566.9421487603,72487.9338842975,11,2016-12-19,198755.702479339,8,169188.760330578,W,2,141,8,6,51.37
2017,2017-01-23,2016-12-11,TRUE,Out of Bounds,145,NA,NA,NA,NA,0.10666666666666735,102,29566.9421487603,72487.9338842975,11,2016-12-19,198755.702479339,8,169188.760330578,W,2,141,8,6,51.37
2017,2017-01-23,2016-12-11,TRUE,Out of Bounds,145,NA,14.769999999999982,NA,NA,NA,102,29566.9421487603,72487.9338842975,11,2016-12-19,198755.702479339,8,169188.760330578,W,2,141,8,6,51.37
2017,2017-01-23,2016-12-11,TRUE,Out of Bounds,145,NA,NA,-15.573333333333338,NA,NA,102,29566.9421487603,72487.9338842975,11,2016-12-19,198755.702479339,8,169188.760330578,W,2,141,8,6,51.37
2017,2017-01-23,2016-12-11,TRUE,Out of Bounds,145,NA,NA,NA,NA,NA,102,29566.9421487603,72487.9338842975,11,2016-12-19,198755.702479339,8,169188.760330578,W,2,141,8,6,51.37
2017,2017-01-23,2016-12-11,TRUE,Sacramento River Deep Water Ship Channel,145,NA,NA,NA,NA,0.158333333333335,102,29566.9421487603,72487.9338842975,11,2016-12-19,198755.702479339,8,169188.760330578,W,2,141,8,6,51.37
2017,2017-01-23,2016-12-11,TRUE,Sacramento River Deep Water Ship Channel,145,NA,26.680000000000007,NA,NA,NA,102,29566.9421487603,72487.9338842975,11,2016-12-19,198755.702479339,8,169188.760330578,W,2,141,8,6,51.37
2017,2017-01-23,2016-12-11,TRUE,Sacramento River Deep Water Ship Channel,145,NA,NA,-8.868333333333332,NA,NA,102,29566.9421487603,72487.9338842975,11,2016-12-19,198755.702479339,8,169188.760330578,W,2,141,8,6,51.37
2017,2017-01-23,2016-12-11,TRUE,Sacramento River Deep Water Ship Channel,145,-703.3333333333333,NA,NA,NA,NA,102,29566.9421487603,72487.9338842975,11,2016-12-19,198755.702479339,8,169188.760330578,W,2,141,8,6,51.37
2017,2017-01-23,2016-12-11,TRUE,Sacramento River Deep Water Ship Channel,145,NA,NA,NA,-0.03999999999999999,NA,102,29566.9421487603,72487.9338842975,11,2016-12-19,198755.702479339,8,169188.760330578,W,2,141,8,6,51.37
2017,2017-01-23,2016-12-11,TRUE,Sacramento River Mainstem,145,NA,NA,NA,NA,0.09761904761904638,102,29566.9421487603,72487.9338842975,11,2016-12-19,198755.702479339,8,169188.760330578,W,2,141,8,6,51.37
2017,2017-01-23,2016-12-11,TRUE,Sacramento River Mainstem,145,NA,6.527142857142849,NA,NA,NA,102,29566.9421487603,72487.9338842975,11,2016-12-19,198755.702479339,8,169188.760330578,W,2,141,8,6,51.37
2017,2017-01-23,2016-12-11,TRUE,Sacramento River Mainstem,145,NA,NA,2.88769841269842,NA,NA,102,29566.9421487603,72487.9338842975,11,2016-12-19,198755.702479339,8,169188.760330578,W,2,141,8,6,51.37
2017,2017-01-23,2016-12-11,TRUE,Sacramento River Mainstem,145,-1664.018333333337,NA,NA,NA,NA,102,29566.9421487603,72487.9338842975,11,2016-12-19,198755.702479339,8,169188.760330578,W,2,141,8,6,51.37
2017,2017-01-23,2016-12-11,TRUE,Sacramento River Mainstem,145,NA,NA,NA,-0.08833333333333337,NA,102,29566.9421487603,72487.9338842975,11,2016-12-19,198755.702479339,8,169188.760330578,W,2,141,8,6,51.37
2017,2017-01-23,2016-12-11,TRUE,San Pablo Bay and Carquinez Strait,145,NA,NA,NA,NA,0.11666666666666714,102,29566.9421487603,72487.9338842975,11,2016-12-19,198755.702479339,8,169188.760330578,W,2,141,8,6,51.37
2017,2017-01-23,2016-12-11,TRUE,San Pablo Bay and Carquinez Strait,145,NA,-382.6644444444445,NA,NA,NA,102,29566.9421487603,72487.9338842975,11,2016-12-19,198755.702479339,8,169188.760330578,W,2,141,8,6,51.37
2017,2017-01-23,2016-12-11,TRUE,San Pablo Bay and Carquinez Strait,145,NA,NA,-0.5699999999999932,NA,NA,102,29566.9421487603,72487.9338842975,11,2016-12-19,198755.702479339,8,169188.760330578,W,2,141,8,6,51.37
2017,2017-01-23,2016-12-11,TRUE,San Pablo Bay and Carquinez Strait,145,NA,NA,NA,NA,NA,102,29566.9421487603,72487.9338842975,11,2016-12-19,198755.702479339,8,169188.760330578,W,2,141,8,6,51.37
2017,2017-01-23,2016-12-11,TRUE,South Delta,145,NA,NA,NA,NA,0.12176470588235412,102,29566.9421487603,72487.9338842975,11,2016-12-19,198755.702479339,8,169188.760330578,W,2,141,8,6,51.37
2017,2017-01-23,2016-12-11,TRUE,South Delta,145,NA,11.535686274509828,NA,NA,NA,102,29566.9421487603,72487.9338842975,11,2016-12-19,198755.702479339,8,169188.760330578,W,2,141,8,6,51.37
2017,2017-01-23,2016-12-11,TRUE,South Delta,145,NA,NA,1.1343137254901947,NA,NA,102,29566.9421487603,72487.9338842975,11,2016-12-19,198755.702479339,8,169188.760330578,W,2,141,8,6,51.37
2017,2017-01-23,2016-12-11,TRUE,South Delta,145,1847.7442614379088,NA,NA,NA,NA,102,29566.9421487603,72487.9338842975,11,2016-12-19,198755.702479339,8,169188.760330578,W,2,141,8,6,51.37
2017,2017-01-23,2016-12-11,TRUE,South Delta,145,NA,NA,NA,0.1697321428571429,NA,102,29566.9421487603,72487.9338842975,11,2016-12-19,198755.702479339,8,169188.760330578,W,2,141,8,6,51.37
2017,2017-01-23,2016-12-11,TRUE,Suisun Marsh and Montezuma Slough,145,NA,NA,NA,NA,0.33833333333333293,102,29566.9421487603,72487.9338842975,11,2016-12-19,198755.702479339,8,169188.760330578,W,2,141,8,6,51.37
2017,2017-01-23,2016-12-11,TRUE,Suisun Marsh and Montezuma Slough,145,NA,-18.008333333333326,NA,NA,NA,102,29566.9421487603,72487.9338842975,11,2016-12-19,198755.702479339,8,169188.760330578,W,2,141,8,6,51.37
2017,2017-01-23,2016-12-11,TRUE,Suisun Marsh and Montezuma Slough,145,NA,NA,NA,NA,NA,102,29566.9421487603,72487.9338842975,11,2016-12-19,198755.702479339,8,169188.760330578,W,2,141,8,6,51.37
2017,2017-01-23,2016-12-11,TRUE,Suisun Marsh and Montezuma Slough,145,256.6833333333334,NA,NA,NA,NA,102,29566.9421487603,72487.9338842975,11,2016-12-19,198755.702479339,8,169188.760330578,W,2,141,8,6,51.37
2017,2017-01-23,2016-12-11,TRUE,Suisun Marsh and Montezuma Slough,145,NA,NA,NA,0.08000000000000007,NA,102,29566.9421487603,72487.9338842975,11,2016-12-19,198755.702479339,8,169188.760330578,W,2,141,8,6,51.37
2017,2017-01-23,2016-12-11,TRUE,Suisun and Honker Bays,145,NA,NA,NA,NA,0.19500000000000028,102,29566.9421487603,72487.9338842975,11,2016-12-19,198755.702479339,8,169188.760330578,W,2,141,8,6,51.37
2017,2017-01-23,2016-12-11,TRUE,Suisun and Honker Bays,145,NA,10.150000000000006,NA,NA,NA,102,29566.9421487603,72487.9338842975,11,2016-12-19,198755.702479339,8,169188.760330578,W,2,141,8,6,51.37
2017,2017-01-23,2016-12-11,TRUE,Suisun and Honker Bays,145,NA,NA,-12.09833333333333,NA,NA,102,29566.9421487603,72487.9338842975,11,2016-12-19,198755.702479339,8,169188.760330578,W,2,141,8,6,51.37
2017,2017-01-23,2016-12-11,TRUE,Suisun and Honker Bays,145,NA,NA,NA,NA,NA,102,29566.9421487603,72487.9338842975,11,2016-12-19,198755.702479339,8,169188.760330578,W,2,141,8,6,51.37
2017,2017-01-23,2016-12-11,TRUE,NA,145,NA,NA,NA,NA,NA,102,29566.9421487603,72487.9338842975,11,2016-12-19,198755.702479339,8,169188.760330578,W,2,141,8,6,51.37
2017,2017-02-04,2016-12-11,TRUE,Cache Slough and Liberty Island,157,NA,NA,NA,NA,1.5566666666666649,102,29566.9421487603,72487.9338842975,11,2016-12-19,198755.702479339,8,169188.760330578,W,2,141,8,6,49.53
2017,2017-02-04,2016-12-11,TRUE,Cache Slough and Liberty Island,157,NA,51.436666666666696,NA,NA,NA,102,29566.9421487603,72487.9338842975,11,2016-12-19,198755.702479339,8,169188.760330578,W,2,141,8,6,49.53
2017,2017-02-04,2016-12-11,TRUE,Cache Slough and Liberty Island,157,NA,NA,14.690000000000005,NA,NA,102,29566.9421487603,72487.9338842975,11,2016-12-19,198755.702479339,8,169188.760330578,W,2,141,8,6,49.53
2017,2017-02-04,2016-12-11,TRUE,Cache Slough and Liberty Island,157,NA,NA,NA,NA,NA,102,29566.9421487603,72487.9338842975,11,2016-12-19,198755.702479339,8,169188.760330578,W,2,141,8,6,49.53
2017,2017-02-04,2016-12-11,TRUE,Cache Slough and Liberty Island,157,NA,NA,NA,0.21000000000000008,NA,102,29566.9421487603,72487.9338842975,11,2016-12-19,198755.702479339,8,169188.760330578,W,2,141,8,6,49.53
2017,2017-02-04,2016-12-11,TRUE,Confluence,157,NA,NA,NA,NA,0.7753333333333323,102,29566.9421487603,72487.9338842975,11,2016-12-19,198755.702479339,8,169188.760330578,W,2,141,8,6,49.53
2017,2017-02-04,2016-12-11,TRUE,Confluence,157,NA,11.049999999999956,NA,NA,NA,102,29566.9421487603,72487.9338842975,11,2016-12-19,198755.702479339,8,169188.760330578,W,2,141,8,6,49.53
2017,2017-02-04,2016-12-11,TRUE,Confluence,157,NA,NA,-2.865333333333332,NA,NA,102,29566.9421487603,72487.9338842975,11,2016-12-19,198755.702479339,8,169188.760330578,W,2,141,8,6,49.53
2017,2017-02-04,2016-12-11,TRUE,Confluence,157,10566.666666666672,NA,NA,NA,NA,102,29566.9421487603,72487.9338842975,11,2016-12-19,198755.702479339,8,169188.760330578,W,2,141,8,6,49.53
2017,2017-02-04,2016-12-11,TRUE,Confluence,157,NA,NA,NA,0.15444444444444438,NA,102,29566.9421487603,72487.9338842975,11,2016-12-19,198755.702479339,8,169188.760330578,W,2,141,8,6,49.53
2017,2017-02-04,2016-12-11,TRUE,North and South Forks Mokelumne River,157,NA,NA,NA,NA,1.019166666666667,102,29566.9421487603,72487.9338842975,11,2016-12-19,198755.702479339,8,169188.760330578,W,2,141,8,6,49.53
2017,2017-02-04,2016-12-11,TRUE,North and South Forks Mokelumne River,157,NA,-3.209166666666661,NA,NA,NA,102,29566.9421487603,72487.9338842975,11,2016-12-19,198755.702479339,8,169188.760330578,W,2,141,8,6,49.53
2017,2017-02-04,2016-12-11,TRUE,North and South Forks Mokelumne River,157,NA,NA,1.305833333333334,NA,NA,102,29566.9421487603,72487.9338842975,11,2016-12-19,198755.702479339,8,169188.760330578,W,2,141,8,6,49.53
2017,2017-02-04,2016-12-11,TRUE,North and South Forks Mokelumne River,157,3537.7777777777774,NA,NA,NA,NA,102,29566.9421487603,72487.9338842975,11,2016-12-19,198755.702479339,8,169188.760330578,W,2,141,8,6,49.53
2017,2017-02-04,2016-12-11,TRUE,North and South Forks Mokelumne River,157,NA,NA,NA,0.14027777777777772,NA,102,29566.9421487603,72487.9338842975,11,2016-12-19,198755.702479339,8,169188.760330578,W,2,141,8,6,49.53
2017,2017-02-04,2016-12-11,TRUE,Out of Bounds,157,NA,NA,NA,NA,1.1966666666666672,102,29566.9421487603,72487.9338842975,11,2016-12-19,198755.702479339,8,169188.760330578,W,2,141,8,6,49.53
2017,2017-02-04,2016-12-11,TRUE,Out of Bounds,157,NA,-10.626666666666663,NA,NA,NA,102,29566.9421487603,72487.9338842975,11,2016-12-19,198755.702479339,8,169188.760330578,W,2,141,8,6,49.53
2017,2017-02-04,2016-12-11,TRUE,Out of Bounds,157,NA,NA,-2.623333333333333,NA,NA,102,29566.9421487603,72487.9338842975,11,2016-12-19,198755.702479339,8,169188.760330578,W,2,141,8,6,49.53
2017,2017-02-04,2016-12-11,TRUE,Out of Bounds,157,NA,NA,NA,NA,NA,102,29566.9421487603,72487.9338842975,11,2016-12-19,198755.702479339,8,169188.760330578,W,2,141,8,6,49.53
2017,2017-02-04,2016-12-11,TRUE,Sacramento River Deep Water Ship Channel,157,NA,NA,NA,NA,0.8083333333333336,102,29566.9421487603,72487.9338842975,11,2016-12-19,198755.702479339,8,169188.760330578,W,2,141,8,6,49.53
2017,2017-02-04,2016-12-11,TRUE,Sacramento River Deep Water Ship Channel,157,NA,5.473333333333301,NA,NA,NA,102,29566.9421487603,72487.9338842975,11,2016-12-19,198755.702479339,8,169188.760330578,W,2,141,8,6,49.53
2017,2017-02-04,2016-12-11,TRUE,Sacramento River Deep Water Ship Channel,157,NA,NA,-7.12833333333333,NA,NA,102,29566.9421487603,72487.9338842975,11,2016-12-19,198755.702479339,8,169188.760330578,W,2,141,8,6,49.53
2017,2017-02-04,2016-12-11,TRUE,Sacramento River Deep Water Ship Channel,157,-179.86666666666662,NA,NA,NA,NA,102,29566.9421487603,72487.9338842975,11,2016-12-19,198755.702479339,8,169188.760330578,W,2,141,8,6,49.53
2017,2017-02-04,2016-12-11,TRUE,Sacramento River Deep Water Ship Channel,157,NA,NA,NA,-0.01333333333333333,NA,102,29566.9421487603,72487.9338842975,11,2016-12-19,198755.702479339,8,169188.760330578,W,2,141,8,6,49.53
2017,2017-02-04,2016-12-11,TRUE,Sacramento River Mainstem,157,NA,NA,NA,NA,0.6061904761904753,102,29566.9421487603,72487.9338842975,11,2016-12-19,198755.702479339,8,169188.760330578,W,2,141,8,6,49.53
2017,2017-02-04,2016-12-11,TRUE,Sacramento River Mainstem,157,NA,-15.839047619047603,NA,NA,NA,102,29566.9421487603,72487.9338842975,11,2016-12-19,198755.702479339,8,169188.760330578,W,2,141,8,6,49.53
2017,2017-02-04,2016-12-11,TRUE,Sacramento River Mainstem,157,NA,NA,3.4247619047619047,NA,NA,102,29566.9421487603,72487.9338842975,11,2016-12-19,198755.702479339,8,169188.760330578,W,2,141,8,6,49.53
2017,2017-02-04,2016-12-11,TRUE,Sacramento River Mainstem,157,3526.734999999997,NA,NA,NA,NA,102,29566.9421487603,72487.9338842975,11,2016-12-19,198755.702479339,8,169188.760330578,W,2,141,8,6,49.53
2017,2017-02-04,2016-12-11,TRUE,Sacramento River Mainstem,157,NA,NA,NA,0.2224999999999997,NA,102,29566.9421487603,72487.9338842975,11,2016-12-19,198755.702479339,8,169188.760330578,W,2,141,8,6,49.53
2017,2017-02-04,2016-12-11,TRUE,San Pablo Bay and Carquinez Strait,157,NA,NA,NA,NA,0.5844444444444434,102,29566.9421487603,72487.9338842975,11,2016-12-19,198755.702479339,8,169188.760330578,W,2,141,8,6,49.53
2017,2017-02-04,2016-12-11,TRUE,San Pablo Bay and Carquinez Strait,157,NA,-1627.1583333333328,NA,NA,NA,102,29566.9421487603,72487.9338842975,11,2016-12-19,198755.702479339,8,169188.760330578,W,2,141,8,6,49.53
2017,2017-02-04,2016-12-11,TRUE,San Pablo Bay and Carquinez Strait,157,NA,NA,-11.360000000000008,NA,NA,102,29566.9421487603,72487.9338842975,11,2016-12-19,198755.702479339,8,169188.760330578,W,2,141,8,6,49.53
2017,2017-02-04,2016-12-11,TRUE,San Pablo Bay and Carquinez Strait,157,NA,NA,NA,NA,NA,102,29566.9421487603,72487.9338842975,11,2016-12-19,198755.702479339,8,169188.760330578,W,2,141,8,6,49.53
2017,2017-02-04,2016-12-11,TRUE,South Delta,157,NA,NA,NA,NA,1.1019607843137251,102,29566.9421487603,72487.9338842975,11,2016-12-19,198755.702479339,8,169188.760330578,W,2,141,8,6,49.53
2017,2017-02-04,2016-12-11,TRUE,South Delta,157,NA,-14.357058823529428,NA,NA,NA,102,29566.9421487603,72487.9338842975,11,2016-12-19,198755.702479339,8,169188.760330578,W,2,141,8,6,49.53
2017,2017-02-04,2016-12-11,TRUE,South Delta,157,NA,NA,-2.251176470588236,NA,NA,102,29566.9421487603,72487.9338842975,11,2016-12-19,198755.702479339,8,169188.760330578,W,2,141,8,6,49.53
2017,2017-02-04,2016-12-11,TRUE,South Delta,157,-389.23725490196057,NA,NA,NA,NA,102,29566.9421487603,72487.9338842975,11,2016-12-19,198755.702479339,8,169188.760330578,W,2,141,8,6,49.53
2017,2017-02-04,2016-12-11,TRUE,South Delta,157,NA,NA,NA,-0.04104166666666664,NA,102,29566.9421487603,72487.9338842975,11,2016-12-19,198755.702479339,8,169188.760330578,W,2,141,8,6,49.53
2017,2017-02-04,2016-12-11,TRUE,Suisun Marsh and Montezuma Slough,157,NA,NA,NA,NA,1.0316666666666665,102,29566.9421487603,72487.9338842975,11,2016-12-19,198755.702479339,8,169188.760330578,W,2,141,8,6,49.53
2017,2017-02-04,2016-12-11,TRUE,Suisun Marsh and Montezuma Slough,157,NA,-82.64083333333338,NA,NA,NA,102,29566.9421487603,72487.9338842975,11,2016-12-19,198755.702479339,8,169188.760330578,W,2,141,8,6,49.53
2017,2017-02-04,2016-12-11,TRUE,Suisun Marsh and Montezuma Slough,157,NA,NA,NA,NA,NA,102,29566.9421487603,72487.9338842975,11,2016-12-19,198755.702479339,8,169188.760330578,W,2,141,8,6,49.53
2017,2017-02-04,2016-12-11,TRUE,Suisun Marsh and Montezuma Slough,157,134.09666666666658,NA,NA,NA,NA,102,29566.9421487603,72487.9338842975,11,2016-12-19,198755.702479339,8,169188.760330578,W,2,141,8,6,49.53
2017,2017-02-04,2016-12-11,TRUE,Suisun Marsh and Montezuma Slough,157,NA,NA,NA,0.01666666666666666,NA,102,29566.9421487603,72487.9338842975,11,2016-12-19,198755.702479339,8,169188.760330578,W,2,141,8,6,49.53
2017,2017-02-04,2016-12-11,TRUE,Suisun and Honker Bays,157,NA,NA,NA,NA,0.8922222222222214,102,29566.9421487603,72487.9338842975,11,2016-12-19,198755.702479339,8,169188.760330578,W,2,141,8,6,49.53
2017,2017-02-04,2016-12-11,TRUE,Suisun and Honker Bays,157,NA,8.796666666666653,NA,NA,NA,102,29566.9421487603,72487.9338842975,11,2016-12-19,198755.702479339,8,169188.760330578,W,2,141,8,6,49.53
2017,2017-02-04,2016-12-11,TRUE,Suisun and Honker Bays,157,NA,NA,-5.733333333333334,NA,NA,102,29566.9421487603,72487.9338842975,11,2016-12-19,198755.702479339,8,169188.760330578,W,2,141,8,6,49.53
2017,2017-02-04,2016-12-11,TRUE,Suisun and Honker Bays,157,NA,NA,NA,NA,NA,102,29566.9421487603,72487.9338842975,11,2016-12-19,198755.702479339,8,169188.760330578,W,2,141,8,6,49.53
2017,2017-02-04,2016-12-11,TRUE,NA,157,NA,NA,NA,NA,NA,102,29566.9421487603,72487.9338842975,11,2016-12-19,198755.702479339,8,169188.760330578,W,2,141,8,6,49.53
2017,2017-02-15,2016-12-11,TRUE,Cache Slough and Liberty Island,168,NA,NA,NA,NA,-0.8466666666666676,102,29566.9421487603,72487.9338842975,11,2016-12-19,198755.702479339,8,169188.760330578,W,2,141,8,6,43.92
2017,2017-02-15,2016-12-11,TRUE,Cache Slough and Liberty Island,168,NA,3.836666666666659,NA,NA,NA,102,29566.9421487603,72487.9338842975,11,2016-12-19,198755.702479339,8,169188.760330578,W,2,141,8,6,43.92
2017,2017-02-15,2016-12-11,TRUE,Cache Slough and Liberty Island,168,NA,NA,-46.04666666666667,NA,NA,102,29566.9421487603,72487.9338842975,11,2016-12-19,198755.702479339,8,169188.760330578,W,2,141,8,6,43.92
2017,2017-02-15,2016-12-11,TRUE,Cache Slough and Liberty Island,168,NA,NA,NA,NA,NA,102,29566.9421487603,72487.9338842975,11,2016-12-19,198755.702479339,8,169188.760330578,W,2,141,8,6,43.92
2017,2017-02-15,2016-12-11,TRUE,Cache Slough and Liberty Island,168,NA,NA,NA,-0.06000000000000005,NA,102,29566.9421487603,72487.9338842975,11,2016-12-19,198755.702479339,8,169188.760330578,W,2,141,8,6,43.92
2017,2017-02-15,2016-12-11,TRUE,Confluence,168,NA,NA,NA,NA,-0.0179999999999989,102,29566.9421487603,72487.9338842975,11,2016-12-19,198755.702479339,8,169188.760330578,W,2,141,8,6,43.92
2017,2017-02-15,2016-12-11,TRUE,Confluence,168,NA,9.5473333333332,NA,NA,NA,102,29566.9421487603,72487.9338842975,11,2016-12-19,198755.702479339,8,169188.760330578,W,2,141,8,6,43.92
2017,2017-02-15,2016-12-11,TRUE,Confluence,168,NA,NA,-18.944000000000003,NA,NA,102,29566.9421487603,72487.9338842975,11,2016-12-19,198755.702479339,8,169188.760330578,W,2,141,8,6,43.92
2017,2017-02-15,2016-12-11,TRUE,Confluence,168,30522.22222222222,NA,NA,NA,NA,102,29566.9421487603,72487.9338842975,11,2016-12-19,198755.702479339,8,169188.760330578,W,2,141,8,6,43.92
2017,2017-02-15,2016-12-11,TRUE,Confluence,168,NA,NA,NA,-0.3688888888888888,NA,102,29566.9421487603,72487.9338842975,11,2016-12-19,198755.702479339,8,169188.760330578,W,2,141,8,6,43.92
2017,2017-02-15,2016-12-11,TRUE,North and South Forks Mokelumne River,168,NA,NA,NA,NA,-0.3291666666666675,102,29566.9421487603,72487.9338842975,11,2016-12-19,198755.702479339,8,169188.760330578,W,2,141,8,6,43.92
2017,2017-02-15,2016-12-11,TRUE,North and South Forks Mokelumne River,168,NA,11.602500000000006,NA,NA,NA,102,29566.9421487603,72487.9338842975,11,2016-12-19,198755.702479339,8,169188.760330578,W,2,141,8,6,43.92
2017,2017-02-15,2016-12-11,TRUE,North and South Forks Mokelumne River,168,NA,NA,-55.37,NA,NA,102,29566.9421487603,72487.9338842975,11,2016-12-19,198755.702479339,8,169188.760330578,W,2,141,8,6,43.92
2017,2017-02-15,2016-12-11,TRUE,North and South Forks Mokelumne River,168,-8360,NA,NA,NA,NA,102,29566.9421487603,72487.9338842975,11,2016-12-19,198755.702479339,8,169188.760330578,W,2,141,8,6,43.92
2017,2017-02-15,2016-12-11,TRUE,North and South Forks Mokelumne River,168,NA,NA,NA,-0.8058333333333332,NA,102,29566.9421487603,72487.9338842975,11,2016-12-19,198755.702479339,8,169188.760330578,W,2,141,8,6,43.92
2017,2017-02-15,2016-12-11,TRUE,Out of Bounds,168,NA,NA,NA,NA,0.07333333333333414,102,29566.9421487603,72487.9338842975,11,2016-12-19,198755.702479339,8,169188.760330578,W,2,141,8,6,43.92
2017,2017-02-15,2016-12-11,TRUE,Out of Bounds,168,NA,-13.926666666666648,NA,NA,NA,102,29566.9421487603,72487.9338842975,11,2016-12-19,198755.702479339,8,169188.760330578,W,2,141,8,6,43.92
2017,2017-02-15,2016-12-11,TRUE,Out of Bounds,168,NA,NA,2.879999999999999,NA,NA,102,29566.9421487603,72487.9338842975,11,2016-12-19,198755.702479339,8,169188.760330578,W,2,141,8,6,43.92
2017,2017-02-15,2016-12-11,TRUE,Out of Bounds,168,NA,NA,NA,NA,NA,102,29566.9421487603,72487.9338842975,11,2016-12-19,198755.702479339,8,169188.760330578,W,2,141,8,6,43.92
2017,2017-02-15,2016-12-11,TRUE,Sacramento River Deep Water Ship Channel,168,NA,NA,NA,NA,0.4033333333333342,102,29566.9421487603,72487.9338842975,11,2016-12-19,198755.702479339,8,169188.760330578,W,2,141,8,6,43.92
2017,2017-02-15,2016-12-11,TRUE,Sacramento River Deep Water Ship Channel,168,NA,164.79333333333335,NA,NA,NA,102,29566.9421487603,72487.9338842975,11,2016-12-19,198755.702479339,8,169188.760330578,W,2,141,8,6,43.92
2017,2017-02-15,2016-12-11,TRUE,Sacramento River Deep Water Ship Channel,168,NA,NA,-38.056666666666665,NA,NA,102,29566.9421487603,72487.9338842975,11,2016-12-19,198755.702479339,8,169188.760330578,W,2,141,8,6,43.92
2017,2017-02-15,2016-12-11,TRUE,Sacramento River Deep Water Ship Channel,168,360,NA,NA,NA,NA,102,29566.9421487603,72487.9338842975,11,2016-12-19,198755.702479339,8,169188.760330578,W,2,141,8,6,43.92
2017,2017-02-15,2016-12-11,TRUE,Sacramento River Deep Water Ship Channel,168,NA,NA,NA,0.02666666666666667,NA,102,29566.9421487603,72487.9338842975,11,2016-12-19,198755.702479339,8,169188.760330578,W,2,141,8,6,43.92
2017,2017-02-15,2016-12-11,TRUE,Sacramento River Mainstem,168,NA,NA,NA,NA,-0.1771428571428579,102,29566.9421487603,72487.9338842975,11,2016-12-19,198755.702479339,8,169188.760330578,W,2,141,8,6,43.92
2017,2017-02-15,2016-12-11,TRUE,Sacramento River Mainstem,168,NA,8.721904761904753,NA,NA,NA,102,29566.9421487603,72487.9338842975,11,2016-12-19,198755.702479339,8,169188.760330578,W,2,141,8,6,43.92
2017,2017-02-15,2016-12-11,TRUE,Sacramento River Mainstem,168,NA,NA,-25.072380952380954,NA,NA,102,29566.9421487603,72487.9338842975,11,2016-12-19,198755.702479339,8,169188.760330578,W,2,141,8,6,43.92
2017,2017-02-15,2016-12-11,TRUE,Sacramento River Mainstem,168,-2684.6800000000003,NA,NA,NA,NA,102,29566.9421487603,72487.9338842975,11,2016-12-19,198755.702479339,8,169188.760330578,W,2,141,8,6,43.92
2017,2017-02-15,2016-12-11,TRUE,Sacramento River Mainstem,168,NA,NA,NA,-0.10416666666666652,NA,102,29566.9421487603,72487.9338842975,11,2016-12-19,198755.702479339,8,169188.760330578,W,2,141,8,6,43.92
2017,2017-02-15,2016-12-11,TRUE,San Pablo Bay and Carquinez Strait,168,NA,NA,NA,NA,0.02555555555555599,102,29566.9421487603,72487.9338842975,11,2016-12-19,198755.702479339,8,169188.760330578,W,2,141,8,6,43.92
2017,2017-02-15,2016-12-11,TRUE,San Pablo Bay and Carquinez Strait,168,NA,12.536666666666662,NA,NA,NA,102,29566.9421487603,72487.9338842975,11,2016-12-19,198755.702479339,8,169188.760330578,W,2,141,8,6,43.92
2017,2017-02-15,2016-12-11,TRUE,San Pablo Bay and Carquinez Strait,168,NA,NA,-17.87166666666667,NA,NA,102,29566.9421487603,72487.9338842975,11,2016-12-19,198755.702479339,8,169188.760330578,W,2,141,8,6,43.92
2017,2017-02-15,2016-12-11,TRUE,San Pablo Bay and Carquinez Strait,168,NA,NA,NA,NA,NA,102,29566.9421487603,72487.9338842975,11,2016-12-19,198755.702479339,8,169188.760330578,W,2,141,8,6,43.92
2017,2017-02-15,2016-12-11,TRUE,South Delta,168,NA,NA,NA,NA,0.08647058823529541,102,29566.9421487603,72487.9338842975,11,2016-12-19,198755.702479339,8,169188.760330578,W,2,141,8,6,43.92
2017,2017-02-15,2016-12-11,TRUE,South Delta,168,NA,-23.45450980392158,NA,NA,NA,102,29566.9421487603,72487.9338842975,11,2016-12-19,198755.702479339,8,169188.760330578,W,2,141,8,6,43.92
2017,2017-02-15,2016-12-11,TRUE,South Delta,168,NA,NA,2.0066797385620916,NA,NA,102,29566.9421487603,72487.9338842975,11,2016-12-19,198755.702479339,8,169188.760330578,W,2,141,8,6,43.92
2017,2017-02-15,2016-12-11,TRUE,South Delta,168,1309.578823529412,NA,NA,NA,NA,102,29566.9421487603,72487.9338842975,11,2016-12-19,198755.702479339,8,169188.760330578,W,2,141,8,6,43.92
2017,2017-02-15,2016-12-11,TRUE,South Delta,168,NA,NA,NA,0.15499999999999992,NA,102,29566.9421487603,72487.9338842975,11,2016-12-19,198755.702479339,8,169188.760330578,W,2,141,8,6,43.92
2017,2017-02-15,2016-12-11,TRUE,Suisun Marsh and Montezuma Slough,168,NA,NA,NA,NA,-0.07416666666666671,102,29566.9421487603,72487.9338842975,11,2016-12-19,198755.702479339,8,169188.760330578,W,2,141,8,6,43.92
2017,2017-02-15,2016-12-11,TRUE,Suisun Marsh and Montezuma Slough,168,NA,11.29833333333329,NA,NA,NA,102,29566.9421487603,72487.9338842975,11,2016-12-19,198755.702479339,8,169188.760330578,W,2,141,8,6,43.92
2017,2017-02-15,2016-12-11,TRUE,Suisun Marsh and Montezuma Slough,168,NA,NA,NA,NA,NA,102,29566.9421487603,72487.9338842975,11,2016-12-19,198755.702479339,8,169188.760330578,W,2,141,8,6,43.92
2017,2017-02-15,2016-12-11,TRUE,Suisun Marsh and Montezuma Slough,168,-843.7633333333333,NA,NA,NA,NA,102,29566.9421487603,72487.9338842975,11,2016-12-19,198755.702479339,8,169188.760330578,W,2,141,8,6,43.92
2017,2017-02-15,2016-12-11,TRUE,Suisun Marsh and Montezuma Slough,168,NA,NA,NA,-0.17999999999999994,NA,102,29566.9421487603,72487.9338842975,11,2016-12-19,198755.702479339,8,169188.760330578,W,2,141,8,6,43.92
2017,2017-02-15,2016-12-11,TRUE,Suisun and Honker Bays,168,NA,NA,NA,NA,0.11666666666666714,102,29566.9421487603,72487.9338842975,11,2016-12-19,198755.702479339,8,169188.760330578,W,2,141,8,6,43.92
2017,2017-02-15,2016-12-11,TRUE,Suisun and Honker Bays,168,NA,9.439999999999998,NA,NA,NA,102,29566.9421487603,72487.9338842975,11,2016-12-19,198755.702479339,8,169188.760330578,W,2,141,8,6,43.92
2017,2017-02-15,2016-12-11,TRUE,Suisun and Honker Bays,168,NA,NA,-8.455555555555549,NA,NA,102,29566.9421487603,72487.9338842975,11,2016-12-19,198755.702479339,8,169188.760330578,W,2,141,8,6,43.92
2017,2017-02-15,2016-12-11,TRUE,Suisun and Honker Bays,168,NA,NA,NA,NA,NA,102,29566.9421487603,72487.9338842975,11,2016-12-19,198755.702479339,8,169188.760330578,W,2,141,8,6,43.92
2017,2017-02-15,2016-12-11,TRUE,NA,168,NA,NA,NA,NA,NA,102,29566.9421487603,72487.9338842975,11,2016-12-19,198755.702479339,8,169188.760330578,W,2,141,8,6,43.92
2017,2017-02-18,2016-12-11,TRUE,Cache Slough and Liberty Island,171,NA,NA,NA,NA,-0.45333333333333314,102,29566.9421487603,72487.9338842975,11,2016-12-19,198755.702479339,8,169188.760330578,W,2,141,8,6,42.69
2017,2017-02-18,2016-12-11,TRUE,Cache Slough and Liberty Island,171,NA,9.506666666666677,NA,NA,NA,102,29566.9421487603,72487.9338842975,11,2016-12-19,198755.702479339,8,169188.760330578,W,2,141,8,6,42.69
2017,2017-02-18,2016-12-11,TRUE,Cache Slough and Liberty Island,171,NA,NA,33.60666666666667,NA,NA,102,29566.9421487603,72487.9338842975,11,2016-12-19,198755.702479339,8,169188.760330578,W,2,141,8,6,42.69
2017,2017-02-18,2016-12-11,TRUE,Cache Slough and Liberty Island,171,NA,NA,NA,NA,NA,102,29566.9421487603,72487.9338842975,11,2016-12-19,198755.702479339,8,169188.760330578,W,2,141,8,6,42.69
2017,2017-02-18,2016-12-11,TRUE,Cache Slough and Liberty Island,171,NA,NA,NA,-0.10666666666666648,NA,102,29566.9421487603,72487.9338842975,11,2016-12-19,198755.702479339,8,169188.760330578,W,2,141,8,6,42.69
2017,2017-02-18,2016-12-11,TRUE,Confluence,171,NA,NA,NA,NA,-0.20133333333333425,102,29566.9421487603,72487.9338842975,11,2016-12-19,198755.702479339,8,169188.760330578,W,2,141,8,6,42.69
2017,2017-02-18,2016-12-11,TRUE,Confluence,171,NA,22.136000000000195,NA,NA,NA,102,29566.9421487603,72487.9338842975,11,2016-12-19,198755.702479339,8,169188.760330578,W,2,141,8,6,42.69
2017,2017-02-18,2016-12-11,TRUE,Confluence,171,NA,NA,-1.6706666666666692,NA,NA,102,29566.9421487603,72487.9338842975,11,2016-12-19,198755.702479339,8,169188.760330578,W,2,141,8,6,42.69
2017,2017-02-18,2016-12-11,TRUE,Confluence,171,6000,NA,NA,NA,NA,102,29566.9421487603,72487.9338842975,11,2016-12-19,198755.702479339,8,169188.760330578,W,2,141,8,6,42.69
2017,2017-02-18,2016-12-11,TRUE,Confluence,171,NA,NA,NA,0.08444444444444432,NA,102,29566.9421487603,72487.9338842975,11,2016-12-19,198755.702479339,8,169188.760330578,W,2,141,8,6,42.69
2017,2017-02-18,2016-12-11,TRUE,North and South Forks Mokelumne River,171,NA,NA,NA,NA,-0.10749999999999992,102,29566.9421487603,72487.9338842975,11,2016-12-19,198755.702479339,8,169188.760330578,W,2,141,8,6,42.69
2017,2017-02-18,2016-12-11,TRUE,North and South Forks Mokelumne River,171,NA,1.8766666666666652,NA,NA,NA,102,29566.9421487603,72487.9338842975,11,2016-12-19,198755.702479339,8,169188.760330578,W,2,141,8,6,42.69
2017,2017-02-18,2016-12-11,TRUE,North and South Forks Mokelumne River,171,NA,NA,-8.713333333333335,NA,NA,102,29566.9421487603,72487.9338842975,11,2016-12-19,198755.702479339,8,169188.760330578,W,2,141,8,6,42.69
2017,2017-02-18,2016-12-11,TRUE,North and South Forks Mokelumne River,171,-2191.1111111111113,NA,NA,NA,NA,102,29566.9421487603,72487.9338842975,11,2016-12-19,198755.702479339,8,169188.760330578,W,2,141,8,6,42.69
2017,2017-02-18,2016-12-11,TRUE,North and South Forks Mokelumne River,171,NA,NA,NA,-0.28916666666666657,NA,102,29566.9421487603,72487.9338842975,11,2016-12-19,198755.702479339,8,169188.760330578,W,2,141,8,6,42.69
2017,2017-02-18,2016-12-11,TRUE,Out of Bounds,171,NA,NA,NA,NA,-0.2900000000000009,102,29566.9421487603,72487.9338842975,11,2016-12-19,198755.702479339,8,169188.760330578,W,2,141,8,6,42.69
2017,2017-02-18,2016-12-11,TRUE,Out of Bounds,171,NA,0.47999999999998977,NA,NA,NA,102,29566.9421487603,72487.9338842975,11,2016-12-19,198755.702479339,8,169188.760330578,W,2,141,8,6,42.69
2017,2017-02-18,2016-12-11,TRUE,Out of Bounds,171,NA,NA,3.599999999999998,NA,NA,102,29566.9421487603,72487.9338842975,11,2016-12-19,198755.702479339,8,169188.760330578,W,2,141,8,6,42.69
2017,2017-02-18,2016-12-11,TRUE,Out of Bounds,171,NA,NA,NA,NA,NA,102,29566.9421487603,72487.9338842975,11,2016-12-19,198755.702479339,8,169188.760330578,W,2,141,8,6,42.69
2017,2017-02-18,2016-12-11,TRUE,Sacramento River Deep Water Ship Channel,171,NA,NA,NA,NA,0.3099999999999987,102,29566.9421487603,72487.9338842975,11,2016-12-19,198755.702479339,8,169188.760330578,W,2,141,8,6,42.69
2017,2017-02-18,2016-12-11,TRUE,Sacramento River Deep Water Ship Channel,171,NA,96.51,NA,NA,NA,102,29566.9421487603,72487.9338842975,11,2016-12-19,198755.702479339,8,169188.760330578,W,2,141,8,6,42.69
2017,2017-02-18,2016-12-11,TRUE,Sacramento River Deep Water Ship Channel,171,NA,NA,-12.249999999999996,NA,NA,102,29566.9421487603,72487.9338842975,11,2016-12-19,198755.702479339,8,169188.760330578,W,2,141,8,6,42.69
2017,2017-02-18,2016-12-11,TRUE,Sacramento River Deep Water Ship Channel,171,663.3333333333335,NA,NA,NA,NA,102,29566.9421487603,72487.9338842975,11,2016-12-19,198755.702479339,8,169188.760330578,W,2,141,8,6,42.69
2017,2017-02-18,2016-12-11,TRUE,Sacramento River Deep Water Ship Channel,171,NA,NA,NA,0.03333333333333334,NA,102,29566.9421487603,72487.9338842975,11,2016-12-19,198755.702479339,8,169188.760330578,W,2,141,8,6,42.69
2017,2017-02-18,2016-12-11,TRUE,Sacramento River Mainstem,171,NA,NA,NA,NA,0.12714285714285722,102,29566.9421487603,72487.9338842975,11,2016-12-19,198755.702479339,8,169188.760330578,W,2,141,8,6,42.69
2017,2017-02-18,2016-12-11,TRUE,Sacramento River Mainstem,171,NA,6.127142857142857,NA,NA,NA,102,29566.9421487603,72487.9338842975,11,2016-12-19,198755.702479339,8,169188.760330578,W,2,141,8,6,42.69
2017,2017-02-18,2016-12-11,TRUE,Sacramento River Mainstem,171,NA,NA,-16.91380952380952,NA,NA,102,29566.9421487603,72487.9338842975,11,2016-12-19,198755.702479339,8,169188.760330578,W,2,141,8,6,42.69
2017,2017-02-18,2016-12-11,TRUE,Sacramento River Mainstem,171,4.924999999995634,NA,NA,NA,NA,102,29566.9421487603,72487.9338842975,11,2016-12-19,198755.702479339,8,169188.760330578,W,2,141,8,6,42.69
2017,2017-02-18,2016-12-11,TRUE,Sacramento River Mainstem,171,NA,NA,NA,-0.0299999999999998,NA,102,29566.9421487603,72487.9338842975,11,2016-12-19,198755.702479339,8,169188.760330578,W,2,141,8,6,42.69
2017,2017-02-18,2016-12-11,TRUE,San Pablo Bay and Carquinez Strait,171,NA,NA,NA,NA,-0.35888888888888815,102,29566.9421487603,72487.9338842975,11,2016-12-19,198755.702479339,8,169188.760330578,W,2,141,8,6,42.69
2017,2017-02-18,2016-12-11,TRUE,San Pablo Bay and Carquinez Strait,171,NA,4.686666666666696,NA,NA,NA,102,29566.9421487603,72487.9338842975,11,2016-12-19,198755.702479339,8,169188.760330578,W,2,141,8,6,42.69
2017,2017-02-18,2016-12-11,TRUE,San Pablo Bay and Carquinez Strait,171,NA,NA,-19.985,NA,NA,102,29566.9421487603,72487.9338842975,11,2016-12-19,198755.702479339,8,169188.760330578,W,2,141,8,6,42.69
2017,2017-02-18,2016-12-11,TRUE,San Pablo Bay and Carquinez Strait,171,NA,NA,NA,NA,NA,102,29566.9421487603,72487.9338842975,11,2016-12-19,198755.702479339,8,169188.760330578,W,2,141,8,6,42.69
2017,2017-02-18,2016-12-11,TRUE,South Delta,171,NA,NA,NA,NA,-0.4041176470588237,102,29566.9421487603,72487.9338842975,11,2016-12-19,198755.702479339,8,169188.760330578,W,2,141,8,6,42.69
2017,2017-02-18,2016-12-11,TRUE,South Delta,171,NA,-23.67098039215685,NA,NA,NA,102,29566.9421487603,72487.9338842975,11,2016-12-19,198755.702479339,8,169188.760330578,W,2,141,8,6,42.69
2017,2017-02-18,2016-12-11,TRUE,South Delta,171,NA,NA,3.405490196078432,NA,NA,102,29566.9421487603,72487.9338842975,11,2016-12-19,198755.702479339,8,169188.760330578,W,2,141,8,6,42.69
2017,2017-02-18,2016-12-11,TRUE,South Delta,171,1270.2935947712422,NA,NA,NA,NA,102,29566.9421487603,72487.9338842975,11,2016-12-19,198755.702479339,8,169188.760330578,W,2,141,8,6,42.69
2017,2017-02-18,2016-12-11,TRUE,South Delta,171,NA,NA,NA,0.19565476190476191,NA,102,29566.9421487603,72487.9338842975,11,2016-12-19,198755.702479339,8,169188.760330578,W,2,141,8,6,42.69
2017,2017-02-18,2016-12-11,TRUE,Suisun Marsh and Montezuma Slough,171,NA,NA,NA,NA,-0.4499999999999993,102,29566.9421487603,72487.9338842975,11,2016-12-19,198755.702479339,8,169188.760330578,W,2,141,8,6,42.69
2017,2017-02-18,2016-12-11,TRUE,Suisun Marsh and Montezuma Slough,171,NA,-1.0558333333332826,NA,NA,NA,102,29566.9421487603,72487.9338842975,11,2016-12-19,198755.702479339,8,169188.760330578,W,2,141,8,6,42.69
2017,2017-02-18,2016-12-11,TRUE,Suisun Marsh and Montezuma Slough,171,NA,NA,NA,NA,NA,102,29566.9421487603,72487.9338842975,11,2016-12-19,198755.702479339,8,169188.760330578,W,2,141,8,6,42.69
2017,2017-02-18,2016-12-11,TRUE,Suisun Marsh and Montezuma Slough,171,297.5666666666666,NA,NA,NA,NA,102,29566.9421487603,72487.9338842975,11,2016-12-19,198755.702479339,8,169188.760330578,W,2,141,8,6,42.69
2017,2017-02-18,2016-12-11,TRUE,Suisun Marsh and Montezuma Slough,171,NA,NA,NA,0.03000000000000002,NA,102,29566.9421487603,72487.9338842975,11,2016-12-19,198755.702479339,8,169188.760330578,W,2,141,8,6,42.69
2017,2017-02-18,2016-12-11,TRUE,Suisun and Honker Bays,171,NA,NA,NA,NA,-0.4877777777777776,102,29566.9421487603,72487.9338842975,11,2016-12-19,198755.702479339,8,169188.760330578,W,2,141,8,6,42.69
2017,2017-02-18,2016-12-11,TRUE,Suisun and Honker Bays,171,NA,14.358888888888885,NA,NA,NA,102,29566.9421487603,72487.9338842975,11,2016-12-19,198755.702479339,8,169188.760330578,W,2,141,8,6,42.69
2017,2017-02-18,2016-12-11,TRUE,Suisun and Honker Bays,171,NA,NA,-29.345555555555563,NA,NA,102,29566.9421487603,72487.9338842975,11,2016-12-19,198755.702479339,8,169188.760330578,W,2,141,8,6,42.69
2017,2017-02-18,2016-12-11,TRUE,Suisun and Honker Bays,171,NA,NA,NA,NA,NA,102,29566.9421487603,72487.9338842975,11,2016-12-19,198755.702479339,8,169188.760330578,W,2,141,8,6,42.69
2017,2017-02-18,2016-12-11,TRUE,NA,171,NA,NA,NA,NA,NA,102,29566.9421487603,72487.9338842975,11,2016-12-19,198755.702479339,8,169188.760330578,W,2,141,8,6,42.69
2017,2017-02-21,2016-12-11,TRUE,Cache Slough and Liberty Island,174,NA,NA,NA,NA,-0.03333333333333321,102,29566.9421487603,72487.9338842975,11,2016-12-19,198755.702479339,8,169188.760330578,W,2,141,8,6,41.56
2017,2017-02-21,2016-12-11,TRUE,Cache Slough and Liberty Island,174,NA,-5.75,NA,NA,NA,102,29566.9421487603,72487.9338842975,11,2016-12-19,198755.702479339,8,169188.760330578,W,2,141,8,6,41.56
2017,2017-02-21,2016-12-11,TRUE,Cache Slough and Liberty Island,174,NA,NA,22.41333333333334,NA,NA,102,29566.9421487603,72487.9338842975,11,2016-12-19,198755.702479339,8,169188.760330578,W,2,141,8,6,41.56
2017,2017-02-21,2016-12-11,TRUE,Cache Slough and Liberty Island,174,NA,NA,NA,NA,NA,102,29566.9421487603,72487.9338842975,11,2016-12-19,198755.702479339,8,169188.760330578,W,2,141,8,6,41.56
2017,2017-02-21,2016-12-11,TRUE,Cache Slough and Liberty Island,174,NA,NA,NA,0.08666666666666645,NA,102,29566.9421487603,72487.9338842975,11,2016-12-19,198755.702479339,8,169188.760330578,W,2,141,8,6,41.56
2017,2017-02-21,2016-12-11,TRUE,Confluence,174,NA,NA,NA,NA,0.08466666666666711,102,29566.9421487603,72487.9338842975,11,2016-12-19,198755.702479339,8,169188.760330578,W,2,141,8,6,41.56
2017,2017-02-21,2016-12-11,TRUE,Confluence,174,NA,5.178666666666459,NA,NA,NA,102,29566.9421487603,72487.9338842975,11,2016-12-19,198755.702479339,8,169188.760330578,W,2,141,8,6,41.56
2017,2017-02-21,2016-12-11,TRUE,Confluence,174,NA,NA,4.776000000000003,NA,NA,102,29566.9421487603,72487.9338842975,11,2016-12-19,198755.702479339,8,169188.760330578,W,2,141,8,6,41.56
2017,2017-02-21,2016-12-11,TRUE,Confluence,174,-22444.44444444444,NA,NA,NA,NA,102,29566.9421487603,72487.9338842975,11,2016-12-19,198755.702479339,8,169188.760330578,W,2,141,8,6,41.56
2017,2017-02-21,2016-12-11,TRUE,Confluence,174,NA,NA,NA,0.21999999999999975,NA,102,29566.9421487603,72487.9338842975,11,2016-12-19,198755.702479339,8,169188.760330578,W,2,141,8,6,41.56
2017,2017-02-21,2016-12-11,TRUE,North and South Forks Mokelumne River,174,NA,NA,NA,NA,0.3766666666666669,102,29566.9421487603,72487.9338842975,11,2016-12-19,198755.702479339,8,169188.760330578,W,2,141,8,6,41.56
2017,2017-02-21,2016-12-11,TRUE,North and South Forks Mokelumne River,174,NA,-0.4483333333333377,NA,NA,NA,102,29566.9421487603,72487.9338842975,11,2016-12-19,198755.702479339,8,169188.760330578,W,2,141,8,6,41.56
2017,2017-02-21,2016-12-11,TRUE,North and South Forks Mokelumne River,174,NA,NA,23.151666666666667,NA,NA,102,29566.9421487603,72487.9338842975,11,2016-12-19,198755.702479339,8,169188.760330578,W,2,141,8,6,41.56
2017,2017-02-21,2016-12-11,TRUE,North and South Forks Mokelumne River,174,6695.555555555557,NA,NA,NA,NA,102,29566.9421487603,72487.9338842975,11,2016-12-19,198755.702479339,8,169188.760330578,W,2,141,8,6,41.56
2017,2017-02-21,2016-12-11,TRUE,North and South Forks Mokelumne River,174,NA,NA,NA,0.7341666666666669,NA,102,29566.9421487603,72487.9338842975,11,2016-12-19,198755.702479339,8,169188.760330578,W,2,141,8,6,41.56
2017,2017-02-21,2016-12-11,TRUE,Out of Bounds,174,NA,NA,NA,NA,-0.02999999999999936,102,29566.9421487603,72487.9338842975,11,2016-12-19,198755.702479339,8,169188.760330578,W,2,141,8,6,41.56
2017,2017-02-21,2016-12-11,TRUE,Out of Bounds,174,NA,9.653333333333336,NA,NA,NA,102,29566.9421487603,72487.9338842975,11,2016-12-19,198755.702479339,8,169188.760330578,W,2,141,8,6,41.56
2017,2017-02-21,2016-12-11,TRUE,Out of Bounds,174,NA,NA,11.380000000000004,NA,NA,102,29566.9421487603,72487.9338842975,11,2016-12-19,198755.702479339,8,169188.760330578,W,2,141,8,6,41.56
2017,2017-02-21,2016-12-11,TRUE,Out of Bounds,174,NA,NA,NA,NA,NA,102,29566.9421487603,72487.9338842975,11,2016-12-19,198755.702479339,8,169188.760330578,W,2,141,8,6,41.56
2017,2017-02-21,2016-12-11,TRUE,Sacramento River Deep Water Ship Channel,174,NA,NA,NA,NA,-0.2183333333333319,102,29566.9421487603,72487.9338842975,11,2016-12-19,198755.702479339,8,169188.760330578,W,2,141,8,6,41.56
2017,2017-02-21,2016-12-11,TRUE,Sacramento River Deep Water Ship Channel,174,NA,-15.07833333333332,NA,NA,NA,102,29566.9421487603,72487.9338842975,11,2016-12-19,198755.702479339,8,169188.760330578,W,2,141,8,6,41.56
2017,2017-02-21,2016-12-11,TRUE,Sacramento River Deep Water Ship Channel,174,NA,NA,1.1833333333333336,NA,NA,102,29566.9421487603,72487.9338842975,11,2016-12-19,198755.702479339,8,169188.760330578,W,2,141,8,6,41.56
2017,2017-02-21,2016-12-11,TRUE,Sacramento River Deep Water Ship Channel,174,-1471.0000000000002,NA,NA,NA,NA,102,29566.9421487603,72487.9338842975,11,2016-12-19,198755.702479339,8,169188.760330578,W,2,141,8,6,41.56
2017,2017-02-21,2016-12-11,TRUE,Sacramento River Deep Water Ship Channel,174,NA,NA,NA,-0.07333333333333335,NA,102,29566.9421487603,72487.9338842975,11,2016-12-19,198755.702479339,8,169188.760330578,W,2,141,8,6,41.56
2017,2017-02-21,2016-12-11,TRUE,Sacramento River Mainstem,174,NA,NA,NA,NA,0.3376190476190466,102,29566.9421487603,72487.9338842975,11,2016-12-19,198755.702479339,8,169188.760330578,W,2,141,8,6,41.56
2017,2017-02-21,2016-12-11,TRUE,Sacramento River Mainstem,174,NA,2.1766666666666765,NA,NA,NA,102,29566.9421487603,72487.9338842975,11,2016-12-19,198755.702479339,8,169188.760330578,W,2,141,8,6,41.56
2017,2017-02-21,2016-12-11,TRUE,Sacramento River Mainstem,174,NA,NA,0.5738095238095227,NA,NA,102,29566.9421487603,72487.9338842975,11,2016-12-19,198755.702479339,8,169188.760330578,W,2,141,8,6,41.56
2017,2017-02-21,2016-12-11,TRUE,Sacramento River Mainstem,174,-15.360000000000582,NA,NA,NA,NA,102,29566.9421487603,72487.9338842975,11,2016-12-19,198755.702479339,8,169188.760330578,W,2,141,8,6,41.56
2017,2017-02-21,2016-12-11,TRUE,Sacramento River Mainstem,174,NA,NA,NA,-0.0358333333333336,NA,102,29566.9421487603,72487.9338842975,11,2016-12-19,198755.702479339,8,169188.760330578,W,2,141,8,6,41.56
2017,2017-02-21,2016-12-11,TRUE,San Pablo Bay and Carquinez Strait,174,NA,NA,NA,NA,-0.04111111111111221,102,29566.9421487603,72487.9338842975,11,2016-12-19,198755.702479339,8,169188.760330578,W,2,141,8,6,41.56
2017,2017-02-21,2016-12-11,TRUE,San Pablo Bay and Carquinez Strait,174,NA,7.906666666666638,NA,NA,NA,102,29566.9421487603,72487.9338842975,11,2016-12-19,198755.702479339,8,169188.760330578,W,2,141,8,6,41.56
2017,2017-02-21,2016-12-11,TRUE,San Pablo Bay and Carquinez Strait,174,NA,NA,9.26166666666667,NA,NA,102,29566.9421487603,72487.9338842975,11,2016-12-19,198755.702479339,8,169188.760330578,W,2,141,8,6,41.56
2017,2017-02-21,2016-12-11,TRUE,San Pablo Bay and Carquinez Strait,174,NA,NA,NA,NA,NA,102,29566.9421487603,72487.9338842975,11,2016-12-19,198755.702479339,8,169188.760330578,W,2,141,8,6,41.56
2017,2017-02-21,2016-12-11,TRUE,South Delta,174,NA,NA,NA,NA,-0.3680392156862755,102,29566.9421487603,72487.9338842975,11,2016-12-19,198755.702479339,8,169188.760330578,W,2,141,8,6,41.56
2017,2017-02-21,2016-12-11,TRUE,South Delta,174,NA,0.8311764705882183,NA,NA,NA,102,29566.9421487603,72487.9338842975,11,2016-12-19,198755.702479339,8,169188.760330578,W,2,141,8,6,41.56
2017,2017-02-21,2016-12-11,TRUE,South Delta,174,NA,NA,8.314117647058822,NA,NA,102,29566.9421487603,72487.9338842975,11,2016-12-19,198755.702479339,8,169188.760330578,W,2,141,8,6,41.56
2017,2017-02-21,2016-12-11,TRUE,South Delta,174,1671.2383529411763,NA,NA,NA,NA,102,29566.9421487603,72487.9338842975,11,2016-12-19,198755.702479339,8,169188.760330578,W,2,141,8,6,41.56
2017,2017-02-21,2016-12-11,TRUE,South Delta,174,NA,NA,NA,0.13755952380952374,NA,102,29566.9421487603,72487.9338842975,11,2016-12-19,198755.702479339,8,169188.760330578,W,2,141,8,6,41.56
2017,2017-02-21,2016-12-11,TRUE,Suisun Marsh and Montezuma Slough,174,NA,NA,NA,NA,-0.17916666666666714,102,29566.9421487603,72487.9338842975,11,2016-12-19,198755.702479339,8,169188.760330578,W,2,141,8,6,41.56
2017,2017-02-21,2016-12-11,TRUE,Suisun Marsh and Montezuma Slough,174,NA,-9.088333333333368,NA,NA,NA,102,29566.9421487603,72487.9338842975,11,2016-12-19,198755.702479339,8,169188.760330578,W,2,141,8,6,41.56
2017,2017-02-21,2016-12-11,TRUE,Suisun Marsh and Montezuma Slough,174,NA,NA,NA,NA,NA,102,29566.9421487603,72487.9338842975,11,2016-12-19,198755.702479339,8,169188.760330578,W,2,141,8,6,41.56
2017,2017-02-21,2016-12-11,TRUE,Suisun Marsh and Montezuma Slough,174,550.9700000000003,NA,NA,NA,NA,102,29566.9421487603,72487.9338842975,11,2016-12-19,198755.702479339,8,169188.760330578,W,2,141,8,6,41.56
2017,2017-02-21,2016-12-11,TRUE,Suisun Marsh and Montezuma Slough,174,NA,NA,NA,0.1266666666666667,NA,102,29566.9421487603,72487.9338842975,11,2016-12-19,198755.702479339,8,169188.760330578,W,2,141,8,6,41.56
2017,2017-02-21,2016-12-11,TRUE,Suisun and Honker Bays,174,NA,NA,NA,NA,-0.26111111111111107,102,29566.9421487603,72487.9338842975,11,2016-12-19,198755.702479339,8,169188.760330578,W,2,141,8,6,41.56
2017,2017-02-21,2016-12-11,TRUE,Suisun and Honker Bays,174,NA,7.717777777777769,NA,NA,NA,102,29566.9421487603,72487.9338842975,11,2016-12-19,198755.702479339,8,169188.760330578,W,2,141,8,6,41.56
2017,2017-02-21,2016-12-11,TRUE,Suisun and Honker Bays,174,NA,NA,16.071111111111108,NA,NA,102,29566.9421487603,72487.9338842975,11,2016-12-19,198755.702479339,8,169188.760330578,W,2,141,8,6,41.56
2017,2017-02-21,2016-12-11,TRUE,Suisun and Honker Bays,174,NA,NA,NA,NA,NA,102,29566.9421487603,72487.9338842975,11,2016-12-19,198755.702479339,8,169188.760330578,W,2,141,8,6,41.56
2017,2017-02-21,2016-12-11,TRUE,NA,174,NA,NA,NA,NA,NA,102,29566.9421487603,72487.9338842975,11,2016-12-19,198755.702479339,8,169188.760330578,W,2,141,8,6,41.56
2017,2017-03-20,2016-12-11,TRUE,Cache Slough and Liberty Island,201,NA,NA,NA,NA,-1.0033333333333356,102,29566.9421487603,72487.9338842975,11,2016-12-19,198755.702479339,8,169188.760330578,W,2,141,8,6,45.69
2017,2017-03-20,2016-12-11,TRUE,Cache Slough and Liberty Island,201,NA,-19.120000000000005,NA,NA,NA,102,29566.9421487603,72487.9338842975,11,2016-12-19,198755.702479339,8,169188.760330578,W,2,141,8,6,45.69
2017,2017-03-20,2016-12-11,TRUE,Cache Slough and Liberty Island,201,NA,NA,9.603333333333335,NA,NA,102,29566.9421487603,72487.9338842975,11,2016-12-19,198755.702479339,8,169188.760330578,W,2,141,8,6,45.69
2017,2017-03-20,2016-12-11,TRUE,Cache Slough and Liberty Island,201,NA,NA,NA,NA,NA,102,29566.9421487603,72487.9338842975,11,2016-12-19,198755.702479339,8,169188.760330578,W,2,141,8,6,45.69
2017,2017-03-20,2016-12-11,TRUE,Cache Slough and Liberty Island,201,NA,NA,NA,-0.01666666666666666,NA,102,29566.9421487603,72487.9338842975,11,2016-12-19,198755.702479339,8,169188.760330578,W,2,141,8,6,45.69
2017,2017-03-20,2016-12-11,TRUE,Confluence,201,NA,NA,NA,NA,-0.5186666666666682,102,29566.9421487603,72487.9338842975,11,2016-12-19,198755.702479339,8,169188.760330578,W,2,141,8,6,45.69
2017,2017-03-20,2016-12-11,TRUE,Confluence,201,NA,-16.430666666666866,NA,NA,NA,102,29566.9421487603,72487.9338842975,11,2016-12-19,198755.702479339,8,169188.760330578,W,2,141,8,6,45.69
2017,2017-03-20,2016-12-11,TRUE,Confluence,201,NA,NA,2.9800000000000004,NA,NA,102,29566.9421487603,72487.9338842975,11,2016-12-19,198755.702479339,8,169188.760330578,W,2,141,8,6,45.69
2017,2017-03-20,2016-12-11,TRUE,Confluence,201,7533.333333333336,NA,NA,NA,NA,102,29566.9421487603,72487.9338842975,11,2016-12-19,198755.702479339,8,169188.760330578,W,2,141,8,6,45.69
2017,2017-03-20,2016-12-11,TRUE,Confluence,201,NA,NA,NA,0.10888888888888892,NA,102,29566.9421487603,72487.9338842975,11,2016-12-19,198755.702479339,8,169188.760330578,W,2,141,8,6,45.69
2017,2017-03-20,2016-12-11,TRUE,North and South Forks Mokelumne River,201,NA,NA,NA,NA,-0.6791666666666671,102,29566.9421487603,72487.9338842975,11,2016-12-19,198755.702479339,8,169188.760330578,W,2,141,8,6,45.69
2017,2017-03-20,2016-12-11,TRUE,North and South Forks Mokelumne River,201,NA,-10.295000000000002,NA,NA,NA,102,29566.9421487603,72487.9338842975,11,2016-12-19,198755.702479339,8,169188.760330578,W,2,141,8,6,45.69
2017,2017-03-20,2016-12-11,TRUE,North and South Forks Mokelumne River,201,NA,NA,3.5116666666666685,NA,NA,102,29566.9421487603,72487.9338842975,11,2016-12-19,198755.702479339,8,169188.760330578,W,2,141,8,6,45.69
2017,2017-03-20,2016-12-11,TRUE,North and South Forks Mokelumne River,201,1186.666666666666,NA,NA,NA,NA,102,29566.9421487603,72487.9338842975,11,2016-12-19,198755.702479339,8,169188.760330578,W,2,141,8,6,45.69
2017,2017-03-20,2016-12-11,TRUE,North and South Forks Mokelumne River,201,NA,NA,NA,0.06499999999999995,NA,102,29566.9421487603,72487.9338842975,11,2016-12-19,198755.702479339,8,169188.760330578,W,2,141,8,6,45.69
2017,2017-03-20,2016-12-11,TRUE,Out of Bounds,201,NA,NA,NA,NA,-0.6033333333333335,102,29566.9421487603,72487.9338842975,11,2016-12-19,198755.702479339,8,169188.760330578,W,2,141,8,6,45.69
2017,2017-03-20,2016-12-11,TRUE,Out of Bounds,201,NA,3.4899999999999807,NA,NA,NA,102,29566.9421487603,72487.9338842975,11,2016-12-19,198755.702479339,8,169188.760330578,W,2,141,8,6,45.69
2017,2017-03-20,2016-12-11,TRUE,Out of Bounds,201,NA,NA,-0.2199999999999989,NA,NA,102,29566.9421487603,72487.9338842975,11,2016-12-19,198755.702479339,8,169188.760330578,W,2,141,8,6,45.69
2017,2017-03-20,2016-12-11,TRUE,Out of Bounds,201,NA,NA,NA,NA,NA,102,29566.9421487603,72487.9338842975,11,2016-12-19,198755.702479339,8,169188.760330578,W,2,141,8,6,45.69
2017,2017-03-20,2016-12-11,TRUE,Sacramento River Deep Water Ship Channel,201,NA,NA,NA,NA,-0.254999999999999,102,29566.9421487603,72487.9338842975,11,2016-12-19,198755.702479339,8,169188.760330578,W,2,141,8,6,45.69
2017,2017-03-20,2016-12-11,TRUE,Sacramento River Deep Water Ship Channel,201,NA,-20.976666666666578,NA,NA,NA,102,29566.9421487603,72487.9338842975,11,2016-12-19,198755.702479339,8,169188.760330578,W,2,141,8,6,45.69
2017,2017-03-20,2016-12-11,TRUE,Sacramento River Deep Water Ship Channel,201,NA,NA,-1.9433333333333336,NA,NA,102,29566.9421487603,72487.9338842975,11,2016-12-19,198755.702479339,8,169188.760330578,W,2,141,8,6,45.69
2017,2017-03-20,2016-12-11,TRUE,Sacramento River Deep Water Ship Channel,201,696.3333333333333,NA,NA,NA,NA,102,29566.9421487603,72487.9338842975,11,2016-12-19,198755.702479339,8,169188.760330578,W,2,141,8,6,45.69
2017,2017-03-20,2016-12-11,TRUE,Sacramento River Deep Water Ship Channel,201,NA,NA,NA,0.04333333333333333,NA,102,29566.9421487603,72487.9338842975,11,2016-12-19,198755.702479339,8,169188.760330578,W,2,141,8,6,45.69
2017,2017-03-20,2016-12-11,TRUE,Sacramento River Mainstem,201,NA,NA,NA,NA,-0.5076190476190465,102,29566.9421487603,72487.9338842975,11,2016-12-19,198755.702479339,8,169188.760330578,W,2,141,8,6,45.69
2017,2017-03-20,2016-12-11,TRUE,Sacramento River Mainstem,201,NA,-19.36666666666667,NA,NA,NA,102,29566.9421487603,72487.9338842975,11,2016-12-19,198755.702479339,8,169188.760330578,W,2,141,8,6,45.69
2017,2017-03-20,2016-12-11,TRUE,Sacramento River Mainstem,201,NA,NA,-5.999523809523808,NA,NA,102,29566.9421487603,72487.9338842975,11,2016-12-19,198755.702479339,8,169188.760330578,W,2,141,8,6,45.69
2017,2017-03-20,2016-12-11,TRUE,Sacramento River Mainstem,201,4620.268333333333,NA,NA,NA,NA,102,29566.9421487603,72487.9338842975,11,2016-12-19,198755.702479339,8,169188.760330578,W,2,141,8,6,45.69
2017,2017-03-20,2016-12-11,TRUE,Sacramento River Mainstem,201,NA,NA,NA,0.3466666666666667,NA,102,29566.9421487603,72487.9338842975,11,2016-12-19,198755.702479339,8,169188.760330578,W,2,141,8,6,45.69
2017,2017-03-20,2016-12-11,TRUE,San Pablo Bay and Carquinez Strait,201,NA,NA,NA,NA,0.08000000000000007,102,29566.9421487603,72487.9338842975,11,2016-12-19,198755.702479339,8,169188.760330578,W,2,141,8,6,45.69
2017,2017-03-20,2016-12-11,TRUE,San Pablo Bay and Carquinez Strait,201,NA,1419.083333333333,NA,NA,NA,102,29566.9421487603,72487.9338842975,11,2016-12-19,198755.702479339,8,169188.760330578,W,2,141,8,6,45.69
2017,2017-03-20,2016-12-11,TRUE,San Pablo Bay and Carquinez Strait,201,NA,NA,-2.2950000000000017,NA,NA,102,29566.9421487603,72487.9338842975,11,2016-12-19,198755.702479339,8,169188.760330578,W,2,141,8,6,45.69
2017,2017-03-20,2016-12-11,TRUE,San Pablo Bay and Carquinez Strait,201,NA,NA,NA,NA,NA,102,29566.9421487603,72487.9338842975,11,2016-12-19,198755.702479339,8,169188.760330578,W,2,141,8,6,45.69
2017,2017-03-20,2016-12-11,TRUE,South Delta,201,NA,NA,NA,NA,-0.42581699346405166,102,29566.9421487603,72487.9338842975,11,2016-12-19,198755.702479339,8,169188.760330578,W,2,141,8,6,45.69
2017,2017-03-20,2016-12-11,TRUE,South Delta,201,NA,-3.4072026143790595,NA,NA,NA,102,29566.9421487603,72487.9338842975,11,2016-12-19,198755.702479339,8,169188.760330578,W,2,141,8,6,45.69
2017,2017-03-20,2016-12-11,TRUE,South Delta,201,NA,NA,-0.0257777777777779,NA,NA,102,29566.9421487603,72487.9338842975,11,2016-12-19,198755.702479339,8,169188.760330578,W,2,141,8,6,45.69
2017,2017-03-20,2016-12-11,TRUE,South Delta,201,-357.97649673202613,NA,NA,NA,NA,102,29566.9421487603,72487.9338842975,11,2016-12-19,198755.702479339,8,169188.760330578,W,2,141,8,6,45.69
2017,2017-03-20,2016-12-11,TRUE,South Delta,201,NA,NA,NA,-0.01383928571428572,NA,102,29566.9421487603,72487.9338842975,11,2016-12-19,198755.702479339,8,169188.760330578,W,2,141,8,6,45.69
2017,2017-03-20,2016-12-11,TRUE,Suisun Marsh and Montezuma Slough,201,NA,NA,NA,NA,-0.2699999999999996,102,29566.9421487603,72487.9338842975,11,2016-12-19,198755.702479339,8,169188.760330578,W,2,141,8,6,45.69
2017,2017-03-20,2016-12-11,TRUE,Suisun Marsh and Montezuma Slough,201,NA,-13.882499999999936,NA,NA,NA,102,29566.9421487603,72487.9338842975,11,2016-12-19,198755.702479339,8,169188.760330578,W,2,141,8,6,45.69
2017,2017-03-20,2016-12-11,TRUE,Suisun Marsh and Montezuma Slough,201,NA,NA,NA,NA,NA,102,29566.9421487603,72487.9338842975,11,2016-12-19,198755.702479339,8,169188.760330578,W,2,141,8,6,45.69
2017,2017-03-20,2016-12-11,TRUE,Suisun Marsh and Montezuma Slough,201,181.90666666666652,NA,NA,NA,NA,102,29566.9421487603,72487.9338842975,11,2016-12-19,198755.702479339,8,169188.760330578,W,2,141,8,6,45.69
2017,2017-03-20,2016-12-11,TRUE,Suisun Marsh and Montezuma Slough,201,NA,NA,NA,0.02333333333333337,NA,102,29566.9421487603,72487.9338842975,11,2016-12-19,198755.702479339,8,169188.760330578,W,2,141,8,6,45.69
2017,2017-03-20,2016-12-11,TRUE,Suisun and Honker Bays,201,NA,NA,NA,NA,-0.14222222222222314,102,29566.9421487603,72487.9338842975,11,2016-12-19,198755.702479339,8,169188.760330578,W,2,141,8,6,45.69
2017,2017-03-20,2016-12-11,TRUE,Suisun and Honker Bays,201,NA,-4.0222222222222115,NA,NA,NA,102,29566.9421487603,72487.9338842975,11,2016-12-19,198755.702479339,8,169188.760330578,W,2,141,8,6,45.69
2017,2017-03-20,2016-12-11,TRUE,Suisun and Honker Bays,201,NA,NA,-6.11888888888889,NA,NA,102,29566.9421487603,72487.9338842975,11,2016-12-19,198755.702479339,8,169188.760330578,W,2,141,8,6,45.69
2017,2017-03-20,2016-12-11,TRUE,Suisun and Honker Bays,201,NA,NA,NA,NA,NA,102,29566.9421487603,72487.9338842975,11,2016-12-19,198755.702479339,8,169188.760330578,W,2,141,8,6,45.69
2017,2017-03-20,2016-12-11,TRUE,NA,201,NA,NA,NA,NA,NA,102,29566.9421487603,72487.9338842975,11,2016-12-19,198755.702479339,8,169188.760330578,W,2,141,8,6,45.69
2017,2017-04-08,2016-12-11,TRUE,Cache Slough and Liberty Island,220,NA,NA,NA,NA,-1.543333333333333,102,29566.9421487603,72487.9338842975,11,2016-12-19,198755.702479339,8,169188.760330578,W,2,141,8,6,48.21
2017,2017-04-08,2016-12-11,TRUE,Cache Slough and Liberty Island,220,NA,31.896666666666704,NA,NA,NA,102,29566.9421487603,72487.9338842975,11,2016-12-19,198755.702479339,8,169188.760330578,W,2,141,8,6,48.21
2017,2017-04-08,2016-12-11,TRUE,Cache Slough and Liberty Island,220,NA,NA,16.351666666666667,NA,NA,102,29566.9421487603,72487.9338842975,11,2016-12-19,198755.702479339,8,169188.760330578,W,2,141,8,6,48.21
2017,2017-04-08,2016-12-11,TRUE,Cache Slough and Liberty Island,220,NA,NA,NA,NA,NA,102,29566.9421487603,72487.9338842975,11,2016-12-19,198755.702479339,8,169188.760330578,W,2,141,8,6,48.21
2017,2017-04-08,2016-12-11,TRUE,Cache Slough and Liberty Island,220,NA,NA,NA,0.04000000000000001,NA,102,29566.9421487603,72487.9338842975,11,2016-12-19,198755.702479339,8,169188.760330578,W,2,141,8,6,48.21
2017,2017-04-08,2016-12-11,TRUE,Confluence,220,NA,NA,NA,NA,-0.8179999999999996,102,29566.9421487603,72487.9338842975,11,2016-12-19,198755.702479339,8,169188.760330578,W,2,141,8,6,48.21
2017,2017-04-08,2016-12-11,TRUE,Confluence,220,NA,2.9980000000000473,NA,NA,NA,102,29566.9421487603,72487.9338842975,11,2016-12-19,198755.702479339,8,169188.760330578,W,2,141,8,6,48.21
2017,2017-04-08,2016-12-11,TRUE,Confluence,220,NA,NA,0.6479999999999997,NA,NA,102,29566.9421487603,72487.9338842975,11,2016-12-19,198755.702479339,8,169188.760330578,W,2,141,8,6,48.21
2017,2017-04-08,2016-12-11,TRUE,Confluence,220,9288.88888888889,NA,NA,NA,NA,102,29566.9421487603,72487.9338842975,11,2016-12-19,198755.702479339,8,169188.760330578,W,2,141,8,6,48.21
2017,2017-04-08,2016-12-11,TRUE,Confluence,220,NA,NA,NA,0.15666666666666673,NA,102,29566.9421487603,72487.9338842975,11,2016-12-19,198755.702479339,8,169188.760330578,W,2,141,8,6,48.21
2017,2017-04-08,2016-12-11,TRUE,North and South Forks Mokelumne River,220,NA,NA,NA,NA,-1.0924999999999994,102,29566.9421487603,72487.9338842975,11,2016-12-19,198755.702479339,8,169188.760330578,W,2,141,8,6,48.21
2017,2017-04-08,2016-12-11,TRUE,North and South Forks Mokelumne River,220,NA,-0.7008333333333354,NA,NA,NA,102,29566.9421487603,72487.9338842975,11,2016-12-19,198755.702479339,8,169188.760330578,W,2,141,8,6,48.21
2017,2017-04-08,2016-12-11,TRUE,North and South Forks Mokelumne River,220,NA,NA,-0.4474999999999998,NA,NA,102,29566.9421487603,72487.9338842975,11,2016-12-19,198755.702479339,8,169188.760330578,W,2,141,8,6,48.21
2017,2017-04-08,2016-12-11,TRUE,North and South Forks Mokelumne River,220,1977.7777777777776,NA,NA,NA,NA,102,29566.9421487603,72487.9338842975,11,2016-12-19,198755.702479339,8,169188.760330578,W,2,141,8,6,48.21
2017,2017-04-08,2016-12-11,TRUE,North and South Forks Mokelumne River,220,NA,NA,NA,0.18166666666666664,NA,102,29566.9421487603,72487.9338842975,11,2016-12-19,198755.702479339,8,169188.760330578,W,2,141,8,6,48.21
2017,2017-04-08,2016-12-11,TRUE,Out of Bounds,220,NA,NA,NA,NA,-1.2100000000000009,102,29566.9421487603,72487.9338842975,11,2016-12-19,198755.702479339,8,169188.760330578,W,2,141,8,6,48.21
2017,2017-04-08,2016-12-11,TRUE,Out of Bounds,220,NA,-1.8966666666666752,NA,NA,NA,102,29566.9421487603,72487.9338842975,11,2016-12-19,198755.702479339,8,169188.760330578,W,2,141,8,6,48.21
2017,2017-04-08,2016-12-11,TRUE,Out of Bounds,220,NA,NA,-0.25333333333333385,NA,NA,102,29566.9421487603,72487.9338842975,11,2016-12-19,198755.702479339,8,169188.760330578,W,2,141,8,6,48.21
2017,2017-04-08,2016-12-11,TRUE,Out of Bounds,220,NA,NA,NA,NA,NA,102,29566.9421487603,72487.9338842975,11,2016-12-19,198755.702479339,8,169188.760330578,W,2,141,8,6,48.21
2017,2017-04-08,2016-12-11,TRUE,Sacramento River Deep Water Ship Channel,220,NA,NA,NA,NA,-0.8333333333333321,102,29566.9421487603,72487.9338842975,11,2016-12-19,198755.702479339,8,169188.760330578,W,2,141,8,6,48.21
2017,2017-04-08,2016-12-11,TRUE,Sacramento River Deep Water Ship Channel,220,NA,12.311666666666724,NA,NA,NA,102,29566.9421487603,72487.9338842975,11,2016-12-19,198755.702479339,8,169188.760330578,W,2,141,8,6,48.21
2017,2017-04-08,2016-12-11,TRUE,Sacramento River Deep Water Ship Channel,220,NA,NA,2.408333333333333,NA,NA,102,29566.9421487603,72487.9338842975,11,2016-12-19,198755.702479339,8,169188.760330578,W,2,141,8,6,48.21
2017,2017-04-08,2016-12-11,TRUE,Sacramento River Deep Water Ship Channel,220,793.0000000000001,NA,NA,NA,NA,102,29566.9421487603,72487.9338842975,11,2016-12-19,198755.702479339,8,169188.760330578,W,2,141,8,6,48.21
2017,2017-04-08,2016-12-11,TRUE,Sacramento River Deep Water Ship Channel,220,NA,NA,NA,0.05333333333333334,NA,102,29566.9421487603,72487.9338842975,11,2016-12-19,198755.702479339,8,169188.760330578,W,2,141,8,6,48.21
2017,2017-04-08,2016-12-11,TRUE,Sacramento River Mainstem,220,NA,NA,NA,NA,-1.5542857142857152,102,29566.9421487603,72487.9338842975,11,2016-12-19,198755.702479339,8,169188.760330578,W,2,141,8,6,48.21
2017,2017-04-08,2016-12-11,TRUE,Sacramento River Mainstem,220,NA,-21.130476190476188,NA,NA,NA,102,29566.9421487603,72487.9338842975,11,2016-12-19,198755.702479339,8,169188.760330578,W,2,141,8,6,48.21
2017,2017-04-08,2016-12-11,TRUE,Sacramento River Mainstem,220,NA,NA,6.654761904761905,NA,NA,102,29566.9421487603,72487.9338842975,11,2016-12-19,198755.702479339,8,169188.760330578,W,2,141,8,6,48.21
2017,2017-04-08,2016-12-11,TRUE,Sacramento River Mainstem,220,6588.613611111112,NA,NA,NA,NA,102,29566.9421487603,72487.9338842975,11,2016-12-19,198755.702479339,8,169188.760330578,W,2,141,8,6,48.21
2017,2017-04-08,2016-12-11,TRUE,Sacramento River Mainstem,220,NA,NA,NA,0.4325000000000001,NA,102,29566.9421487603,72487.9338842975,11,2016-12-19,198755.702479339,8,169188.760330578,W,2,141,8,6,48.21
2017,2017-04-08,2016-12-11,TRUE,San Pablo Bay and Carquinez Strait,220,NA,NA,NA,NA,-0.04222222222222172,102,29566.9421487603,72487.9338842975,11,2016-12-19,198755.702479339,8,169188.760330578,W,2,141,8,6,48.21
2017,2017-04-08,2016-12-11,TRUE,San Pablo Bay and Carquinez Strait,220,NA,-3835.473333333334,NA,NA,NA,102,29566.9421487603,72487.9338842975,11,2016-12-19,198755.702479339,8,169188.760330578,W,2,141,8,6,48.21
2017,2017-04-08,2016-12-11,TRUE,San Pablo Bay and Carquinez Strait,220,NA,NA,6.493333333333336,NA,NA,102,29566.9421487603,72487.9338842975,11,2016-12-19,198755.702479339,8,169188.760330578,W,2,141,8,6,48.21
2017,2017-04-08,2016-12-11,TRUE,San Pablo Bay and Carquinez Strait,220,NA,NA,NA,NA,NA,102,29566.9421487603,72487.9338842975,11,2016-12-19,198755.702479339,8,169188.760330578,W,2,141,8,6,48.21
2017,2017-04-08,2016-12-11,TRUE,South Delta,220,NA,NA,NA,NA,-1.0552941176470585,102,29566.9421487603,72487.9338842975,11,2016-12-19,198755.702479339,8,169188.760330578,W,2,141,8,6,48.21
2017,2017-04-08,2016-12-11,TRUE,South Delta,220,NA,-0.40549019607843206,NA,NA,NA,102,29566.9421487603,72487.9338842975,11,2016-12-19,198755.702479339,8,169188.760330578,W,2,141,8,6,48.21
2017,2017-04-08,2016-12-11,TRUE,South Delta,220,NA,NA,0.9589583333333334,NA,NA,102,29566.9421487603,72487.9338842975,11,2016-12-19,198755.702479339,8,169188.760330578,W,2,141,8,6,48.21
2017,2017-04-08,2016-12-11,TRUE,South Delta,220,75.24313725490174,NA,NA,NA,NA,102,29566.9421487603,72487.9338842975,11,2016-12-19,198755.702479339,8,169188.760330578,W,2,141,8,6,48.21
2017,2017-04-08,2016-12-11,TRUE,South Delta,220,NA,NA,NA,-0.00895833333333329,NA,102,29566.9421487603,72487.9338842975,11,2016-12-19,198755.702479339,8,169188.760330578,W,2,141,8,6,48.21
2017,2017-04-08,2016-12-11,TRUE,Suisun Marsh and Montezuma Slough,220,NA,NA,NA,NA,-0.6350000000000016,102,29566.9421487603,72487.9338842975,11,2016-12-19,198755.702479339,8,169188.760330578,W,2,141,8,6,48.21
2017,2017-04-08,2016-12-11,TRUE,Suisun Marsh and Montezuma Slough,220,NA,14.531666666666638,NA,NA,NA,102,29566.9421487603,72487.9338842975,11,2016-12-19,198755.702479339,8,169188.760330578,W,2,141,8,6,48.21
2017,2017-04-08,2016-12-11,TRUE,Suisun Marsh and Montezuma Slough,220,NA,NA,NA,NA,NA,102,29566.9421487603,72487.9338842975,11,2016-12-19,198755.702479339,8,169188.760330578,W,2,141,8,6,48.21
2017,2017-04-08,2016-12-11,TRUE,Suisun Marsh and Montezuma Slough,220,NA,NA,NA,NA,NA,102,29566.9421487603,72487.9338842975,11,2016-12-19,198755.702479339,8,169188.760330578,W,2,141,8,6,48.21
2017,2017-04-08,2016-12-11,TRUE,Suisun Marsh and Montezuma Slough,220,NA,NA,NA,NA,NA,102,29566.9421487603,72487.9338842975,11,2016-12-19,198755.702479339,8,169188.760330578,W,2,141,8,6,48.21
2017,2017-04-08,2016-12-11,TRUE,Suisun and Honker Bays,220,NA,NA,NA,NA,-0.379999999999999,102,29566.9421487603,72487.9338842975,11,2016-12-19,198755.702479339,8,169188.760330578,W,2,141,8,6,48.21
2017,2017-04-08,2016-12-11,TRUE,Suisun and Honker Bays,220,NA,10.792222222222222,NA,NA,NA,102,29566.9421487603,72487.9338842975,11,2016-12-19,198755.702479339,8,169188.760330578,W,2,141,8,6,48.21
2017,2017-04-08,2016-12-11,TRUE,Suisun and Honker Bays,220,NA,NA,-4.472222222222221,NA,NA,102,29566.9421487603,72487.9338842975,11,2016-12-19,198755.702479339,8,169188.760330578,W,2,141,8,6,48.21
2017,2017-04-08,2016-12-11,TRUE,Suisun and Honker Bays,220,NA,NA,NA,NA,NA,102,29566.9421487603,72487.9338842975,11,2016-12-19,198755.702479339,8,169188.760330578,W,2,141,8,6,48.21
2017,2017-04-08,2016-12-11,TRUE,NA,220,NA,NA,NA,NA,NA,102,29566.9421487603,72487.9338842975,11,2016-12-19,198755.702479339,8,169188.760330578,W,2,141,8,6,48.21
2017,2017-04-16,2016-12-11,TRUE,Cache Slough and Liberty Island,228,NA,NA,NA,NA,0.47999999999999865,102,29566.9421487603,72487.9338842975,11,2016-12-19,198755.702479339,8,169188.760330578,W,2,141,8,6,48.6
2017,2017-04-16,2016-12-11,TRUE,Cache Slough and Liberty Island,228,NA,3.1066666666666265,NA,NA,NA,102,29566.9421487603,72487.9338842975,11,2016-12-19,198755.702479339,8,169188.760330578,W,2,141,8,6,48.6
2017,2017-04-16,2016-12-11,TRUE,Cache Slough and Liberty Island,228,NA,NA,-3.9883333333333337,NA,NA,102,29566.9421487603,72487.9338842975,11,2016-12-19,198755.702479339,8,169188.760330578,W,2,141,8,6,48.6
2017,2017-04-16,2016-12-11,TRUE,Cache Slough and Liberty Island,228,NA,NA,NA,NA,NA,102,29566.9421487603,72487.9338842975,11,2016-12-19,198755.702479339,8,169188.760330578,W,2,141,8,6,48.6
2017,2017-04-16,2016-12-11,TRUE,Cache Slough and Liberty Island,228,NA,NA,NA,0.2633333333333333,NA,102,29566.9421487603,72487.9338842975,11,2016-12-19,198755.702479339,8,169188.760330578,W,2,141,8,6,48.6
2017,2017-04-16,2016-12-11,TRUE,Confluence,228,NA,NA,NA,NA,0.07066666666666777,102,29566.9421487603,72487.9338842975,11,2016-12-19,198755.702479339,8,169188.760330578,W,2,141,8,6,48.6
2017,2017-04-16,2016-12-11,TRUE,Confluence,228,NA,0.2633333333335486,NA,NA,NA,102,29566.9421487603,72487.9338842975,11,2016-12-19,198755.702479339,8,169188.760330578,W,2,141,8,6,48.6
2017,2017-04-16,2016-12-11,TRUE,Confluence,228,NA,NA,-0.6280000000000019,NA,NA,102,29566.9421487603,72487.9338842975,11,2016-12-19,198755.702479339,8,169188.760330578,W,2,141,8,6,48.6
2017,2017-04-16,2016-12-11,TRUE,Confluence,228,-9100,NA,NA,NA,NA,102,29566.9421487603,72487.9338842975,11,2016-12-19,198755.702479339,8,169188.760330578,W,2,141,8,6,48.6
2017,2017-04-16,2016-12-11,TRUE,Confluence,228,NA,NA,NA,-0.15333333333333343,NA,102,29566.9421487603,72487.9338842975,11,2016-12-19,198755.702479339,8,169188.760330578,W,2,141,8,6,48.6
2017,2017-04-16,2016-12-11,TRUE,North and South Forks Mokelumne River,228,NA,NA,NA,NA,-0.2283333333333335,102,29566.9421487603,72487.9338842975,11,2016-12-19,198755.702479339,8,169188.760330578,W,2,141,8,6,48.6
2017,2017-04-16,2016-12-11,TRUE,North and South Forks Mokelumne River,228,NA,-1.268333333333345,NA,NA,NA,102,29566.9421487603,72487.9338842975,11,2016-12-19,198755.702479339,8,169188.760330578,W,2,141,8,6,48.6
2017,2017-04-16,2016-12-11,TRUE,North and South Forks Mokelumne River,228,NA,NA,0.4041666666666668,NA,NA,102,29566.9421487603,72487.9338842975,11,2016-12-19,198755.702479339,8,169188.760330578,W,2,141,8,6,48.6
2017,2017-04-16,2016-12-11,TRUE,North and South Forks Mokelumne River,228,148.8888888888887,NA,NA,NA,NA,102,29566.9421487603,72487.9338842975,11,2016-12-19,198755.702479339,8,169188.760330578,W,2,141,8,6,48.6
2017,2017-04-16,2016-12-11,TRUE,North and South Forks Mokelumne River,228,NA,NA,NA,0.01333333333333319,NA,102,29566.9421487603,72487.9338842975,11,2016-12-19,198755.702479339,8,169188.760330578,W,2,141,8,6,48.6
2017,2017-04-16,2016-12-11,TRUE,Out of Bounds,228,NA,NA,NA,NA,-0.5166666666666675,102,29566.9421487603,72487.9338842975,11,2016-12-19,198755.702479339,8,169188.760330578,W,2,141,8,6,48.6
2017,2017-04-16,2016-12-11,TRUE,Out of Bounds,228,NA,-17.346666666666664,NA,NA,NA,102,29566.9421487603,72487.9338842975,11,2016-12-19,198755.702479339,8,169188.760330578,W,2,141,8,6,48.6
2017,2017-04-16,2016-12-11,TRUE,Out of Bounds,228,NA,NA,-0.11333333333333329,NA,NA,102,29566.9421487603,72487.9338842975,11,2016-12-19,198755.702479339,8,169188.760330578,W,2,141,8,6,48.6
2017,2017-04-16,2016-12-11,TRUE,Out of Bounds,228,NA,NA,NA,NA,NA,102,29566.9421487603,72487.9338842975,11,2016-12-19,198755.702479339,8,169188.760330578,W,2,141,8,6,48.6
2017,2017-04-16,2016-12-11,TRUE,Sacramento River Deep Water Ship Channel,228,NA,NA,NA,NA,0.0216666666666665,102,29566.9421487603,72487.9338842975,11,2016-12-19,198755.702479339,8,169188.760330578,W,2,141,8,6,48.6
2017,2017-04-16,2016-12-11,TRUE,Sacramento River Deep Water Ship Channel,228,NA,-11.506666666666604,NA,NA,NA,102,29566.9421487603,72487.9338842975,11,2016-12-19,198755.702479339,8,169188.760330578,W,2,141,8,6,48.6
2017,2017-04-16,2016-12-11,TRUE,Sacramento River Deep Water Ship Channel,228,NA,NA,-0.00500000000000078,NA,NA,102,29566.9421487603,72487.9338842975,11,2016-12-19,198755.702479339,8,169188.760330578,W,2,141,8,6,48.6
2017,2017-04-16,2016-12-11,TRUE,Sacramento River Deep Water Ship Channel,228,89.33333333333337,NA,NA,NA,NA,102,29566.9421487603,72487.9338842975,11,2016-12-19,198755.702479339,8,169188.760330578,W,2,141,8,6,48.6
2017,2017-04-16,2016-12-11,TRUE,Sacramento River Deep Water Ship Channel,228,NA,NA,NA,0,NA,102,29566.9421487603,72487.9338842975,11,2016-12-19,198755.702479339,8,169188.760330578,W,2,141,8,6,48.6
2017,2017-04-16,2016-12-11,TRUE,Sacramento River Mainstem,228,NA,NA,NA,NA,0.01952380952381105,102,29566.9421487603,72487.9338842975,11,2016-12-19,198755.702479339,8,169188.760330578,W,2,141,8,6,48.6
2017,2017-04-16,2016-12-11,TRUE,Sacramento River Mainstem,228,NA,-0.8338095238095207,NA,NA,NA,102,29566.9421487603,72487.9338842975,11,2016-12-19,198755.702479339,8,169188.760330578,W,2,141,8,6,48.6
2017,2017-04-16,2016-12-11,TRUE,Sacramento River Mainstem,228,NA,NA,2.775714285714283,NA,NA,102,29566.9421487603,72487.9338842975,11,2016-12-19,198755.702479339,8,169188.760330578,W,2,141,8,6,48.6
2017,2017-04-16,2016-12-11,TRUE,Sacramento River Mainstem,228,1224.90416666666,NA,NA,NA,NA,102,29566.9421487603,72487.9338842975,11,2016-12-19,198755.702479339,8,169188.760330578,W,2,141,8,6,48.6
2017,2017-04-16,2016-12-11,TRUE,Sacramento River Mainstem,228,NA,NA,NA,0.07666666666666666,NA,102,29566.9421487603,72487.9338842975,11,2016-12-19,198755.702479339,8,169188.760330578,W,2,141,8,6,48.6
2017,2017-04-16,2016-12-11,TRUE,San Pablo Bay and Carquinez Strait,228,NA,NA,NA,NA,-0.3022222222222215,102,29566.9421487603,72487.9338842975,11,2016-12-19,198755.702479339,8,169188.760330578,W,2,141,8,6,48.6
2017,2017-04-16,2016-12-11,TRUE,San Pablo Bay and Carquinez Strait,228,NA,4984.836666666666,NA,NA,NA,102,29566.9421487603,72487.9338842975,11,2016-12-19,198755.702479339,8,169188.760330578,W,2,141,8,6,48.6
2017,2017-04-16,2016-12-11,TRUE,San Pablo Bay and Carquinez Strait,228,NA,NA,-9.5,NA,NA,102,29566.9421487603,72487.9338842975,11,2016-12-19,198755.702479339,8,169188.760330578,W,2,141,8,6,48.6
2017,2017-04-16,2016-12-11,TRUE,San Pablo Bay and Carquinez Strait,228,NA,NA,NA,NA,NA,102,29566.9421487603,72487.9338842975,11,2016-12-19,198755.702479339,8,169188.760330578,W,2,141,8,6,48.6
2017,2017-04-16,2016-12-11,TRUE,South Delta,228,NA,NA,NA,NA,-0.19000000000000128,102,29566.9421487603,72487.9338842975,11,2016-12-19,198755.702479339,8,169188.760330578,W,2,141,8,6,48.6
2017,2017-04-16,2016-12-11,TRUE,South Delta,228,NA,-14.628235294117644,NA,NA,NA,102,29566.9421487603,72487.9338842975,11,2016-12-19,198755.702479339,8,169188.760330578,W,2,141,8,6,48.6
2017,2017-04-16,2016-12-11,TRUE,South Delta,228,NA,NA,-0.6462745098039226,NA,NA,102,29566.9421487603,72487.9338842975,11,2016-12-19,198755.702479339,8,169188.760330578,W,2,141,8,6,48.6
2017,2017-04-16,2016-12-11,TRUE,South Delta,228,-815.8110306686776,NA,NA,NA,NA,102,29566.9421487603,72487.9338842975,11,2016-12-19,198755.702479339,8,169188.760330578,W,2,141,8,6,48.6
2017,2017-04-16,2016-12-11,TRUE,South Delta,228,NA,NA,NA,-0.12874007936507936,NA,102,29566.9421487603,72487.9338842975,11,2016-12-19,198755.702479339,8,169188.760330578,W,2,141,8,6,48.6
2017,2017-04-16,2016-12-11,TRUE,Suisun Marsh and Montezuma Slough,228,NA,NA,NA,NA,-0.07583333333333364,102,29566.9421487603,72487.9338842975,11,2016-12-19,198755.702479339,8,169188.760330578,W,2,141,8,6,48.6
2017,2017-04-16,2016-12-11,TRUE,Suisun Marsh and Montezuma Slough,228,NA,15.774999999999975,NA,NA,NA,102,29566.9421487603,72487.9338842975,11,2016-12-19,198755.702479339,8,169188.760330578,W,2,141,8,6,48.6
2017,2017-04-16,2016-12-11,TRUE,Suisun Marsh and Montezuma Slough,228,NA,NA,NA,NA,NA,102,29566.9421487603,72487.9338842975,11,2016-12-19,198755.702479339,8,169188.760330578,W,2,141,8,6,48.6
2017,2017-04-16,2016-12-11,TRUE,Suisun Marsh and Montezuma Slough,228,-5.059999999999945,NA,NA,NA,NA,102,29566.9421487603,72487.9338842975,11,2016-12-19,198755.702479339,8,169188.760330578,W,2,141,8,6,48.6
2017,2017-04-16,2016-12-11,TRUE,Suisun Marsh and Montezuma Slough,228,NA,NA,NA,-0.02999999999999997,NA,102,29566.9421487603,72487.9338842975,11,2016-12-19,198755.702479339,8,169188.760330578,W,2,141,8,6,48.6
2017,2017-04-16,2016-12-11,TRUE,Suisun and Honker Bays,228,NA,NA,NA,NA,0.00444444444444513,102,29566.9421487603,72487.9338842975,11,2016-12-19,198755.702479339,8,169188.760330578,W,2,141,8,6,48.6
2017,2017-04-16,2016-12-11,TRUE,Suisun and Honker Bays,228,NA,-6.319999999999993,NA,NA,NA,102,29566.9421487603,72487.9338842975,11,2016-12-19,198755.702479339,8,169188.760330578,W,2,141,8,6,48.6
2017,2017-04-16,2016-12-11,TRUE,Suisun and Honker Bays,228,NA,NA,-9.808888888888887,NA,NA,102,29566.9421487603,72487.9338842975,11,2016-12-19,198755.702479339,8,169188.760330578,W,2,141,8,6,48.6
2017,2017-04-16,2016-12-11,TRUE,Suisun and Honker Bays,228,NA,NA,NA,NA,NA,102,29566.9421487603,72487.9338842975,11,2016-12-19,198755.702479339,8,169188.760330578,W,2,141,8,6,48.6
2017,2017-04-16,2016-12-11,TRUE,NA,228,NA,NA,NA,NA,NA,102,29566.9421487603,72487.9338842975,11,2016-12-19,198755.702479339,8,169188.760330578,W,2,141,8,6,48.6
2018,2018-03-22,2018-03-22,FALSE,Cache Slough and Liberty Island,203,NA,NA,NA,NA,0.5733333333333341,203,49336.8595041322,101035.371900826,1,2018-03-24,117933.223140496,2,68596.3636363636,BN,0,52,2,141,70.39
2018,2018-03-22,2018-03-22,FALSE,Cache Slough and Liberty Island,203,NA,-2.0700000000000216,NA,NA,NA,203,49336.8595041322,101035.371900826,1,2018-03-24,117933.223140496,2,68596.3636363636,BN,0,52,2,141,70.39
2018,2018-03-22,2018-03-22,FALSE,Cache Slough and Liberty Island,203,NA,NA,5.043333333333333,NA,NA,203,49336.8595041322,101035.371900826,1,2018-03-24,117933.223140496,2,68596.3636363636,BN,0,52,2,141,70.39
2018,2018-03-22,2018-03-22,FALSE,Cache Slough and Liberty Island,203,NA,NA,NA,NA,NA,203,49336.8595041322,101035.371900826,1,2018-03-24,117933.223140496,2,68596.3636363636,BN,0,52,2,141,70.39
2018,2018-03-22,2018-03-22,FALSE,Cache Slough and Liberty Island,203,NA,NA,NA,0.02,NA,203,49336.8595041322,101035.371900826,1,2018-03-24,117933.223140496,2,68596.3636363636,BN,0,52,2,141,70.39
2018,2018-03-22,2018-03-22,FALSE,Confluence,203,NA,NA,NA,NA,0.2560000000000002,203,49336.8595041322,101035.371900826,1,2018-03-24,117933.223140496,2,68596.3636363636,BN,0,52,2,141,70.39
2018,2018-03-22,2018-03-22,FALSE,Confluence,203,NA,-16.717333333333272,NA,NA,NA,203,49336.8595041322,101035.371900826,1,2018-03-24,117933.223140496,2,68596.3636363636,BN,0,52,2,141,70.39
2018,2018-03-22,2018-03-22,FALSE,Confluence,203,NA,NA,3.8533333333333335,NA,NA,203,49336.8595041322,101035.371900826,1,2018-03-24,117933.223140496,2,68596.3636363636,BN,0,52,2,141,70.39
2018,2018-03-22,2018-03-22,FALSE,Confluence,203,19376.777777777777,NA,NA,NA,NA,203,49336.8595041322,101035.371900826,1,2018-03-24,117933.223140496,2,68596.3636363636,BN,0,52,2,141,70.39
2018,2018-03-22,2018-03-22,FALSE,Confluence,203,NA,NA,NA,0.29999999999999993,NA,203,49336.8595041322,101035.371900826,1,2018-03-24,117933.223140496,2,68596.3636363636,BN,0,52,2,141,70.39
2018,2018-03-22,2018-03-22,FALSE,North and South Forks Mokelumne River,203,NA,NA,NA,NA,0.7311111111111117,203,49336.8595041322,101035.371900826,1,2018-03-24,117933.223140496,2,68596.3636363636,BN,0,52,2,141,70.39
2018,2018-03-22,2018-03-22,FALSE,North and South Forks Mokelumne River,203,NA,-4.03333333333336,NA,NA,NA,203,49336.8595041322,101035.371900826,1,2018-03-24,117933.223140496,2,68596.3636363636,BN,0,52,2,141,70.39
2018,2018-03-22,2018-03-22,FALSE,North and South Forks Mokelumne River,203,NA,NA,13.085555555555556,NA,NA,203,49336.8595041322,101035.371900826,1,2018-03-24,117933.223140496,2,68596.3636363636,BN,0,52,2,141,70.39
2018,2018-03-22,2018-03-22,FALSE,North and South Forks Mokelumne River,203,4282.222222222222,NA,NA,NA,NA,203,49336.8595041322,101035.371900826,1,2018-03-24,117933.223140496,2,68596.3636363636,BN,0,52,2,141,70.39
2018,2018-03-22,2018-03-22,FALSE,North and South Forks Mokelumne River,203,NA,NA,NA,0.39222222222222214,NA,203,49336.8595041322,101035.371900826,1,2018-03-24,117933.223140496,2,68596.3636363636,BN,0,52,2,141,70.39
2018,2018-03-22,2018-03-22,FALSE,Out of Bounds,203,NA,NA,NA,NA,0.966666666666665,203,49336.8595041322,101035.371900826,1,2018-03-24,117933.223140496,2,68596.3636363636,BN,0,52,2,141,70.39
2018,2018-03-22,2018-03-22,FALSE,Out of Bounds,203,NA,-71.57999999999998,NA,NA,NA,203,49336.8595041322,101035.371900826,1,2018-03-24,117933.223140496,2,68596.3636363636,BN,0,52,2,141,70.39
2018,2018-03-22,2018-03-22,FALSE,Out of Bounds,203,NA,NA,12.306666666666665,NA,NA,203,49336.8595041322,101035.371900826,1,2018-03-24,117933.223140496,2,68596.3636363636,BN,0,52,2,141,70.39
2018,2018-03-22,2018-03-22,FALSE,Out of Bounds,203,NA,NA,NA,NA,NA,203,49336.8595041322,101035.371900826,1,2018-03-24,117933.223140496,2,68596.3636363636,BN,0,52,2,141,70.39
2018,2018-03-22,2018-03-22,FALSE,Sacramento River Deep Water Ship Channel,203,NA,NA,NA,NA,0.5533333333333328,203,49336.8595041322,101035.371900826,1,2018-03-24,117933.223140496,2,68596.3636363636,BN,0,52,2,141,70.39
2018,2018-03-22,2018-03-22,FALSE,Sacramento River Deep Water Ship Channel,203,NA,-5.3916666666666515,NA,NA,NA,203,49336.8595041322,101035.371900826,1,2018-03-24,117933.223140496,2,68596.3636363636,BN,0,52,2,141,70.39
2018,2018-03-22,2018-03-22,FALSE,Sacramento River Deep Water Ship Channel,203,NA,NA,-1.849999999999998,NA,NA,203,49336.8595041322,101035.371900826,1,2018-03-24,117933.223140496,2,68596.3636363636,BN,0,52,2,141,70.39
2018,2018-03-22,2018-03-22,FALSE,Sacramento River Deep Water Ship Channel,203,432.00000000000006,NA,NA,NA,NA,203,49336.8595041322,101035.371900826,1,2018-03-24,117933.223140496,2,68596.3636363636,BN,0,52,2,141,70.39
2018,2018-03-22,2018-03-22,FALSE,Sacramento River Deep Water Ship Channel,203,NA,NA,NA,0.02333333333333333,NA,203,49336.8595041322,101035.371900826,1,2018-03-24,117933.223140496,2,68596.3636363636,BN,0,52,2,141,70.39
2018,2018-03-22,2018-03-22,FALSE,Sacramento River Mainstem,203,NA,NA,NA,NA,0.37619047619047663,203,49336.8595041322,101035.371900826,1,2018-03-24,117933.223140496,2,68596.3636363636,BN,0,52,2,141,70.39
2018,2018-03-22,2018-03-22,FALSE,Sacramento River Mainstem,203,NA,-37.23142857142858,NA,NA,NA,203,49336.8595041322,101035.371900826,1,2018-03-24,117933.223140496,2,68596.3636363636,BN,0,52,2,141,70.39
2018,2018-03-22,2018-03-22,FALSE,Sacramento River Mainstem,203,NA,NA,40.86952380952381,NA,NA,203,49336.8595041322,101035.371900826,1,2018-03-24,117933.223140496,2,68596.3636363636,BN,0,52,2,141,70.39
2018,2018-03-22,2018-03-22,FALSE,Sacramento River Mainstem,203,9481.773888888889,NA,NA,NA,NA,203,49336.8595041322,101035.371900826,1,2018-03-24,117933.223140496,2,68596.3636363636,BN,0,52,2,141,70.39
2018,2018-03-22,2018-03-22,FALSE,Sacramento River Mainstem,203,NA,NA,NA,1.031111111111111,NA,203,49336.8595041322,101035.371900826,1,2018-03-24,117933.223140496,2,68596.3636363636,BN,0,52,2,141,70.39
2018,2018-03-22,2018-03-22,FALSE,San Pablo Bay and Carquinez Strait,203,NA,NA,NA,NA,0.35999999999999943,203,49336.8595041322,101035.371900826,1,2018-03-24,117933.223140496,2,68596.3636363636,BN,0,52,2,141,70.39
2018,2018-03-22,2018-03-22,FALSE,San Pablo Bay and Carquinez Strait,203,NA,-2765.1244444444455,NA,NA,NA,203,49336.8595041322,101035.371900826,1,2018-03-24,117933.223140496,2,68596.3636363636,BN,0,52,2,141,70.39
2018,2018-03-22,2018-03-22,FALSE,San Pablo Bay and Carquinez Strait,203,NA,NA,5.0816666666666634,NA,NA,203,49336.8595041322,101035.371900826,1,2018-03-24,117933.223140496,2,68596.3636363636,BN,0,52,2,141,70.39
2018,2018-03-22,2018-03-22,FALSE,San Pablo Bay and Carquinez Strait,203,NA,NA,NA,NA,NA,203,49336.8595041322,101035.371900826,1,2018-03-24,117933.223140496,2,68596.3636363636,BN,0,52,2,141,70.39
2018,2018-03-22,2018-03-22,FALSE,South Delta,203,NA,NA,NA,NA,0.5872549019607849,203,49336.8595041322,101035.371900826,1,2018-03-24,117933.223140496,2,68596.3636363636,BN,0,52,2,141,70.39
2018,2018-03-22,2018-03-22,FALSE,South Delta,203,NA,-52.81588235294117,NA,NA,NA,203,49336.8595041322,101035.371900826,1,2018-03-24,117933.223140496,2,68596.3636363636,BN,0,52,2,141,70.39
2018,2018-03-22,2018-03-22,FALSE,South Delta,203,NA,NA,1.6123529411764703,NA,NA,203,49336.8595041322,101035.371900826,1,2018-03-24,117933.223140496,2,68596.3636363636,BN,0,52,2,141,70.39
2018,2018-03-22,2018-03-22,FALSE,South Delta,203,462.5568627450981,NA,NA,NA,NA,203,49336.8595041322,101035.371900826,1,2018-03-24,117933.223140496,2,68596.3636363636,BN,0,52,2,141,70.39
2018,2018-03-22,2018-03-22,FALSE,South Delta,203,NA,NA,NA,0.03104166666666669,NA,203,49336.8595041322,101035.371900826,1,2018-03-24,117933.223140496,2,68596.3636363636,BN,0,52,2,141,70.39
2018,2018-03-22,2018-03-22,FALSE,Suisun Marsh and Montezuma Slough,203,NA,NA,NA,NA,0.5313333333333325,203,49336.8595041322,101035.371900826,1,2018-03-24,117933.223140496,2,68596.3636363636,BN,0,52,2,141,70.39
2018,2018-03-22,2018-03-22,FALSE,Suisun Marsh and Montezuma Slough,203,NA,-660.2440000000001,NA,NA,NA,203,49336.8595041322,101035.371900826,1,2018-03-24,117933.223140496,2,68596.3636363636,BN,0,52,2,141,70.39
2018,2018-03-22,2018-03-22,FALSE,Suisun Marsh and Montezuma Slough,203,NA,NA,2.603333333333339,NA,NA,203,49336.8595041322,101035.371900826,1,2018-03-24,117933.223140496,2,68596.3636363636,BN,0,52,2,141,70.39
2018,2018-03-22,2018-03-22,FALSE,Suisun Marsh and Montezuma Slough,203,521.4622222222223,NA,NA,NA,NA,203,49336.8595041322,101035.371900826,1,2018-03-24,117933.223140496,2,68596.3636363636,BN,0,52,2,141,70.39
2018,2018-03-22,2018-03-22,FALSE,Suisun Marsh and Montezuma Slough,203,NA,NA,NA,0.09222222222222223,NA,203,49336.8595041322,101035.371900826,1,2018-03-24,117933.223140496,2,68596.3636363636,BN,0,52,2,141,70.39
2018,2018-03-22,2018-03-22,FALSE,Suisun and Honker Bays,203,NA,NA,NA,NA,0.23555555555555507,203,49336.8595041322,101035.371900826,1,2018-03-24,117933.223140496,2,68596.3636363636,BN,0,52,2,141,70.39
2018,2018-03-22,2018-03-22,FALSE,Suisun and Honker Bays,203,NA,-737.1599999999999,NA,NA,NA,203,49336.8595041322,101035.371900826,1,2018-03-24,117933.223140496,2,68596.3636363636,BN,0,52,2,141,70.39
2018,2018-03-22,2018-03-22,FALSE,Suisun and Honker Bays,203,NA,NA,30.46555555555556,NA,NA,203,49336.8595041322,101035.371900826,1,2018-03-24,117933.223140496,2,68596.3636363636,BN,0,52,2,141,70.39
2018,2018-03-22,2018-03-22,FALSE,Suisun and Honker Bays,203,NA,NA,NA,NA,NA,203,49336.8595041322,101035.371900826,1,2018-03-24,117933.223140496,2,68596.3636363636,BN,0,52,2,141,70.39
2018,2018-03-22,2018-03-22,FALSE,NA,203,NA,NA,NA,NA,NA,203,49336.8595041322,101035.371900826,1,2018-03-24,117933.223140496,2,68596.3636363636,BN,0,52,2,141,70.39
2018,2018-04-05,2018-03-22,TRUE,Cache Slough and Liberty Island,217,NA,NA,NA,NA,-0.5933333333333337,203,49336.8595041322,101035.371900826,1,2018-03-24,117933.223140496,2,68596.3636363636,BN,0,52,2,141,65.03
2018,2018-04-05,2018-03-22,TRUE,Cache Slough and Liberty Island,217,NA,-18.629999999999995,NA,NA,NA,203,49336.8595041322,101035.371900826,1,2018-03-24,117933.223140496,2,68596.3636363636,BN,0,52,2,141,65.03
2018,2018-04-05,2018-03-22,TRUE,Cache Slough and Liberty Island,217,NA,NA,-0.8400000000000007,NA,NA,203,49336.8595041322,101035.371900826,1,2018-03-24,117933.223140496,2,68596.3636363636,BN,0,52,2,141,65.03
2018,2018-04-05,2018-03-22,TRUE,Cache Slough and Liberty Island,217,NA,NA,NA,NA,NA,203,49336.8595041322,101035.371900826,1,2018-03-24,117933.223140496,2,68596.3636363636,BN,0,52,2,141,65.03
2018,2018-04-05,2018-03-22,TRUE,Cache Slough and Liberty Island,217,NA,NA,NA,-0.01333333333333333,NA,203,49336.8595041322,101035.371900826,1,2018-03-24,117933.223140496,2,68596.3636363636,BN,0,52,2,141,65.03
2018,2018-04-05,2018-03-22,TRUE,Confluence,217,NA,NA,NA,NA,-0.1973333333333347,203,49336.8595041322,101035.371900826,1,2018-03-24,117933.223140496,2,68596.3636363636,BN,0,52,2,141,65.03
2018,2018-04-05,2018-03-22,TRUE,Confluence,217,NA,-5.570666666666739,NA,NA,NA,203,49336.8595041322,101035.371900826,1,2018-03-24,117933.223140496,2,68596.3636363636,BN,0,52,2,141,65.03
2018,2018-04-05,2018-03-22,TRUE,Confluence,217,NA,NA,-0.8286666666666651,NA,NA,203,49336.8595041322,101035.371900826,1,2018-03-24,117933.223140496,2,68596.3636363636,BN,0,52,2,141,65.03
2018,2018-04-05,2018-03-22,TRUE,Confluence,217,14766.666666666664,NA,NA,NA,NA,203,49336.8595041322,101035.371900826,1,2018-03-24,117933.223140496,2,68596.3636363636,BN,0,52,2,141,65.03
2018,2018-04-05,2018-03-22,TRUE,Confluence,217,NA,NA,NA,0.22444444444444445,NA,203,49336.8595041322,101035.371900826,1,2018-03-24,117933.223140496,2,68596.3636363636,BN,0,52,2,141,65.03
2018,2018-04-05,2018-03-22,TRUE,North and South Forks Mokelumne River,217,NA,NA,NA,NA,-1.040000000000001,203,49336.8595041322,101035.371900826,1,2018-03-24,117933.223140496,2,68596.3636363636,BN,0,52,2,141,65.03
2018,2018-04-05,2018-03-22,TRUE,North and South Forks Mokelumne River,217,NA,-23.200000000000017,NA,NA,NA,203,49336.8595041322,101035.371900826,1,2018-03-24,117933.223140496,2,68596.3636363636,BN,0,52,2,141,65.03
2018,2018-04-05,2018-03-22,TRUE,North and South Forks Mokelumne River,217,NA,NA,2.2377777777777785,NA,NA,203,49336.8595041322,101035.371900826,1,2018-03-24,117933.223140496,2,68596.3636363636,BN,0,52,2,141,65.03
2018,2018-04-05,2018-03-22,TRUE,North and South Forks Mokelumne River,217,2630,NA,NA,NA,NA,203,49336.8595041322,101035.371900826,1,2018-03-24,117933.223140496,2,68596.3636363636,BN,0,52,2,141,65.03
2018,2018-04-05,2018-03-22,TRUE,North and South Forks Mokelumne River,217,NA,NA,NA,0.2522222222222222,NA,203,49336.8595041322,101035.371900826,1,2018-03-24,117933.223140496,2,68596.3636363636,BN,0,52,2,141,65.03
2018,2018-04-05,2018-03-22,TRUE,Out of Bounds,217,NA,NA,NA,NA,-1.2166666666666686,203,49336.8595041322,101035.371900826,1,2018-03-24,117933.223140496,2,68596.3636363636,BN,0,52,2,141,65.03
2018,2018-04-05,2018-03-22,TRUE,Out of Bounds,217,NA,-54.99000000000001,NA,NA,NA,203,49336.8595041322,101035.371900826,1,2018-03-24,117933.223140496,2,68596.3636363636,BN,0,52,2,141,65.03
2018,2018-04-05,2018-03-22,TRUE,Out of Bounds,217,NA,NA,1.6666666666666643,NA,NA,203,49336.8595041322,101035.371900826,1,2018-03-24,117933.223140496,2,68596.3636363636,BN,0,52,2,141,65.03
2018,2018-04-05,2018-03-22,TRUE,Out of Bounds,217,NA,NA,NA,NA,NA,203,49336.8595041322,101035.371900826,1,2018-03-24,117933.223140496,2,68596.3636363636,BN,0,52,2,141,65.03
2018,2018-04-05,2018-03-22,TRUE,Sacramento River Deep Water Ship Channel,217,NA,NA,NA,NA,-0.26333333333333364,203,49336.8595041322,101035.371900826,1,2018-03-24,117933.223140496,2,68596.3636363636,BN,0,52,2,141,65.03
2018,2018-04-05,2018-03-22,TRUE,Sacramento River Deep Water Ship Channel,217,NA,-7.721666666666692,NA,NA,NA,203,49336.8595041322,101035.371900826,1,2018-03-24,117933.223140496,2,68596.3636363636,BN,0,52,2,141,65.03
2018,2018-04-05,2018-03-22,TRUE,Sacramento River Deep Water Ship Channel,217,NA,NA,-6.374999999999998,NA,NA,203,49336.8595041322,101035.371900826,1,2018-03-24,117933.223140496,2,68596.3636363636,BN,0,52,2,141,65.03
2018,2018-04-05,2018-03-22,TRUE,Sacramento River Deep Water Ship Channel,217,179.56666666666666,NA,NA,NA,NA,203,49336.8595041322,101035.371900826,1,2018-03-24,117933.223140496,2,68596.3636363636,BN,0,52,2,141,65.03
2018,2018-04-05,2018-03-22,TRUE,Sacramento River Deep Water Ship Channel,217,NA,NA,NA,0.01,NA,203,49336.8595041322,101035.371900826,1,2018-03-24,117933.223140496,2,68596.3636363636,BN,0,52,2,141,65.03
2018,2018-04-05,2018-03-22,TRUE,Sacramento River Mainstem,217,NA,NA,NA,NA,-1.930476190476188,203,49336.8595041322,101035.371900826,1,2018-03-24,117933.223140496,2,68596.3636363636,BN,0,52,2,141,65.03
2018,2018-04-05,2018-03-22,TRUE,Sacramento River Mainstem,217,NA,-30.64666666666666,NA,NA,NA,203,49336.8595041322,101035.371900826,1,2018-03-24,117933.223140496,2,68596.3636363636,BN,0,52,2,141,65.03
2018,2018-04-05,2018-03-22,TRUE,Sacramento River Mainstem,217,NA,NA,8.64904761904762,NA,NA,203,49336.8595041322,101035.371900826,1,2018-03-24,117933.223140496,2,68596.3636363636,BN,0,52,2,141,65.03
2018,2018-04-05,2018-03-22,TRUE,Sacramento River Mainstem,217,8339.643333333335,NA,NA,NA,NA,203,49336.8595041322,101035.371900826,1,2018-03-24,117933.223140496,2,68596.3636363636,BN,0,52,2,141,65.03
2018,2018-04-05,2018-03-22,TRUE,Sacramento River Mainstem,217,NA,NA,NA,0.9066666666666664,NA,203,49336.8595041322,101035.371900826,1,2018-03-24,117933.223140496,2,68596.3636363636,BN,0,52,2,141,65.03
2018,2018-04-05,2018-03-22,TRUE,San Pablo Bay and Carquinez Strait,217,NA,NA,NA,NA,0.10555555555555608,203,49336.8595041322,101035.371900826,1,2018-03-24,117933.223140496,2,68596.3636363636,BN,0,52,2,141,65.03
2018,2018-04-05,2018-03-22,TRUE,San Pablo Bay and Carquinez Strait,217,NA,1981.772222222222,NA,NA,NA,203,49336.8595041322,101035.371900826,1,2018-03-24,117933.223140496,2,68596.3636363636,BN,0,52,2,141,65.03
2018,2018-04-05,2018-03-22,TRUE,San Pablo Bay and Carquinez Strait,217,NA,NA,-21.293333333333337,NA,NA,203,49336.8595041322,101035.371900826,1,2018-03-24,117933.223140496,2,68596.3636363636,BN,0,52,2,141,65.03
2018,2018-04-05,2018-03-22,TRUE,San Pablo Bay and Carquinez Strait,217,NA,NA,NA,NA,NA,203,49336.8595041322,101035.371900826,1,2018-03-24,117933.223140496,2,68596.3636363636,BN,0,52,2,141,65.03
2018,2018-04-05,2018-03-22,TRUE,South Delta,217,NA,NA,NA,NA,-0.3596078431372547,203,49336.8595041322,101035.371900826,1,2018-03-24,117933.223140496,2,68596.3636363636,BN,0,52,2,141,65.03
2018,2018-04-05,2018-03-22,TRUE,South Delta,217,NA,-29.26392156862744,NA,NA,NA,203,49336.8595041322,101035.371900826,1,2018-03-24,117933.223140496,2,68596.3636363636,BN,0,52,2,141,65.03
2018,2018-04-05,2018-03-22,TRUE,South Delta,217,NA,NA,-1.498125,NA,NA,203,49336.8595041322,101035.371900826,1,2018-03-24,117933.223140496,2,68596.3636363636,BN,0,52,2,141,65.03
2018,2018-04-05,2018-03-22,TRUE,South Delta,217,322.1611764705882,NA,NA,NA,NA,203,49336.8595041322,101035.371900826,1,2018-03-24,117933.223140496,2,68596.3636363636,BN,0,52,2,141,65.03
2018,2018-04-05,2018-03-22,TRUE,South Delta,217,NA,NA,NA,0.08705357142857145,NA,203,49336.8595041322,101035.371900826,1,2018-03-24,117933.223140496,2,68596.3636363636,BN,0,52,2,141,65.03
2018,2018-04-05,2018-03-22,TRUE,Suisun Marsh and Montezuma Slough,217,NA,NA,NA,NA,-0.34533333333333616,203,49336.8595041322,101035.371900826,1,2018-03-24,117933.223140496,2,68596.3636363636,BN,0,52,2,141,65.03
2018,2018-04-05,2018-03-22,TRUE,Suisun Marsh and Montezuma Slough,217,NA,-39.54933333333338,NA,NA,NA,203,49336.8595041322,101035.371900826,1,2018-03-24,117933.223140496,2,68596.3636363636,BN,0,52,2,141,65.03
2018,2018-04-05,2018-03-22,TRUE,Suisun Marsh and Montezuma Slough,217,NA,NA,-11.266666666666666,NA,NA,203,49336.8595041322,101035.371900826,1,2018-03-24,117933.223140496,2,68596.3636363636,BN,0,52,2,141,65.03
2018,2018-04-05,2018-03-22,TRUE,Suisun Marsh and Montezuma Slough,217,353.54999999999995,NA,NA,NA,NA,203,49336.8595041322,101035.371900826,1,2018-03-24,117933.223140496,2,68596.3636363636,BN,0,52,2,141,65.03
2018,2018-04-05,2018-03-22,TRUE,Suisun Marsh and Montezuma Slough,217,NA,NA,NA,0.04666666666666666,NA,203,49336.8595041322,101035.371900826,1,2018-03-24,117933.223140496,2,68596.3636363636,BN,0,52,2,141,65.03
2018,2018-04-05,2018-03-22,TRUE,Suisun and Honker Bays,217,NA,NA,NA,NA,0.2044444444444462,203,49336.8595041322,101035.371900826,1,2018-03-24,117933.223140496,2,68596.3636363636,BN,0,52,2,141,65.03
2018,2018-04-05,2018-03-22,TRUE,Suisun and Honker Bays,217,NA,-53.2811111111111,NA,NA,NA,203,49336.8595041322,101035.371900826,1,2018-03-24,117933.223140496,2,68596.3636363636,BN,0,52,2,141,65.03
2018,2018-04-05,2018-03-22,TRUE,Suisun and Honker Bays,217,NA,NA,-25.134444444444448,NA,NA,203,49336.8595041322,101035.371900826,1,2018-03-24,117933.223140496,2,68596.3636363636,BN,0,52,2,141,65.03
2018,2018-04-05,2018-03-22,TRUE,Suisun and Honker Bays,217,NA,NA,NA,NA,NA,203,49336.8595041322,101035.371900826,1,2018-03-24,117933.223140496,2,68596.3636363636,BN,0,52,2,141,65.03
2018,2018-04-05,2018-03-22,TRUE,NA,217,NA,NA,NA,NA,NA,203,49336.8595041322,101035.371900826,1,2018-03-24,117933.223140496,2,68596.3636363636,BN,0,52,2,141,65.03
2019,2019-01-17,2019-01-17,FALSE,Cache Slough and Liberty Island,139,NA,NA,NA,NA,1.0383333333333322,139,53217.1900826446,92430.4132231405,6,2019-01-21,119125.289256198,4,65908.0991735537,W,0,44,0,52,71.72
2019,2019-01-17,2019-01-17,FALSE,Cache Slough and Liberty Island,139,NA,-63.224999999999966,NA,NA,NA,139,53217.1900826446,92430.4132231405,6,2019-01-21,119125.289256198,4,65908.0991735537,W,0,44,0,52,71.72
2019,2019-01-17,2019-01-17,FALSE,Cache Slough and Liberty Island,139,NA,NA,82.08666666666666,NA,NA,139,53217.1900826446,92430.4132231405,6,2019-01-21,119125.289256198,4,65908.0991735537,W,0,44,0,52,71.72
2019,2019-01-17,2019-01-17,FALSE,Cache Slough and Liberty Island,139,NA,NA,NA,NA,NA,139,53217.1900826446,92430.4132231405,6,2019-01-21,119125.289256198,4,65908.0991735537,W,0,44,0,52,71.72
2019,2019-01-17,2019-01-17,FALSE,Cache Slough and Liberty Island,139,NA,NA,NA,0.15333333333333335,NA,139,53217.1900826446,92430.4132231405,6,2019-01-21,119125.289256198,4,65908.0991735537,W,0,44,0,52,71.72
2019,2019-01-17,2019-01-17,FALSE,Confluence,139,NA,NA,NA,NA,0.2986666666666675,139,53217.1900826446,92430.4132231405,6,2019-01-21,119125.289256198,4,65908.0991735537,W,0,44,0,52,71.72
2019,2019-01-17,2019-01-17,FALSE,Confluence,139,NA,-8.349999999999909,NA,NA,NA,139,53217.1900826446,92430.4132231405,6,2019-01-21,119125.289256198,4,65908.0991735537,W,0,44,0,52,71.72
2019,2019-01-17,2019-01-17,FALSE,Confluence,139,NA,NA,6.575333333333333,NA,NA,139,53217.1900826446,92430.4132231405,6,2019-01-21,119125.289256198,4,65908.0991735537,W,0,44,0,52,71.72
2019,2019-01-17,2019-01-17,FALSE,Confluence,139,17863.91111111111,NA,NA,NA,NA,139,53217.1900826446,92430.4132231405,6,2019-01-21,119125.289256198,4,65908.0991735537,W,0,44,0,52,71.72
2019,2019-01-17,2019-01-17,FALSE,Confluence,139,NA,NA,NA,0.29555555555555546,NA,139,53217.1900826446,92430.4132231405,6,2019-01-21,119125.289256198,4,65908.0991735537,W,0,44,0,52,71.72
2019,2019-01-17,2019-01-17,FALSE,North and South Forks Mokelumne River,139,NA,NA,NA,NA,0.4855555555555551,139,53217.1900826446,92430.4132231405,6,2019-01-21,119125.289256198,4,65908.0991735537,W,0,44,0,52,71.72
2019,2019-01-17,2019-01-17,FALSE,North and South Forks Mokelumne River,139,NA,28.044444444444423,NA,NA,NA,139,53217.1900826446,92430.4132231405,6,2019-01-21,119125.289256198,4,65908.0991735537,W,0,44,0,52,71.72
2019,2019-01-17,2019-01-17,FALSE,North and South Forks Mokelumne River,139,NA,NA,5.158888888888889,NA,NA,139,53217.1900826446,92430.4132231405,6,2019-01-21,119125.289256198,4,65908.0991735537,W,0,44,0,52,71.72
2019,2019-01-17,2019-01-17,FALSE,North and South Forks Mokelumne River,139,3783.333333333333,NA,NA,NA,NA,139,53217.1900826446,92430.4132231405,6,2019-01-21,119125.289256198,4,65908.0991735537,W,0,44,0,52,71.72
2019,2019-01-17,2019-01-17,FALSE,North and South Forks Mokelumne River,139,NA,NA,NA,0.38666666666666666,NA,139,53217.1900826446,92430.4132231405,6,2019-01-21,119125.289256198,4,65908.0991735537,W,0,44,0,52,71.72
2019,2019-01-17,2019-01-17,FALSE,Out of Bounds,139,NA,NA,NA,NA,1.2200000000000006,139,53217.1900826446,92430.4132231405,6,2019-01-21,119125.289256198,4,65908.0991735537,W,0,44,0,52,71.72
2019,2019-01-17,2019-01-17,FALSE,Out of Bounds,139,NA,-166.98666666666668,NA,NA,NA,139,53217.1900826446,92430.4132231405,6,2019-01-21,119125.289256198,4,65908.0991735537,W,0,44,0,52,71.72
2019,2019-01-17,2019-01-17,FALSE,Out of Bounds,139,NA,NA,57.70666666666666,NA,NA,139,53217.1900826446,92430.4132231405,6,2019-01-21,119125.289256198,4,65908.0991735537,W,0,44,0,52,71.72
2019,2019-01-17,2019-01-17,FALSE,Out of Bounds,139,NA,NA,NA,NA,NA,139,53217.1900826446,92430.4132231405,6,2019-01-21,119125.289256198,4,65908.0991735537,W,0,44,0,52,71.72
2019,2019-01-17,2019-01-17,FALSE,Sacramento River Deep Water Ship Channel,139,NA,NA,NA,NA,0.5449999999999999,139,53217.1900826446,92430.4132231405,6,2019-01-21,119125.289256198,4,65908.0991735537,W,0,44,0,52,71.72
2019,2019-01-17,2019-01-17,FALSE,Sacramento River Deep Water Ship Channel,139,NA,10.168333333333294,NA,NA,NA,139,53217.1900826446,92430.4132231405,6,2019-01-21,119125.289256198,4,65908.0991735537,W,0,44,0,52,71.72
2019,2019-01-17,2019-01-17,FALSE,Sacramento River Deep Water Ship Channel,139,NA,NA,10.056666666666665,NA,NA,139,53217.1900826446,92430.4132231405,6,2019-01-21,119125.289256198,4,65908.0991735537,W,0,44,0,52,71.72
2019,2019-01-17,2019-01-17,FALSE,Sacramento River Deep Water Ship Channel,139,236.23333333333332,NA,NA,NA,NA,139,53217.1900826446,92430.4132231405,6,2019-01-21,119125.289256198,4,65908.0991735537,W,0,44,0,52,71.72
2019,2019-01-17,2019-01-17,FALSE,Sacramento River Deep Water Ship Channel,139,NA,NA,NA,0.01333333333333333,NA,139,53217.1900826446,92430.4132231405,6,2019-01-21,119125.289256198,4,65908.0991735537,W,0,44,0,52,71.72
2019,2019-01-17,2019-01-17,FALSE,Sacramento River Mainstem,139,NA,NA,NA,NA,0.31619047619047613,139,53217.1900826446,92430.4132231405,6,2019-01-21,119125.289256198,4,65908.0991735537,W,0,44,0,52,71.72
2019,2019-01-17,2019-01-17,FALSE,Sacramento River Mainstem,139,NA,-0.18190476190477511,NA,NA,NA,139,53217.1900826446,92430.4132231405,6,2019-01-21,119125.289256198,4,65908.0991735537,W,0,44,0,52,71.72
2019,2019-01-17,2019-01-17,FALSE,Sacramento River Mainstem,139,NA,NA,46.69904761904761,NA,NA,139,53217.1900826446,92430.4132231405,6,2019-01-21,119125.289256198,4,65908.0991735537,W,0,44,0,52,71.72
2019,2019-01-17,2019-01-17,FALSE,Sacramento River Mainstem,139,6387.909999999998,NA,NA,NA,NA,139,53217.1900826446,92430.4132231405,6,2019-01-21,119125.289256198,4,65908.0991735537,W,0,44,0,52,71.72
2019,2019-01-17,2019-01-17,FALSE,Sacramento River Mainstem,139,NA,NA,NA,0.697777777777778,NA,139,53217.1900826446,92430.4132231405,6,2019-01-21,119125.289256198,4,65908.0991735537,W,0,44,0,52,71.72
2019,2019-01-17,2019-01-17,FALSE,San Pablo Bay and Carquinez Strait,139,NA,NA,NA,NA,0.17999999999999972,139,53217.1900826446,92430.4132231405,6,2019-01-21,119125.289256198,4,65908.0991735537,W,0,44,0,52,71.72
2019,2019-01-17,2019-01-17,FALSE,San Pablo Bay and Carquinez Strait,139,NA,-6182.502222222225,NA,NA,NA,139,53217.1900826446,92430.4132231405,6,2019-01-21,119125.289256198,4,65908.0991735537,W,0,44,0,52,71.72
2019,2019-01-17,2019-01-17,FALSE,San Pablo Bay and Carquinez Strait,139,NA,NA,11.381666666666666,NA,NA,139,53217.1900826446,92430.4132231405,6,2019-01-21,119125.289256198,4,65908.0991735537,W,0,44,0,52,71.72
2019,2019-01-17,2019-01-17,FALSE,San Pablo Bay and Carquinez Strait,139,NA,NA,NA,NA,NA,139,53217.1900826446,92430.4132231405,6,2019-01-21,119125.289256198,4,65908.0991735537,W,0,44,0,52,71.72
2019,2019-01-17,2019-01-17,FALSE,South Delta,139,NA,NA,NA,NA,0.6617647058823533,139,53217.1900826446,92430.4132231405,6,2019-01-21,119125.289256198,4,65908.0991735537,W,0,44,0,52,71.72
2019,2019-01-17,2019-01-17,FALSE,South Delta,139,NA,-60.20999999999992,NA,NA,NA,139,53217.1900826446,92430.4132231405,6,2019-01-21,119125.289256198,4,65908.0991735537,W,0,44,0,52,71.72
2019,2019-01-17,2019-01-17,FALSE,South Delta,139,NA,NA,7.171372549019608,NA,NA,139,53217.1900826446,92430.4132231405,6,2019-01-21,119125.289256198,4,65908.0991735537,W,0,44,0,52,71.72
2019,2019-01-17,2019-01-17,FALSE,South Delta,139,804.1759738562091,NA,NA,NA,NA,139,53217.1900826446,92430.4132231405,6,2019-01-21,119125.289256198,4,65908.0991735537,W,0,44,0,52,71.72
2019,2019-01-17,2019-01-17,FALSE,South Delta,139,NA,NA,NA,0.11375000000000002,NA,139,53217.1900826446,92430.4132231405,6,2019-01-21,119125.289256198,4,65908.0991735537,W,0,44,0,52,71.72
2019,2019-01-17,2019-01-17,FALSE,Suisun Marsh and Montezuma Slough,139,NA,NA,NA,NA,0.9713333333333338,139,53217.1900826446,92430.4132231405,6,2019-01-21,119125.289256198,4,65908.0991735537,W,0,44,0,52,71.72
2019,2019-01-17,2019-01-17,FALSE,Suisun Marsh and Montezuma Slough,139,NA,42.32333333333327,NA,NA,NA,139,53217.1900826446,92430.4132231405,6,2019-01-21,119125.289256198,4,65908.0991735537,W,0,44,0,52,71.72
2019,2019-01-17,2019-01-17,FALSE,Suisun Marsh and Montezuma Slough,139,NA,NA,11.099333333333334,NA,NA,139,53217.1900826446,92430.4132231405,6,2019-01-21,119125.289256198,4,65908.0991735537,W,0,44,0,52,71.72
2019,2019-01-17,2019-01-17,FALSE,Suisun Marsh and Montezuma Slough,139,-304.5366666666665,NA,NA,NA,NA,139,53217.1900826446,92430.4132231405,6,2019-01-21,119125.289256198,4,65908.0991735537,W,0,44,0,52,71.72
2019,2019-01-17,2019-01-17,FALSE,Suisun Marsh and Montezuma Slough,139,NA,NA,NA,-0.04666666666666669,NA,139,53217.1900826446,92430.4132231405,6,2019-01-21,119125.289256198,4,65908.0991735537,W,0,44,0,52,71.72
2019,2019-01-17,2019-01-17,FALSE,Suisun and Honker Bays,139,NA,NA,NA,NA,0.7555555555555546,139,53217.1900826446,92430.4132231405,6,2019-01-21,119125.289256198,4,65908.0991735537,W,0,44,0,52,71.72
2019,2019-01-17,2019-01-17,FALSE,Suisun and Honker Bays,139,NA,-455.76777777777806,NA,NA,NA,139,53217.1900826446,92430.4132231405,6,2019-01-21,119125.289256198,4,65908.0991735537,W,0,44,0,52,71.72
2019,2019-01-17,2019-01-17,FALSE,Suisun and Honker Bays,139,NA,NA,4.989444444444445,NA,NA,139,53217.1900826446,92430.4132231405,6,2019-01-21,119125.289256198,4,65908.0991735537,W,0,44,0,52,71.72
2019,2019-01-17,2019-01-17,FALSE,Suisun and Honker Bays,139,NA,NA,NA,NA,NA,139,53217.1900826446,92430.4132231405,6,2019-01-21,119125.289256198,4,65908.0991735537,W,0,44,0,52,71.72
2019,2019-01-17,2019-01-17,FALSE,NA,139,NA,NA,NA,NA,NA,139,53217.1900826446,92430.4132231405,6,2019-01-21,119125.289256198,4,65908.0991735537,W,0,44,0,52,71.72
2019,2019-02-04,2019-01-17,TRUE,Cache Slough and Liberty Island,157,NA,NA,NA,NA,-1.1583333333333332,139,53217.1900826446,92430.4132231405,6,2019-01-21,119125.289256198,4,65908.0991735537,W,0,44,0,52,65.1
2019,2019-02-04,2019-01-17,TRUE,Cache Slough and Liberty Island,157,NA,-52.94499999999999,NA,NA,NA,139,53217.1900826446,92430.4132231405,6,2019-01-21,119125.289256198,4,65908.0991735537,W,0,44,0,52,65.1
2019,2019-02-04,2019-01-17,TRUE,Cache Slough and Liberty Island,157,NA,NA,24.991666666666667,NA,NA,139,53217.1900826446,92430.4132231405,6,2019-01-21,119125.289256198,4,65908.0991735537,W,0,44,0,52,65.1
2019,2019-02-04,2019-01-17,TRUE,Cache Slough and Liberty Island,157,NA,NA,NA,NA,NA,139,53217.1900826446,92430.4132231405,6,2019-01-21,119125.289256198,4,65908.0991735537,W,0,44,0,52,65.1
2019,2019-02-04,2019-01-17,TRUE,Cache Slough and Liberty Island,157,NA,NA,NA,0.17333333333333334,NA,139,53217.1900826446,92430.4132231405,6,2019-01-21,119125.289256198,4,65908.0991735537,W,0,44,0,52,65.1
2019,2019-02-04,2019-01-17,TRUE,Confluence,157,NA,NA,NA,NA,-0.2859999999999996,139,53217.1900826446,92430.4132231405,6,2019-01-21,119125.289256198,4,65908.0991735537,W,0,44,0,52,65.1
2019,2019-02-04,2019-01-17,TRUE,Confluence,157,NA,1.5160000000000764,NA,NA,NA,139,53217.1900826446,92430.4132231405,6,2019-01-21,119125.289256198,4,65908.0991735537,W,0,44,0,52,65.1
2019,2019-02-04,2019-01-17,TRUE,Confluence,157,NA,NA,5.535999999999998,NA,NA,139,53217.1900826446,92430.4132231405,6,2019-01-21,119125.289256198,4,65908.0991735537,W,0,44,0,52,65.1
2019,2019-02-04,2019-01-17,TRUE,Confluence,157,19834.22222222222,NA,NA,NA,NA,139,53217.1900826446,92430.4132231405,6,2019-01-21,119125.289256198,4,65908.0991735537,W,0,44,0,52,65.1
2019,2019-02-04,2019-01-17,TRUE,Confluence,157,NA,NA,NA,0.31333333333333324,NA,139,53217.1900826446,92430.4132231405,6,2019-01-21,119125.289256198,4,65908.0991735537,W,0,44,0,52,65.1
2019,2019-02-04,2019-01-17,TRUE,North and South Forks Mokelumne River,157,NA,NA,NA,NA,-0.482222222222223,139,53217.1900826446,92430.4132231405,6,2019-01-21,119125.289256198,4,65908.0991735537,W,0,44,0,52,65.1
2019,2019-02-04,2019-01-17,TRUE,North and South Forks Mokelumne River,157,NA,-34.27111111111111,NA,NA,NA,139,53217.1900826446,92430.4132231405,6,2019-01-21,119125.289256198,4,65908.0991735537,W,0,44,0,52,65.1
2019,2019-02-04,2019-01-17,TRUE,North and South Forks Mokelumne River,157,NA,NA,17.192222222222224,NA,NA,139,53217.1900826446,92430.4132231405,6,2019-01-21,119125.289256198,4,65908.0991735537,W,0,44,0,52,65.1
2019,2019-02-04,2019-01-17,TRUE,North and South Forks Mokelumne River,157,4437.777777777777,NA,NA,NA,NA,139,53217.1900826446,92430.4132231405,6,2019-01-21,119125.289256198,4,65908.0991735537,W,0,44,0,52,65.1
2019,2019-02-04,2019-01-17,TRUE,North and South Forks Mokelumne River,157,NA,NA,NA,0.4466666666666667,NA,139,53217.1900826446,92430.4132231405,6,2019-01-21,119125.289256198,4,65908.0991735537,W,0,44,0,52,65.1
2019,2019-02-04,2019-01-17,TRUE,Out of Bounds,157,NA,NA,NA,NA,-2.08,139,53217.1900826446,92430.4132231405,6,2019-01-21,119125.289256198,4,65908.0991735537,W,0,44,0,52,65.1
2019,2019-02-04,2019-01-17,TRUE,Out of Bounds,157,NA,-399.2166666666667,NA,NA,NA,139,53217.1900826446,92430.4132231405,6,2019-01-21,119125.289256198,4,65908.0991735537,W,0,44,0,52,65.1
2019,2019-02-04,2019-01-17,TRUE,Out of Bounds,157,NA,NA,40.74666666666667,NA,NA,139,53217.1900826446,92430.4132231405,6,2019-01-21,119125.289256198,4,65908.0991735537,W,0,44,0,52,65.1
2019,2019-02-04,2019-01-17,TRUE,Out of Bounds,157,NA,NA,NA,NA,NA,139,53217.1900826446,92430.4132231405,6,2019-01-21,119125.289256198,4,65908.0991735537,W,0,44,0,52,65.1
2019,2019-02-04,2019-01-17,TRUE,Sacramento River Deep Water Ship Channel,157,NA,NA,NA,NA,-0.49333333333333407,139,53217.1900826446,92430.4132231405,6,2019-01-21,119125.289256198,4,65908.0991735537,W,0,44,0,52,65.1
2019,2019-02-04,2019-01-17,TRUE,Sacramento River Deep Water Ship Channel,157,NA,5.699999999999989,NA,NA,NA,139,53217.1900826446,92430.4132231405,6,2019-01-21,119125.289256198,4,65908.0991735537,W,0,44,0,52,65.1
2019,2019-02-04,2019-01-17,TRUE,Sacramento River Deep Water Ship Channel,157,NA,NA,9.565000000000005,NA,NA,139,53217.1900826446,92430.4132231405,6,2019-01-21,119125.289256198,4,65908.0991735537,W,0,44,0,52,65.1
2019,2019-02-04,2019-01-17,TRUE,Sacramento River Deep Water Ship Channel,157,205.33333333333337,NA,NA,NA,NA,139,53217.1900826446,92430.4132231405,6,2019-01-21,119125.289256198,4,65908.0991735537,W,0,44,0,52,65.1
2019,2019-02-04,2019-01-17,TRUE,Sacramento River Deep Water Ship Channel,157,NA,NA,NA,0.01,NA,139,53217.1900826446,92430.4132231405,6,2019-01-21,119125.289256198,4,65908.0991735537,W,0,44,0,52,65.1
2019,2019-02-04,2019-01-17,TRUE,Sacramento River Mainstem,157,NA,NA,NA,NA,-0.9504761904761914,139,53217.1900826446,92430.4132231405,6,2019-01-21,119125.289256198,4,65908.0991735537,W,0,44,0,52,65.1
2019,2019-02-04,2019-01-17,TRUE,Sacramento River Mainstem,157,NA,-53.90238095238095,NA,NA,NA,139,53217.1900826446,92430.4132231405,6,2019-01-21,119125.289256198,4,65908.0991735537,W,0,44,0,52,65.1
2019,2019-02-04,2019-01-17,TRUE,Sacramento River Mainstem,157,NA,NA,73.13714285714285,NA,NA,139,53217.1900826446,92430.4132231405,6,2019-01-21,119125.289256198,4,65908.0991735537,W,0,44,0,52,65.1
2019,2019-02-04,2019-01-17,TRUE,Sacramento River Mainstem,157,7887.947777777777,NA,NA,NA,NA,139,53217.1900826446,92430.4132231405,6,2019-01-21,119125.289256198,4,65908.0991735537,W,0,44,0,52,65.1
2019,2019-02-04,2019-01-17,TRUE,Sacramento River Mainstem,157,NA,NA,NA,0.9038888888888889,NA,139,53217.1900826446,92430.4132231405,6,2019-01-21,119125.289256198,4,65908.0991735537,W,0,44,0,52,65.1
2019,2019-02-04,2019-01-17,TRUE,San Pablo Bay and Carquinez Strait,157,NA,NA,NA,NA,-0.6277777777777764,139,53217.1900826446,92430.4132231405,6,2019-01-21,119125.289256198,4,65908.0991735537,W,0,44,0,52,65.1
2019,2019-02-04,2019-01-17,TRUE,San Pablo Bay and Carquinez Strait,157,NA,-6097.914444444443,NA,NA,NA,139,53217.1900826446,92430.4132231405,6,2019-01-21,119125.289256198,4,65908.0991735537,W,0,44,0,52,65.1
2019,2019-02-04,2019-01-17,TRUE,San Pablo Bay and Carquinez Strait,157,NA,NA,9.135000000000003,NA,NA,139,53217.1900826446,92430.4132231405,6,2019-01-21,119125.289256198,4,65908.0991735537,W,0,44,0,52,65.1
2019,2019-02-04,2019-01-17,TRUE,San Pablo Bay and Carquinez Strait,157,NA,NA,NA,NA,NA,139,53217.1900826446,92430.4132231405,6,2019-01-21,119125.289256198,4,65908.0991735537,W,0,44,0,52,65.1
2019,2019-02-04,2019-01-17,TRUE,South Delta,157,NA,NA,NA,NA,-0.7678431372549035,139,53217.1900826446,92430.4132231405,6,2019-01-21,119125.289256198,4,65908.0991735537,W,0,44,0,52,65.1
2019,2019-02-04,2019-01-17,TRUE,South Delta,157,NA,-102.95098039215684,NA,NA,NA,139,53217.1900826446,92430.4132231405,6,2019-01-21,119125.289256198,4,65908.0991735537,W,0,44,0,52,65.1
2019,2019-02-04,2019-01-17,TRUE,South Delta,157,NA,NA,6.012156862745098,NA,NA,139,53217.1900826446,92430.4132231405,6,2019-01-21,119125.289256198,4,65908.0991735537,W,0,44,0,52,65.1
2019,2019-02-04,2019-01-17,TRUE,South Delta,157,1682.4254166666667,NA,NA,NA,NA,139,53217.1900826446,92430.4132231405,6,2019-01-21,119125.289256198,4,65908.0991735537,W,0,44,0,52,65.1
2019,2019-02-04,2019-01-17,TRUE,South Delta,157,NA,NA,NA,0.18911111111111112,NA,139,53217.1900826446,92430.4132231405,6,2019-01-21,119125.289256198,4,65908.0991735537,W,0,44,0,52,65.1
2019,2019-02-04,2019-01-17,TRUE,Suisun Marsh and Montezuma Slough,157,NA,NA,NA,NA,-0.8308333333333326,139,53217.1900826446,92430.4132231405,6,2019-01-21,119125.289256198,4,65908.0991735537,W,0,44,0,52,65.1
2019,2019-02-04,2019-01-17,TRUE,Suisun Marsh and Montezuma Slough,157,NA,-106.53983333333326,NA,NA,NA,139,53217.1900826446,92430.4132231405,6,2019-01-21,119125.289256198,4,65908.0991735537,W,0,44,0,52,65.1
2019,2019-02-04,2019-01-17,TRUE,Suisun Marsh and Montezuma Slough,157,NA,NA,-8.394833333333331,NA,NA,139,53217.1900826446,92430.4132231405,6,2019-01-21,119125.289256198,4,65908.0991735537,W,0,44,0,52,65.1
2019,2019-02-04,2019-01-17,TRUE,Suisun Marsh and Montezuma Slough,157,723.7900000000001,NA,NA,NA,NA,139,53217.1900826446,92430.4132231405,6,2019-01-21,119125.289256198,4,65908.0991735537,W,0,44,0,52,65.1
2019,2019-02-04,2019-01-17,TRUE,Suisun Marsh and Montezuma Slough,157,NA,NA,NA,0.14333333333333334,NA,139,53217.1900826446,92430.4132231405,6,2019-01-21,119125.289256198,4,65908.0991735537,W,0,44,0,52,65.1
2019,2019-02-04,2019-01-17,TRUE,Suisun and Honker Bays,157,NA,NA,NA,NA,-0.5877777777777773,139,53217.1900826446,92430.4132231405,6,2019-01-21,119125.289256198,4,65908.0991735537,W,0,44,0,52,65.1
2019,2019-02-04,2019-01-17,TRUE,Suisun and Honker Bays,157,NA,-356.5566666666664,NA,NA,NA,139,53217.1900826446,92430.4132231405,6,2019-01-21,119125.289256198,4,65908.0991735537,W,0,44,0,52,65.1
2019,2019-02-04,2019-01-17,TRUE,Suisun and Honker Bays,157,NA,NA,-14.711111111111109,NA,NA,139,53217.1900826446,92430.4132231405,6,2019-01-21,119125.289256198,4,65908.0991735537,W,0,44,0,52,65.1
2019,2019-02-04,2019-01-17,TRUE,Suisun and Honker Bays,157,NA,NA,NA,NA,NA,139,53217.1900826446,92430.4132231405,6,2019-01-21,119125.289256198,4,65908.0991735537,W,0,44,0,52,65.1
2019,2019-02-04,2019-01-17,TRUE,NA,157,NA,NA,NA,NA,NA,139,53217.1900826446,92430.4132231405,6,2019-01-21,119125.289256198,4,65908.0991735537,W,0,44,0,52,65.1
2019,2019-02-14,2019-01-17,TRUE,Cache Slough and Liberty Island,167,NA,NA,NA,NA,1.0649999999999995,139,53217.1900826446,92430.4132231405,6,2019-01-21,119125.289256198,4,65908.0991735537,W,0,44,0,52,60.51
2019,2019-02-14,2019-01-17,TRUE,Cache Slough and Liberty Island,167,NA,-167.83333333333337,NA,NA,NA,139,53217.1900826446,92430.4132231405,6,2019-01-21,119125.289256198,4,65908.0991735537,W,0,44,0,52,60.51
2019,2019-02-14,2019-01-17,TRUE,Cache Slough and Liberty Island,167,NA,NA,82.71333333333334,NA,NA,139,53217.1900826446,92430.4132231405,6,2019-01-21,119125.289256198,4,65908.0991735537,W,0,44,0,52,60.51
2019,2019-02-14,2019-01-17,TRUE,Cache Slough and Liberty Island,167,NA,NA,NA,NA,NA,139,53217.1900826446,92430.4132231405,6,2019-01-21,119125.289256198,4,65908.0991735537,W,0,44,0,52,60.51
2019,2019-02-14,2019-01-17,TRUE,Cache Slough and Liberty Island,167,NA,NA,NA,0.43500000000000005,NA,139,53217.1900826446,92430.4132231405,6,2019-01-21,119125.289256198,4,65908.0991735537,W,0,44,0,52,60.51
2019,2019-02-14,2019-01-17,TRUE,Confluence,167,NA,NA,NA,NA,0.3293333333333326,139,53217.1900826446,92430.4132231405,6,2019-01-21,119125.289256198,4,65908.0991735537,W,0,44,0,52,60.51
2019,2019-02-14,2019-01-17,TRUE,Confluence,167,NA,-2.7813333333333503,NA,NA,NA,139,53217.1900826446,92430.4132231405,6,2019-01-21,119125.289256198,4,65908.0991735537,W,0,44,0,52,60.51
2019,2019-02-14,2019-01-17,TRUE,Confluence,167,NA,NA,12.803333333333338,NA,NA,139,53217.1900826446,92430.4132231405,6,2019-01-21,119125.289256198,4,65908.0991735537,W,0,44,0,52,60.51
2019,2019-02-14,2019-01-17,TRUE,Confluence,167,27738.888888888887,NA,NA,NA,NA,139,53217.1900826446,92430.4132231405,6,2019-01-21,119125.289256198,4,65908.0991735537,W,0,44,0,52,60.51
2019,2019-02-14,2019-01-17,TRUE,Confluence,167,NA,NA,NA,0.42999999999999994,NA,139,53217.1900826446,92430.4132231405,6,2019-01-21,119125.289256198,4,65908.0991735537,W,0,44,0,52,60.51
2019,2019-02-14,2019-01-17,TRUE,North and South Forks Mokelumne River,167,NA,NA,NA,NA,0.6266666666666669,139,53217.1900826446,92430.4132231405,6,2019-01-21,119125.289256198,4,65908.0991735537,W,0,44,0,52,60.51
2019,2019-02-14,2019-01-17,TRUE,North and South Forks Mokelumne River,167,NA,-14.73111111111112,NA,NA,NA,139,53217.1900826446,92430.4132231405,6,2019-01-21,119125.289256198,4,65908.0991735537,W,0,44,0,52,60.51
2019,2019-02-14,2019-01-17,TRUE,North and South Forks Mokelumne River,167,NA,NA,15.491111111111111,NA,NA,139,53217.1900826446,92430.4132231405,6,2019-01-21,119125.289256198,4,65908.0991735537,W,0,44,0,52,60.51
2019,2019-02-14,2019-01-17,TRUE,North and South Forks Mokelumne River,167,6655.555555555557,NA,NA,NA,NA,139,53217.1900826446,92430.4132231405,6,2019-01-21,119125.289256198,4,65908.0991735537,W,0,44,0,52,60.51
2019,2019-02-14,2019-01-17,TRUE,North and South Forks Mokelumne River,167,NA,NA,NA,0.5788888888888889,NA,139,53217.1900826446,92430.4132231405,6,2019-01-21,119125.289256198,4,65908.0991735537,W,0,44,0,52,60.51
2019,2019-02-14,2019-01-17,TRUE,Out of Bounds,167,NA,NA,NA,NA,1.0433333333333348,139,53217.1900826446,92430.4132231405,6,2019-01-21,119125.289256198,4,65908.0991735537,W,0,44,0,52,60.51
2019,2019-02-14,2019-01-17,TRUE,Out of Bounds,167,NA,-34.97000000000003,NA,NA,NA,139,53217.1900826446,92430.4132231405,6,2019-01-21,119125.289256198,4,65908.0991735537,W,0,44,0,52,60.51
2019,2019-02-14,2019-01-17,TRUE,Out of Bounds,167,NA,NA,20.620000000000005,NA,NA,139,53217.1900826446,92430.4132231405,6,2019-01-21,119125.289256198,4,65908.0991735537,W,0,44,0,52,60.51
2019,2019-02-14,2019-01-17,TRUE,Out of Bounds,167,NA,NA,NA,NA,NA,139,53217.1900826446,92430.4132231405,6,2019-01-21,119125.289256198,4,65908.0991735537,W,0,44,0,52,60.51
2019,2019-02-14,2019-01-17,TRUE,Sacramento River Deep Water Ship Channel,167,NA,NA,NA,NA,0.18333333333333357,139,53217.1900826446,92430.4132231405,6,2019-01-21,119125.289256198,4,65908.0991735537,W,0,44,0,52,60.51
2019,2019-02-14,2019-01-17,TRUE,Sacramento River Deep Water Ship Channel,167,NA,-21.40333333333342,NA,NA,NA,139,53217.1900826446,92430.4132231405,6,2019-01-21,119125.289256198,4,65908.0991735537,W,0,44,0,52,60.51
2019,2019-02-14,2019-01-17,TRUE,Sacramento River Deep Water Ship Channel,167,NA,NA,-0.22833333333333172,NA,NA,139,53217.1900826446,92430.4132231405,6,2019-01-21,119125.289256198,4,65908.0991735537,W,0,44,0,52,60.51
2019,2019-02-14,2019-01-17,TRUE,Sacramento River Deep Water Ship Channel,167,537.5,NA,NA,NA,NA,139,53217.1900826446,92430.4132231405,6,2019-01-21,119125.289256198,4,65908.0991735537,W,0,44,0,52,60.51
2019,2019-02-14,2019-01-17,TRUE,Sacramento River Deep Water Ship Channel,167,NA,NA,NA,0.03,NA,139,53217.1900826446,92430.4132231405,6,2019-01-21,119125.289256198,4,65908.0991735537,W,0,44,0,52,60.51
2019,2019-02-14,2019-01-17,TRUE,Sacramento River Mainstem,167,NA,NA,NA,NA,0.47809523809523746,139,53217.1900826446,92430.4132231405,6,2019-01-21,119125.289256198,4,65908.0991735537,W,0,44,0,52,60.51
2019,2019-02-14,2019-01-17,TRUE,Sacramento River Mainstem,167,NA,-34.608095238095245,NA,NA,NA,139,53217.1900826446,92430.4132231405,6,2019-01-21,119125.289256198,4,65908.0991735537,W,0,44,0,52,60.51
2019,2019-02-14,2019-01-17,TRUE,Sacramento River Mainstem,167,NA,NA,20.138095238095236,NA,NA,139,53217.1900826446,92430.4132231405,6,2019-01-21,119125.289256198,4,65908.0991735537,W,0,44,0,52,60.51
2019,2019-02-14,2019-01-17,TRUE,Sacramento River Mainstem,167,13072.350277777772,NA,NA,NA,NA,139,53217.1900826446,92430.4132231405,6,2019-01-21,119125.289256198,4,65908.0991735537,W,0,44,0,52,60.51
2019,2019-02-14,2019-01-17,TRUE,Sacramento River Mainstem,167,NA,NA,NA,0.8000000000000003,NA,139,53217.1900826446,92430.4132231405,6,2019-01-21,119125.289256198,4,65908.0991735537,W,0,44,0,52,60.51
2019,2019-02-14,2019-01-17,TRUE,San Pablo Bay and Carquinez Strait,167,NA,NA,NA,NA,-0.4399999999999995,139,53217.1900826446,92430.4132231405,6,2019-01-21,119125.289256198,4,65908.0991735537,W,0,44,0,52,60.51
2019,2019-02-14,2019-01-17,TRUE,San Pablo Bay and Carquinez Strait,167,NA,-4859.714444444444,NA,NA,NA,139,53217.1900826446,92430.4132231405,6,2019-01-21,119125.289256198,4,65908.0991735537,W,0,44,0,52,60.51
2019,2019-02-14,2019-01-17,TRUE,San Pablo Bay and Carquinez Strait,167,NA,NA,3.914999999999999,NA,NA,139,53217.1900826446,92430.4132231405,6,2019-01-21,119125.289256198,4,65908.0991735537,W,0,44,0,52,60.51
2019,2019-02-14,2019-01-17,TRUE,San Pablo Bay and Carquinez Strait,167,NA,NA,NA,NA,NA,139,53217.1900826446,92430.4132231405,6,2019-01-21,119125.289256198,4,65908.0991735537,W,0,44,0,52,60.51
2019,2019-02-14,2019-01-17,TRUE,South Delta,167,NA,NA,NA,NA,0.3725490196078436,139,53217.1900826446,92430.4132231405,6,2019-01-21,119125.289256198,4,65908.0991735537,W,0,44,0,52,60.51
2019,2019-02-14,2019-01-17,TRUE,South Delta,167,NA,-41.14039215686273,NA,NA,NA,139,53217.1900826446,92430.4132231405,6,2019-01-21,119125.289256198,4,65908.0991735537,W,0,44,0,52,60.51
2019,2019-02-14,2019-01-17,TRUE,South Delta,167,NA,NA,4.8331372549019616,NA,NA,139,53217.1900826446,92430.4132231405,6,2019-01-21,119125.289256198,4,65908.0991735537,W,0,44,0,52,60.51
2019,2019-02-14,2019-01-17,TRUE,South Delta,167,1041.6286274509805,NA,NA,NA,NA,139,53217.1900826446,92430.4132231405,6,2019-01-21,119125.289256198,4,65908.0991735537,W,0,44,0,52,60.51
2019,2019-02-14,2019-01-17,TRUE,South Delta,167,NA,NA,NA,0.05708333333333335,NA,139,53217.1900826446,92430.4132231405,6,2019-01-21,119125.289256198,4,65908.0991735537,W,0,44,0,52,60.51
2019,2019-02-14,2019-01-17,TRUE,Suisun Marsh and Montezuma Slough,167,NA,NA,NA,NA,0.33133333333333326,139,53217.1900826446,92430.4132231405,6,2019-01-21,119125.289256198,4,65908.0991735537,W,0,44,0,52,60.51
2019,2019-02-14,2019-01-17,TRUE,Suisun Marsh and Montezuma Slough,167,NA,-366.1786666666667,NA,NA,NA,139,53217.1900826446,92430.4132231405,6,2019-01-21,119125.289256198,4,65908.0991735537,W,0,44,0,52,60.51
2019,2019-02-14,2019-01-17,TRUE,Suisun Marsh and Montezuma Slough,167,NA,NA,22.016000000000005,NA,NA,139,53217.1900826446,92430.4132231405,6,2019-01-21,119125.289256198,4,65908.0991735537,W,0,44,0,52,60.51
2019,2019-02-14,2019-01-17,TRUE,Suisun Marsh and Montezuma Slough,167,712.5200000000001,NA,NA,NA,NA,139,53217.1900826446,92430.4132231405,6,2019-01-21,119125.289256198,4,65908.0991735537,W,0,44,0,52,60.51
2019,2019-02-14,2019-01-17,TRUE,Suisun Marsh and Montezuma Slough,167,NA,NA,NA,0.15333333333333335,NA,139,53217.1900826446,92430.4132231405,6,2019-01-21,119125.289256198,4,65908.0991735537,W,0,44,0,52,60.51
2019,2019-02-14,2019-01-17,TRUE,Suisun and Honker Bays,167,NA,NA,NA,NA,0.1644444444444435,139,53217.1900826446,92430.4132231405,6,2019-01-21,119125.289256198,4,65908.0991735537,W,0,44,0,52,60.51
2019,2019-02-14,2019-01-17,TRUE,Suisun and Honker Bays,167,NA,708.71000000000015,NA,NA,NA,139,53217.1900826446,92430.4132231405,6,2019-01-21,119125.289256198,4,65908.0991735537,W,0,44,0,52,60.51
2019,2019-02-14,2019-01-17,TRUE,Suisun and Honker Bays,167,NA,NA,-1.204444444444448,NA,NA,139,53217.1900826446,92430.4132231405,6,2019-01-21,119125.289256198,4,65908.0991735537,W,0,44,0,52,60.51
2019,2019-02-14,2019-01-17,TRUE,Suisun and Honker Bays,167,NA,NA,NA,NA,NA,139,53217.1900826446,92430.4132231405,6,2019-01-21,119125.289256198,4,65908.0991735537,W,0,44,0,52,60.51
2019,2019-02-14,2019-01-17,TRUE,NA,167,NA,NA,NA,NA,NA,139,53217.1900826446,92430.4132231405,6,2019-01-21,119125.289256198,4,65908.0991735537,W,0,44,0,52,60.51
2019,2019-02-26,2019-01-17,TRUE,Cache Slough and Liberty Island,179,NA,NA,NA,NA,2.153333333333334,139,53217.1900826446,92430.4132231405,6,2019-01-21,119125.289256198,4,65908.0991735537,W,0,44,0,52,55.63
2019,2019-02-26,2019-01-17,TRUE,Cache Slough and Liberty Island,179,NA,-101.62666666666668,NA,NA,NA,139,53217.1900826446,92430.4132231405,6,2019-01-21,119125.289256198,4,65908.0991735537,W,0,44,0,52,55.63
2019,2019-02-26,2019-01-17,TRUE,Cache Slough and Liberty Island,179,NA,NA,99.73666666666664,NA,NA,139,53217.1900826446,92430.4132231405,6,2019-01-21,119125.289256198,4,65908.0991735537,W,0,44,0,52,55.63
2019,2019-02-26,2019-01-17,TRUE,Cache Slough and Liberty Island,179,NA,NA,NA,NA,NA,139,53217.1900826446,92430.4132231405,6,2019-01-21,119125.289256198,4,65908.0991735537,W,0,44,0,52,55.63
2019,2019-02-26,2019-01-17,TRUE,Cache Slough and Liberty Island,179,NA,NA,NA,0.03666666666666662,NA,139,53217.1900826446,92430.4132231405,6,2019-01-21,119125.289256198,4,65908.0991735537,W,0,44,0,52,55.63
2019,2019-02-26,2019-01-17,TRUE,Confluence,179,NA,NA,NA,NA,0.5800000000000001,139,53217.1900826446,92430.4132231405,6,2019-01-21,119125.289256198,4,65908.0991735537,W,0,44,0,52,55.63
2019,2019-02-26,2019-01-17,TRUE,Confluence,179,NA,5.492666666666764,NA,NA,NA,139,53217.1900826446,92430.4132231405,6,2019-01-21,119125.289256198,4,65908.0991735537,W,0,44,0,52,55.63
2019,2019-02-26,2019-01-17,TRUE,Confluence,179,NA,NA,-1.2199999999999989,NA,NA,139,53217.1900826446,92430.4132231405,6,2019-01-21,119125.289256198,4,65908.0991735537,W,0,44,0,52,55.63
2019,2019-02-26,2019-01-17,TRUE,Confluence,179,18355.555555555555,NA,NA,NA,NA,139,53217.1900826446,92430.4132231405,6,2019-01-21,119125.289256198,4,65908.0991735537,W,0,44,0,52,55.63
2019,2019-02-26,2019-01-17,TRUE,Confluence,179,NA,NA,NA,0.2577777777777778,NA,139,53217.1900826446,92430.4132231405,6,2019-01-21,119125.289256198,4,65908.0991735537,W,0,44,0,52,55.63
2019,2019-02-26,2019-01-17,TRUE,North and South Forks Mokelumne River,179,NA,NA,NA,NA,0.4599999999999991,139,53217.1900826446,92430.4132231405,6,2019-01-21,119125.289256198,4,65908.0991735537,W,0,44,0,52,55.63
2019,2019-02-26,2019-01-17,TRUE,North and South Forks Mokelumne River,179,NA,-1.6233333333333348,NA,NA,NA,139,53217.1900826446,92430.4132231405,6,2019-01-21,119125.289256198,4,65908.0991735537,W,0,44,0,52,55.63
2019,2019-02-26,2019-01-17,TRUE,North and South Forks Mokelumne River,179,NA,NA,-3.0855555555555583,NA,NA,139,53217.1900826446,92430.4132231405,6,2019-01-21,119125.289256198,4,65908.0991735537,W,0,44,0,52,55.63
2019,2019-02-26,2019-01-17,TRUE,North and South Forks Mokelumne River,179,2894.4444444444443,NA,NA,NA,NA,139,53217.1900826446,92430.4132231405,6,2019-01-21,119125.289256198,4,65908.0991735537,W,0,44,0,52,55.63
2019,2019-02-26,2019-01-17,TRUE,North and South Forks Mokelumne River,179,NA,NA,NA,0.2188888888888888,NA,139,53217.1900826446,92430.4132231405,6,2019-01-21,119125.289256198,4,65908.0991735537,W,0,44,0,52,55.63
2019,2019-02-26,2019-01-17,TRUE,Out of Bounds,179,NA,NA,NA,NA,1.0166666666666655,139,53217.1900826446,92430.4132231405,6,2019-01-21,119125.289256198,4,65908.0991735537,W,0,44,0,52,55.63
2019,2019-02-26,2019-01-17,TRUE,Out of Bounds,179,NA,-4.183333333333337,NA,NA,NA,139,53217.1900826446,92430.4132231405,6,2019-01-21,119125.289256198,4,65908.0991735537,W,0,44,0,52,55.63
2019,2019-02-26,2019-01-17,TRUE,Out of Bounds,179,NA,NA,-4.909999999999997,NA,NA,139,53217.1900826446,92430.4132231405,6,2019-01-21,119125.289256198,4,65908.0991735537,W,0,44,0,52,55.63
2019,2019-02-26,2019-01-17,TRUE,Out of Bounds,179,NA,NA,NA,NA,NA,139,53217.1900826446,92430.4132231405,6,2019-01-21,119125.289256198,4,65908.0991735537,W,0,44,0,52,55.63
2019,2019-02-26,2019-01-17,TRUE,Sacramento River Deep Water Ship Channel,179,NA,NA,NA,NA,0.4733333333333327,139,53217.1900826446,92430.4132231405,6,2019-01-21,119125.289256198,4,65908.0991735537,W,0,44,0,52,55.63
2019,2019-02-26,2019-01-17,TRUE,Sacramento River Deep Water Ship Channel,179,NA,-2.9700000000000273,NA,NA,NA,139,53217.1900826446,92430.4132231405,6,2019-01-21,119125.289256198,4,65908.0991735537,W,0,44,0,52,55.63
2019,2019-02-26,2019-01-17,TRUE,Sacramento River Deep Water Ship Channel,179,NA,NA,-11.965000000000003,NA,NA,139,53217.1900826446,92430.4132231405,6,2019-01-21,119125.289256198,4,65908.0991735537,W,0,44,0,52,55.63
2019,2019-02-26,2019-01-17,TRUE,Sacramento River Deep Water Ship Channel,179,630.3333333333334,NA,NA,NA,NA,139,53217.1900826446,92430.4132231405,6,2019-01-21,119125.289256198,4,65908.0991735537,W,0,44,0,52,55.63
2019,2019-02-26,2019-01-17,TRUE,Sacramento River Deep Water Ship Channel,179,NA,NA,NA,0.03,NA,139,53217.1900826446,92430.4132231405,6,2019-01-21,119125.289256198,4,65908.0991735537,W,0,44,0,52,55.63
2019,2019-02-26,2019-01-17,TRUE,Sacramento River Mainstem,179,NA,NA,NA,NA,0.34047619047619015,139,53217.1900826446,92430.4132231405,6,2019-01-21,119125.289256198,4,65908.0991735537,W,0,44,0,52,55.63
2019,2019-02-26,2019-01-17,TRUE,Sacramento River Mainstem,179,NA,-30.30809523809523,NA,NA,NA,139,53217.1900826446,92430.4132231405,6,2019-01-21,119125.289256198,4,65908.0991735537,W,0,44,0,52,55.63
2019,2019-02-26,2019-01-17,TRUE,Sacramento River Mainstem,179,NA,NA,1.318571428571424,NA,NA,139,53217.1900826446,92430.4132231405,6,2019-01-21,119125.289256198,4,65908.0991735537,W,0,44,0,52,55.63
2019,2019-02-26,2019-01-17,TRUE,Sacramento River Mainstem,179,7057.57777777778,NA,NA,NA,NA,139,53217.1900826446,92430.4132231405,6,2019-01-21,119125.289256198,4,65908.0991735537,W,0,44,0,52,55.63
2019,2019-02-26,2019-01-17,TRUE,Sacramento River Mainstem,179,NA,NA,NA,0.5383333333333331,NA,139,53217.1900826446,92430.4132231405,6,2019-01-21,119125.289256198,4,65908.0991735537,W,0,44,0,52,55.63
2019,2019-02-26,2019-01-17,TRUE,San Pablo Bay and Carquinez Strait,179,NA,NA,NA,NA,0.6222222222222236,139,53217.1900826446,92430.4132231405,6,2019-01-21,119125.289256198,4,65908.0991735537,W,0,44,0,52,55.63
2019,2019-02-26,2019-01-17,TRUE,San Pablo Bay and Carquinez Strait,179,NA,1057.6511111111113,NA,NA,NA,139,53217.1900826446,92430.4132231405,6,2019-01-21,119125.289256198,4,65908.0991735537,W,0,44,0,52,55.63
2019,2019-02-26,2019-01-17,TRUE,San Pablo Bay and Carquinez Strait,179,NA,NA,-19.02999999999999,NA,NA,139,53217.1900826446,92430.4132231405,6,2019-01-21,119125.289256198,4,65908.0991735537,W,0,44,0,52,55.63
2019,2019-02-26,2019-01-17,TRUE,San Pablo Bay and Carquinez Strait,179,NA,NA,NA,NA,NA,139,53217.1900826446,92430.4132231405,6,2019-01-21,119125.289256198,4,65908.0991735537,W,0,44,0,52,55.63
2019,2019-02-26,2019-01-17,TRUE,South Delta,179,NA,NA,NA,NA,0.6133333333333315,139,53217.1900826446,92430.4132231405,6,2019-01-21,119125.289256198,4,65908.0991735537,W,0,44,0,52,55.63
2019,2019-02-26,2019-01-17,TRUE,South Delta,179,NA,-15.91784313725492,NA,NA,NA,139,53217.1900826446,92430.4132231405,6,2019-01-21,119125.289256198,4,65908.0991735537,W,0,44,0,52,55.63
2019,2019-02-26,2019-01-17,TRUE,South Delta,179,NA,NA,-2.211764705882354,NA,NA,139,53217.1900826446,92430.4132231405,6,2019-01-21,119125.289256198,4,65908.0991735537,W,0,44,0,52,55.63
2019,2019-02-26,2019-01-17,TRUE,South Delta,179,873.0878431372546,NA,NA,NA,NA,139,53217.1900826446,92430.4132231405,6,2019-01-21,119125.289256198,4,65908.0991735537,W,0,44,0,52,55.63
2019,2019-02-26,2019-01-17,TRUE,South Delta,179,NA,NA,NA,0.05875000000000008,NA,139,53217.1900826446,92430.4132231405,6,2019-01-21,119125.289256198,4,65908.0991735537,W,0,44,0,52,55.63
2019,2019-02-26,2019-01-17,TRUE,Suisun Marsh and Montezuma Slough,179,NA,NA,NA,NA,0.9939999999999998,139,53217.1900826446,92430.4132231405,6,2019-01-21,119125.289256198,4,65908.0991735537,W,0,44,0,52,55.63
2019,2019-02-26,2019-01-17,TRUE,Suisun Marsh and Montezuma Slough,179,NA,-204.73266666666663,NA,NA,NA,139,53217.1900826446,92430.4132231405,6,2019-01-21,119125.289256198,4,65908.0991735537,W,0,44,0,52,55.63
2019,2019-02-26,2019-01-17,TRUE,Suisun Marsh and Montezuma Slough,179,NA,NA,-1.1299999999999957,NA,NA,139,53217.1900826446,92430.4132231405,6,2019-01-21,119125.289256198,4,65908.0991735537,W,0,44,0,52,55.63
2019,2019-02-26,2019-01-17,TRUE,Suisun Marsh and Montezuma Slough,179,502.8166666666667,NA,NA,NA,NA,139,53217.1900826446,92430.4132231405,6,2019-01-21,119125.289256198,4,65908.0991735537,W,0,44,0,52,55.63
2019,2019-02-26,2019-01-17,TRUE,Suisun Marsh and Montezuma Slough,179,NA,NA,NA,0.05666666666666664,NA,139,53217.1900826446,92430.4132231405,6,2019-01-21,119125.289256198,4,65908.0991735537,W,0,44,0,52,55.63
2019,2019-02-26,2019-01-17,TRUE,Suisun and Honker Bays,179,NA,NA,NA,NA,0.7922222222222217,139,53217.1900826446,92430.4132231405,6,2019-01-21,119125.289256198,4,65908.0991735537,W,0,44,0,52,55.63
2019,2019-02-26,2019-01-17,TRUE,Suisun and Honker Bays,179,NA,27.121111111111105,NA,NA,NA,139,53217.1900826446,92430.4132231405,6,2019-01-21,119125.289256198,4,65908.0991735537,W,0,44,0,52,55.63
2019,2019-02-26,2019-01-17,TRUE,Suisun and Honker Bays,179,NA,NA,-8.337777777777788,NA,NA,139,53217.1900826446,92430.4132231405,6,2019-01-21,119125.289256198,4,65908.0991735537,W,0,44,0,52,55.63
2019,2019-02-26,2019-01-17,TRUE,Suisun and Honker Bays,179,NA,NA,NA,NA,NA,139,53217.1900826446,92430.4132231405,6,2019-01-21,119125.289256198,4,65908.0991735537,W,0,44,0,52,55.63
2019,2019-02-26,2019-01-17,TRUE,NA,179,NA,NA,NA,NA,NA,139,53217.1900826446,92430.4132231405,6,2019-01-21,119125.289256198,4,65908.0991735537,W,0,44,0,52,55.63
2019,2019-03-02,2019-01-17,TRUE,Cache Slough and Liberty Island,183,NA,NA,NA,NA,0.3000000000000007,139,53217.1900826446,92430.4132231405,6,2019-01-21,119125.289256198,4,65908.0991735537,W,0,44,0,52,53.33
2019,2019-03-02,2019-01-17,TRUE,Cache Slough and Liberty Island,183,NA,83.92333333333332,NA,NA,NA,139,53217.1900826446,92430.4132231405,6,2019-01-21,119125.289256198,4,65908.0991735537,W,0,44,0,52,53.33
2019,2019-03-02,2019-01-17,TRUE,Cache Slough and Liberty Island,183,NA,NA,-80.73333333333333,NA,NA,139,53217.1900826446,92430.4132231405,6,2019-01-21,119125.289256198,4,65908.0991735537,W,0,44,0,52,53.33
2019,2019-03-02,2019-01-17,TRUE,Cache Slough and Liberty Island,183,NA,NA,NA,NA,NA,139,53217.1900826446,92430.4132231405,6,2019-01-21,119125.289256198,4,65908.0991735537,W,0,44,0,52,53.33
2019,2019-03-02,2019-01-17,TRUE,Cache Slough and Liberty Island,183,NA,NA,NA,1.2833333333333334,NA,139,53217.1900826446,92430.4132231405,6,2019-01-21,119125.289256198,4,65908.0991735537,W,0,44,0,52,53.33
2019,2019-03-02,2019-01-17,TRUE,Confluence,183,NA,NA,NA,NA,0.48400000000000176,139,53217.1900826446,92430.4132231405,6,2019-01-21,119125.289256198,4,65908.0991735537,W,0,44,0,52,53.33
2019,2019-03-02,2019-01-17,TRUE,Confluence,183,NA,-10.03133333333335,NA,NA,NA,139,53217.1900826446,92430.4132231405,6,2019-01-21,119125.289256198,4,65908.0991735537,W,0,44,0,52,53.33
2019,2019-03-02,2019-01-17,TRUE,Confluence,183,NA,NA,29.008000000000003,NA,NA,139,53217.1900826446,92430.4132231405,6,2019-01-21,119125.289256198,4,65908.0991735537,W,0,44,0,52,53.33
2019,2019-03-02,2019-01-17,TRUE,Confluence,183,33233.33333333334,NA,NA,NA,NA,139,53217.1900826446,92430.4132231405,6,2019-01-21,119125.289256198,4,65908.0991735537,W,0,44,0,52,53.33
2019,2019-03-02,2019-01-17,TRUE,Confluence,183,NA,NA,NA,0.5055555555555555,NA,139,53217.1900826446,92430.4132231405,6,2019-01-21,119125.289256198,4,65908.0991735537,W,0,44,0,52,53.33
2019,2019-03-02,2019-01-17,TRUE,North and South Forks Mokelumne River,183,NA,NA,NA,NA,1.0655555555555551,139,53217.1900826446,92430.4132231405,6,2019-01-21,119125.289256198,4,65908.0991735537,W,0,44,0,52,53.33
2019,2019-03-02,2019-01-17,TRUE,North and South Forks Mokelumne River,183,NA,-7.489999999999995,NA,NA,NA,139,53217.1900826446,92430.4132231405,6,2019-01-21,119125.289256198,4,65908.0991735537,W,0,44,0,52,53.33
2019,2019-03-02,2019-01-17,TRUE,North and South Forks Mokelumne River,183,NA,NA,5.756666666666668,NA,NA,139,53217.1900826446,92430.4132231405,6,2019-01-21,119125.289256198,4,65908.0991735537,W,0,44,0,52,53.33
2019,2019-03-02,2019-01-17,TRUE,North and South Forks Mokelumne River,183,854.4444444444453,NA,NA,NA,NA,139,53217.1900826446,92430.4132231405,6,2019-01-21,119125.289256198,4,65908.0991735537,W,0,44,0,52,53.33
2019,2019-03-02,2019-01-17,TRUE,North and South Forks Mokelumne River,183,NA,NA,NA,0.05555555555555558,NA,139,53217.1900826446,92430.4132231405,6,2019-01-21,119125.289256198,4,65908.0991735537,W,0,44,0,52,53.33
2019,2019-03-02,2019-01-17,TRUE,Out of Bounds,183,NA,NA,NA,NA,0.49666666666666615,139,53217.1900826446,92430.4132231405,6,2019-01-21,119125.289256198,4,65908.0991735537,W,0,44,0,52,53.33
2019,2019-03-02,2019-01-17,TRUE,Out of Bounds,183,NA,7.320000000000022,NA,NA,NA,139,53217.1900826446,92430.4132231405,6,2019-01-21,119125.289256198,4,65908.0991735537,W,0,44,0,52,53.33
2019,2019-03-02,2019-01-17,TRUE,Out of Bounds,183,NA,NA,-1.9266666666666696,NA,NA,139,53217.1900826446,92430.4132231405,6,2019-01-21,119125.289256198,4,65908.0991735537,W,0,44,0,52,53.33
2019,2019-03-02,2019-01-17,TRUE,Out of Bounds,183,NA,NA,NA,NA,NA,139,53217.1900826446,92430.4132231405,6,2019-01-21,119125.289256198,4,65908.0991735537,W,0,44,0,52,53.33
2019,2019-03-02,2019-01-17,TRUE,Sacramento River Deep Water Ship Channel,183,NA,NA,NA,NA,0.7216666666666658,139,53217.1900826446,92430.4132231405,6,2019-01-21,119125.289256198,4,65908.0991735537,W,0,44,0,52,53.33
2019,2019-03-02,2019-01-17,TRUE,Sacramento River Deep Water Ship Channel,183,NA,-6.285000000000025,NA,NA,NA,139,53217.1900826446,92430.4132231405,6,2019-01-21,119125.289256198,4,65908.0991735537,W,0,44,0,52,53.33
2019,2019-03-02,2019-01-17,TRUE,Sacramento River Deep Water Ship Channel,183,NA,NA,27.59500000000001,NA,NA,139,53217.1900826446,92430.4132231405,6,2019-01-21,119125.289256198,4,65908.0991735537,W,0,44,0,52,53.33
2019,2019-03-02,2019-01-17,TRUE,Sacramento River Deep Water Ship Channel,183,-349.66666666666674,NA,NA,NA,NA,139,53217.1900826446,92430.4132231405,6,2019-01-21,119125.289256198,4,65908.0991735537,W,0,44,0,52,53.33
2019,2019-03-02,2019-01-17,TRUE,Sacramento River Deep Water Ship Channel,183,NA,NA,NA,-0.03,NA,139,53217.1900826446,92430.4132231405,6,2019-01-21,119125.289256198,4,65908.0991735537,W,0,44,0,52,53.33
2019,2019-03-02,2019-01-17,TRUE,Sacramento River Mainstem,183,NA,NA,NA,NA,1.0390476190476186,139,53217.1900826446,92430.4132231405,6,2019-01-21,119125.289256198,4,65908.0991735537,W,0,44,0,52,53.33
2019,2019-03-02,2019-01-17,TRUE,Sacramento River Mainstem,183,NA,-0.11476190476190597,NA,NA,NA,139,53217.1900826446,92430.4132231405,6,2019-01-21,119125.289256198,4,65908.0991735537,W,0,44,0,52,53.33
2019,2019-03-02,2019-01-17,TRUE,Sacramento River Mainstem,183,NA,NA,19.506190476190483,NA,NA,139,53217.1900826446,92430.4132231405,6,2019-01-21,119125.289256198,4,65908.0991735537,W,0,44,0,52,53.33
2019,2019-03-02,2019-01-17,TRUE,Sacramento River Mainstem,183,430.9538888888892,NA,NA,NA,NA,139,53217.1900826446,92430.4132231405,6,2019-01-21,119125.289256198,4,65908.0991735537,W,0,44,0,52,53.33
2019,2019-03-02,2019-01-17,TRUE,Sacramento River Mainstem,183,NA,NA,NA,-0.02722222222222203,NA,139,53217.1900826446,92430.4132231405,6,2019-01-21,119125.289256198,4,65908.0991735537,W,0,44,0,52,53.33
2019,2019-03-02,2019-01-17,TRUE,San Pablo Bay and Carquinez Strait,183,NA,NA,NA,NA,0.5766666666666662,139,53217.1900826446,92430.4132231405,6,2019-01-21,119125.289256198,4,65908.0991735537,W,0,44,0,52,53.33
2019,2019-03-02,2019-01-17,TRUE,San Pablo Bay and Carquinez Strait,183,NA,-318.9988888888888,NA,NA,NA,139,53217.1900826446,92430.4132231405,6,2019-01-21,119125.289256198,4,65908.0991735537,W,0,44,0,52,53.33
2019,2019-03-02,2019-01-17,TRUE,San Pablo Bay and Carquinez Strait,183,NA,NA,15.300000000000011,NA,NA,139,53217.1900826446,92430.4132231405,6,2019-01-21,119125.289256198,4,65908.0991735537,W,0,44,0,52,53.33
2019,2019-03-02,2019-01-17,TRUE,San Pablo Bay and Carquinez Strait,183,NA,NA,NA,NA,NA,139,53217.1900826446,92430.4132231405,6,2019-01-21,119125.289256198,4,65908.0991735537,W,0,44,0,52,53.33
2019,2019-03-02,2019-01-17,TRUE,South Delta,183,NA,NA,NA,NA,0.6966666666666672,139,53217.1900826446,92430.4132231405,6,2019-01-21,119125.289256198,4,65908.0991735537,W,0,44,0,52,53.33
2019,2019-03-02,2019-01-17,TRUE,South Delta,183,NA,-6.891372549019593,NA,NA,NA,139,53217.1900826446,92430.4132231405,6,2019-01-21,119125.289256198,4,65908.0991735537,W,0,44,0,52,53.33
2019,2019-03-02,2019-01-17,TRUE,South Delta,183,NA,NA,-1.3617647058823523,NA,NA,139,53217.1900826446,92430.4132231405,6,2019-01-21,119125.289256198,4,65908.0991735537,W,0,44,0,52,53.33
2019,2019-03-02,2019-01-17,TRUE,South Delta,183,942.9073725490192,NA,NA,NA,NA,139,53217.1900826446,92430.4132231405,6,2019-01-21,119125.289256198,4,65908.0991735537,W,0,44,0,52,53.33
2019,2019-03-02,2019-01-17,TRUE,South Delta,183,NA,NA,NA,0.11526785714285714,NA,139,53217.1900826446,92430.4132231405,6,2019-01-21,119125.289256198,4,65908.0991735537,W,0,44,0,52,53.33
2019,2019-03-02,2019-01-17,TRUE,Suisun Marsh and Montezuma Slough,183,NA,NA,NA,NA,0.7793333333333337,139,53217.1900826446,92430.4132231405,6,2019-01-21,119125.289256198,4,65908.0991735537,W,0,44,0,52,53.33
2019,2019-03-02,2019-01-17,TRUE,Suisun Marsh and Montezuma Slough,183,NA,-89.58866666666665,NA,NA,NA,139,53217.1900826446,92430.4132231405,6,2019-01-21,119125.289256198,4,65908.0991735537,W,0,44,0,52,53.33
2019,2019-03-02,2019-01-17,TRUE,Suisun Marsh and Montezuma Slough,183,NA,NA,15.914,NA,NA,139,53217.1900826446,92430.4132231405,6,2019-01-21,119125.289256198,4,65908.0991735537,W,0,44,0,52,53.33
2019,2019-03-02,2019-01-17,TRUE,Suisun Marsh and Montezuma Slough,183,787.9633333333336,NA,NA,NA,NA,139,53217.1900826446,92430.4132231405,6,2019-01-21,119125.289256198,4,65908.0991735537,W,0,44,0,52,53.33
2019,2019-03-02,2019-01-17,TRUE,Suisun Marsh and Montezuma Slough,183,NA,NA,NA,0.17333333333333328,NA,139,53217.1900826446,92430.4132231405,6,2019-01-21,119125.289256198,4,65908.0991735537,W,0,44,0,52,53.33
2019,2019-03-02,2019-01-17,TRUE,Suisun and Honker Bays,183,NA,NA,NA,NA,0.8533333333333335,139,53217.1900826446,92430.4132231405,6,2019-01-21,119125.289256198,4,65908.0991735537,W,0,44,0,52,53.33
2019,2019-03-02,2019-01-17,TRUE,Suisun and Honker Bays,183,NA,-12.847777777777765,NA,NA,NA,139,53217.1900826446,92430.4132231405,6,2019-01-21,119125.289256198,4,65908.0991735537,W,0,44,0,52,53.33
2019,2019-03-02,2019-01-17,TRUE,Suisun and Honker Bays,183,NA,NA,33.03000000000001,NA,NA,139,53217.1900826446,92430.4132231405,6,2019-01-21,119125.289256198,4,65908.0991735537,W,0,44,0,52,53.33
2019,2019-03-02,2019-01-17,TRUE,Suisun and Honker Bays,183,NA,NA,NA,NA,NA,139,53217.1900826446,92430.4132231405,6,2019-01-21,119125.289256198,4,65908.0991735537,W,0,44,0,52,53.33
2019,2019-03-02,2019-01-17,TRUE,NA,183,NA,NA,NA,NA,NA,139,53217.1900826446,92430.4132231405,6,2019-01-21,119125.289256198,4,65908.0991735537,W,0,44,0,52,53.33
2019,2019-03-07,2019-01-17,TRUE,Cache Slough and Liberty Island,188,NA,NA,NA,NA,0.2966666666666651,139,53217.1900826446,92430.4132231405,6,2019-01-21,119125.289256198,4,65908.0991735537,W,0,44,0,52,50.89
2019,2019-03-07,2019-01-17,TRUE,Cache Slough and Liberty Island,188,NA,-19.296666666666624,NA,NA,NA,139,53217.1900826446,92430.4132231405,6,2019-01-21,119125.289256198,4,65908.0991735537,W,0,44,0,52,50.89
2019,2019-03-07,2019-01-17,TRUE,Cache Slough and Liberty Island,188,NA,NA,3.3400000000000034,NA,NA,139,53217.1900826446,92430.4132231405,6,2019-01-21,119125.289256198,4,65908.0991735537,W,0,44,0,52,50.89
2019,2019-03-07,2019-01-17,TRUE,Cache Slough and Liberty Island,188,NA,NA,NA,NA,NA,139,53217.1900826446,92430.4132231405,6,2019-01-21,119125.289256198,4,65908.0991735537,W,0,44,0,52,50.89
2019,2019-03-07,2019-01-17,TRUE,Cache Slough and Liberty Island,188,NA,NA,NA,-0.02333333333333298,NA,139,53217.1900826446,92430.4132231405,6,2019-01-21,119125.289256198,4,65908.0991735537,W,0,44,0,52,50.89
2019,2019-03-07,2019-01-17,TRUE,Confluence,188,NA,NA,NA,NA,0.1033333333333335,139,53217.1900826446,92430.4132231405,6,2019-01-21,119125.289256198,4,65908.0991735537,W,0,44,0,52,50.89
2019,2019-03-07,2019-01-17,TRUE,Confluence,188,NA,7.812666666666473,NA,NA,NA,139,53217.1900826446,92430.4132231405,6,2019-01-21,119125.289256198,4,65908.0991735537,W,0,44,0,52,50.89
2019,2019-03-07,2019-01-17,TRUE,Confluence,188,NA,NA,-20.70666666666668,NA,NA,139,53217.1900826446,92430.4132231405,6,2019-01-21,119125.289256198,4,65908.0991735537,W,0,44,0,52,50.89
2019,2019-03-07,2019-01-17,TRUE,Confluence,188,-1022.222222222219,NA,NA,NA,NA,139,53217.1900826446,92430.4132231405,6,2019-01-21,119125.289256198,4,65908.0991735537,W,0,44,0,52,50.89
2019,2019-03-07,2019-01-17,TRUE,Confluence,188,NA,NA,NA,-0.01222222222222257,NA,139,53217.1900826446,92430.4132231405,6,2019-01-21,119125.289256198,4,65908.0991735537,W,0,44,0,52,50.89
2019,2019-03-07,2019-01-17,TRUE,North and South Forks Mokelumne River,188,NA,NA,NA,NA,-0.22444444444444225,139,53217.1900826446,92430.4132231405,6,2019-01-21,119125.289256198,4,65908.0991735537,W,0,44,0,52,50.89
2019,2019-03-07,2019-01-17,TRUE,North and South Forks Mokelumne River,188,NA,-5.035555555555547,NA,NA,NA,139,53217.1900826446,92430.4132231405,6,2019-01-21,119125.289256198,4,65908.0991735537,W,0,44,0,52,50.89
2019,2019-03-07,2019-01-17,TRUE,North and South Forks Mokelumne River,188,NA,NA,-14.397777777777776,NA,NA,139,53217.1900826446,92430.4132231405,6,2019-01-21,119125.289256198,4,65908.0991735537,W,0,44,0,52,50.89
2019,2019-03-07,2019-01-17,TRUE,North and South Forks Mokelumne River,188,45.55555555555475,NA,NA,NA,NA,139,53217.1900826446,92430.4132231405,6,2019-01-21,119125.289256198,4,65908.0991735537,W,0,44,0,52,50.89
2019,2019-03-07,2019-01-17,TRUE,North and South Forks Mokelumne River,188,NA,NA,NA,0.01333333333333319,NA,139,53217.1900826446,92430.4132231405,6,2019-01-21,119125.289256198,4,65908.0991735537,W,0,44,0,52,50.89
2019,2019-03-07,2019-01-17,TRUE,Out of Bounds,188,NA,NA,NA,NA,-0.47666666666666657,139,53217.1900826446,92430.4132231405,6,2019-01-21,119125.289256198,4,65908.0991735537,W,0,44,0,52,50.89
2019,2019-03-07,2019-01-17,TRUE,Out of Bounds,188,NA,-0.3900000000000148,NA,NA,NA,139,53217.1900826446,92430.4132231405,6,2019-01-21,119125.289256198,4,65908.0991735537,W,0,44,0,52,50.89
2019,2019-03-07,2019-01-17,TRUE,Out of Bounds,188,NA,NA,3.5266666666666637,NA,NA,139,53217.1900826446,92430.4132231405,6,2019-01-21,119125.289256198,4,65908.0991735537,W,0,44,0,52,50.89
2019,2019-03-07,2019-01-17,TRUE,Out of Bounds,188,NA,NA,NA,NA,NA,139,53217.1900826446,92430.4132231405,6,2019-01-21,119125.289256198,4,65908.0991735537,W,0,44,0,52,50.89
2019,2019-03-07,2019-01-17,TRUE,Sacramento River Deep Water Ship Channel,188,NA,NA,NA,NA,0.2516666666666669,139,53217.1900826446,92430.4132231405,6,2019-01-21,119125.289256198,4,65908.0991735537,W,0,44,0,52,50.89
2019,2019-03-07,2019-01-17,TRUE,Sacramento River Deep Water Ship Channel,188,NA,34.68333333333334,NA,NA,NA,139,53217.1900826446,92430.4132231405,6,2019-01-21,119125.289256198,4,65908.0991735537,W,0,44,0,52,50.89
2019,2019-03-07,2019-01-17,TRUE,Sacramento River Deep Water Ship Channel,188,NA,NA,-19.608333333333327,NA,NA,139,53217.1900826446,92430.4132231405,6,2019-01-21,119125.289256198,4,65908.0991735537,W,0,44,0,52,50.89
2019,2019-03-07,2019-01-17,TRUE,Sacramento River Deep Water Ship Channel,188,112.33333333333336,NA,NA,NA,NA,139,53217.1900826446,92430.4132231405,6,2019-01-21,119125.289256198,4,65908.0991735537,W,0,44,0,52,50.89
2019,2019-03-07,2019-01-17,TRUE,Sacramento River Deep Water Ship Channel,188,NA,NA,NA,0.00333333333333333,NA,139,53217.1900826446,92430.4132231405,6,2019-01-21,119125.289256198,4,65908.0991735537,W,0,44,0,52,50.89
2019,2019-03-07,2019-01-17,TRUE,Sacramento River Mainstem,188,NA,NA,NA,NA,-0.0076190476190483,139,53217.1900826446,92430.4132231405,6,2019-01-21,119125.289256198,4,65908.0991735537,W,0,44,0,52,50.89
2019,2019-03-07,2019-01-17,TRUE,Sacramento River Mainstem,188,NA,0.5161904761904736,NA,NA,NA,139,53217.1900826446,92430.4132231405,6,2019-01-21,119125.289256198,4,65908.0991735537,W,0,44,0,52,50.89
2019,2019-03-07,2019-01-17,TRUE,Sacramento River Mainstem,188,NA,NA,-21.317142857142866,NA,NA,139,53217.1900826446,92430.4132231405,6,2019-01-21,119125.289256198,4,65908.0991735537,W,0,44,0,52,50.89
2019,2019-03-07,2019-01-17,TRUE,Sacramento River Mainstem,188,-2933.404166666667,NA,NA,NA,NA,139,53217.1900826446,92430.4132231405,6,2019-01-21,119125.289256198,4,65908.0991735537,W,0,44,0,52,50.89
2019,2019-03-07,2019-01-17,TRUE,Sacramento River Mainstem,188,NA,NA,NA,0.03000000000000025,NA,139,53217.1900826446,92430.4132231405,6,2019-01-21,119125.289256198,4,65908.0991735537,W,0,44,0,52,50.89
2019,2019-03-07,2019-01-17,TRUE,San Pablo Bay and Carquinez Strait,188,NA,NA,NA,NA,0.3033333333333328,139,53217.1900826446,92430.4132231405,6,2019-01-21,119125.289256198,4,65908.0991735537,W,0,44,0,52,50.89
2019,2019-03-07,2019-01-17,TRUE,San Pablo Bay and Carquinez Strait,188,NA,-823.9577777777778,NA,NA,NA,139,53217.1900826446,92430.4132231405,6,2019-01-21,119125.289256198,4,65908.0991735537,W,0,44,0,52,50.89
2019,2019-03-07,2019-01-17,TRUE,San Pablo Bay and Carquinez Strait,188,NA,NA,-11.13333333333334,NA,NA,139,53217.1900826446,92430.4132231405,6,2019-01-21,119125.289256198,4,65908.0991735537,W,0,44,0,52,50.89
2019,2019-03-07,2019-01-17,TRUE,San Pablo Bay and Carquinez Strait,188,NA,NA,NA,NA,NA,139,53217.1900826446,92430.4132231405,6,2019-01-21,119125.289256198,4,65908.0991735537,W,0,44,0,52,50.89
2019,2019-03-07,2019-01-17,TRUE,South Delta,188,NA,NA,NA,NA,0.02764705882352913,139,53217.1900826446,92430.4132231405,6,2019-01-21,119125.289256198,4,65908.0991735537,W,0,44,0,52,50.89
2019,2019-03-07,2019-01-17,TRUE,South Delta,188,NA,10.04215686274506,NA,NA,NA,139,53217.1900826446,92430.4132231405,6,2019-01-21,119125.289256198,4,65908.0991735537,W,0,44,0,52,50.89
2019,2019-03-07,2019-01-17,TRUE,South Delta,188,NA,NA,-0.7311764705882347,NA,NA,139,53217.1900826446,92430.4132231405,6,2019-01-21,119125.289256198,4,65908.0991735537,W,0,44,0,52,50.89
2019,2019-03-07,2019-01-17,TRUE,South Delta,188,304.74930718954283,NA,NA,NA,NA,139,53217.1900826446,92430.4132231405,6,2019-01-21,119125.289256198,4,65908.0991735537,W,0,44,0,52,50.89
2019,2019-03-07,2019-01-17,TRUE,South Delta,188,NA,NA,NA,-0.01261904761904753,NA,139,53217.1900826446,92430.4132231405,6,2019-01-21,119125.289256198,4,65908.0991735537,W,0,44,0,52,50.89
2019,2019-03-07,2019-01-17,TRUE,Suisun Marsh and Montezuma Slough,188,NA,NA,NA,NA,-0.01200000000000045,139,53217.1900826446,92430.4132231405,6,2019-01-21,119125.289256198,4,65908.0991735537,W,0,44,0,52,50.89
2019,2019-03-07,2019-01-17,TRUE,Suisun Marsh and Montezuma Slough,188,NA,-41.147333333333336,NA,NA,NA,139,53217.1900826446,92430.4132231405,6,2019-01-21,119125.289256198,4,65908.0991735537,W,0,44,0,52,50.89
2019,2019-03-07,2019-01-17,TRUE,Suisun Marsh and Montezuma Slough,188,NA,NA,-10.280666666666676,NA,NA,139,53217.1900826446,92430.4132231405,6,2019-01-21,119125.289256198,4,65908.0991735537,W,0,44,0,52,50.89
2019,2019-03-07,2019-01-17,TRUE,Suisun Marsh and Montezuma Slough,188,15.563333333333048,NA,NA,NA,NA,139,53217.1900826446,92430.4132231405,6,2019-01-21,119125.289256198,4,65908.0991735537,W,0,44,0,52,50.89
2019,2019-03-07,2019-01-17,TRUE,Suisun Marsh and Montezuma Slough,188,NA,NA,NA,0,NA,139,53217.1900826446,92430.4132231405,6,2019-01-21,119125.289256198,4,65908.0991735537,W,0,44,0,52,50.89
2019,2019-03-07,2019-01-17,TRUE,Suisun and Honker Bays,188,NA,NA,NA,NA,0.00333333333333207,139,53217.1900826446,92430.4132231405,6,2019-01-21,119125.289256198,4,65908.0991735537,W,0,44,0,52,50.89
2019,2019-03-07,2019-01-17,TRUE,Suisun and Honker Bays,188,NA,4.091111111111104,NA,NA,NA,139,53217.1900826446,92430.4132231405,6,2019-01-21,119125.289256198,4,65908.0991735537,W,0,44,0,52,50.89
2019,2019-03-07,2019-01-17,TRUE,Suisun and Honker Bays,188,NA,NA,-18.825555555555553,NA,NA,139,53217.1900826446,92430.4132231405,6,2019-01-21,119125.289256198,4,65908.0991735537,W,0,44,0,52,50.89
2019,2019-03-07,2019-01-17,TRUE,Suisun and Honker Bays,188,NA,NA,NA,NA,NA,139,53217.1900826446,92430.4132231405,6,2019-01-21,119125.289256198,4,65908.0991735537,W,0,44,0,52,50.89
2019,2019-03-07,2019-01-17,TRUE,NA,188,NA,NA,NA,NA,NA,139,53217.1900826446,92430.4132231405,6,2019-01-21,119125.289256198,4,65908.0991735537,W,0,44,0,52,50.89
2019,2019-03-29,2019-01-17,TRUE,Cache Slough and Liberty Island,210,NA,NA,NA,NA,0.5366666666666671,139,53217.1900826446,92430.4132231405,6,2019-01-21,119125.289256198,4,65908.0991735537,W,0,44,0,52,50.3
2019,2019-03-29,2019-01-17,TRUE,Cache Slough and Liberty Island,210,NA,2.953333333333319,NA,NA,NA,139,53217.1900826446,92430.4132231405,6,2019-01-21,119125.289256198,4,65908.0991735537,W,0,44,0,52,50.3
2019,2019-03-29,2019-01-17,TRUE,Cache Slough and Liberty Island,210,NA,NA,1.0983333333333327,NA,NA,139,53217.1900826446,92430.4132231405,6,2019-01-21,119125.289256198,4,65908.0991735537,W,0,44,0,52,50.3
2019,2019-03-29,2019-01-17,TRUE,Cache Slough and Liberty Island,210,NA,NA,NA,NA,NA,139,53217.1900826446,92430.4132231405,6,2019-01-21,119125.289256198,4,65908.0991735537,W,0,44,0,52,50.3
2019,2019-03-29,2019-01-17,TRUE,Cache Slough and Liberty Island,210,NA,NA,NA,0.09666666666666668,NA,139,53217.1900826446,92430.4132231405,6,2019-01-21,119125.289256198,4,65908.0991735537,W,0,44,0,52,50.3
2019,2019-03-29,2019-01-17,TRUE,Confluence,210,NA,NA,NA,NA,0.24933333333333252,139,53217.1900826446,92430.4132231405,6,2019-01-21,119125.289256198,4,65908.0991735537,W,0,44,0,52,50.3
2019,2019-03-29,2019-01-17,TRUE,Confluence,210,NA,0.3240000000000691,NA,NA,NA,139,53217.1900826446,92430.4132231405,6,2019-01-21,119125.289256198,4,65908.0991735537,W,0,44,0,52,50.3
2019,2019-03-29,2019-01-17,TRUE,Confluence,210,NA,NA,0.7579999999999991,NA,NA,139,53217.1900826446,92430.4132231405,6,2019-01-21,119125.289256198,4,65908.0991735537,W,0,44,0,52,50.3
2019,2019-03-29,2019-01-17,TRUE,Confluence,210,3155.5555555555547,NA,NA,NA,NA,139,53217.1900826446,92430.4132231405,6,2019-01-21,119125.289256198,4,65908.0991735537,W,0,44,0,52,50.3
2019,2019-03-29,2019-01-17,TRUE,Confluence,210,NA,NA,NA,0.06222222222222218,NA,139,53217.1900826446,92430.4132231405,6,2019-01-21,119125.289256198,4,65908.0991735537,W,0,44,0,52,50.3
2019,2019-03-29,2019-01-17,TRUE,North and South Forks Mokelumne River,210,NA,NA,NA,NA,0.34777777777777885,139,53217.1900826446,92430.4132231405,6,2019-01-21,119125.289256198,4,65908.0991735537,W,0,44,0,52,50.3
2019,2019-03-29,2019-01-17,TRUE,North and South Forks Mokelumne River,210,NA,-3.6744444444444753,NA,NA,NA,139,53217.1900826446,92430.4132231405,6,2019-01-21,119125.289256198,4,65908.0991735537,W,0,44,0,52,50.3
2019,2019-03-29,2019-01-17,TRUE,North and South Forks Mokelumne River,210,NA,NA,4.574444444444445,NA,NA,139,53217.1900826446,92430.4132231405,6,2019-01-21,119125.289256198,4,65908.0991735537,W,0,44,0,52,50.3
2019,2019-03-29,2019-01-17,TRUE,North and South Forks Mokelumne River,210,693.3333333333321,NA,NA,NA,NA,139,53217.1900826446,92430.4132231405,6,2019-01-21,119125.289256198,4,65908.0991735537,W,0,44,0,52,50.3
2019,2019-03-29,2019-01-17,TRUE,North and South Forks Mokelumne River,210,NA,NA,NA,0.09888888888888892,NA,139,53217.1900826446,92430.4132231405,6,2019-01-21,119125.289256198,4,65908.0991735537,W,0,44,0,52,50.3
2019,2019-03-29,2019-01-17,TRUE,Out of Bounds,210,NA,NA,NA,NA,0.2833333333333332,139,53217.1900826446,92430.4132231405,6,2019-01-21,119125.289256198,4,65908.0991735537,W,0,44,0,52,50.3
2019,2019-03-29,2019-01-17,TRUE,Out of Bounds,210,NA,-1.0666666666666629,NA,NA,NA,139,53217.1900826446,92430.4132231405,6,2019-01-21,119125.289256198,4,65908.0991735537,W,0,44,0,52,50.3
2019,2019-03-29,2019-01-17,TRUE,Out of Bounds,210,NA,NA,0.6533333333333342,NA,NA,139,53217.1900826446,92430.4132231405,6,2019-01-21,119125.289256198,4,65908.0991735537,W,0,44,0,52,50.3
2019,2019-03-29,2019-01-17,TRUE,Out of Bounds,210,NA,NA,NA,NA,NA,139,53217.1900826446,92430.4132231405,6,2019-01-21,119125.289256198,4,65908.0991735537,W,0,44,0,52,50.3
2019,2019-03-29,2019-01-17,TRUE,Sacramento River Deep Water Ship Channel,210,NA,NA,NA,NA,0.3966666666666683,139,53217.1900826446,92430.4132231405,6,2019-01-21,119125.289256198,4,65908.0991735537,W,0,44,0,52,50.3
2019,2019-03-29,2019-01-17,TRUE,Sacramento River Deep Water Ship Channel,210,NA,18.935,NA,NA,NA,139,53217.1900826446,92430.4132231405,6,2019-01-21,119125.289256198,4,65908.0991735537,W,0,44,0,52,50.3
2019,2019-03-29,2019-01-17,TRUE,Sacramento River Deep Water Ship Channel,210,NA,NA,-3.701666666666666,NA,NA,139,53217.1900826446,92430.4132231405,6,2019-01-21,119125.289256198,4,65908.0991735537,W,0,44,0,52,50.3
2019,2019-03-29,2019-01-17,TRUE,Sacramento River Deep Water Ship Channel,210,-239.00000000000009,NA,NA,NA,NA,139,53217.1900826446,92430.4132231405,6,2019-01-21,119125.289256198,4,65908.0991735537,W,0,44,0,52,50.3
2019,2019-03-29,2019-01-17,TRUE,Sacramento River Deep Water Ship Channel,210,NA,NA,NA,-0.01666666666666667,NA,139,53217.1900826446,92430.4132231405,6,2019-01-21,119125.289256198,4,65908.0991735537,W,0,44,0,52,50.3
2019,2019-03-29,2019-01-17,TRUE,Sacramento River Mainstem,210,NA,NA,NA,NA,0.5299999999999994,139,53217.1900826446,92430.4132231405,6,2019-01-21,119125.289256198,4,65908.0991735537,W,0,44,0,52,50.3
2019,2019-03-29,2019-01-17,TRUE,Sacramento River Mainstem,210,NA,-3.5433333333333508,NA,NA,NA,139,53217.1900826446,92430.4132231405,6,2019-01-21,119125.289256198,4,65908.0991735537,W,0,44,0,52,50.3
2019,2019-03-29,2019-01-17,TRUE,Sacramento River Mainstem,210,NA,NA,10.294761904761906,NA,NA,139,53217.1900826446,92430.4132231405,6,2019-01-21,119125.289256198,4,65908.0991735537,W,0,44,0,52,50.3
2019,2019-03-29,2019-01-17,TRUE,Sacramento River Mainstem,210,2444.437222222219,NA,NA,NA,NA,139,53217.1900826446,92430.4132231405,6,2019-01-21,119125.289256198,4,65908.0991735537,W,0,44,0,52,50.3
2019,2019-03-29,2019-01-17,TRUE,Sacramento River Mainstem,210,NA,NA,NA,0.2783333333333333,NA,139,53217.1900826446,92430.4132231405,6,2019-01-21,119125.289256198,4,65908.0991735537,W,0,44,0,52,50.3
2019,2019-03-29,2019-01-17,TRUE,San Pablo Bay and Carquinez Strait,210,NA,NA,NA,NA,0.1466666666666665,139,53217.1900826446,92430.4132231405,6,2019-01-21,119125.289256198,4,65908.0991735537,W,0,44,0,52,50.3
2019,2019-03-29,2019-01-17,TRUE,San Pablo Bay and Carquinez Strait,210,NA,2589.52888888889,NA,NA,NA,139,53217.1900826446,92430.4132231405,6,2019-01-21,119125.289256198,4,65908.0991735537,W,0,44,0,52,50.3
2019,2019-03-29,2019-01-17,TRUE,San Pablo Bay and Carquinez Strait,210,NA,NA,-6.245000000000001,NA,NA,139,53217.1900826446,92430.4132231405,6,2019-01-21,119125.289256198,4,65908.0991735537,W,0,44,0,52,50.3
2019,2019-03-29,2019-01-17,TRUE,San Pablo Bay and Carquinez Strait,210,NA,NA,NA,NA,NA,139,53217.1900826446,92430.4132231405,6,2019-01-21,119125.289256198,4,65908.0991735537,W,0,44,0,52,50.3
2019,2019-03-29,2019-01-17,TRUE,South Delta,210,NA,NA,NA,NA,0.4084313725490176,139,53217.1900826446,92430.4132231405,6,2019-01-21,119125.289256198,4,65908.0991735537,W,0,44,0,52,50.3
2019,2019-03-29,2019-01-17,TRUE,South Delta,210,NA,0.23333333333332007,NA,NA,NA,139,53217.1900826446,92430.4132231405,6,2019-01-21,119125.289256198,4,65908.0991735537,W,0,44,0,52,50.3
2019,2019-03-29,2019-01-17,TRUE,South Delta,210,NA,NA,0.09156862745097973,NA,NA,139,53217.1900826446,92430.4132231405,6,2019-01-21,119125.289256198,4,65908.0991735537,W,0,44,0,52,50.3
2019,2019-03-29,2019-01-17,TRUE,South Delta,210,-698.2142352941173,NA,NA,NA,NA,139,53217.1900826446,92430.4132231405,6,2019-01-21,119125.289256198,4,65908.0991735537,W,0,44,0,52,50.3
2019,2019-03-29,2019-01-17,TRUE,South Delta,210,NA,NA,NA,-0.08788690476190475,NA,139,53217.1900826446,92430.4132231405,6,2019-01-21,119125.289256198,4,65908.0991735537,W,0,44,0,52,50.3
2019,2019-03-29,2019-01-17,TRUE,Suisun Marsh and Montezuma Slough,210,NA,NA,NA,NA,0.3673333333333329,139,53217.1900826446,92430.4132231405,6,2019-01-21,119125.289256198,4,65908.0991735537,W,0,44,0,52,50.3
2019,2019-03-29,2019-01-17,TRUE,Suisun Marsh and Montezuma Slough,210,NA,51.668000000000006,NA,NA,NA,139,53217.1900826446,92430.4132231405,6,2019-01-21,119125.289256198,4,65908.0991735537,W,0,44,0,52,50.3
2019,2019-03-29,2019-01-17,TRUE,Suisun Marsh and Montezuma Slough,210,NA,NA,-4.494166666666665,NA,NA,139,53217.1900826446,92430.4132231405,6,2019-01-21,119125.289256198,4,65908.0991735537,W,0,44,0,52,50.3
2019,2019-03-29,2019-01-17,TRUE,Suisun Marsh and Montezuma Slough,210,87.2933333333333,NA,NA,NA,NA,139,53217.1900826446,92430.4132231405,6,2019-01-21,119125.289256198,4,65908.0991735537,W,0,44,0,52,50.3
2019,2019-03-29,2019-01-17,TRUE,Suisun Marsh and Montezuma Slough,210,NA,NA,NA,0.02666666666666667,NA,139,53217.1900826446,92430.4132231405,6,2019-01-21,119125.289256198,4,65908.0991735537,W,0,44,0,52,50.3
2019,2019-03-29,2019-01-17,TRUE,Suisun and Honker Bays,210,NA,NA,NA,NA,0.08888888888889035,139,53217.1900826446,92430.4132231405,6,2019-01-21,119125.289256198,4,65908.0991735537,W,0,44,0,52,50.3
2019,2019-03-29,2019-01-17,TRUE,Suisun and Honker Bays,210,NA,4.125555555555536,NA,NA,NA,139,53217.1900826446,92430.4132231405,6,2019-01-21,119125.289256198,4,65908.0991735537,W,0,44,0,52,50.3
2019,2019-03-29,2019-01-17,TRUE,Suisun and Honker Bays,210,NA,NA,-2.2044444444444444,NA,NA,139,53217.1900826446,92430.4132231405,6,2019-01-21,119125.289256198,4,65908.0991735537,W,0,44,0,52,50.3
2019,2019-03-29,2019-01-17,TRUE,Suisun and Honker Bays,210,NA,NA,NA,NA,NA,139,53217.1900826446,92430.4132231405,6,2019-01-21,119125.289256198,4,65908.0991735537,W,0,44,0,52,50.3
2019,2019-03-29,2019-01-17,TRUE,NA,210,NA,NA,NA,NA,NA,139,53217.1900826446,92430.4132231405,6,2019-01-21,119125.289256198,4,65908.0991735537,W,0,44,0,52,50.3
2022,2021-10-25,2021-10-25,FALSE,Cache Slough and Liberty Island,55,NA,NA,NA,NA,-0.466666666666665,55,20361.652892562,64024.4628099174,2,2021-10-27,72091.2396694215,2,51729.5867768595,C,0,403,0,323,83.25
2022,2021-10-25,2021-10-25,FALSE,Cache Slough and Liberty Island,55,NA,-8.22999999999999,NA,NA,NA,55,20361.652892562,64024.4628099174,2,2021-10-27,72091.2396694215,2,51729.5867768595,C,0,403,0,323,83.25
2022,2021-10-25,2021-10-25,FALSE,Cache Slough and Liberty Island,55,NA,NA,26.743333333333336,NA,NA,55,20361.652892562,64024.4628099174,2,2021-10-27,72091.2396694215,2,51729.5867768595,C,0,403,0,323,83.25
2022,2021-10-25,2021-10-25,FALSE,Cache Slough and Liberty Island,55,NA,NA,NA,NA,NA,55,20361.652892562,64024.4628099174,2,2021-10-27,72091.2396694215,2,51729.5867768595,C,0,403,0,323,83.25
2022,2021-10-25,2021-10-25,FALSE,Confluence,55,NA,NA,NA,NA,-0.261333333333333,55,20361.652892562,64024.4628099174,2,2021-10-27,72091.2396694215,2,51729.5867768595,C,0,403,0,323,83.25
2022,2021-10-25,2021-10-25,FALSE,Confluence,55,NA,-1284.0733333333333,NA,NA,NA,55,20361.652892562,64024.4628099174,2,2021-10-27,72091.2396694215,2,51729.5867768595,C,0,403,0,323,83.25
2022,2021-10-25,2021-10-25,FALSE,Confluence,55,NA,NA,-0.3680000000000003,NA,NA,55,20361.652892562,64024.4628099174,2,2021-10-27,72091.2396694215,2,51729.5867768595,C,0,403,0,323,83.25
2022,2021-10-25,2021-10-25,FALSE,Confluence,55,22731.888888888887,NA,NA,NA,NA,55,20361.652892562,64024.4628099174,2,2021-10-27,72091.2396694215,2,51729.5867768595,C,0,403,0,323,83.25
2022,2021-10-25,2021-10-25,FALSE,Confluence,55,NA,NA,NA,0.35333333333333333,NA,55,20361.652892562,64024.4628099174,2,2021-10-27,72091.2396694215,2,51729.5867768595,C,0,403,0,323,83.25
2022,2021-10-25,2021-10-25,FALSE,North and South Forks Mokelumne River,55,NA,NA,NA,NA,-0.5188888888888883,55,20361.652892562,64024.4628099174,2,2021-10-27,72091.2396694215,2,51729.5867768595,C,0,403,0,323,83.25
2022,2021-10-25,2021-10-25,FALSE,North and South Forks Mokelumne River,55,NA,-39.46222222222224,NA,NA,NA,55,20361.652892562,64024.4628099174,2,2021-10-27,72091.2396694215,2,51729.5867768595,C,0,403,0,323,83.25
2022,2021-10-25,2021-10-25,FALSE,North and South Forks Mokelumne River,55,NA,NA,7.503333333333333,NA,NA,55,20361.652892562,64024.4628099174,2,2021-10-27,72091.2396694215,2,51729.5867768595,C,0,403,0,323,83.25
2022,2021-10-25,2021-10-25,FALSE,North and South Forks Mokelumne River,55,3636.666666666667,NA,NA,NA,NA,55,20361.652892562,64024.4628099174,2,2021-10-27,72091.2396694215,2,51729.5867768595,C,0,403,0,323,83.25
2022,2021-10-25,2021-10-25,FALSE,North and South Forks Mokelumne River,55,NA,NA,NA,0.41,NA,55,20361.652892562,64024.4628099174,2,2021-10-27,72091.2396694215,2,51729.5867768595,C,0,403,0,323,83.25
2022,2021-10-25,2021-10-25,FALSE,Out of Bounds,55,NA,NA,NA,NA,-0.6066666666666656,55,20361.652892562,64024.4628099174,2,2021-10-27,72091.2396694215,2,51729.5867768595,C,0,403,0,323,83.25
2022,2021-10-25,2021-10-25,FALSE,Out of Bounds,55,NA,16.78666666666666,NA,NA,NA,55,20361.652892562,64024.4628099174,2,2021-10-27,72091.2396694215,2,51729.5867768595,C,0,403,0,323,83.25
2022,2021-10-25,2021-10-25,FALSE,Out of Bounds,55,NA,NA,4.056666666666667,NA,NA,55,20361.652892562,64024.4628099174,2,2021-10-27,72091.2396694215,2,51729.5867768595,C,0,403,0,323,83.25
2022,2021-10-25,2021-10-25,FALSE,Out of Bounds,55,NA,NA,NA,NA,NA,55,20361.652892562,64024.4628099174,2,2021-10-27,72091.2396694215,2,51729.5867768595,C,0,403,0,323,83.25
2022,2021-10-25,2021-10-25,FALSE,Sacramento River Deep Water Ship Channel,55,NA,NA,NA,NA,-0.2666666666666657,55,20361.652892562,64024.4628099174,2,2021-10-27,72091.2396694215,2,51729.5867768595,C,0,403,0,323,83.25
2022,2021-10-25,2021-10-25,FALSE,Sacramento River Deep Water Ship Channel,55,NA,21.129999999999995,NA,NA,NA,55,20361.652892562,64024.4628099174,2,2021-10-27,72091.2396694215,2,51729.5867768595,C,0,403,0,323,83.25
2022,2021-10-25,2021-10-25,FALSE,Sacramento River Deep Water Ship Channel,55,NA,NA,2.0966666666666676,NA,NA,55,20361.652892562,64024.4628099174,2,2021-10-27,72091.2396694215,2,51729.5867768595,C,0,403,0,323,83.25
2022,2021-10-25,2021-10-25,FALSE,Sacramento River Deep Water Ship Channel,55,NA,NA,NA,NA,NA,55,20361.652892562,64024.4628099174,2,2021-10-27,72091.2396694215,2,51729.5867768595,C,0,403,0,323,83.25
2022,2021-10-25,2021-10-25,FALSE,Sacramento River Mainstem,55,NA,NA,NA,NA,-0.817619047619047,55,20361.652892562,64024.4628099174,2,2021-10-27,72091.2396694215,2,51729.5867768595,C,0,403,0,323,83.25
2022,2021-10-25,2021-10-25,FALSE,Sacramento River Mainstem,55,NA,-16.959809523809525,NA,NA,NA,55,20361.652892562,64024.4628099174,2,2021-10-27,72091.2396694215,2,51729.5867768595,C,0,403,0,323,83.25
2022,2021-10-25,2021-10-25,FALSE,Sacramento River Mainstem,55,NA,NA,33.095238095238095,NA,NA,55,20361.652892562,64024.4628099174,2,2021-10-27,72091.2396694215,2,51729.5867768595,C,0,403,0,323,83.25
2022,2021-10-25,2021-10-25,FALSE,Sacramento River Mainstem,55,8761.98,NA,NA,NA,NA,55,20361.652892562,64024.4628099174,2,2021-10-27,72091.2396694215,2,51729.5867768595,C,0,403,0,323,83.25
2022,2021-10-25,2021-10-25,FALSE,Sacramento River Mainstem,55,NA,NA,NA,1.1538888888888887,NA,55,20361.652892562,64024.4628099174,2,2021-10-27,72091.2396694215,2,51729.5867768595,C,0,403,0,323,83.25
2022,2021-10-25,2021-10-25,FALSE,San Pablo Bay and Carquinez Strait,55,NA,NA,NA,NA,-0.14888888888889085,55,20361.652892562,64024.4628099174,2,2021-10-27,72091.2396694215,2,51729.5867768595,C,0,403,0,323,83.25
2022,2021-10-25,2021-10-25,FALSE,San Pablo Bay and Carquinez Strait,55,NA,-6898.4277777777825,NA,NA,NA,55,20361.652892562,64024.4628099174,2,2021-10-27,72091.2396694215,2,51729.5867768595,C,0,403,0,323,83.25
2022,2021-10-25,2021-10-25,FALSE,San Pablo Bay and Carquinez Strait,55,NA,NA,-2.605555555555556,NA,NA,55,20361.652892562,64024.4628099174,2,2021-10-27,72091.2396694215,2,51729.5867768595,C,0,403,0,323,83.25
2022,2021-10-25,2021-10-25,FALSE,San Pablo Bay and Carquinez Strait,55,NA,NA,NA,NA,NA,55,20361.652892562,64024.4628099174,2,2021-10-27,72091.2396694215,2,51729.5867768595,C,0,403,0,323,83.25
2022,2021-10-25,2021-10-25,FALSE,South Delta,55,NA,NA,NA,NA,-0.4482352941176444,55,20361.652892562,64024.4628099174,2,2021-10-27,72091.2396694215,2,51729.5867768595,C,0,403,0,323,83.25
2022,2021-10-25,2021-10-25,FALSE,South Delta,55,NA,-55.02039215686273,NA,NA,NA,55,20361.652892562,64024.4628099174,2,2021-10-27,72091.2396694215,2,51729.5867768595,C,0,403,0,323,83.25
2022,2021-10-25,2021-10-25,FALSE,South Delta,55,NA,NA,1.3164444444444443,NA,NA,55,20361.652892562,64024.4628099174,2,2021-10-27,72091.2396694215,2,51729.5867768595,C,0,403,0,323,83.25
2022,2021-10-25,2021-10-25,FALSE,South Delta,55,449.1778300653595,NA,NA,NA,NA,55,20361.652892562,64024.4628099174,2,2021-10-27,72091.2396694215,2,51729.5867768595,C,0,403,0,323,83.25
2022,2021-10-25,2021-10-25,FALSE,South Delta,55,NA,NA,NA,0.05258928571428572,NA,55,20361.652892562,64024.4628099174,2,2021-10-27,72091.2396694215,2,51729.5867768595,C,0,403,0,323,83.25
2022,2021-10-25,2021-10-25,FALSE,Suisun Marsh and Montezuma Slough,55,NA,NA,NA,NA,-0.37833333333333385,55,20361.652892562,64024.4628099174,2,2021-10-27,72091.2396694215,2,51729.5867768595,C,0,403,0,323,83.25
2022,2021-10-25,2021-10-25,FALSE,Suisun Marsh and Montezuma Slough,55,NA,-5619.036666666667,NA,NA,NA,55,20361.652892562,64024.4628099174,2,2021-10-27,72091.2396694215,2,51729.5867768595,C,0,403,0,323,83.25
2022,2021-10-25,2021-10-25,FALSE,Suisun Marsh and Montezuma Slough,55,NA,NA,-0.06999999999999673,NA,NA,55,20361.652892562,64024.4628099174,2,2021-10-27,72091.2396694215,2,51729.5867768595,C,0,403,0,323,83.25
2022,2021-10-25,2021-10-25,FALSE,Suisun Marsh and Montezuma Slough,55,144.64333333333343,NA,NA,NA,NA,55,20361.652892562,64024.4628099174,2,2021-10-27,72091.2396694215,2,51729.5867768595,C,0,403,0,323,83.25
2022,2021-10-25,2021-10-25,FALSE,Suisun Marsh and Montezuma Slough,55,NA,NA,NA,0.02333333333333331,NA,55,20361.652892562,64024.4628099174,2,2021-10-27,72091.2396694215,2,51729.5867768595,C,0,403,0,323,83.25
2022,2021-10-25,2021-10-25,FALSE,Suisun and Honker Bays,55,NA,NA,NA,NA,-0.2988888888888894,55,20361.652892562,64024.4628099174,2,2021-10-27,72091.2396694215,2,51729.5867768595,C,0,403,0,323,83.25
2022,2021-10-25,2021-10-25,FALSE,Suisun and Honker Bays,55,NA,-4424.383333333335,NA,NA,NA,55,20361.652892562,64024.4628099174,2,2021-10-27,72091.2396694215,2,51729.5867768595,C,0,403,0,323,83.25
2022,2021-10-25,2021-10-25,FALSE,Suisun and Honker Bays,55,NA,NA,-11.173333333333334,NA,NA,55,20361.652892562,64024.4628099174,2,2021-10-27,72091.2396694215,2,51729.5867768595,C,0,403,0,323,83.25
2022,2021-10-25,2021-10-25,FALSE,Suisun and Honker Bays,55,NA,NA,NA,NA,NA,55,20361.652892562,64024.4628099174,2,2021-10-27,72091.2396694215,2,51729.5867768595,C,0,403,0,323,83.25
2022,2021-10-25,2021-10-25,FALSE,NA,55,NA,NA,NA,NA,NA,55,20361.652892562,64024.4628099174,2,2021-10-27,72091.2396694215,2,51729.5867768595,C,0,403,0,323,83.25
2022,2021-12-14,2021-10-25,TRUE,Cache Slough and Liberty Island,105,NA,NA,NA,NA,-1.1333333333333329,55,20361.652892562,64024.4628099174,2,2021-10-27,72091.2396694215,2,51729.5867768595,C,0,403,0,323,85.28
2022,2021-12-14,2021-10-25,TRUE,Cache Slough and Liberty Island,105,NA,-7.373333333333363,NA,NA,NA,55,20361.652892562,64024.4628099174,2,2021-10-27,72091.2396694215,2,51729.5867768595,C,0,403,0,323,85.28
2022,2021-12-14,2021-10-25,TRUE,Cache Slough and Liberty Island,105,NA,NA,21.976666666666667,NA,NA,55,20361.652892562,64024.4628099174,2,2021-10-27,72091.2396694215,2,51729.5867768595,C,0,403,0,323,85.28
2022,2021-12-14,2021-10-25,TRUE,Cache Slough and Liberty Island,105,NA,NA,NA,NA,NA,55,20361.652892562,64024.4628099174,2,2021-10-27,72091.2396694215,2,51729.5867768595,C,0,403,0,323,85.28
2022,2021-12-14,2021-10-25,TRUE,Confluence,105,NA,NA,NA,NA,-0.6059999999999999,55,20361.652892562,64024.4628099174,2,2021-10-27,72091.2396694215,2,51729.5867768595,C,0,403,0,323,85.28
2022,2021-12-14,2021-10-25,TRUE,Confluence,105,NA,-139.48066666666637,NA,NA,NA,55,20361.652892562,64024.4628099174,2,2021-10-27,72091.2396694215,2,51729.5867768595,C,0,403,0,323,85.28
2022,2021-12-14,2021-10-25,TRUE,Confluence,105,NA,NA,4.169999999999998,NA,NA,55,20361.652892562,64024.4628099174,2,2021-10-27,72091.2396694215,2,51729.5867768595,C,0,403,0,323,85.28
2022,2021-12-14,2021-10-25,TRUE,Confluence,105,14136.666666666664,NA,NA,NA,NA,55,20361.652892562,64024.4628099174,2,2021-10-27,72091.2396694215,2,51729.5867768595,C,0,403,0,323,85.28
2022,2021-12-14,2021-10-25,TRUE,Confluence,105,NA,NA,NA,0.2222222222222222,NA,55,20361.652892562,64024.4628099174,2,2021-10-27,72091.2396694215,2,51729.5867768595,C,0,403,0,323,85.28
2022,2021-12-14,2021-10-25,TRUE,North and South Forks Mokelumne River,105,NA,NA,NA,NA,-0.8844444444444441,55,20361.652892562,64024.4628099174,2,2021-10-27,72091.2396694215,2,51729.5867768595,C,0,403,0,323,85.28
2022,2021-12-14,2021-10-25,TRUE,North and South Forks Mokelumne River,105,NA,-33.99333333333331,NA,NA,NA,55,20361.652892562,64024.4628099174,2,2021-10-27,72091.2396694215,2,51729.5867768595,C,0,403,0,323,85.28
2022,2021-12-14,2021-10-25,TRUE,North and South Forks Mokelumne River,105,NA,NA,5.284444444444444,NA,NA,55,20361.652892562,64024.4628099174,2,2021-10-27,72091.2396694215,2,51729.5867768595,C,0,403,0,323,85.28
2022,2021-12-14,2021-10-25,TRUE,North and South Forks Mokelumne River,105,2849.1111111111113,NA,NA,NA,NA,55,20361.652892562,64024.4628099174,2,2021-10-27,72091.2396694215,2,51729.5867768595,C,0,403,0,323,85.28
2022,2021-12-14,2021-10-25,TRUE,North and South Forks Mokelumne River,105,NA,NA,NA,0.3244444444444444,NA,55,20361.652892562,64024.4628099174,2,2021-10-27,72091.2396694215,2,51729.5867768595,C,0,403,0,323,85.28
2022,2021-12-14,2021-10-25,TRUE,Out of Bounds,105,NA,NA,NA,NA,-0.4366666666666657,55,20361.652892562,64024.4628099174,2,2021-10-27,72091.2396694215,2,51729.5867768595,C,0,403,0,323,85.28
2022,2021-12-14,2021-10-25,TRUE,Out of Bounds,105,NA,-157.0633333333334,NA,NA,NA,55,20361.652892562,64024.4628099174,2,2021-10-27,72091.2396694215,2,51729.5867768595,C,0,403,0,323,85.28
2022,2021-12-14,2021-10-25,TRUE,Out of Bounds,105,NA,NA,9.453333333333331,NA,NA,55,20361.652892562,64024.4628099174,2,2021-10-27,72091.2396694215,2,51729.5867768595,C,0,403,0,323,85.28
2022,2021-12-14,2021-10-25,TRUE,Out of Bounds,105,NA,NA,NA,NA,NA,55,20361.652892562,64024.4628099174,2,2021-10-27,72091.2396694215,2,51729.5867768595,C,0,403,0,323,85.28
2022,2021-12-14,2021-10-25,TRUE,Sacramento River Deep Water Ship Channel,105,NA,NA,NA,NA,-0.6733333333333338,55,20361.652892562,64024.4628099174,2,2021-10-27,72091.2396694215,2,51729.5867768595,C,0,403,0,323,85.28
2022,2021-12-14,2021-10-25,TRUE,Sacramento River Deep Water Ship Channel,105,NA,2.066666666666663,NA,NA,NA,55,20361.652892562,64024.4628099174,2,2021-10-27,72091.2396694215,2,51729.5867768595,C,0,403,0,323,85.28
2022,2021-12-14,2021-10-25,TRUE,Sacramento River Deep Water Ship Channel,105,NA,NA,-1.1300000000000026,NA,NA,55,20361.652892562,64024.4628099174,2,2021-10-27,72091.2396694215,2,51729.5867768595,C,0,403,0,323,85.28
2022,2021-12-14,2021-10-25,TRUE,Sacramento River Deep Water Ship Channel,105,NA,NA,NA,NA,NA,55,20361.652892562,64024.4628099174,2,2021-10-27,72091.2396694215,2,51729.5867768595,C,0,403,0,323,85.28
2022,2021-12-14,2021-10-25,TRUE,Sacramento River Mainstem,105,NA,NA,NA,NA,-1.284761904761904,55,20361.652892562,64024.4628099174,2,2021-10-27,72091.2396694215,2,51729.5867768595,C,0,403,0,323,85.28
2022,2021-12-14,2021-10-25,TRUE,Sacramento River Mainstem,105,NA,-14.722380952380943,NA,NA,NA,55,20361.652892562,64024.4628099174,2,2021-10-27,72091.2396694215,2,51729.5867768595,C,0,403,0,323,85.28
2022,2021-12-14,2021-10-25,TRUE,Sacramento River Mainstem,105,NA,NA,29.35619047619048,NA,NA,55,20361.652892562,64024.4628099174,2,2021-10-27,72091.2396694215,2,51729.5867768595,C,0,403,0,323,85.28
2022,2021-12-14,2021-10-25,TRUE,Sacramento River Mainstem,105,6117.985555555555,NA,NA,NA,NA,55,20361.652892562,64024.4628099174,2,2021-10-27,72091.2396694215,2,51729.5867768595,C,0,403,0,323,85.28
2022,2021-12-14,2021-10-25,TRUE,Sacramento River Mainstem,105,NA,NA,NA,0.8111111111111112,NA,55,20361.652892562,64024.4628099174,2,2021-10-27,72091.2396694215,2,51729.5867768595,C,0,403,0,323,85.28
2022,2021-12-14,2021-10-25,TRUE,San Pablo Bay and Carquinez Strait,105,NA,NA,NA,NA,-0.6177777777777766,55,20361.652892562,64024.4628099174,2,2021-10-27,72091.2396694215,2,51729.5867768595,C,0,403,0,323,85.28
2022,2021-12-14,2021-10-25,TRUE,San Pablo Bay and Carquinez Strait,105,NA,-3388.6622222222213,NA,NA,NA,55,20361.652892562,64024.4628099174,2,2021-10-27,72091.2396694215,2,51729.5867768595,C,0,403,0,323,85.28
2022,2021-12-14,2021-10-25,TRUE,San Pablo Bay and Carquinez Strait,105,NA,NA,3.588888888888889,NA,NA,55,20361.652892562,64024.4628099174,2,2021-10-27,72091.2396694215,2,51729.5867768595,C,0,403,0,323,85.28
2022,2021-12-14,2021-10-25,TRUE,San Pablo Bay and Carquinez Strait,105,NA,NA,NA,NA,NA,55,20361.652892562,64024.4628099174,2,2021-10-27,72091.2396694215,2,51729.5867768595,C,0,403,0,323,85.28
2022,2021-12-14,2021-10-25,TRUE,South Delta,105,NA,NA,NA,NA,-0.8111633986928091,55,20361.652892562,64024.4628099174,2,2021-10-27,72091.2396694215,2,51729.5867768595,C,0,403,0,323,85.28
2022,2021-12-14,2021-10-25,TRUE,South Delta,105,NA,-8.506483660130698,NA,NA,NA,55,20361.652892562,64024.4628099174,2,2021-10-27,72091.2396694215,2,51729.5867768595,C,0,403,0,323,85.28
2022,2021-12-14,2021-10-25,TRUE,South Delta,105,NA,NA,3.5672549019607844,NA,NA,55,20361.652892562,64024.4628099174,2,2021-10-27,72091.2396694215,2,51729.5867768595,C,0,403,0,323,85.28
2022,2021-12-14,2021-10-25,TRUE,South Delta,105,-393.1321568627452,NA,NA,NA,NA,55,20361.652892562,64024.4628099174,2,2021-10-27,72091.2396694215,2,51729.5867768595,C,0,403,0,323,85.28
2022,2021-12-14,2021-10-25,TRUE,South Delta,105,NA,NA,NA,-0.02999999999999999,NA,55,20361.652892562,64024.4628099174,2,2021-10-27,72091.2396694215,2,51729.5867768595,C,0,403,0,323,85.28
2022,2021-12-14,2021-10-25,TRUE,Suisun Marsh and Montezuma Slough,105,NA,NA,NA,NA,-0.8250000000000011,55,20361.652892562,64024.4628099174,2,2021-10-27,72091.2396694215,2,51729.5867768595,C,0,403,0,323,85.28
2022,2021-12-14,2021-10-25,TRUE,Suisun Marsh and Montezuma Slough,105,NA,-3194.5733333333337,NA,NA,NA,55,20361.652892562,64024.4628099174,2,2021-10-27,72091.2396694215,2,51729.5867768595,C,0,403,0,323,85.28
2022,2021-12-14,2021-10-25,TRUE,Suisun Marsh and Montezuma Slough,105,NA,NA,18.481666666666666,NA,NA,55,20361.652892562,64024.4628099174,2,2021-10-27,72091.2396694215,2,51729.5867768595,C,0,403,0,323,85.28
2022,2021-12-14,2021-10-25,TRUE,Suisun Marsh and Montezuma Slough,105,171.49666666666667,NA,NA,NA,NA,55,20361.652892562,64024.4628099174,2,2021-10-27,72091.2396694215,2,51729.5867768595,C,0,403,0,323,85.28
2022,2021-12-14,2021-10-25,TRUE,Suisun Marsh and Montezuma Slough,105,NA,NA,NA,0.03999999999999998,NA,55,20361.652892562,64024.4628099174,2,2021-10-27,72091.2396694215,2,51729.5867768595,C,0,403,0,323,85.28
2022,2021-12-14,2021-10-25,TRUE,Suisun and Honker Bays,105,NA,NA,NA,NA,-0.7377777777777776,55,20361.652892562,64024.4628099174,2,2021-10-27,72091.2396694215,2,51729.5867768595,C,0,403,0,323,85.28
2022,2021-12-14,2021-10-25,TRUE,Suisun and Honker Bays,105,NA,-1132.5444444444402,NA,NA,NA,55,20361.652892562,64024.4628099174,2,2021-10-27,72091.2396694215,2,51729.5867768595,C,0,403,0,323,85.28
2022,2021-12-14,2021-10-25,TRUE,Suisun and Honker Bays,105,NA,NA,6.913333333333334,NA,NA,55,20361.652892562,64024.4628099174,2,2021-10-27,72091.2396694215,2,51729.5867768595,C,0,403,0,323,85.28
2022,2021-12-14,2021-10-25,TRUE,Suisun and Honker Bays,105,NA,NA,NA,NA,NA,55,20361.652892562,64024.4628099174,2,2021-10-27,72091.2396694215,2,51729.5867768595,C,0,403,0,323,85.28
2022,2021-12-14,2021-10-25,TRUE,NA,105,NA,NA,NA,NA,NA,55,20361.652892562,64024.4628099174,2,2021-10-27,72091.2396694215,2,51729.5867768595,C,0,403,0,323,85.28
2022,2021-12-25,2021-10-25,TRUE,Cache Slough and Liberty Island,116,NA,NA,NA,NA,0.46000000000000085,55,20361.652892562,64024.4628099174,2,2021-10-27,72091.2396694215,2,51729.5867768595,C,0,403,0,323,76.34
2022,2021-12-25,2021-10-25,TRUE,Cache Slough and Liberty Island,116,NA,31.836666666666673,NA,NA,NA,55,20361.652892562,64024.4628099174,2,2021-10-27,72091.2396694215,2,51729.5867768595,C,0,403,0,323,76.34
2022,2021-12-25,2021-10-25,TRUE,Cache Slough and Liberty Island,116,NA,NA,1.5399999999999991,NA,NA,55,20361.652892562,64024.4628099174,2,2021-10-27,72091.2396694215,2,51729.5867768595,C,0,403,0,323,76.34
2022,2021-12-25,2021-10-25,TRUE,Cache Slough and Liberty Island,116,NA,NA,NA,NA,NA,55,20361.652892562,64024.4628099174,2,2021-10-27,72091.2396694215,2,51729.5867768595,C,0,403,0,323,76.34
2022,2021-12-25,2021-10-25,TRUE,Confluence,116,NA,NA,NA,NA,0.22600000000000087,55,20361.652892562,64024.4628099174,2,2021-10-27,72091.2396694215,2,51729.5867768595,C,0,403,0,323,76.34
2022,2021-12-25,2021-10-25,TRUE,Confluence,116,NA,-175.37666666666655,NA,NA,NA,55,20361.652892562,64024.4628099174,2,2021-10-27,72091.2396694215,2,51729.5867768595,C,0,403,0,323,76.34
2022,2021-12-25,2021-10-25,TRUE,Confluence,116,NA,NA,-1.1839999999999975,NA,NA,55,20361.652892562,64024.4628099174,2,2021-10-27,72091.2396694215,2,51729.5867768595,C,0,403,0,323,76.34
2022,2021-12-25,2021-10-25,TRUE,Confluence,116,15466.666666666666,NA,NA,NA,NA,55,20361.652892562,64024.4628099174,2,2021-10-27,72091.2396694215,2,51729.5867768595,C,0,403,0,323,76.34
2022,2021-12-25,2021-10-25,TRUE,Confluence,116,NA,NA,NA,0.2433333333333333,NA,55,20361.652892562,64024.4628099174,2,2021-10-27,72091.2396694215,2,51729.5867768595,C,0,403,0,323,76.34
2022,2021-12-25,2021-10-25,TRUE,North and South Forks Mokelumne River,116,NA,NA,NA,NA,0.6244444444444444,55,20361.652892562,64024.4628099174,2,2021-10-27,72091.2396694215,2,51729.5867768595,C,0,403,0,323,76.34
2022,2021-12-25,2021-10-25,TRUE,North and South Forks Mokelumne River,116,NA,-10.641111111111115,NA,NA,NA,55,20361.652892562,64024.4628099174,2,2021-10-27,72091.2396694215,2,51729.5867768595,C,0,403,0,323,76.34
2022,2021-12-25,2021-10-25,TRUE,North and South Forks Mokelumne River,116,NA,NA,8.545555555555556,NA,NA,55,20361.652892562,64024.4628099174,2,2021-10-27,72091.2396694215,2,51729.5867768595,C,0,403,0,323,76.34
2022,2021-12-25,2021-10-25,TRUE,North and South Forks Mokelumne River,116,3653.3333333333335,NA,NA,NA,NA,55,20361.652892562,64024.4628099174,2,2021-10-27,72091.2396694215,2,51729.5867768595,C,0,403,0,323,76.34
2022,2021-12-25,2021-10-25,TRUE,North and South Forks Mokelumne River,116,NA,NA,NA,0.4188888888888889,NA,55,20361.652892562,64024.4628099174,2,2021-10-27,72091.2396694215,2,51729.5867768595,C,0,403,0,323,76.34
2022,2021-12-25,2021-10-25,TRUE,Out of Bounds,116,NA,NA,NA,NA,0.043333333333333,55,20361.652892562,64024.4628099174,2,2021-10-27,72091.2396694215,2,51729.5867768595,C,0,403,0,323,76.34
2022,2021-12-25,2021-10-25,TRUE,Out of Bounds,116,NA,-137.07333333333338,NA,NA,NA,55,20361.652892562,64024.4628099174,2,2021-10-27,72091.2396694215,2,51729.5867768595,C,0,403,0,323,76.34
2022,2021-12-25,2021-10-25,TRUE,Out of Bounds,116,NA,NA,14.183333333333334,NA,NA,55,20361.652892562,64024.4628099174,2,2021-10-27,72091.2396694215,2,51729.5867768595,C,0,403,0,323,76.34
2022,2021-12-25,2021-10-25,TRUE,Out of Bounds,116,NA,NA,NA,NA,NA,55,20361.652892562,64024.4628099174,2,2021-10-27,72091.2396694215,2,51729.5867768595,C,0,403,0,323,76.34
2022,2021-12-25,2021-10-25,TRUE,Sacramento River Deep Water Ship Channel,116,NA,NA,NA,NA,-0.33000000000000007,55,20361.652892562,64024.4628099174,2,2021-10-27,72091.2396694215,2,51729.5867768595,C,0,403,0,323,76.34
2022,2021-12-25,2021-10-25,TRUE,Sacramento River Deep Water Ship Channel,116,NA,9.57333333333338,NA,NA,NA,55,20361.652892562,64024.4628099174,2,2021-10-27,72091.2396694215,2,51729.5867768595,C,0,403,0,323,76.34
2022,2021-12-25,2021-10-25,TRUE,Sacramento River Deep Water Ship Channel,116,NA,NA,-6.516666666666666,NA,NA,55,20361.652892562,64024.4628099174,2,2021-10-27,72091.2396694215,2,51729.5867768595,C,0,403,0,323,76.34
2022,2021-12-25,2021-10-25,TRUE,Sacramento River Deep Water Ship Channel,116,NA,NA,NA,NA,NA,55,20361.652892562,64024.4628099174,2,2021-10-27,72091.2396694215,2,51729.5867768595,C,0,403,0,323,76.34
2022,2021-12-25,2021-10-25,TRUE,Sacramento River Mainstem,116,NA,NA,NA,NA,0.8147619047619052,55,20361.652892562,64024.4628099174,2,2021-10-27,72091.2396694215,2,51729.5867768595,C,0,403,0,323,76.34
2022,2021-12-25,2021-10-25,TRUE,Sacramento River Mainstem,116,NA,-25.545714285714297,NA,NA,NA,55,20361.652892562,64024.4628099174,2,2021-10-27,72091.2396694215,2,51729.5867768595,C,0,403,0,323,76.34
2022,2021-12-25,2021-10-25,TRUE,Sacramento River Mainstem,116,NA,NA,19.34380952380953,NA,NA,55,20361.652892562,64024.4628099174,2,2021-10-27,72091.2396694215,2,51729.5867768595,C,0,403,0,323,76.34
2022,2021-12-25,2021-10-25,TRUE,Sacramento River Mainstem,116,5449.271111111111,NA,NA,NA,NA,55,20361.652892562,64024.4628099174,2,2021-10-27,72091.2396694215,2,51729.5867768595,C,0,403,0,323,76.34
2022,2021-12-25,2021-10-25,TRUE,Sacramento River Mainstem,116,NA,NA,NA,0.6872222222222223,NA,55,20361.652892562,64024.4628099174,2,2021-10-27,72091.2396694215,2,51729.5867768595,C,0,403,0,323,76.34
2022,2021-12-25,2021-10-25,TRUE,San Pablo Bay and Carquinez Strait,116,NA,NA,NA,NA,-0.32333333333333236,55,20361.652892562,64024.4628099174,2,2021-10-27,72091.2396694215,2,51729.5867768595,C,0,403,0,323,76.34
2022,2021-12-25,2021-10-25,TRUE,San Pablo Bay and Carquinez Strait,116,NA,-6271.233333333334,NA,NA,NA,55,20361.652892562,64024.4628099174,2,2021-10-27,72091.2396694215,2,51729.5867768595,C,0,403,0,323,76.34
2022,2021-12-25,2021-10-25,TRUE,San Pablo Bay and Carquinez Strait,116,NA,NA,-1.486666666666668,NA,NA,55,20361.652892562,64024.4628099174,2,2021-10-27,72091.2396694215,2,51729.5867768595,C,0,403,0,323,76.34
2022,2021-12-25,2021-10-25,TRUE,San Pablo Bay and Carquinez Strait,116,NA,NA,NA,NA,NA,55,20361.652892562,64024.4628099174,2,2021-10-27,72091.2396694215,2,51729.5867768595,C,0,403,0,323,76.34
2022,2021-12-25,2021-10-25,TRUE,South Delta,116,NA,NA,NA,NA,0.04803921568627345,55,20361.652892562,64024.4628099174,2,2021-10-27,72091.2396694215,2,51729.5867768595,C,0,403,0,323,76.34
2022,2021-12-25,2021-10-25,TRUE,South Delta,116,NA,-26.562352941176528,NA,NA,NA,55,20361.652892562,64024.4628099174,2,2021-10-27,72091.2396694215,2,51729.5867768595,C,0,403,0,323,76.34
2022,2021-12-25,2021-10-25,TRUE,South Delta,116,NA,NA,2.2219607843137252,NA,NA,55,20361.652892562,64024.4628099174,2,2021-10-27,72091.2396694215,2,51729.5867768595,C,0,403,0,323,76.34
2022,2021-12-25,2021-10-25,TRUE,South Delta,116,750.7960784313725,NA,NA,NA,NA,55,20361.652892562,64024.4628099174,2,2021-10-27,72091.2396694215,2,51729.5867768595,C,0,403,0,323,76.34
2022,2021-12-25,2021-10-25,TRUE,South Delta,116,NA,NA,NA,0.08395833333333333,NA,55,20361.652892562,64024.4628099174,2,2021-10-27,72091.2396694215,2,51729.5867768595,C,0,403,0,323,76.34
2022,2021-12-25,2021-10-25,TRUE,Suisun Marsh and Montezuma Slough,116,NA,NA,NA,NA,-0.04833333333333378,55,20361.652892562,64024.4628099174,2,2021-10-27,72091.2396694215,2,51729.5867768595,C,0,403,0,323,76.34
2022,2021-12-25,2021-10-25,TRUE,Suisun Marsh and Montezuma Slough,116,NA,11.772500000000036,NA,NA,NA,55,20361.652892562,64024.4628099174,2,2021-10-27,72091.2396694215,2,51729.5867768595,C,0,403,0,323,76.34
2022,2021-12-25,2021-10-25,TRUE,Suisun Marsh and Montezuma Slough,116,NA,NA,13.481666666666673,NA,NA,55,20361.652892562,64024.4628099174,2,2021-10-27,72091.2396694215,2,51729.5867768595,C,0,403,0,323,76.34
2022,2021-12-25,2021-10-25,TRUE,Suisun Marsh and Montezuma Slough,116,146.19,NA,NA,NA,NA,55,20361.652892562,64024.4628099174,2,2021-10-27,72091.2396694215,2,51729.5867768595,C,0,403,0,323,76.34
2022,2021-12-25,2021-10-25,TRUE,Suisun Marsh and Montezuma Slough,116,NA,NA,NA,0.02333333333333334,NA,55,20361.652892562,64024.4628099174,2,2021-10-27,72091.2396694215,2,51729.5867768595,C,0,403,0,323,76.34
2022,2021-12-25,2021-10-25,TRUE,Suisun and Honker Bays,116,NA,NA,NA,NA,-0.5144444444444449,55,20361.652892562,64024.4628099174,2,2021-10-27,72091.2396694215,2,51729.5867768595,C,0,403,0,323,76.34
2022,2021-12-25,2021-10-25,TRUE,Suisun and Honker Bays,116,NA,-3408.565555555555,NA,NA,NA,55,20361.652892562,64024.4628099174,2,2021-10-27,72091.2396694215,2,51729.5867768595,C,0,403,0,323,76.34
2022,2021-12-25,2021-10-25,TRUE,Suisun and Honker Bays,116,NA,NA,18.433333333333337,NA,NA,55,20361.652892562,64024.4628099174,2,2021-10-27,72091.2396694215,2,51729.5867768595,C,0,403,0,323,76.34
2022,2021-12-25,2021-10-25,TRUE,Suisun and Honker Bays,116,NA,NA,NA,NA,NA,55,20361.652892562,64024.4628099174,2,2021-10-27,72091.2396694215,2,51729.5867768595,C,0,403,0,323,76.34
2022,2021-12-25,2021-10-25,TRUE,NA,116,NA,NA,NA,NA,NA,55,20361.652892562,64024.4628099174,2,2021-10-27,72091.2396694215,2,51729.5867768595,C,0,403,0,323,76.34
2023,2022-12-30,2022-12-30,FALSE,Cache Slough and Liberty Island,121,NA,NA,NA,NA,1.083333333333334,121,23925.9504132231,81858.5123966942,4,2023-01-12,231732.892561983,13,207806.94214876,W,0,464,0,403,81.55
2023,2022-12-30,2022-12-30,FALSE,Cache Slough and Liberty Island,121,NA,3.816666666666663,NA,NA,NA,121,23925.9504132231,81858.5123966942,4,2023-01-12,231732.892561983,13,207806.94214876,W,0,464,0,403,81.55
2023,2022-12-30,2022-12-30,FALSE,Cache Slough and Liberty Island,121,NA,NA,40.81,NA,NA,121,23925.9504132231,81858.5123966942,4,2023-01-12,231732.892561983,13,207806.94214876,W,0,464,0,403,81.55
2023,2022-12-30,2022-12-30,FALSE,Cache Slough and Liberty Island,121,NA,NA,NA,NA,NA,121,23925.9504132231,81858.5123966942,4,2023-01-12,231732.892561983,13,207806.94214876,W,0,464,0,403,81.55
2023,2022-12-30,2022-12-30,FALSE,Confluence,121,NA,NA,NA,NA,0.668000000000001,121,23925.9504132231,81858.5123966942,4,2023-01-12,231732.892561983,13,207806.94214876,W,0,464,0,403,81.55
2023,2022-12-30,2022-12-30,FALSE,Confluence,121,NA,-636.8153333333339,NA,NA,NA,121,23925.9504132231,81858.5123966942,4,2023-01-12,231732.892561983,13,207806.94214876,W,0,464,0,403,81.55
2023,2022-12-30,2022-12-30,FALSE,Confluence,121,NA,NA,9.986666666666666,NA,NA,121,23925.9504132231,81858.5123966942,4,2023-01-12,231732.892561983,13,207806.94214876,W,0,464,0,403,81.55
2023,2022-12-30,2022-12-30,FALSE,Confluence,121,22243.333333333336,NA,NA,NA,NA,121,23925.9504132231,81858.5123966942,4,2023-01-12,231732.892561983,13,207806.94214876,W,0,464,0,403,81.55
2023,2022-12-30,2022-12-30,FALSE,Confluence,121,NA,NA,NA,0.3333333333333333,NA,121,23925.9504132231,81858.5123966942,4,2023-01-12,231732.892561983,13,207806.94214876,W,0,464,0,403,81.55
2023,2022-12-30,2022-12-30,FALSE,North and South Forks Mokelumne River,121,NA,NA,NA,NA,1.1877777777777787,121,23925.9504132231,81858.5123966942,4,2023-01-12,231732.892561983,13,207806.94214876,W,0,464,0,403,81.55
2023,2022-12-30,2022-12-30,FALSE,North and South Forks Mokelumne River,121,NA,-52.831111111111085,NA,NA,NA,121,23925.9504132231,81858.5123966942,4,2023-01-12,231732.892561983,13,207806.94214876,W,0,464,0,403,81.55
2023,2022-12-30,2022-12-30,FALSE,North and South Forks Mokelumne River,121,NA,NA,34.19666666666667,NA,NA,121,23925.9504132231,81858.5123966942,4,2023-01-12,231732.892561983,13,207806.94214876,W,0,464,0,403,81.55
2023,2022-12-30,2022-12-30,FALSE,North and South Forks Mokelumne River,121,6716.666666666666,NA,NA,NA,NA,121,23925.9504132231,81858.5123966942,4,2023-01-12,231732.892561983,13,207806.94214876,W,0,464,0,403,81.55
2023,2022-12-30,2022-12-30,FALSE,North and South Forks Mokelumne River,121,NA,NA,NA,0.7155555555555555,NA,121,23925.9504132231,81858.5123966942,4,2023-01-12,231732.892561983,13,207806.94214876,W,0,464,0,403,81.55
2023,2022-12-30,2022-12-30,FALSE,Out of Bounds,121,NA,NA,NA,NA,1.7666666666666655,121,23925.9504132231,81858.5123966942,4,2023-01-12,231732.892561983,13,207806.94214876,W,0,464,0,403,81.55
2023,2022-12-30,2022-12-30,FALSE,Out of Bounds,121,NA,-174.08999999999995,NA,NA,NA,121,23925.9504132231,81858.5123966942,4,2023-01-12,231732.892561983,13,207806.94214876,W,0,464,0,403,81.55
2023,2022-12-30,2022-12-30,FALSE,Out of Bounds,121,NA,NA,20.653333333333336,NA,NA,121,23925.9504132231,81858.5123966942,4,2023-01-12,231732.892561983,13,207806.94214876,W,0,464,0,403,81.55
2023,2022-12-30,2022-12-30,FALSE,Out of Bounds,121,NA,NA,NA,NA,NA,121,23925.9504132231,81858.5123966942,4,2023-01-12,231732.892561983,13,207806.94214876,W,0,464,0,403,81.55
2023,2022-12-30,2022-12-30,FALSE,Sacramento River Deep Water Ship Channel,121,NA,NA,NA,NA,NA,121,23925.9504132231,81858.5123966942,4,2023-01-12,231732.892561983,13,207806.94214876,W,0,464,0,403,81.55
2023,2022-12-30,2022-12-30,FALSE,Sacramento River Deep Water Ship Channel,121,NA,NA,2.616666666666667,NA,NA,121,23925.9504132231,81858.5123966942,4,2023-01-12,231732.892561983,13,207806.94214876,W,0,464,0,403,81.55
2023,2022-12-30,2022-12-30,FALSE,Sacramento River Mainstem,121,NA,NA,NA,NA,1.0633333333333326,121,23925.9504132231,81858.5123966942,4,2023-01-12,231732.892561983,13,207806.94214876,W,0,464,0,403,81.55
2023,2022-12-30,2022-12-30,FALSE,Sacramento River Mainstem,121,NA,-36.23523809523809,NA,NA,NA,121,23925.9504132231,81858.5123966942,4,2023-01-12,231732.892561983,13,207806.94214876,W,0,464,0,403,81.55
2023,2022-12-30,2022-12-30,FALSE,Sacramento River Mainstem,121,NA,NA,68.23571428571428,NA,NA,121,23925.9504132231,81858.5123966942,4,2023-01-12,231732.892561983,13,207806.94214876,W,0,464,0,403,81.55
2023,2022-12-30,2022-12-30,FALSE,Sacramento River Mainstem,121,10244.285555555554,NA,NA,NA,NA,121,23925.9504132231,81858.5123966942,4,2023-01-12,231732.892561983,13,207806.94214876,W,0,464,0,403,81.55
2023,2022-12-30,2022-12-30,FALSE,Sacramento River Mainstem,121,NA,NA,NA,1.1783333333333337,NA,121,23925.9504132231,81858.5123966942,4,2023-01-12,231732.892561983,13,207806.94214876,W,0,464,0,403,81.55
2023,2022-12-30,2022-12-30,FALSE,San Pablo Bay and Carquinez Strait,121,NA,NA,NA,NA,0.5061111111111121,121,23925.9504132231,81858.5123966942,4,2023-01-12,231732.892561983,13,207806.94214876,W,0,464,0,403,81.55
2023,2022-12-30,2022-12-30,FALSE,San Pablo Bay and Carquinez Strait,121,NA,-4577.821666666667,NA,NA,NA,121,23925.9504132231,81858.5123966942,4,2023-01-12,231732.892561983,13,207806.94214876,W,0,464,0,403,81.55
2023,2022-12-30,2022-12-30,FALSE,San Pablo Bay and Carquinez Strait,121,NA,NA,5.051111111111112,NA,NA,121,23925.9504132231,81858.5123966942,4,2023-01-12,231732.892561983,13,207806.94214876,W,0,464,0,403,81.55
2023,2022-12-30,2022-12-30,FALSE,San Pablo Bay and Carquinez Strait,121,NA,NA,NA,NA,NA,121,23925.9504132231,81858.5123966942,4,2023-01-12,231732.892561983,13,207806.94214876,W,0,464,0,403,81.55
2023,2022-12-30,2022-12-30,FALSE,South Delta,121,NA,NA,NA,NA,1.0131372549019613,121,23925.9504132231,81858.5123966942,4,2023-01-12,231732.892561983,13,207806.94214876,W,0,464,0,403,81.55
2023,2022-12-30,2022-12-30,FALSE,South Delta,121,NA,-70.28645833333337,NA,NA,NA,121,23925.9504132231,81858.5123966942,4,2023-01-12,231732.892561983,13,207806.94214876,W,0,464,0,403,81.55
2023,2022-12-30,2022-12-30,FALSE,South Delta,121,NA,NA,8.18549019607843,NA,NA,121,23925.9504132231,81858.5123966942,4,2023-01-12,231732.892561983,13,207806.94214876,W,0,464,0,403,81.55
2023,2022-12-30,2022-12-30,FALSE,South Delta,121,1154.6338803418805,NA,NA,NA,NA,121,23925.9504132231,81858.5123966942,4,2023-01-12,231732.892561983,13,207806.94214876,W,0,464,0,403,81.55
2023,2022-12-30,2022-12-30,FALSE,South Delta,121,NA,NA,NA,0.1492063492063492,NA,121,23925.9504132231,81858.5123966942,4,2023-01-12,231732.892561983,13,207806.94214876,W,0,464,0,403,81.55
2023,2022-12-30,2022-12-30,FALSE,Suisun Marsh and Montezuma Slough,121,NA,NA,NA,NA,1.0459999999999994,121,23925.9504132231,81858.5123966942,4,2023-01-12,231732.892561983,13,207806.94214876,W,0,464,0,403,81.55
2023,2022-12-30,2022-12-30,FALSE,Suisun Marsh and Montezuma Slough,121,NA,-2571.9913333333334,NA,NA,NA,121,23925.9504132231,81858.5123966942,4,2023-01-12,231732.892561983,13,207806.94214876,W,0,464,0,403,81.55
2023,2022-12-30,2022-12-30,FALSE,Suisun Marsh and Montezuma Slough,121,NA,NA,-0.3440000000000012,NA,NA,121,23925.9504132231,81858.5123966942,4,2023-01-12,231732.892561983,13,207806.94214876,W,0,464,0,403,81.55
2023,2022-12-30,2022-12-30,FALSE,Suisun Marsh and Montezuma Slough,121,287.61333333333323,NA,NA,NA,NA,121,23925.9504132231,81858.5123966942,4,2023-01-12,231732.892561983,13,207806.94214876,W,0,464,0,403,81.55
2023,2022-12-30,2022-12-30,FALSE,Suisun Marsh and Montezuma Slough,121,NA,NA,NA,0.04666666666666669,NA,121,23925.9504132231,81858.5123966942,4,2023-01-12,231732.892561983,13,207806.94214876,W,0,464,0,403,81.55
2023,2022-12-30,2022-12-30,FALSE,Suisun and Honker Bays,121,NA,NA,NA,NA,0.5777777777777793,121,23925.9504132231,81858.5123966942,4,2023-01-12,231732.892561983,13,207806.94214876,W,0,464,0,403,81.55
2023,2022-12-30,2022-12-30,FALSE,Suisun and Honker Bays,121,NA,-3554.9066666666677,NA,NA,NA,121,23925.9504132231,81858.5123966942,4,2023-01-12,231732.892561983,13,207806.94214876,W,0,464,0,403,81.55
2023,2022-12-30,2022-12-30,FALSE,Suisun and Honker Bays,121,NA,NA,3.895555555555557,NA,NA,121,23925.9504132231,81858.5123966942,4,2023-01-12,231732.892561983,13,207806.94214876,W,0,464,0,403,81.55
2023,2022-12-30,2022-12-30,FALSE,Suisun and Honker Bays,121,NA,NA,NA,NA,NA,121,23925.9504132231,81858.5123966942,4,2023-01-12,231732.892561983,13,207806.94214876,W,0,464,0,403,81.55
2023,2022-12-30,2022-12-30,FALSE,NA,121,NA,NA,NA,NA,NA,121,23925.9504132231,81858.5123966942,4,2023-01-12,231732.892561983,13,207806.94214876,W,0,464,0,403,81.55
2023,2023-01-10,2022-12-30,TRUE,Cache Slough and Liberty Island,132,NA,NA,NA,NA,0.49333333333333407,121,23925.9504132231,81858.5123966942,4,2023-01-12,231732.892561983,13,207806.94214876,W,0,464,0,403,67.56
2023,2023-01-10,2022-12-30,TRUE,Cache Slough and Liberty Island,132,NA,16.82833333333332,NA,NA,NA,121,23925.9504132231,81858.5123966942,4,2023-01-12,231732.892561983,13,207806.94214876,W,0,464,0,403,67.56
2023,2023-01-10,2022-12-30,TRUE,Cache Slough and Liberty Island,132,NA,NA,5.349999999999994,NA,NA,121,23925.9504132231,81858.5123966942,4,2023-01-12,231732.892561983,13,207806.94214876,W,0,464,0,403,67.56
2023,2023-01-10,2022-12-30,TRUE,Cache Slough and Liberty Island,132,NA,NA,NA,NA,NA,121,23925.9504132231,81858.5123966942,4,2023-01-12,231732.892561983,13,207806.94214876,W,0,464,0,403,67.56
2023,2023-01-10,2022-12-30,TRUE,Cache Slough and Liberty Island,132,NA,NA,NA,0.3466666666666667,NA,121,23925.9504132231,81858.5123966942,4,2023-01-12,231732.892561983,13,207806.94214876,W,0,464,0,403,67.56
2023,2023-01-10,2022-12-30,TRUE,Confluence,132,NA,NA,NA,NA,0.35666666666666735,121,23925.9504132231,81858.5123966942,4,2023-01-12,231732.892561983,13,207806.94214876,W,0,464,0,403,67.56
2023,2023-01-10,2022-12-30,TRUE,Confluence,132,NA,10.78933333333316,NA,NA,NA,121,23925.9504132231,81858.5123966942,4,2023-01-12,231732.892561983,13,207806.94214876,W,0,464,0,403,67.56
2023,2023-01-10,2022-12-30,TRUE,Confluence,132,NA,NA,10.38066666666667,NA,NA,121,23925.9504132231,81858.5123966942,4,2023-01-12,231732.892561983,13,207806.94214876,W,0,464,0,403,67.56
2023,2023-01-10,2022-12-30,TRUE,Confluence,132,14366.666666666655,NA,NA,NA,NA,121,23925.9504132231,81858.5123966942,4,2023-01-12,231732.892561983,13,207806.94214876,W,0,464,0,403,67.56
2023,2023-01-10,2022-12-30,TRUE,Confluence,132,NA,NA,NA,0.2066666666666668,NA,121,23925.9504132231,81858.5123966942,4,2023-01-12,231732.892561983,13,207806.94214876,W,0,464,0,403,67.56
2023,2023-01-10,2022-12-30,TRUE,North and South Forks Mokelumne River,132,NA,NA,NA,NA,0.398888888888889,121,23925.9504132231,81858.5123966942,4,2023-01-12,231732.892561983,13,207806.94214876,W,0,464,0,403,67.56
2023,2023-01-10,2022-12-30,TRUE,North and South Forks Mokelumne River,132,NA,1.0944444444444343,NA,NA,NA,121,23925.9504132231,81858.5123966942,4,2023-01-12,231732.892561983,13,207806.94214876,W,0,464,0,403,67.56
2023,2023-01-10,2022-12-30,TRUE,North and South Forks Mokelumne River,132,NA,NA,-8.532222222222217,NA,NA,121,23925.9504132231,81858.5123966942,4,2023-01-12,231732.892561983,13,207806.94214876,W,0,464,0,403,67.56
2023,2023-01-10,2022-12-30,TRUE,North and South Forks Mokelumne River,132,3085.5555555555547,NA,NA,NA,NA,121,23925.9504132231,81858.5123966942,4,2023-01-12,231732.892561983,13,207806.94214876,W,0,464,0,403,67.56
2023,2023-01-10,2022-12-30,TRUE,North and South Forks Mokelumne River,132,NA,NA,NA,0.3211111111111111,NA,121,23925.9504132231,81858.5123966942,4,2023-01-12,231732.892561983,13,207806.94214876,W,0,464,0,403,67.56
2023,2023-01-10,2022-12-30,TRUE,Out of Bounds,132,NA,NA,NA,NA,0.7233333333333345,121,23925.9504132231,81858.5123966942,4,2023-01-12,231732.892561983,13,207806.94214876,W,0,464,0,403,67.56
2023,2023-01-10,2022-12-30,TRUE,Out of Bounds,132,NA,-36.29666666666668,NA,NA,NA,121,23925.9504132231,81858.5123966942,4,2023-01-12,231732.892561983,13,207806.94214876,W,0,464,0,403,67.56
2023,2023-01-10,2022-12-30,TRUE,Out of Bounds,132,NA,NA,62.73333333333334,NA,NA,121,23925.9504132231,81858.5123966942,4,2023-01-12,231732.892561983,13,207806.94214876,W,0,464,0,403,67.56
2023,2023-01-10,2022-12-30,TRUE,Out of Bounds,132,NA,NA,NA,NA,NA,121,23925.9504132231,81858.5123966942,4,2023-01-12,231732.892561983,13,207806.94214876,W,0,464,0,403,67.56
2023,2023-01-10,2022-12-30,TRUE,Sacramento River Deep Water Ship Channel,132,NA,NA,NA,NA,NA,121,23925.9504132231,81858.5123966942,4,2023-01-12,231732.892561983,13,207806.94214876,W,0,464,0,403,67.56
2023,2023-01-10,2022-12-30,TRUE,Sacramento River Deep Water Ship Channel,132,NA,NA,-7.743333333333325,NA,NA,121,23925.9504132231,81858.5123966942,4,2023-01-12,231732.892561983,13,207806.94214876,W,0,464,0,403,67.56
2023,2023-01-10,2022-12-30,TRUE,Sacramento River Mainstem,132,NA,NA,NA,NA,0.4652380952380959,121,23925.9504132231,81858.5123966942,4,2023-01-12,231732.892561983,13,207806.94214876,W,0,464,0,403,67.56
2023,2023-01-10,2022-12-30,TRUE,Sacramento River Mainstem,132,NA,12.557619047619056,NA,NA,NA,121,23925.9504132231,81858.5123966942,4,2023-01-12,231732.892561983,13,207806.94214876,W,0,464,0,403,67.56
2023,2023-01-10,2022-12-30,TRUE,Sacramento River Mainstem,132,NA,NA,-30.009523809523813,NA,NA,121,23925.9504132231,81858.5123966942,4,2023-01-12,231732.892561983,13,207806.94214876,W,0,464,0,403,67.56
2023,2023-01-10,2022-12-30,TRUE,Sacramento River Mainstem,132,55.790333333334274,NA,NA,NA,NA,121,23925.9504132231,81858.5123966942,4,2023-01-12,231732.892561983,13,207806.94214876,W,0,464,0,403,67.56
2023,2023-01-10,2022-12-30,TRUE,Sacramento River Mainstem,132,NA,NA,NA,-0.03122222222222204,NA,121,23925.9504132231,81858.5123966942,4,2023-01-12,231732.892561983,13,207806.94214876,W,0,464,0,403,67.56
2023,2023-01-10,2022-12-30,TRUE,San Pablo Bay and Carquinez Strait,132,NA,NA,NA,NA,0.17444444444444507,121,23925.9504132231,81858.5123966942,4,2023-01-12,231732.892561983,13,207806.94214876,W,0,464,0,403,67.56
2023,2023-01-10,2022-12-30,TRUE,San Pablo Bay and Carquinez Strait,132,NA,-2872.3277777777776,NA,NA,NA,121,23925.9504132231,81858.5123966942,4,2023-01-12,231732.892561983,13,207806.94214876,W,0,464,0,403,67.56
2023,2023-01-10,2022-12-30,TRUE,San Pablo Bay and Carquinez Strait,132,NA,NA,12.40111111111112,NA,NA,121,23925.9504132231,81858.5123966942,4,2023-01-12,231732.892561983,13,207806.94214876,W,0,464,0,403,67.56
2023,2023-01-10,2022-12-30,TRUE,San Pablo Bay and Carquinez Strait,132,NA,NA,NA,NA,NA,121,23925.9504132231,81858.5123966942,4,2023-01-12,231732.892561983,13,207806.94214876,W,0,464,0,403,67.56
2023,2023-01-10,2022-12-30,TRUE,South Delta,132,NA,NA,NA,NA,0.45450980392156914,121,23925.9504132231,81858.5123966942,4,2023-01-12,231732.892561983,13,207806.94214876,W,0,464,0,403,67.56
2023,2023-01-10,2022-12-30,TRUE,South Delta,132,NA,7.491176470588243,NA,NA,NA,121,23925.9504132231,81858.5123966942,4,2023-01-12,231732.892561983,13,207806.94214876,W,0,464,0,403,67.56
2023,2023-01-10,2022-12-30,TRUE,South Delta,132,NA,NA,10.45411764705883,NA,NA,121,23925.9504132231,81858.5123966942,4,2023-01-12,231732.892561983,13,207806.94214876,W,0,464,0,403,67.56
2023,2023-01-10,2022-12-30,TRUE,South Delta,132,1577.3813333333335,NA,NA,NA,NA,121,23925.9504132231,81858.5123966942,4,2023-01-12,231732.892561983,13,207806.94214876,W,0,464,0,403,67.56
2023,2023-01-10,2022-12-30,TRUE,South Delta,132,NA,NA,NA,0.1769047619047619,NA,121,23925.9504132231,81858.5123966942,4,2023-01-12,231732.892561983,13,207806.94214876,W,0,464,0,403,67.56
2023,2023-01-10,2022-12-30,TRUE,Suisun Marsh and Montezuma Slough,132,NA,NA,NA,NA,0.30733333333333235,121,23925.9504132231,81858.5123966942,4,2023-01-12,231732.892561983,13,207806.94214876,W,0,464,0,403,67.56
2023,2023-01-10,2022-12-30,TRUE,Suisun Marsh and Montezuma Slough,132,NA,-406.58333333333326,NA,NA,NA,121,23925.9504132231,81858.5123966942,4,2023-01-12,231732.892561983,13,207806.94214876,W,0,464,0,403,67.56
2023,2023-01-10,2022-12-30,TRUE,Suisun Marsh and Montezuma Slough,132,NA,NA,14.676666666666662,NA,NA,121,23925.9504132231,81858.5123966942,4,2023-01-12,231732.892561983,13,207806.94214876,W,0,464,0,403,67.56
2023,2023-01-10,2022-12-30,TRUE,Suisun Marsh and Montezuma Slough,132,320.51,NA,NA,NA,NA,121,23925.9504132231,81858.5123966942,4,2023-01-12,231732.892561983,13,207806.94214876,W,0,464,0,403,67.56
2023,2023-01-10,2022-12-30,TRUE,Suisun Marsh and Montezuma Slough,132,NA,NA,NA,0.04666666666666669,NA,121,23925.9504132231,81858.5123966942,4,2023-01-12,231732.892561983,13,207806.94214876,W,0,464,0,403,67.56
2023,2023-01-10,2022-12-30,TRUE,Suisun and Honker Bays,132,NA,NA,NA,NA,0.2733333333333352,121,23925.9504132231,81858.5123966942,4,2023-01-12,231732.892561983,13,207806.94214876,W,0,464,0,403,67.56
2023,2023-01-10,2022-12-30,TRUE,Suisun and Honker Bays,132,NA,-173.80777777777774,NA,NA,NA,121,23925.9504132231,81858.5123966942,4,2023-01-12,231732.892561983,13,207806.94214876,W,0,464,0,403,67.56
2023,2023-01-10,2022-12-30,TRUE,Suisun and Honker Bays,132,NA,NA,25.362222222222215,NA,NA,121,23925.9504132231,81858.5123966942,4,2023-01-12,231732.892561983,13,207806.94214876,W,0,464,0,403,67.56
2023,2023-01-10,2022-12-30,TRUE,Suisun and Honker Bays,132,NA,NA,NA,NA,NA,121,23925.9504132231,81858.5123966942,4,2023-01-12,231732.892561983,13,207806.94214876,W,0,464,0,403,67.56
2023,2023-01-10,2022-12-30,TRUE,NA,132,NA,NA,NA,NA,NA,121,23925.9504132231,81858.5123966942,4,2023-01-12,231732.892561983,13,207806.94214876,W,0,464,0,403,67.56
2023,2023-01-15,2022-12-30,TRUE,Cache Slough and Liberty Island,137,NA,NA,NA,NA,-0.5366666666666653,121,23925.9504132231,81858.5123966942,4,2023-01-12,231732.892561983,13,207806.94214876,W,0,464,0,403,62.35
2023,2023-01-15,2022-12-30,TRUE,Cache Slough and Liberty Island,137,NA,-43.629999999999995,NA,NA,NA,121,23925.9504132231,81858.5123966942,4,2023-01-12,231732.892561983,13,207806.94214876,W,0,464,0,403,62.35
2023,2023-01-15,2022-12-30,TRUE,Cache Slough and Liberty Island,137,NA,NA,23.788333333333327,NA,NA,121,23925.9504132231,81858.5123966942,4,2023-01-12,231732.892561983,13,207806.94214876,W,0,464,0,403,62.35
2023,2023-01-15,2022-12-30,TRUE,Cache Slough and Liberty Island,137,NA,NA,NA,NA,NA,121,23925.9504132231,81858.5123966942,4,2023-01-12,231732.892561983,13,207806.94214876,W,0,464,0,403,62.35
2023,2023-01-15,2022-12-30,TRUE,Cache Slough and Liberty Island,137,NA,NA,NA,0.9933333333333332,NA,121,23925.9504132231,81858.5123966942,4,2023-01-12,231732.892561983,13,207806.94214876,W,0,464,0,403,62.35
2023,2023-01-15,2022-12-30,TRUE,Confluence,137,NA,NA,NA,NA,0.14533333333333331,121,23925.9504132231,81858.5123966942,4,2023-01-12,231732.892561983,13,207806.94214876,W,0,464,0,403,62.35
2023,2023-01-15,2022-12-30,TRUE,Confluence,137,NA,-9.79933333333338,NA,NA,NA,121,23925.9504132231,81858.5123966942,4,2023-01-12,231732.892561983,13,207806.94214876,W,0,464,0,403,62.35
2023,2023-01-15,2022-12-30,TRUE,Confluence,137,NA,NA,11.310000000000002,NA,NA,121,23925.9504132231,81858.5123966942,4,2023-01-12,231732.892561983,13,207806.94214876,W,0,464,0,403,62.35
2023,2023-01-15,2022-12-30,TRUE,Confluence,137,22166.666666666657,NA,NA,NA,NA,121,23925.9504132231,81858.5123966942,4,2023-01-12,231732.892561983,13,207806.94214876,W,0,464,0,403,62.35
2023,2023-01-15,2022-12-30,TRUE,Confluence,137,NA,NA,NA,0.32666666666666666,NA,121,23925.9504132231,81858.5123966942,4,2023-01-12,231732.892561983,13,207806.94214876,W,0,464,0,403,62.35
2023,2023-01-15,2022-12-30,TRUE,North and South Forks Mokelumne River,137,NA,NA,NA,NA,-0.017777777777777,121,23925.9504132231,81858.5123966942,4,2023-01-12,231732.892561983,13,207806.94214876,W,0,464,0,403,62.35
2023,2023-01-15,2022-12-30,TRUE,North and South Forks Mokelumne River,137,NA,-15.2511111111111,NA,NA,NA,121,23925.9504132231,81858.5123966942,4,2023-01-12,231732.892561983,13,207806.94214876,W,0,464,0,403,62.35
2023,2023-01-15,2022-12-30,TRUE,North and South Forks Mokelumne River,137,NA,NA,3.254444444444452,NA,NA,121,23925.9504132231,81858.5123966942,4,2023-01-12,231732.892561983,13,207806.94214876,W,0,464,0,403,62.35
2023,2023-01-15,2022-12-30,TRUE,North and South Forks Mokelumne River,137,4387.777777777777,NA,NA,NA,NA,121,23925.9504132231,81858.5123966942,4,2023-01-12,231732.892561983,13,207806.94214876,W,0,464,0,403,62.35
2023,2023-01-15,2022-12-30,TRUE,North and South Forks Mokelumne River,137,NA,NA,NA,0.4333333333333331,NA,121,23925.9504132231,81858.5123966942,4,2023-01-12,231732.892561983,13,207806.94214876,W,0,464,0,403,62.35
2023,2023-01-15,2022-12-30,TRUE,Out of Bounds,137,NA,NA,NA,NA,-0.4633333333333347,121,23925.9504132231,81858.5123966942,4,2023-01-12,231732.892561983,13,207806.94214876,W,0,464,0,403,62.35
2023,2023-01-15,2022-12-30,TRUE,Out of Bounds,137,NA,-60.153333333333336,NA,NA,NA,121,23925.9504132231,81858.5123966942,4,2023-01-12,231732.892561983,13,207806.94214876,W,0,464,0,403,62.35
2023,2023-01-15,2022-12-30,TRUE,Out of Bounds,137,NA,NA,13.056666666666672,NA,NA,121,23925.9504132231,81858.5123966942,4,2023-01-12,231732.892561983,13,207806.94214876,W,0,464,0,403,62.35
2023,2023-01-15,2022-12-30,TRUE,Out of Bounds,137,NA,NA,NA,NA,NA,121,23925.9504132231,81858.5123966942,4,2023-01-12,231732.892561983,13,207806.94214876,W,0,464,0,403,62.35
2023,2023-01-15,2022-12-30,TRUE,Sacramento River Deep Water Ship Channel,137,NA,NA,NA,NA,NA,121,23925.9504132231,81858.5123966942,4,2023-01-12,231732.892561983,13,207806.94214876,W,0,464,0,403,62.35
2023,2023-01-15,2022-12-30,TRUE,Sacramento River Deep Water Ship Channel,137,NA,NA,2.539999999999999,NA,NA,121,23925.9504132231,81858.5123966942,4,2023-01-12,231732.892561983,13,207806.94214876,W,0,464,0,403,62.35
2023,2023-01-15,2022-12-30,TRUE,Sacramento River Mainstem,137,NA,NA,NA,NA,-0.04238095238095241,121,23925.9504132231,81858.5123966942,4,2023-01-12,231732.892561983,13,207806.94214876,W,0,464,0,403,62.35
2023,2023-01-15,2022-12-30,TRUE,Sacramento River Mainstem,137,NA,-4.40428571428572,NA,NA,NA,121,23925.9504132231,81858.5123966942,4,2023-01-12,231732.892561983,13,207806.94214876,W,0,464,0,403,62.35
2023,2023-01-15,2022-12-30,TRUE,Sacramento River Mainstem,137,NA,NA,-15.398095238095236,NA,NA,121,23925.9504132231,81858.5123966942,4,2023-01-12,231732.892561983,13,207806.94214876,W,0,464,0,403,62.35
2023,2023-01-15,2022-12-30,TRUE,Sacramento River Mainstem,137,248.4897777777769,NA,NA,NA,NA,121,23925.9504132231,81858.5123966942,4,2023-01-12,231732.892561983,13,207806.94214876,W,0,464,0,403,62.35
2023,2023-01-15,2022-12-30,TRUE,Sacramento River Mainstem,137,NA,NA,NA,-0.00444444444444469,NA,121,23925.9504132231,81858.5123966942,4,2023-01-12,231732.892561983,13,207806.94214876,W,0,464,0,403,62.35
2023,2023-01-15,2022-12-30,TRUE,San Pablo Bay and Carquinez Strait,137,NA,NA,NA,NA,0.1033333333333335,121,23925.9504132231,81858.5123966942,4,2023-01-12,231732.892561983,13,207806.94214876,W,0,464,0,403,62.35
2023,2023-01-15,2022-12-30,TRUE,San Pablo Bay and Carquinez Strait,137,NA,-1314.2066666666672,NA,NA,NA,121,23925.9504132231,81858.5123966942,4,2023-01-12,231732.892561983,13,207806.94214876,W,0,464,0,403,62.35
2023,2023-01-15,2022-12-30,TRUE,San Pablo Bay and Carquinez Strait,137,NA,NA,21.61111111111111,NA,NA,121,23925.9504132231,81858.5123966942,4,2023-01-12,231732.892561983,13,207806.94214876,W,0,464,0,403,62.35
2023,2023-01-15,2022-12-30,TRUE,San Pablo Bay and Carquinez Strait,137,NA,NA,NA,NA,NA,121,23925.9504132231,81858.5123966942,4,2023-01-12,231732.892561983,13,207806.94214876,W,0,464,0,403,62.35
2023,2023-01-15,2022-12-30,TRUE,South Delta,137,NA,NA,NA,NA,-0.06607843137254754,121,23925.9504132231,81858.5123966942,4,2023-01-12,231732.892561983,13,207806.94214876,W,0,464,0,403,62.35
2023,2023-01-15,2022-12-30,TRUE,South Delta,137,NA,-6.342156862745128,NA,NA,NA,121,23925.9504132231,81858.5123966942,4,2023-01-12,231732.892561983,13,207806.94214876,W,0,464,0,403,62.35
2023,2023-01-15,2022-12-30,TRUE,South Delta,137,NA,NA,3.844313725490195,NA,NA,121,23925.9504132231,81858.5123966942,4,2023-01-12,231732.892561983,13,207806.94214876,W,0,464,0,403,62.35
2023,2023-01-15,2022-12-30,TRUE,South Delta,137,1937.123084967321,NA,NA,NA,NA,121,23925.9504132231,81858.5123966942,4,2023-01-12,231732.892561983,13,207806.94214876,W,0,464,0,403,62.35
2023,2023-01-15,2022-12-30,TRUE,South Delta,137,NA,NA,NA,0.24343253968253964,NA,121,23925.9504132231,81858.5123966942,4,2023-01-12,231732.892561983,13,207806.94214876,W,0,464,0,403,62.35
2023,2023-01-15,2022-12-30,TRUE,Suisun Marsh and Montezuma Slough,137,NA,NA,NA,NA,-0.01066666666666726,121,23925.9504132231,81858.5123966942,4,2023-01-12,231732.892561983,13,207806.94214876,W,0,464,0,403,62.35
2023,2023-01-15,2022-12-30,TRUE,Suisun Marsh and Montezuma Slough,137,NA,-226.2120000000001,NA,NA,NA,121,23925.9504132231,81858.5123966942,4,2023-01-12,231732.892561983,13,207806.94214876,W,0,464,0,403,62.35
2023,2023-01-15,2022-12-30,TRUE,Suisun Marsh and Montezuma Slough,137,NA,NA,32.85133333333333,NA,NA,121,23925.9504132231,81858.5123966942,4,2023-01-12,231732.892561983,13,207806.94214876,W,0,464,0,403,62.35
2023,2023-01-15,2022-12-30,TRUE,Suisun Marsh and Montezuma Slough,137,589.3233333333333,NA,NA,NA,NA,121,23925.9504132231,81858.5123966942,4,2023-01-12,231732.892561983,13,207806.94214876,W,0,464,0,403,62.35
2023,2023-01-15,2022-12-30,TRUE,Suisun Marsh and Montezuma Slough,137,NA,NA,NA,0.11999999999999994,NA,121,23925.9504132231,81858.5123966942,4,2023-01-12,231732.892561983,13,207806.94214876,W,0,464,0,403,62.35
2023,2023-01-15,2022-12-30,TRUE,Suisun and Honker Bays,137,NA,NA,NA,NA,-0.00222222222222256,121,23925.9504132231,81858.5123966942,4,2023-01-12,231732.892561983,13,207806.94214876,W,0,464,0,403,62.35
2023,2023-01-15,2022-12-30,TRUE,Suisun and Honker Bays,137,NA,5.587777777777774,NA,NA,NA,121,23925.9504132231,81858.5123966942,4,2023-01-12,231732.892561983,13,207806.94214876,W,0,464,0,403,62.35
2023,2023-01-15,2022-12-30,TRUE,Suisun and Honker Bays,137,NA,NA,24.35111111111111,NA,NA,121,23925.9504132231,81858.5123966942,4,2023-01-12,231732.892561983,13,207806.94214876,W,0,464,0,403,62.35
2023,2023-01-15,2022-12-30,TRUE,Suisun and Honker Bays,137,NA,NA,NA,NA,NA,121,23925.9504132231,81858.5123966942,4,2023-01-12,231732.892561983,13,207806.94214876,W,0,464,0,403,62.35
2023,2023-01-15,2022-12-30,TRUE,NA,137,NA,NA,NA,NA,NA,121,23925.9504132231,81858.5123966942,4,2023-01-12,231732.892561983,13,207806.94214876,W,0,464,0,403,62.35
2023,2023-03-01,2022-12-30,TRUE,Cache Slough and Liberty Island,182,NA,NA,NA,NA,-0.31666666666666643,121,23925.9504132231,81858.5123966942,4,2023-01-12,231732.892561983,13,207806.94214876,W,0,464,0,403,67.08
2023,2023-03-01,2022-12-30,TRUE,Cache Slough and Liberty Island,182,NA,30.70333333333332,NA,NA,NA,121,23925.9504132231,81858.5123966942,4,2023-01-12,231732.892561983,13,207806.94214876,W,0,464,0,403,67.08
2023,2023-03-01,2022-12-30,TRUE,Cache Slough and Liberty Island,182,NA,NA,17.66,NA,NA,121,23925.9504132231,81858.5123966942,4,2023-01-12,231732.892561983,13,207806.94214876,W,0,464,0,403,67.08
2023,2023-03-01,2022-12-30,TRUE,Cache Slough and Liberty Island,182,NA,NA,NA,NA,NA,121,23925.9504132231,81858.5123966942,4,2023-01-12,231732.892561983,13,207806.94214876,W,0,464,0,403,67.08
2023,2023-03-01,2022-12-30,TRUE,Confluence,182,NA,NA,NA,NA,-0.2313333333333336,121,23925.9504132231,81858.5123966942,4,2023-01-12,231732.892561983,13,207806.94214876,W,0,464,0,403,67.08
2023,2023-03-01,2022-12-30,TRUE,Confluence,182,NA,469.0453333333335,NA,NA,NA,121,23925.9504132231,81858.5123966942,4,2023-01-12,231732.892561983,13,207806.94214876,W,0,464,0,403,67.08
2023,2023-03-01,2022-12-30,TRUE,Confluence,182,NA,NA,3.959666666666667,NA,NA,121,23925.9504132231,81858.5123966942,4,2023-01-12,231732.892561983,13,207806.94214876,W,0,464,0,403,67.08
2023,2023-03-01,2022-12-30,TRUE,Confluence,182,11133.333333333332,NA,NA,NA,NA,121,23925.9504132231,81858.5123966942,4,2023-01-12,231732.892561983,13,207806.94214876,W,0,464,0,403,67.08
2023,2023-03-01,2022-12-30,TRUE,Confluence,182,NA,NA,NA,0.1866666666666667,NA,121,23925.9504132231,81858.5123966942,4,2023-01-12,231732.892561983,13,207806.94214876,W,0,464,0,403,67.08
2023,2023-03-01,2022-12-30,TRUE,North and South Forks Mokelumne River,182,NA,NA,NA,NA,-0.5288888888888881,121,23925.9504132231,81858.5123966942,4,2023-01-12,231732.892561983,13,207806.94214876,W,0,464,0,403,67.08
2023,2023-03-01,2022-12-30,TRUE,North and South Forks Mokelumne River,182,NA,-0.23777777777777945,NA,NA,NA,121,23925.9504132231,81858.5123966942,4,2023-01-12,231732.892561983,13,207806.94214876,W,0,464,0,403,67.08
2023,2023-03-01,2022-12-30,TRUE,North and South Forks Mokelumne River,182,NA,NA,11.694444444444445,NA,NA,121,23925.9504132231,81858.5123966942,4,2023-01-12,231732.892561983,13,207806.94214876,W,0,464,0,403,67.08
2023,2023-03-01,2022-12-30,TRUE,North and South Forks Mokelumne River,182,2602.2222222222217,NA,NA,NA,NA,121,23925.9504132231,81858.5123966942,4,2023-01-12,231732.892561983,13,207806.94214876,W,0,464,0,403,67.08
2023,2023-03-01,2022-12-30,TRUE,North and South Forks Mokelumne River,182,NA,NA,NA,0.3088888888888889,NA,121,23925.9504132231,81858.5123966942,4,2023-01-12,231732.892561983,13,207806.94214876,W,0,464,0,403,67.08
2023,2023-03-01,2022-12-30,TRUE,Out of Bounds,182,NA,NA,NA,NA,-0.07333333333333236,121,23925.9504132231,81858.5123966942,4,2023-01-12,231732.892561983,13,207806.94214876,W,0,464,0,403,67.08
2023,2023-03-01,2022-12-30,TRUE,Out of Bounds,182,NA,-82.68333333333334,NA,NA,NA,121,23925.9504132231,81858.5123966942,4,2023-01-12,231732.892561983,13,207806.94214876,W,0,464,0,403,67.08
2023,2023-03-01,2022-12-30,TRUE,Out of Bounds,182,NA,NA,14.163333333333332,NA,NA,121,23925.9504132231,81858.5123966942,4,2023-01-12,231732.892561983,13,207806.94214876,W,0,464,0,403,67.08
2023,2023-03-01,2022-12-30,TRUE,Out of Bounds,182,NA,NA,NA,NA,NA,121,23925.9504132231,81858.5123966942,4,2023-01-12,231732.892561983,13,207806.94214876,W,0,464,0,403,67.08
2023,2023-03-01,2022-12-30,TRUE,Sacramento River Deep Water Ship Channel,182,NA,NA,NA,NA,NA,121,23925.9504132231,81858.5123966942,4,2023-01-12,231732.892561983,13,207806.94214876,W,0,464,0,403,67.08
2023,2023-03-01,2022-12-30,TRUE,Sacramento River Deep Water Ship Channel,182,NA,NA,2.0800000000000054,NA,NA,121,23925.9504132231,81858.5123966942,4,2023-01-12,231732.892561983,13,207806.94214876,W,0,464,0,403,67.08
2023,2023-03-01,2022-12-30,TRUE,Sacramento River Mainstem,182,NA,NA,NA,NA,-0.6290476190476193,121,23925.9504132231,81858.5123966942,4,2023-01-12,231732.892561983,13,207806.94214876,W,0,464,0,403,67.08
2023,2023-03-01,2022-12-30,TRUE,Sacramento River Mainstem,182,NA,-42.032857142857154,NA,NA,NA,121,23925.9504132231,81858.5123966942,4,2023-01-12,231732.892561983,13,207806.94214876,W,0,464,0,403,67.08
2023,2023-03-01,2022-12-30,TRUE,Sacramento River Mainstem,182,NA,NA,19.85380952380952,NA,NA,121,23925.9504132231,81858.5123966942,4,2023-01-12,231732.892561983,13,207806.94214876,W,0,464,0,403,67.08
2023,2023-03-01,2022-12-30,TRUE,Sacramento River Mainstem,182,4569.882777777779,NA,NA,NA,NA,121,23925.9504132231,81858.5123966942,4,2023-01-12,231732.892561983,13,207806.94214876,W,0,464,0,403,67.08
2023,2023-03-01,2022-12-30,TRUE,Sacramento River Mainstem,182,NA,NA,NA,0.5905555555555557,NA,121,23925.9504132231,81858.5123966942,4,2023-01-12,231732.892561983,13,207806.94214876,W,0,464,0,403,67.08
2023,2023-03-01,2022-12-30,TRUE,San Pablo Bay and Carquinez Strait,182,NA,NA,NA,NA,-0.20222222222222364,121,23925.9504132231,81858.5123966942,4,2023-01-12,231732.892561983,13,207806.94214876,W,0,464,0,403,67.08
2023,2023-03-01,2022-12-30,TRUE,San Pablo Bay and Carquinez Strait,182,NA,-3179.6533333333355,NA,NA,NA,121,23925.9504132231,81858.5123966942,4,2023-01-12,231732.892561983,13,207806.94214876,W,0,464,0,403,67.08
2023,2023-03-01,2022-12-30,TRUE,San Pablo Bay and Carquinez Strait,182,NA,NA,7.506666666666668,NA,NA,121,23925.9504132231,81858.5123966942,4,2023-01-12,231732.892561983,13,207806.94214876,W,0,464,0,403,67.08
2023,2023-03-01,2022-12-30,TRUE,San Pablo Bay and Carquinez Strait,182,NA,NA,NA,NA,NA,121,23925.9504132231,81858.5123966942,4,2023-01-12,231732.892561983,13,207806.94214876,W,0,464,0,403,67.08
2023,2023-03-01,2022-12-30,TRUE,South Delta,182,NA,NA,NA,NA,-0.17705882352941238,121,23925.9504132231,81858.5123966942,4,2023-01-12,231732.892561983,13,207806.94214876,W,0,464,0,403,67.08
2023,2023-03-01,2022-12-30,TRUE,South Delta,182,NA,-13.797499999999957,NA,NA,NA,121,23925.9504132231,81858.5123966942,4,2023-01-12,231732.892561983,13,207806.94214876,W,0,464,0,403,67.08
2023,2023-03-01,2022-12-30,TRUE,South Delta,182,NA,NA,2.568235294117647,NA,NA,121,23925.9504132231,81858.5123966942,4,2023-01-12,231732.892561983,13,207806.94214876,W,0,464,0,403,67.08
2023,2023-03-01,2022-12-30,TRUE,South Delta,182,800.5364705882354,NA,NA,NA,NA,121,23925.9504132231,81858.5123966942,4,2023-01-12,231732.892561983,13,207806.94214876,W,0,464,0,403,67.08
2023,2023-03-01,2022-12-30,TRUE,South Delta,182,NA,NA,NA,0.16702380952380952,NA,121,23925.9504132231,81858.5123966942,4,2023-01-12,231732.892561983,13,207806.94214876,W,0,464,0,403,67.08
2023,2023-03-01,2022-12-30,TRUE,Suisun Marsh and Montezuma Slough,182,NA,NA,NA,NA,0.33833333333333293,121,23925.9504132231,81858.5123966942,4,2023-01-12,231732.892561983,13,207806.94214876,W,0,464,0,403,67.08
2023,2023-03-01,2022-12-30,TRUE,Suisun Marsh and Montezuma Slough,182,NA,-673.596,NA,NA,NA,121,23925.9504132231,81858.5123966942,4,2023-01-12,231732.892561983,13,207806.94214876,W,0,464,0,403,67.08
2023,2023-03-01,2022-12-30,TRUE,Suisun Marsh and Montezuma Slough,182,NA,NA,-2.033333333333331,NA,NA,121,23925.9504132231,81858.5123966942,4,2023-01-12,231732.892561983,13,207806.94214876,W,0,464,0,403,67.08
2023,2023-03-01,2022-12-30,TRUE,Suisun Marsh and Montezuma Slough,182,318.9666666666666,NA,NA,NA,NA,121,23925.9504132231,81858.5123966942,4,2023-01-12,231732.892561983,13,207806.94214876,W,0,464,0,403,67.08
2023,2023-03-01,2022-12-30,TRUE,Suisun Marsh and Montezuma Slough,182,NA,NA,NA,0.08666666666666667,NA,121,23925.9504132231,81858.5123966942,4,2023-01-12,231732.892561983,13,207806.94214876,W,0,464,0,403,67.08
2023,2023-03-01,2022-12-30,TRUE,Suisun and Honker Bays,182,NA,NA,NA,NA,-0.10111111111111092,121,23925.9504132231,81858.5123966942,4,2023-01-12,231732.892561983,13,207806.94214876,W,0,464,0,403,67.08
2023,2023-03-01,2022-12-30,TRUE,Suisun and Honker Bays,182,NA,-1348.8300000000002,NA,NA,NA,121,23925.9504132231,81858.5123966942,4,2023-01-12,231732.892561983,13,207806.94214876,W,0,464,0,403,67.08
2023,2023-03-01,2022-12-30,TRUE,Suisun and Honker Bays,182,NA,NA,-11.97222222222222,NA,NA,121,23925.9504132231,81858.5123966942,4,2023-01-12,231732.892561983,13,207806.94214876,W,0,464,0,403,67.08
2023,2023-03-01,2022-12-30,TRUE,Suisun and Honker Bays,182,NA,NA,NA,NA,NA,121,23925.9504132231,81858.5123966942,4,2023-01-12,231732.892561983,13,207806.94214876,W,0,464,0,403,67.08
2023,2023-03-01,2022-12-30,TRUE,NA,182,NA,NA,NA,NA,NA,121,23925.9504132231,81858.5123966942,4,2023-01-12,231732.892561983,13,207806.94214876,W,0,464,0,403,67.08
2023,2023-03-10,2022-12-30,TRUE,Cache Slough and Liberty Island,191,NA,NA,NA,NA,NA,121,23925.9504132231,81858.5123966942,4,2023-01-12,231732.892561983,13,207806.94214876,W,0,464,0,403,64.9
2023,2023-03-10,2022-12-30,TRUE,Confluence,191,NA,NA,NA,NA,0.429333333333334,121,23925.9504132231,81858.5123966942,4,2023-01-12,231732.892561983,13,207806.94214876,W,0,464,0,403,64.9
2023,2023-03-10,2022-12-30,TRUE,Confluence,191,NA,-7.302666666666937,NA,NA,NA,121,23925.9504132231,81858.5123966942,4,2023-01-12,231732.892561983,13,207806.94214876,W,0,464,0,403,64.9
2023,2023-03-10,2022-12-30,TRUE,Confluence,191,NA,NA,10.749999999999998,NA,NA,121,23925.9504132231,81858.5123966942,4,2023-01-12,231732.892561983,13,207806.94214876,W,0,464,0,403,64.9
2023,2023-03-10,2022-12-30,TRUE,Confluence,191,33433.33333333333,NA,NA,NA,NA,121,23925.9504132231,81858.5123966942,4,2023-01-12,231732.892561983,13,207806.94214876,W,0,464,0,403,64.9
2023,2023-03-10,2022-12-30,TRUE,Confluence,191,NA,NA,NA,0.5066666666666666,NA,121,23925.9504132231,81858.5123966942,4,2023-01-12,231732.892561983,13,207806.94214876,W,0,464,0,403,64.9
2023,2023-03-10,2022-12-30,TRUE,North and South Forks Mokelumne River,191,NA,NA,NA,NA,0.3633333333333333,121,23925.9504132231,81858.5123966942,4,2023-01-12,231732.892561983,13,207806.94214876,W,0,464,0,403,64.9
2023,2023-03-10,2022-12-30,TRUE,North and South Forks Mokelumne River,191,NA,-24.892222222222216,NA,NA,NA,121,23925.9504132231,81858.5123966942,4,2023-01-12,231732.892561983,13,207806.94214876,W,0,464,0,403,64.9
2023,2023-03-10,2022-12-30,TRUE,North and South Forks Mokelumne River,191,NA,NA,12.06888888888889,NA,NA,121,23925.9504132231,81858.5123966942,4,2023-01-12,231732.892561983,13,207806.94214876,W,0,464,0,403,64.9
2023,2023-03-10,2022-12-30,TRUE,North and South Forks Mokelumne River,191,6633.333333333334,NA,NA,NA,NA,121,23925.9504132231,81858.5123966942,4,2023-01-12,231732.892561983,13,207806.94214876,W,0,464,0,403,64.9
2023,2023-03-10,2022-12-30,TRUE,North and South Forks Mokelumne River,191,NA,NA,NA,0.67,NA,121,23925.9504132231,81858.5123966942,4,2023-01-12,231732.892561983,13,207806.94214876,W,0,464,0,403,64.9
2023,2023-03-10,2022-12-30,TRUE,Out of Bounds,191,NA,NA,NA,NA,0.5300000000000011,121,23925.9504132231,81858.5123966942,4,2023-01-12,231732.892561983,13,207806.94214876,W,0,464,0,403,64.9
2023,2023-03-10,2022-12-30,TRUE,Out of Bounds,191,NA,-4.1299999999999955,NA,NA,NA,121,23925.9504132231,81858.5123966942,4,2023-01-12,231732.892561983,13,207806.94214876,W,0,464,0,403,64.9
2023,2023-03-10,2022-12-30,TRUE,Out of Bounds,191,NA,NA,9.883333333333333,NA,NA,121,23925.9504132231,81858.5123966942,4,2023-01-12,231732.892561983,13,207806.94214876,W,0,464,0,403,64.9
2023,2023-03-10,2022-12-30,TRUE,Out of Bounds,191,NA,NA,NA,NA,NA,121,23925.9504132231,81858.5123966942,4,2023-01-12,231732.892561983,13,207806.94214876,W,0,464,0,403,64.9
2023,2023-03-10,2022-12-30,TRUE,Sacramento River Deep Water Ship Channel,191,NA,NA,NA,NA,NA,121,23925.9504132231,81858.5123966942,4,2023-01-12,231732.892561983,13,207806.94214876,W,0,464,0,403,64.9
2023,2023-03-10,2022-12-30,TRUE,Sacramento River Deep Water Ship Channel,191,NA,NA,-7.146666666666668,NA,NA,121,23925.9504132231,81858.5123966942,4,2023-01-12,231732.892561983,13,207806.94214876,W,0,464,0,403,64.9
2023,2023-03-10,2022-12-30,TRUE,Sacramento River Mainstem,191,NA,NA,NA,NA,-0.18714285714285772,121,23925.9504132231,81858.5123966942,4,2023-01-12,231732.892561983,13,207806.94214876,W,0,464,0,403,64.9
2023,2023-03-10,2022-12-30,TRUE,Sacramento River Mainstem,191,NA,-51.78809523809525,NA,NA,NA,121,23925.9504132231,81858.5123966942,4,2023-01-12,231732.892561983,13,207806.94214876,W,0,464,0,403,64.9
2023,2023-03-10,2022-12-30,TRUE,Sacramento River Mainstem,191,NA,NA,15.00095238095238,NA,NA,121,23925.9504132231,81858.5123966942,4,2023-01-12,231732.892561983,13,207806.94214876,W,0,464,0,403,64.9
2023,2023-03-10,2022-12-30,TRUE,Sacramento River Mainstem,191,13099.755,NA,NA,NA,NA,121,23925.9504132231,81858.5123966942,4,2023-01-12,231732.892561983,13,207806.94214876,W,0,464,0,403,64.9
2023,2023-03-10,2022-12-30,TRUE,Sacramento River Mainstem,191,NA,NA,NA,1.3350000000000002,NA,121,23925.9504132231,81858.5123966942,4,2023-01-12,231732.892561983,13,207806.94214876,W,0,464,0,403,64.9
2023,2023-03-10,2022-12-30,TRUE,San Pablo Bay and Carquinez Strait,191,NA,NA,NA,NA,0.2933333333333348,121,23925.9504132231,81858.5123966942,4,2023-01-12,231732.892561983,13,207806.94214876,W,0,464,0,403,64.9
2023,2023-03-10,2022-12-30,TRUE,San Pablo Bay and Carquinez Strait,191,NA,-2601.822222222221,NA,NA,NA,121,23925.9504132231,81858.5123966942,4,2023-01-12,231732.892561983,13,207806.94214876,W,0,464,0,403,64.9
2023,2023-03-10,2022-12-30,TRUE,San Pablo Bay and Carquinez Strait,191,NA,NA,3.519999999999996,NA,NA,121,23925.9504132231,81858.5123966942,4,2023-01-12,231732.892561983,13,207806.94214876,W,0,464,0,403,64.9
2023,2023-03-10,2022-12-30,TRUE,San Pablo Bay and Carquinez Strait,191,NA,NA,NA,NA,NA,121,23925.9504132231,81858.5123966942,4,2023-01-12,231732.892561983,13,207806.94214876,W,0,464,0,403,64.9
2023,2023-03-10,2022-12-30,TRUE,South Delta,191,NA,NA,NA,NA,0.7243137254901963,121,23925.9504132231,81858.5123966942,4,2023-01-12,231732.892561983,13,207806.94214876,W,0,464,0,403,64.9
2023,2023-03-10,2022-12-30,TRUE,South Delta,191,NA,0.7475000000000023,NA,NA,NA,121,23925.9504132231,81858.5123966942,4,2023-01-12,231732.892561983,13,207806.94214876,W,0,464,0,403,64.9
2023,2023-03-10,2022-12-30,TRUE,South Delta,191,NA,NA,8.555098039215688,NA,NA,121,23925.9504132231,81858.5123966942,4,2023-01-12,231732.892561983,13,207806.94214876,W,0,464,0,403,64.9
2023,2023-03-10,2022-12-30,TRUE,South Delta,191,1641.3443137254903,NA,NA,NA,NA,121,23925.9504132231,81858.5123966942,4,2023-01-12,231732.892561983,13,207806.94214876,W,0,464,0,403,64.9
2023,2023-03-10,2022-12-30,TRUE,South Delta,191,NA,NA,NA,0.1175,NA,121,23925.9504132231,81858.5123966942,4,2023-01-12,231732.892561983,13,207806.94214876,W,0,464,0,403,64.9
2023,2023-03-10,2022-12-30,TRUE,Suisun Marsh and Montezuma Slough,191,NA,NA,NA,NA,0.5783333333333314,121,23925.9504132231,81858.5123966942,4,2023-01-12,231732.892561983,13,207806.94214876,W,0,464,0,403,64.9
2023,2023-03-10,2022-12-30,TRUE,Suisun Marsh and Montezuma Slough,191,NA,-691.2700000000002,NA,NA,NA,121,23925.9504132231,81858.5123966942,4,2023-01-12,231732.892561983,13,207806.94214876,W,0,464,0,403,64.9
2023,2023-03-10,2022-12-30,TRUE,Suisun Marsh and Montezuma Slough,191,NA,NA,19.916666666666664,NA,NA,121,23925.9504132231,81858.5123966942,4,2023-01-12,231732.892561983,13,207806.94214876,W,0,464,0,403,64.9
2023,2023-03-10,2022-12-30,TRUE,Suisun Marsh and Montezuma Slough,191,890.1866666666667,NA,NA,NA,NA,121,23925.9504132231,81858.5123966942,4,2023-01-12,231732.892561983,13,207806.94214876,W,0,464,0,403,64.9
2023,2023-03-10,2022-12-30,TRUE,Suisun Marsh and Montezuma Slough,191,NA,NA,NA,0.1733333333333333,NA,121,23925.9504132231,81858.5123966942,4,2023-01-12,231732.892561983,13,207806.94214876,W,0,464,0,403,64.9
2023,2023-03-10,2022-12-30,TRUE,Suisun and Honker Bays,191,NA,NA,NA,NA,0.8155555555555551,121,23925.9504132231,81858.5123966942,4,2023-01-12,231732.892561983,13,207806.94214876,W,0,464,0,403,64.9
2023,2023-03-10,2022-12-30,TRUE,Suisun and Honker Bays,191,NA,-98.7444444444444,NA,NA,NA,121,23925.9504132231,81858.5123966942,4,2023-01-12,231732.892561983,13,207806.94214876,W,0,464,0,403,64.9
2023,2023-03-10,2022-12-30,TRUE,Suisun and Honker Bays,191,NA,NA,-10.256666666666668,NA,NA,121,23925.9504132231,81858.5123966942,4,2023-01-12,231732.892561983,13,207806.94214876,W,0,464,0,403,64.9
2023,2023-03-10,2022-12-30,TRUE,Suisun and Honker Bays,191,NA,NA,NA,NA,NA,121,23925.9504132231,81858.5123966942,4,2023-01-12,231732.892561983,13,207806.94214876,W,0,464,0,403,64.9
2023,2023-03-10,2022-12-30,TRUE,NA,191,NA,NA,NA,NA,NA,121,23925.9504132231,81858.5123966942,4,2023-01-12,231732.892561983,13,207806.94214876,W,0,464,0,403,64.9
2024,2024-01-23,2024-01-23,FALSE,Cache Slough and Liberty Island,145,NA,NA,NA,NA,1.336666666666666,145,56506.4462809917,86653.2231404959,2,2024-02-06,156178.512396694,14,99672.0661157025,AN,0,175,0,464,70.77
2024,2024-01-23,2024-01-23,FALSE,Cache Slough and Liberty Island,145,NA,29.726666666666688,NA,NA,NA,145,56506.4462809917,86653.2231404959,2,2024-02-06,156178.512396694,14,99672.0661157025,AN,0,175,0,464,70.77
2024,2024-01-23,2024-01-23,FALSE,Cache Slough and Liberty Island,145,NA,NA,7.919999999999998,NA,NA,145,56506.4462809917,86653.2231404959,2,2024-02-06,156178.512396694,14,99672.0661157025,AN,0,175,0,464,70.77
2024,2024-01-23,2024-01-23,FALSE,Cache Slough and Liberty Island,145,NA,NA,NA,NA,NA,145,56506.4462809917,86653.2231404959,2,2024-02-06,156178.512396694,14,99672.0661157025,AN,0,175,0,464,70.77
2024,2024-01-23,2024-01-23,FALSE,Cache Slough and Liberty Island,145,NA,NA,NA,0.04666666666666666,NA,145,56506.4462809917,86653.2231404959,2,2024-02-06,156178.512396694,14,99672.0661157025,AN,0,175,0,464,70.77
2024,2024-01-23,2024-01-23,FALSE,Confluence,145,NA,NA,NA,NA,0.6219999999999999,145,56506.4462809917,86653.2231404959,2,2024-02-06,156178.512396694,14,99672.0661157025,AN,0,175,0,464,70.77
2024,2024-01-23,2024-01-23,FALSE,Confluence,145,NA,-49.8100000000004,NA,NA,NA,145,56506.4462809917,86653.2231404959,2,2024-02-06,156178.512396694,14,99672.0661157025,AN,0,175,0,464,70.77
2024,2024-01-23,2024-01-23,FALSE,Confluence,145,NA,NA,-1.4740000000000002,NA,NA,145,56506.4462809917,86653.2231404959,2,2024-02-06,156178.512396694,14,99672.0661157025,AN,0,175,0,464,70.77
2024,2024-01-23,2024-01-23,FALSE,Confluence,145,12515.111111111111,NA,NA,NA,NA,145,56506.4462809917,86653.2231404959,2,2024-02-06,156178.512396694,14,99672.0661157025,AN,0,175,0,464,70.77
2024,2024-01-23,2024-01-23,FALSE,Confluence,145,NA,NA,NA,0.1988888888888889,NA,145,56506.4462809917,86653.2231404959,2,2024-02-06,156178.512396694,14,99672.0661157025,AN,0,175,0,464,70.77
2024,2024-01-23,2024-01-23,FALSE,North and South Forks Mokelumne River,145,NA,NA,NA,NA,1.0679999999999996,145,56506.4462809917,86653.2231404959,2,2024-02-06,156178.512396694,14,99672.0661157025,AN,0,175,0,464,70.77
2024,2024-01-23,2024-01-23,FALSE,North and South Forks Mokelumne River,145,NA,3.902666666666675,NA,NA,NA,145,56506.4462809917,86653.2231404959,2,2024-02-06,156178.512396694,14,99672.0661157025,AN,0,175,0,464,70.77
2024,2024-01-23,2024-01-23,FALSE,North and South Forks Mokelumne River,145,NA,NA,2.7459999999999987,NA,NA,145,56506.4462809917,86653.2231404959,2,2024-02-06,156178.512396694,14,99672.0661157025,AN,0,175,0,464,70.77
2024,2024-01-23,2024-01-23,FALSE,North and South Forks Mokelumne River,145,1726.6250000000005,NA,NA,NA,NA,145,56506.4462809917,86653.2231404959,2,2024-02-06,156178.512396694,14,99672.0661157025,AN,0,175,0,464,70.77
2024,2024-01-23,2024-01-23,FALSE,North and South Forks Mokelumne River,145,NA,NA,NA,0.20266666666666663,NA,145,56506.4462809917,86653.2231404959,2,2024-02-06,156178.512396694,14,99672.0661157025,AN,0,175,0,464,70.77
2024,2024-01-23,2024-01-23,FALSE,Out of Bounds,145,NA,NA,NA,NA,0.6266666666666669,145,56506.4462809917,86653.2231404959,2,2024-02-06,156178.512396694,14,99672.0661157025,AN,0,175,0,464,70.77
2024,2024-01-23,2024-01-23,FALSE,Out of Bounds,145,NA,-167.9066666666667,NA,NA,NA,145,56506.4462809917,86653.2231404959,2,2024-02-06,156178.512396694,14,99672.0661157025,AN,0,175,0,464,70.77
2024,2024-01-23,2024-01-23,FALSE,Out of Bounds,145,NA,NA,32.14,NA,NA,145,56506.4462809917,86653.2231404959,2,2024-02-06,156178.512396694,14,99672.0661157025,AN,0,175,0,464,70.77
2024,2024-01-23,2024-01-23,FALSE,Out of Bounds,145,NA,NA,NA,NA,NA,145,56506.4462809917,86653.2231404959,2,2024-02-06,156178.512396694,14,99672.0661157025,AN,0,175,0,464,70.77
2024,2024-01-23,2024-01-23,FALSE,Sacramento River Deep Water Ship Channel,145,NA,NA,NA,NA,0.5366666666666653,145,56506.4462809917,86653.2231404959,2,2024-02-06,156178.512396694,14,99672.0661157025,AN,0,175,0,464,70.77
2024,2024-01-23,2024-01-23,FALSE,Sacramento River Deep Water Ship Channel,145,NA,7.326666666666654,NA,NA,NA,145,56506.4462809917,86653.2231404959,2,2024-02-06,156178.512396694,14,99672.0661157025,AN,0,175,0,464,70.77
2024,2024-01-23,2024-01-23,FALSE,Sacramento River Deep Water Ship Channel,145,NA,NA,3.1400000000000077,NA,NA,145,56506.4462809917,86653.2231404959,2,2024-02-06,156178.512396694,14,99672.0661157025,AN,0,175,0,464,70.77
2024,2024-01-23,2024-01-23,FALSE,Sacramento River Deep Water Ship Channel,145,NA,NA,NA,NA,NA,145,56506.4462809917,86653.2231404959,2,2024-02-06,156178.512396694,14,99672.0661157025,AN,0,175,0,464,70.77
2024,2024-01-23,2024-01-23,FALSE,Sacramento River Mainstem,145,NA,NA,NA,NA,1.2180952380952397,145,56506.4462809917,86653.2231404959,2,2024-02-06,156178.512396694,14,99672.0661157025,AN,0,175,0,464,70.77
2024,2024-01-23,2024-01-23,FALSE,Sacramento River Mainstem,145,NA,-16.48866666666669,NA,NA,NA,145,56506.4462809917,86653.2231404959,2,2024-02-06,156178.512396694,14,99672.0661157025,AN,0,175,0,464,70.77
2024,2024-01-23,2024-01-23,FALSE,Sacramento River Mainstem,145,NA,NA,25.918666666666667,NA,NA,145,56506.4462809917,86653.2231404959,2,2024-02-06,156178.512396694,14,99672.0661157025,AN,0,175,0,464,70.77
2024,2024-01-23,2024-01-23,FALSE,Sacramento River Mainstem,145,5145.249444444444,NA,NA,NA,NA,145,56506.4462809917,86653.2231404959,2,2024-02-06,156178.512396694,14,99672.0661157025,AN,0,175,0,464,70.77
2024,2024-01-23,2024-01-23,FALSE,Sacramento River Mainstem,145,NA,NA,NA,0.6061111111111108,NA,145,56506.4462809917,86653.2231404959,2,2024-02-06,156178.512396694,14,99672.0661157025,AN,0,175,0,464,70.77
2024,2024-01-23,2024-01-23,FALSE,San Pablo Bay and Carquinez Strait,145,NA,NA,NA,NA,0.17999999999999972,145,56506.4462809917,86653.2231404959,2,2024-02-06,156178.512396694,14,99672.0661157025,AN,0,175,0,464,70.77
2024,2024-01-23,2024-01-23,FALSE,San Pablo Bay and Carquinez Strait,145,NA,-6766.926666666668,NA,NA,NA,145,56506.4462809917,86653.2231404959,2,2024-02-06,156178.512396694,14,99672.0661157025,AN,0,175,0,464,70.77
2024,2024-01-23,2024-01-23,FALSE,San Pablo Bay and Carquinez Strait,145,NA,NA,5.07,NA,NA,145,56506.4462809917,86653.2231404959,2,2024-02-06,156178.512396694,14,99672.0661157025,AN,0,175,0,464,70.77
2024,2024-01-23,2024-01-23,FALSE,San Pablo Bay and Carquinez Strait,145,NA,NA,NA,NA,NA,145,56506.4462809917,86653.2231404959,2,2024-02-06,156178.512396694,14,99672.0661157025,AN,0,175,0,464,70.77
2024,2024-01-23,2024-01-23,FALSE,South Delta,145,NA,NA,NA,NA,0.837450980392159,145,56506.4462809917,86653.2231404959,2,2024-02-06,156178.512396694,14,99672.0661157025,AN,0,175,0,464,70.77
2024,2024-01-23,2024-01-23,FALSE,South Delta,145,NA,-39.68509803921569,NA,NA,NA,145,56506.4462809917,86653.2231404959,2,2024-02-06,156178.512396694,14,99672.0661157025,AN,0,175,0,464,70.77
2024,2024-01-23,2024-01-23,FALSE,South Delta,145,NA,NA,6.167647058823531,NA,NA,145,56506.4462809917,86653.2231404959,2,2024-02-06,156178.512396694,14,99672.0661157025,AN,0,175,0,464,70.77
2024,2024-01-23,2024-01-23,FALSE,South Delta,145,1842.906274509804,NA,NA,NA,NA,145,56506.4462809917,86653.2231404959,2,2024-02-06,156178.512396694,14,99672.0661157025,AN,0,175,0,464,70.77
2024,2024-01-23,2024-01-23,FALSE,South Delta,145,NA,NA,NA,0.1590073529411765,NA,145,56506.4462809917,86653.2231404959,2,2024-02-06,156178.512396694,14,99672.0661157025,AN,0,175,0,464,70.77
2024,2024-01-23,2024-01-23,FALSE,Suisun Marsh and Montezuma Slough,145,NA,NA,NA,NA,0.7119999999999997,145,56506.4462809917,86653.2231404959,2,2024-02-06,156178.512396694,14,99672.0661157025,AN,0,175,0,464,70.77
2024,2024-01-23,2024-01-23,FALSE,Suisun Marsh and Montezuma Slough,145,NA,-726.5540000000001,NA,NA,NA,145,56506.4462809917,86653.2231404959,2,2024-02-06,156178.512396694,14,99672.0661157025,AN,0,175,0,464,70.77
2024,2024-01-23,2024-01-23,FALSE,Suisun Marsh and Montezuma Slough,145,NA,NA,8.269333333333332,NA,NA,145,56506.4462809917,86653.2231404959,2,2024-02-06,156178.512396694,14,99672.0661157025,AN,0,175,0,464,70.77
2024,2024-01-23,2024-01-23,FALSE,Suisun Marsh and Montezuma Slough,145,-17.569999999999936,NA,NA,NA,NA,145,56506.4462809917,86653.2231404959,2,2024-02-06,156178.512396694,14,99672.0661157025,AN,0,175,0,464,70.77
2024,2024-01-23,2024-01-23,FALSE,Suisun Marsh and Montezuma Slough,145,NA,NA,NA,0.00666666666666665,NA,145,56506.4462809917,86653.2231404959,2,2024-02-06,156178.512396694,14,99672.0661157025,AN,0,175,0,464,70.77
2024,2024-01-23,2024-01-23,FALSE,Suisun and Honker Bays,145,NA,NA,NA,NA,0.2455555555555549,145,56506.4462809917,86653.2231404959,2,2024-02-06,156178.512396694,14,99672.0661157025,AN,0,175,0,464,70.77
2024,2024-01-23,2024-01-23,FALSE,Suisun and Honker Bays,145,NA,-2875.2622222222217,NA,NA,NA,145,56506.4462809917,86653.2231404959,2,2024-02-06,156178.512396694,14,99672.0661157025,AN,0,175,0,464,70.77
2024,2024-01-23,2024-01-23,FALSE,Suisun and Honker Bays,145,NA,NA,9.09777777777778,NA,NA,145,56506.4462809917,86653.2231404959,2,2024-02-06,156178.512396694,14,99672.0661157025,AN,0,175,0,464,70.77
2024,2024-01-23,2024-01-23,FALSE,Suisun and Honker Bays,145,NA,NA,NA,NA,NA,145,56506.4462809917,86653.2231404959,2,2024-02-06,156178.512396694,14,99672.0661157025,AN,0,175,0,464,70.77
2024,2024-01-23,2024-01-23,FALSE,NA,145,NA,NA,NA,NA,NA,145,56506.4462809917,86653.2231404959,2,2024-02-06,156178.512396694,14,99672.0661157025,AN,0,175,0,464,70.77
2024,2024-02-04,2024-01-23,TRUE,Cache Slough and Liberty Island,157,NA,NA,NA,NA,-1.125,145,56506.4462809917,86653.2231404959,2,2024-02-06,156178.512396694,14,99672.0661157025,AN,0,175,0,464,64.45
2024,2024-02-04,2024-01-23,TRUE,Cache Slough and Liberty Island,157,NA,-79.0983333333333,NA,NA,NA,145,56506.4462809917,86653.2231404959,2,2024-02-06,156178.512396694,14,99672.0661157025,AN,0,175,0,464,64.45
2024,2024-02-04,2024-01-23,TRUE,Cache Slough and Liberty Island,157,NA,NA,79.74833333333332,NA,NA,145,56506.4462809917,86653.2231404959,2,2024-02-06,156178.512396694,14,99672.0661157025,AN,0,175,0,464,64.45
2024,2024-02-04,2024-01-23,TRUE,Cache Slough and Liberty Island,157,NA,NA,NA,NA,NA,145,56506.4462809917,86653.2231404959,2,2024-02-06,156178.512396694,14,99672.0661157025,AN,0,175,0,464,64.45
2024,2024-02-04,2024-01-23,TRUE,Cache Slough and Liberty Island,157,NA,NA,NA,-0.1433333333333333,NA,145,56506.4462809917,86653.2231404959,2,2024-02-06,156178.512396694,14,99672.0661157025,AN,0,175,0,464,64.45
2024,2024-02-04,2024-01-23,TRUE,Confluence,157,NA,NA,NA,NA,-0.5393333333333317,145,56506.4462809917,86653.2231404959,2,2024-02-06,156178.512396694,14,99672.0661157025,AN,0,175,0,464,64.45
2024,2024-02-04,2024-01-23,TRUE,Confluence,157,NA,-2.2099999999995816,NA,NA,NA,145,56506.4462809917,86653.2231404959,2,2024-02-06,156178.512396694,14,99672.0661157025,AN,0,175,0,464,64.45
2024,2024-02-04,2024-01-23,TRUE,Confluence,157,NA,NA,21.790000000000003,NA,NA,145,56506.4462809917,86653.2231404959,2,2024-02-06,156178.512396694,14,99672.0661157025,AN,0,175,0,464,64.45
2024,2024-02-04,2024-01-23,TRUE,Confluence,157,7427.000000000004,NA,NA,NA,NA,145,56506.4462809917,86653.2231404959,2,2024-02-06,156178.512396694,14,99672.0661157025,AN,0,175,0,464,64.45
2024,2024-02-04,2024-01-23,TRUE,Confluence,157,NA,NA,NA,0.10666666666666665,NA,145,56506.4462809917,86653.2231404959,2,2024-02-06,156178.512396694,14,99672.0661157025,AN,0,175,0,464,64.45
2024,2024-02-04,2024-01-23,TRUE,North and South Forks Mokelumne River,157,NA,NA,NA,NA,-0.729333333333333,145,56506.4462809917,86653.2231404959,2,2024-02-06,156178.512396694,14,99672.0661157025,AN,0,175,0,464,64.45
2024,2024-02-04,2024-01-23,TRUE,North and South Forks Mokelumne River,157,NA,0.2059999999999889,NA,NA,NA,145,56506.4462809917,86653.2231404959,2,2024-02-06,156178.512396694,14,99672.0661157025,AN,0,175,0,464,64.45
2024,2024-02-04,2024-01-23,TRUE,North and South Forks Mokelumne River,157,NA,NA,22.36933333333333,NA,NA,145,56506.4462809917,86653.2231404959,2,2024-02-06,156178.512396694,14,99672.0661157025,AN,0,175,0,464,64.45
2024,2024-02-04,2024-01-23,TRUE,North and South Forks Mokelumne River,157,1230.833333333333,NA,NA,NA,NA,145,56506.4462809917,86653.2231404959,2,2024-02-06,156178.512396694,14,99672.0661157025,AN,0,175,0,464,64.45
2024,2024-02-04,2024-01-23,TRUE,North and South Forks Mokelumne River,157,NA,NA,NA,0.11133333333333328,NA,145,56506.4462809917,86653.2231404959,2,2024-02-06,156178.512396694,14,99672.0661157025,AN,0,175,0,464,64.45
2024,2024-02-04,2024-01-23,TRUE,Out of Bounds,157,NA,NA,NA,NA,-0.7100000000000009,145,56506.4462809917,86653.2231404959,2,2024-02-06,156178.512396694,14,99672.0661157025,AN,0,175,0,464,64.45
2024,2024-02-04,2024-01-23,TRUE,Out of Bounds,157,NA,-98.02333333333333,NA,NA,NA,145,56506.4462809917,86653.2231404959,2,2024-02-06,156178.512396694,14,99672.0661157025,AN,0,175,0,464,64.45
2024,2024-02-04,2024-01-23,TRUE,Out of Bounds,157,NA,NA,61.91333333333334,NA,NA,145,56506.4462809917,86653.2231404959,2,2024-02-06,156178.512396694,14,99672.0661157025,AN,0,175,0,464,64.45
2024,2024-02-04,2024-01-23,TRUE,Out of Bounds,157,NA,NA,NA,NA,NA,145,56506.4462809917,86653.2231404959,2,2024-02-06,156178.512396694,14,99672.0661157025,AN,0,175,0,464,64.45
2024,2024-02-04,2024-01-23,TRUE,Sacramento River Deep Water Ship Channel,157,NA,NA,NA,NA,0.01000000000000156,145,56506.4462809917,86653.2231404959,2,2024-02-06,156178.512396694,14,99672.0661157025,AN,0,175,0,464,64.45
2024,2024-02-04,2024-01-23,TRUE,Sacramento River Deep Water Ship Channel,157,NA,-1.259999999999991,NA,NA,NA,145,56506.4462809917,86653.2231404959,2,2024-02-06,156178.512396694,14,99672.0661157025,AN,0,175,0,464,64.45
2024,2024-02-04,2024-01-23,TRUE,Sacramento River Deep Water Ship Channel,157,NA,NA,-3.999999999999997,NA,NA,145,56506.4462809917,86653.2231404959,2,2024-02-06,156178.512396694,14,99672.0661157025,AN,0,175,0,464,64.45
2024,2024-02-04,2024-01-23,TRUE,Sacramento River Deep Water Ship Channel,157,NA,NA,NA,NA,NA,145,56506.4462809917,86653.2231404959,2,2024-02-06,156178.512396694,14,99672.0661157025,AN,0,175,0,464,64.45
2024,2024-02-04,2024-01-23,TRUE,Sacramento River Mainstem,157,NA,NA,NA,NA,-1.2513333333333332,145,56506.4462809917,86653.2231404959,2,2024-02-06,156178.512396694,14,99672.0661157025,AN,0,175,0,464,64.45
2024,2024-02-04,2024-01-23,TRUE,Sacramento River Mainstem,157,NA,-17.825999999999993,NA,NA,NA,145,56506.4462809917,86653.2231404959,2,2024-02-06,156178.512396694,14,99672.0661157025,AN,0,175,0,464,64.45
2024,2024-02-04,2024-01-23,TRUE,Sacramento River Mainstem,157,NA,NA,58.754666666666665,NA,NA,145,56506.4462809917,86653.2231404959,2,2024-02-06,156178.512396694,14,99672.0661157025,AN,0,175,0,464,64.45
2024,2024-02-04,2024-01-23,TRUE,Sacramento River Mainstem,157,5760.8150000000005,NA,NA,NA,NA,145,56506.4462809917,86653.2231404959,2,2024-02-06,156178.512396694,14,99672.0661157025,AN,0,175,0,464,64.45
2024,2024-02-04,2024-01-23,TRUE,Sacramento River Mainstem,157,NA,NA,NA,0.5177777777777777,NA,145,56506.4462809917,86653.2231404959,2,2024-02-06,156178.512396694,14,99672.0661157025,AN,0,175,0,464,64.45
2024,2024-02-04,2024-01-23,TRUE,San Pablo Bay and Carquinez Strait,157,NA,NA,NA,NA,-0.10777777777777686,145,56506.4462809917,86653.2231404959,2,2024-02-06,156178.512396694,14,99672.0661157025,AN,0,175,0,464,64.45
2024,2024-02-04,2024-01-23,TRUE,San Pablo Bay and Carquinez Strait,157,NA,1254.1666666666624,NA,NA,NA,145,56506.4462809917,86653.2231404959,2,2024-02-06,156178.512396694,14,99672.0661157025,AN,0,175,0,464,64.45
2024,2024-02-04,2024-01-23,TRUE,San Pablo Bay and Carquinez Strait,157,NA,NA,9.82,NA,NA,145,56506.4462809917,86653.2231404959,2,2024-02-06,156178.512396694,14,99672.0661157025,AN,0,175,0,464,64.45
2024,2024-02-04,2024-01-23,TRUE,San Pablo Bay and Carquinez Strait,157,NA,NA,NA,NA,NA,145,56506.4462809917,86653.2231404959,2,2024-02-06,156178.512396694,14,99672.0661157025,AN,0,175,0,464,64.45
2024,2024-02-04,2024-01-23,TRUE,South Delta,157,NA,NA,NA,NA,-0.4407843137254907,145,56506.4462809917,86653.2231404959,2,2024-02-06,156178.512396694,14,99672.0661157025,AN,0,175,0,464,64.45
2024,2024-02-04,2024-01-23,TRUE,South Delta,157,NA,-42.644313725490235,NA,NA,NA,145,56506.4462809917,86653.2231404959,2,2024-02-06,156178.512396694,14,99672.0661157025,AN,0,175,0,464,64.45
2024,2024-02-04,2024-01-23,TRUE,South Delta,157,NA,NA,11.788235294117648,NA,NA,145,56506.4462809917,86653.2231404959,2,2024-02-06,156178.512396694,14,99672.0661157025,AN,0,175,0,464,64.45
2024,2024-02-04,2024-01-23,TRUE,South Delta,157,-623.2207843137255,NA,NA,NA,NA,145,56506.4462809917,86653.2231404959,2,2024-02-06,156178.512396694,14,99672.0661157025,AN,0,175,0,464,64.45
2024,2024-02-04,2024-01-23,TRUE,South Delta,157,NA,NA,NA,-0.00254901960784315,NA,145,56506.4462809917,86653.2231404959,2,2024-02-06,156178.512396694,14,99672.0661157025,AN,0,175,0,464,64.45
2024,2024-02-04,2024-01-23,TRUE,Suisun Marsh and Montezuma Slough,157,NA,NA,NA,NA,-0.5766666666666662,145,56506.4462809917,86653.2231404959,2,2024-02-06,156178.512396694,14,99672.0661157025,AN,0,175,0,464,64.45
2024,2024-02-04,2024-01-23,TRUE,Suisun Marsh and Montezuma Slough,157,NA,-90.92800000000013,NA,NA,NA,145,56506.4462809917,86653.2231404959,2,2024-02-06,156178.512396694,14,99672.0661157025,AN,0,175,0,464,64.45
2024,2024-02-04,2024-01-23,TRUE,Suisun Marsh and Montezuma Slough,157,NA,NA,17.560666666666666,NA,NA,145,56506.4462809917,86653.2231404959,2,2024-02-06,156178.512396694,14,99672.0661157025,AN,0,175,0,464,64.45
2024,2024-02-04,2024-01-23,TRUE,Suisun Marsh and Montezuma Slough,157,-47.559999999999945,NA,NA,NA,NA,145,56506.4462809917,86653.2231404959,2,2024-02-06,156178.512396694,14,99672.0661157025,AN,0,175,0,464,64.45
2024,2024-02-04,2024-01-23,TRUE,Suisun Marsh and Montezuma Slough,157,NA,NA,NA,-0.00666666666666665,NA,145,56506.4462809917,86653.2231404959,2,2024-02-06,156178.512396694,14,99672.0661157025,AN,0,175,0,464,64.45
2024,2024-02-04,2024-01-23,TRUE,Suisun and Honker Bays,157,NA,NA,NA,NA,-0.1311111111111103,145,56506.4462809917,86653.2231404959,2,2024-02-06,156178.512396694,14,99672.0661157025,AN,0,175,0,464,64.45
2024,2024-02-04,2024-01-23,TRUE,Suisun and Honker Bays,157,NA,1247.6666666666667,NA,NA,NA,145,56506.4462809917,86653.2231404959,2,2024-02-06,156178.512396694,14,99672.0661157025,AN,0,175,0,464,64.45
2024,2024-02-04,2024-01-23,TRUE,Suisun and Honker Bays,157,NA,NA,29.256666666666668,NA,NA,145,56506.4462809917,86653.2231404959,2,2024-02-06,156178.512396694,14,99672.0661157025,AN,0,175,0,464,64.45
2024,2024-02-04,2024-01-23,TRUE,Suisun and Honker Bays,157,NA,NA,NA,NA,NA,145,56506.4462809917,86653.2231404959,2,2024-02-06,156178.512396694,14,99672.0661157025,AN,0,175,0,464,64.45
2024,2024-02-04,2024-01-23,TRUE,NA,157,NA,NA,NA,NA,NA,145,56506.4462809917,86653.2231404959,2,2024-02-06,156178.512396694,14,99672.0661157025,AN,0,175,0,464,64.45
2024,2024-02-20,2024-01-23,TRUE,Cache Slough and Liberty Island,173,NA,NA,NA,NA,0.6266666666666669,145,56506.4462809917,86653.2231404959,2,2024-02-06,156178.512396694,14,99672.0661157025,AN,0,175,0,464,58
2024,2024-02-20,2024-01-23,TRUE,Cache Slough and Liberty Island,173,NA,-40.241666666666674,NA,NA,NA,145,56506.4462809917,86653.2231404959,2,2024-02-06,156178.512396694,14,99672.0661157025,AN,0,175,0,464,58
2024,2024-02-20,2024-01-23,TRUE,Cache Slough and Liberty Island,173,NA,NA,22.51166666666667,NA,NA,145,56506.4462809917,86653.2231404959,2,2024-02-06,156178.512396694,14,99672.0661157025,AN,0,175,0,464,58
2024,2024-02-20,2024-01-23,TRUE,Cache Slough and Liberty Island,173,NA,NA,NA,NA,NA,145,56506.4462809917,86653.2231404959,2,2024-02-06,156178.512396694,14,99672.0661157025,AN,0,175,0,464,58
2024,2024-02-20,2024-01-23,TRUE,Cache Slough and Liberty Island,173,NA,NA,NA,0.19333333333333336,NA,145,56506.4462809917,86653.2231404959,2,2024-02-06,156178.512396694,14,99672.0661157025,AN,0,175,0,464,58
2024,2024-02-20,2024-01-23,TRUE,Confluence,173,NA,NA,NA,NA,0.3766666666666651,145,56506.4462809917,86653.2231404959,2,2024-02-06,156178.512396694,14,99672.0661157025,AN,0,175,0,464,58
2024,2024-02-20,2024-01-23,TRUE,Confluence,173,NA,9.96066666666684,NA,NA,NA,145,56506.4462809917,86653.2231404959,2,2024-02-06,156178.512396694,14,99672.0661157025,AN,0,175,0,464,58
2024,2024-02-20,2024-01-23,TRUE,Confluence,173,NA,NA,1.8359999999999983,NA,NA,145,56506.4462809917,86653.2231404959,2,2024-02-06,156178.512396694,14,99672.0661157025,AN,0,175,0,464,58
2024,2024-02-20,2024-01-23,TRUE,Confluence,173,16644.444444444445,NA,NA,NA,NA,145,56506.4462809917,86653.2231404959,2,2024-02-06,156178.512396694,14,99672.0661157025,AN,0,175,0,464,58
2024,2024-02-20,2024-01-23,TRUE,Confluence,173,NA,NA,NA,0.2566666666666667,NA,145,56506.4462809917,86653.2231404959,2,2024-02-06,156178.512396694,14,99672.0661157025,AN,0,175,0,464,58
2024,2024-02-20,2024-01-23,TRUE,North and South Forks Mokelumne River,173,NA,NA,NA,NA,0.8420000000000005,145,56506.4462809917,86653.2231404959,2,2024-02-06,156178.512396694,14,99672.0661157025,AN,0,175,0,464,58
2024,2024-02-20,2024-01-23,TRUE,North and South Forks Mokelumne River,173,NA,-6.020666666666671,NA,NA,NA,145,56506.4462809917,86653.2231404959,2,2024-02-06,156178.512396694,14,99672.0661157025,AN,0,175,0,464,58
2024,2024-02-20,2024-01-23,TRUE,North and South Forks Mokelumne River,173,NA,NA,11.471333333333334,NA,NA,145,56506.4462809917,86653.2231404959,2,2024-02-06,156178.512396694,14,99672.0661157025,AN,0,175,0,464,58
2024,2024-02-20,2024-01-23,TRUE,North and South Forks Mokelumne River,173,2775.5,NA,NA,NA,NA,145,56506.4462809917,86653.2231404959,2,2024-02-06,156178.512396694,14,99672.0661157025,AN,0,175,0,464,58
2024,2024-02-20,2024-01-23,TRUE,North and South Forks Mokelumne River,173,NA,NA,NA,0.36533333333333334,NA,145,56506.4462809917,86653.2231404959,2,2024-02-06,156178.512396694,14,99672.0661157025,AN,0,175,0,464,58
2024,2024-02-20,2024-01-23,TRUE,Out of Bounds,173,NA,NA,NA,NA,0.7633333333333336,145,56506.4462809917,86653.2231404959,2,2024-02-06,156178.512396694,14,99672.0661157025,AN,0,175,0,464,58
2024,2024-02-20,2024-01-23,TRUE,Out of Bounds,173,NA,-81.30666666666667,NA,NA,NA,145,56506.4462809917,86653.2231404959,2,2024-02-06,156178.512396694,14,99672.0661157025,AN,0,175,0,464,58
2024,2024-02-20,2024-01-23,TRUE,Out of Bounds,173,NA,NA,27.28,NA,NA,145,56506.4462809917,86653.2231404959,2,2024-02-06,156178.512396694,14,99672.0661157025,AN,0,175,0,464,58
2024,2024-02-20,2024-01-23,TRUE,Out of Bounds,173,NA,NA,NA,NA,NA,145,56506.4462809917,86653.2231404959,2,2024-02-06,156178.512396694,14,99672.0661157025,AN,0,175,0,464,58
2024,2024-02-20,2024-01-23,TRUE,Sacramento River Deep Water Ship Channel,173,NA,NA,NA,NA,0.4000000000000003,145,56506.4462809917,86653.2231404959,2,2024-02-06,156178.512396694,14,99672.0661157025,AN,0,175,0,464,58
2024,2024-02-20,2024-01-23,TRUE,Sacramento River Deep Water Ship Channel,173,NA,11.759999999999993,NA,NA,NA,145,56506.4462809917,86653.2231404959,2,2024-02-06,156178.512396694,14,99672.0661157025,AN,0,175,0,464,58
2024,2024-02-20,2024-01-23,TRUE,Sacramento River Deep Water Ship Channel,173,NA,NA,9.849999999999994,NA,NA,145,56506.4462809917,86653.2231404959,2,2024-02-06,156178.512396694,14,99672.0661157025,AN,0,175,0,464,58
2024,2024-02-20,2024-01-23,TRUE,Sacramento River Deep Water Ship Channel,173,NA,NA,NA,NA,NA,145,56506.4462809917,86653.2231404959,2,2024-02-06,156178.512396694,14,99672.0661157025,AN,0,175,0,464,58
2024,2024-02-20,2024-01-23,TRUE,Sacramento River Mainstem,173,NA,NA,NA,NA,0.6460000000000008,145,56506.4462809917,86653.2231404959,2,2024-02-06,156178.512396694,14,99672.0661157025,AN,0,175,0,464,58
2024,2024-02-20,2024-01-23,TRUE,Sacramento River Mainstem,173,NA,-15.199333333333328,NA,NA,NA,145,56506.4462809917,86653.2231404959,2,2024-02-06,156178.512396694,14,99672.0661157025,AN,0,175,0,464,58
2024,2024-02-20,2024-01-23,TRUE,Sacramento River Mainstem,173,NA,NA,23.357999999999997,NA,NA,145,56506.4462809917,86653.2231404959,2,2024-02-06,156178.512396694,14,99672.0661157025,AN,0,175,0,464,58
2024,2024-02-20,2024-01-23,TRUE,Sacramento River Mainstem,173,4784.18888888889,NA,NA,NA,NA,145,56506.4462809917,86653.2231404959,2,2024-02-06,156178.512396694,14,99672.0661157025,AN,0,175,0,464,58
2024,2024-02-20,2024-01-23,TRUE,Sacramento River Mainstem,173,NA,NA,NA,0.48222222222222255,NA,145,56506.4462809917,86653.2231404959,2,2024-02-06,156178.512396694,14,99672.0661157025,AN,0,175,0,464,58
2024,2024-02-20,2024-01-23,TRUE,San Pablo Bay and Carquinez Strait,173,NA,NA,NA,NA,0.13555555555555543,145,56506.4462809917,86653.2231404959,2,2024-02-06,156178.512396694,14,99672.0661157025,AN,0,175,0,464,58
2024,2024-02-20,2024-01-23,TRUE,San Pablo Bay and Carquinez Strait,173,NA,-6384.7188888888895,NA,NA,NA,145,56506.4462809917,86653.2231404959,2,2024-02-06,156178.512396694,14,99672.0661157025,AN,0,175,0,464,58
2024,2024-02-20,2024-01-23,TRUE,San Pablo Bay and Carquinez Strait,173,NA,NA,9.086666666666666,NA,NA,145,56506.4462809917,86653.2231404959,2,2024-02-06,156178.512396694,14,99672.0661157025,AN,0,175,0,464,58
2024,2024-02-20,2024-01-23,TRUE,San Pablo Bay and Carquinez Strait,173,NA,NA,NA,NA,NA,145,56506.4462809917,86653.2231404959,2,2024-02-06,156178.512396694,14,99672.0661157025,AN,0,175,0,464,58
2024,2024-02-20,2024-01-23,TRUE,South Delta,173,NA,NA,NA,NA,0.4741176470588222,145,56506.4462809917,86653.2231404959,2,2024-02-06,156178.512396694,14,99672.0661157025,AN,0,175,0,464,58
2024,2024-02-20,2024-01-23,TRUE,South Delta,173,NA,-32.624117647058824,NA,NA,NA,145,56506.4462809917,86653.2231404959,2,2024-02-06,156178.512396694,14,99672.0661157025,AN,0,175,0,464,58
2024,2024-02-20,2024-01-23,TRUE,South Delta,173,NA,NA,4.964509803921569,NA,NA,145,56506.4462809917,86653.2231404959,2,2024-02-06,156178.512396694,14,99672.0661157025,AN,0,175,0,464,58
2024,2024-02-20,2024-01-23,TRUE,South Delta,173,1666.3257777777778,NA,NA,NA,NA,145,56506.4462809917,86653.2231404959,2,2024-02-06,156178.512396694,14,99672.0661157025,AN,0,175,0,464,58
2024,2024-02-20,2024-01-23,TRUE,South Delta,173,NA,NA,NA,0.12333333333333336,NA,145,56506.4462809917,86653.2231404959,2,2024-02-06,156178.512396694,14,99672.0661157025,AN,0,175,0,464,58
2024,2024-02-20,2024-01-23,TRUE,Suisun Marsh and Montezuma Slough,173,NA,NA,NA,NA,0.5220000000000002,145,56506.4462809917,86653.2231404959,2,2024-02-06,156178.512396694,14,99672.0661157025,AN,0,175,0,464,58
2024,2024-02-20,2024-01-23,TRUE,Suisun Marsh and Montezuma Slough,173,NA,-43.33133333333319,NA,NA,NA,145,56506.4462809917,86653.2231404959,2,2024-02-06,156178.512396694,14,99672.0661157025,AN,0,175,0,464,58
2024,2024-02-20,2024-01-23,TRUE,Suisun Marsh and Montezuma Slough,173,NA,NA,-3.8740000000000023,NA,NA,145,56506.4462809917,86653.2231404959,2,2024-02-06,156178.512396694,14,99672.0661157025,AN,0,175,0,464,58
2024,2024-02-20,2024-01-23,TRUE,Suisun Marsh and Montezuma Slough,173,562.0599999999998,NA,NA,NA,NA,145,56506.4462809917,86653.2231404959,2,2024-02-06,156178.512396694,14,99672.0661157025,AN,0,175,0,464,58
2024,2024-02-20,2024-01-23,TRUE,Suisun Marsh and Montezuma Slough,173,NA,NA,NA,0.1266666666666667,NA,145,56506.4462809917,86653.2231404959,2,2024-02-06,156178.512396694,14,99672.0661157025,AN,0,175,0,464,58
2024,2024-02-20,2024-01-23,TRUE,Suisun and Honker Bays,173,NA,NA,NA,NA,0.275555555555556,145,56506.4462809917,86653.2231404959,2,2024-02-06,156178.512396694,14,99672.0661157025,AN,0,175,0,464,58
2024,2024-02-20,2024-01-23,TRUE,Suisun and Honker Bays,173,NA,-36.53777777777779,NA,NA,NA,145,56506.4462809917,86653.2231404959,2,2024-02-06,156178.512396694,14,99672.0661157025,AN,0,175,0,464,58
2024,2024-02-20,2024-01-23,TRUE,Suisun and Honker Bays,173,NA,NA,-14.391111111111115,NA,NA,145,56506.4462809917,86653.2231404959,2,2024-02-06,156178.512396694,14,99672.0661157025,AN,0,175,0,464,58
2024,2024-02-20,2024-01-23,TRUE,Suisun and Honker Bays,173,NA,NA,NA,NA,NA,145,56506.4462809917,86653.2231404959,2,2024-02-06,156178.512396694,14,99672.0661157025,AN,0,175,0,464,58
2024,2024-02-20,2024-01-23,TRUE,NA,173,NA,NA,NA,NA,NA,145,56506.4462809917,86653.2231404959,2,2024-02-06,156178.512396694,14,99672.0661157025,AN,0,175,0,464,58
