WY_adj,StormDate,DayofFF,AfterFirstFlush,stratum,StormDOWY_adj,water_temp_Δ,sp_cond_Δ,turbidity_Δ,discharge_tf_Δ,velocity_tf_Δ
1974,1973-11-12,1973-11-12,FALSE,Cache Slough and Liberty Island,73,NA,NA,NA,NA,NA
1974,1973-11-12,1973-11-12,FALSE,Confluence,73,NA,NA,NA,NA,NA
1974,1973-11-12,1973-11-12,FALSE,North and South Forks Mokelumne River,73,NA,NA,NA,NA,NA
1974,1973-11-12,1973-11-12,FALSE,Out of Bounds,73,NA,NA,NA,NA,NA
1974,1973-11-12,1973-11-12,FALSE,Sacramento River Deep Water Ship Channel,73,NA,NA,NA,NA,NA
1974,1973-11-12,1973-11-12,FALSE,Sacramento River Mainstem,73,NA,NA,NA,NA,NA
1974,1973-11-12,1973-11-12,FALSE,San Pablo Bay and Carquinez Strait,73,NA,NA,NA,NA,NA
1974,1973-11-12,1973-11-12,FALSE,South Delta,73,NA,NA,NA,NA,NA
1974,1973-11-12,1973-11-12,FALSE,Suisun Marsh and Montezuma Slough,73,NA,NA,NA,NA,NA
1974,1973-11-12,1973-11-12,FALSE,Suisun and Honker Bays,73,NA,NA,NA,NA,NA
1974,1973-12-02,1973-11-12,TRUE,Cache Slough and Liberty Island,93,NA,NA,NA,NA,NA
1974,1973-12-02,1973-11-12,TRUE,Confluence,93,NA,NA,NA,NA,NA
1974,1973-12-02,1973-11-12,TRUE,North and South Forks Mokelumne River,93,NA,NA,NA,NA,NA
1974,1973-12-02,1973-11-12,TRUE,Out of Bounds,93,NA,NA,NA,NA,NA
1974,1973-12-02,1973-11-12,TRUE,Sacramento River Deep Water Ship Channel,93,NA,NA,NA,NA,NA
1974,1973-12-02,1973-11-12,TRUE,Sacramento River Mainstem,93,NA,NA,NA,NA,NA
1974,1973-12-02,1973-11-12,TRUE,San Pablo Bay and Carquinez Strait,93,NA,NA,NA,NA,NA
1974,1973-12-02,1973-11-12,TRUE,South Delta,93,NA,NA,NA,NA,NA
1974,1973-12-02,1973-11-12,TRUE,Suisun Marsh and Montezuma Slough,93,NA,NA,NA,NA,NA
1974,1973-12-02,1973-11-12,TRUE,Suisun and Honker Bays,93,NA,NA,NA,NA,NA
1974,1973-12-30,1973-11-12,TRUE,Cache Slough and Liberty Island,121,NA,NA,NA,NA,NA
1974,1973-12-30,1973-11-12,TRUE,Confluence,121,NA,NA,NA,NA,NA
1974,1973-12-30,1973-11-12,TRUE,North and South Forks Mokelumne River,121,NA,NA,NA,NA,NA
1974,1973-12-30,1973-11-12,TRUE,Out of Bounds,121,NA,NA,NA,NA,NA
1974,1973-12-30,1973-11-12,TRUE,Sacramento River Deep Water Ship Channel,121,NA,NA,NA,NA,NA
1974,1973-12-30,1973-11-12,TRUE,Sacramento River Mainstem,121,0.09999999999999964,NA,NA,NA,NA
1974,1973-12-30,1973-11-12,TRUE,San Pablo Bay and Carquinez Strait,121,NA,NA,NA,NA,NA
1974,1973-12-30,1973-11-12,TRUE,South Delta,121,NA,NA,NA,NA,NA
1974,1973-12-30,1973-11-12,TRUE,Suisun Marsh and Montezuma Slough,121,NA,NA,NA,NA,NA
1974,1973-12-30,1973-11-12,TRUE,Suisun and Honker Bays,121,NA,NA,NA,NA,NA
1974,1974-01-15,1973-11-12,TRUE,Cache Slough and Liberty Island,137,NA,NA,NA,NA,NA
1974,1974-01-15,1973-11-12,TRUE,Confluence,137,NA,NA,NA,NA,NA
1974,1974-01-15,1973-11-12,TRUE,North and South Forks Mokelumne River,137,NA,NA,NA,NA,NA
1974,1974-01-15,1973-11-12,TRUE,Out of Bounds,137,NA,NA,NA,NA,NA
1974,1974-01-15,1973-11-12,TRUE,Sacramento River Deep Water Ship Channel,137,NA,NA,NA,NA,NA
1974,1974-01-15,1973-11-12,TRUE,Sacramento River Mainstem,137,1.0666666666666664,NA,NA,NA,NA
1974,1974-01-15,1973-11-12,TRUE,San Pablo Bay and Carquinez Strait,137,NA,NA,NA,NA,NA
1974,1974-01-15,1973-11-12,TRUE,South Delta,137,NA,NA,NA,NA,NA
1974,1974-01-15,1973-11-12,TRUE,Suisun Marsh and Montezuma Slough,137,NA,NA,NA,NA,NA
1974,1974-01-15,1973-11-12,TRUE,Suisun and Honker Bays,137,NA,NA,NA,NA,NA
1974,1974-03-02,1973-11-12,TRUE,Cache Slough and Liberty Island,183,NA,NA,NA,NA,NA
1974,1974-03-02,1973-11-12,TRUE,Confluence,183,NA,NA,NA,NA,NA
1974,1974-03-02,1973-11-12,TRUE,North and South Forks Mokelumne River,183,NA,NA,NA,NA,NA
1974,1974-03-02,1973-11-12,TRUE,Out of Bounds,183,NA,NA,NA,NA,NA
1974,1974-03-02,1973-11-12,TRUE,Sacramento River Deep Water Ship Channel,183,NA,NA,NA,NA,NA
1974,1974-03-02,1973-11-12,TRUE,Sacramento River Mainstem,183,NA,NA,NA,NA,NA
1974,1974-03-02,1973-11-12,TRUE,San Pablo Bay and Carquinez Strait,183,NA,NA,NA,NA,NA
1974,1974-03-02,1973-11-12,TRUE,South Delta,183,NA,NA,NA,NA,NA
1974,1974-03-02,1973-11-12,TRUE,Suisun Marsh and Montezuma Slough,183,NA,NA,NA,NA,NA
1974,1974-03-02,1973-11-12,TRUE,Suisun and Honker Bays,183,NA,NA,NA,NA,NA
1974,1974-03-30,1973-11-12,TRUE,Cache Slough and Liberty Island,211,NA,NA,NA,NA,NA
1974,1974-03-30,1973-11-12,TRUE,Confluence,211,NA,NA,NA,NA,NA
1974,1974-03-30,1973-11-12,TRUE,North and South Forks Mokelumne River,211,NA,NA,NA,NA,NA
1974,1974-03-30,1973-11-12,TRUE,Out of Bounds,211,NA,NA,NA,NA,NA
1974,1974-03-30,1973-11-12,TRUE,Sacramento River Deep Water Ship Channel,211,NA,NA,NA,NA,NA
1974,1974-03-30,1973-11-12,TRUE,Sacramento River Mainstem,211,NA,NA,NA,NA,NA
1974,1974-03-30,1973-11-12,TRUE,San Pablo Bay and Carquinez Strait,211,NA,NA,NA,NA,NA
1974,1974-03-30,1973-11-12,TRUE,South Delta,211,NA,NA,NA,NA,NA
1974,1974-03-30,1973-11-12,TRUE,Suisun Marsh and Montezuma Slough,211,NA,NA,NA,NA,NA
1974,1974-03-30,1973-11-12,TRUE,Suisun and Honker Bays,211,NA,NA,NA,NA,NA
1975,1975-02-02,1975-02-02,FALSE,Cache Slough and Liberty Island,155,NA,NA,NA,NA,NA
1975,1975-02-02,1975-02-02,FALSE,Confluence,155,NA,NA,NA,NA,NA
1975,1975-02-02,1975-02-02,FALSE,North and South Forks Mokelumne River,155,NA,NA,NA,NA,NA
1975,1975-02-02,1975-02-02,FALSE,Out of Bounds,155,NA,NA,NA,NA,NA
1975,1975-02-02,1975-02-02,FALSE,Sacramento River Deep Water Ship Channel,155,NA,NA,NA,NA,NA
1975,1975-02-02,1975-02-02,FALSE,Sacramento River Mainstem,155,NA,NA,NA,NA,NA
1975,1975-02-02,1975-02-02,FALSE,San Pablo Bay and Carquinez Strait,155,NA,NA,NA,NA,NA
1975,1975-02-02,1975-02-02,FALSE,South Delta,155,NA,NA,NA,NA,NA
1975,1975-02-02,1975-02-02,FALSE,Suisun Marsh and Montezuma Slough,155,NA,NA,NA,NA,NA
1975,1975-02-02,1975-02-02,FALSE,Suisun and Honker Bays,155,NA,NA,NA,NA,NA
1975,1975-02-09,1975-02-02,TRUE,Cache Slough and Liberty Island,162,NA,NA,NA,NA,NA
1975,1975-02-09,1975-02-02,TRUE,Confluence,162,NA,NA,NA,NA,NA
1975,1975-02-09,1975-02-02,TRUE,North and South Forks Mokelumne River,162,NA,NA,NA,NA,NA
1975,1975-02-09,1975-02-02,TRUE,Out of Bounds,162,NA,NA,NA,NA,NA
1975,1975-02-09,1975-02-02,TRUE,Sacramento River Deep Water Ship Channel,162,NA,NA,NA,NA,NA
1975,1975-02-09,1975-02-02,TRUE,Sacramento River Mainstem,162,NA,NA,NA,NA,NA
1975,1975-02-09,1975-02-02,TRUE,San Pablo Bay and Carquinez Strait,162,NA,NA,NA,NA,NA
1975,1975-02-09,1975-02-02,TRUE,South Delta,162,NA,NA,NA,NA,NA
1975,1975-02-09,1975-02-02,TRUE,Suisun Marsh and Montezuma Slough,162,NA,NA,NA,NA,NA
1975,1975-02-09,1975-02-02,TRUE,Suisun and Honker Bays,162,NA,NA,NA,NA,NA
1975,1975-02-13,1975-02-02,TRUE,Cache Slough and Liberty Island,166,NA,NA,NA,NA,NA
1975,1975-02-13,1975-02-02,TRUE,Confluence,166,NA,NA,NA,NA,NA
1975,1975-02-13,1975-02-02,TRUE,North and South Forks Mokelumne River,166,NA,NA,NA,NA,NA
1975,1975-02-13,1975-02-02,TRUE,Out of Bounds,166,NA,NA,NA,NA,NA
1975,1975-02-13,1975-02-02,TRUE,Sacramento River Deep Water Ship Channel,166,NA,NA,NA,NA,NA
1975,1975-02-13,1975-02-02,TRUE,Sacramento River Mainstem,166,NA,NA,NA,NA,NA
1975,1975-02-13,1975-02-02,TRUE,San Pablo Bay and Carquinez Strait,166,NA,NA,NA,NA,NA
1975,1975-02-13,1975-02-02,TRUE,South Delta,166,NA,NA,NA,NA,NA
1975,1975-02-13,1975-02-02,TRUE,Suisun Marsh and Montezuma Slough,166,NA,NA,NA,NA,NA
1975,1975-02-13,1975-02-02,TRUE,Suisun and Honker Bays,166,NA,NA,NA,NA,NA
1975,1975-03-09,1975-02-02,TRUE,Cache Slough and Liberty Island,190,NA,NA,NA,NA,NA
1975,1975-03-09,1975-02-02,TRUE,Confluence,190,NA,NA,NA,NA,NA
1975,1975-03-09,1975-02-02,TRUE,North and South Forks Mokelumne River,190,NA,NA,NA,NA,NA
1975,1975-03-09,1975-02-02,TRUE,Out of Bounds,190,NA,NA,NA,NA,NA
1975,1975-03-09,1975-02-02,TRUE,Sacramento River Deep Water Ship Channel,190,NA,NA,NA,NA,NA
1975,1975-03-09,1975-02-02,TRUE,Sacramento River Mainstem,190,NA,NA,NA,NA,NA
1975,1975-03-09,1975-02-02,TRUE,San Pablo Bay and Carquinez Strait,190,NA,NA,NA,NA,NA
1975,1975-03-09,1975-02-02,TRUE,South Delta,190,NA,NA,NA,NA,NA
1975,1975-03-09,1975-02-02,TRUE,Suisun Marsh and Montezuma Slough,190,NA,NA,NA,NA,NA
1975,1975-03-09,1975-02-02,TRUE,Suisun and Honker Bays,190,NA,NA,NA,NA,NA
1975,1975-03-12,1975-02-02,TRUE,Cache Slough and Liberty Island,193,NA,NA,NA,NA,NA
1975,1975-03-12,1975-02-02,TRUE,Confluence,193,NA,NA,NA,NA,NA
1975,1975-03-12,1975-02-02,TRUE,North and South Forks Mokelumne River,193,NA,NA,NA,NA,NA
1975,1975-03-12,1975-02-02,TRUE,Out of Bounds,193,NA,NA,NA,NA,NA
1975,1975-03-12,1975-02-02,TRUE,Sacramento River Deep Water Ship Channel,193,NA,NA,NA,NA,NA
1975,1975-03-12,1975-02-02,TRUE,Sacramento River Mainstem,193,NA,NA,NA,NA,NA
1975,1975-03-12,1975-02-02,TRUE,San Pablo Bay and Carquinez Strait,193,NA,NA,NA,NA,NA
1975,1975-03-12,1975-02-02,TRUE,South Delta,193,NA,NA,NA,NA,NA
1975,1975-03-12,1975-02-02,TRUE,Suisun Marsh and Montezuma Slough,193,NA,NA,NA,NA,NA
1975,1975-03-12,1975-02-02,TRUE,Suisun and Honker Bays,193,NA,NA,NA,NA,NA
1975,1975-03-21,1975-02-02,TRUE,Cache Slough and Liberty Island,202,NA,NA,NA,NA,NA
1975,1975-03-21,1975-02-02,TRUE,Confluence,202,NA,NA,NA,NA,NA
1975,1975-03-21,1975-02-02,TRUE,North and South Forks Mokelumne River,202,NA,NA,NA,NA,NA
1975,1975-03-21,1975-02-02,TRUE,Out of Bounds,202,NA,NA,NA,NA,NA
1975,1975-03-21,1975-02-02,TRUE,Sacramento River Deep Water Ship Channel,202,NA,NA,NA,NA,NA
1975,1975-03-21,1975-02-02,TRUE,Sacramento River Mainstem,202,NA,NA,NA,NA,NA
1975,1975-03-21,1975-02-02,TRUE,San Pablo Bay and Carquinez Strait,202,NA,NA,NA,NA,NA
1975,1975-03-21,1975-02-02,TRUE,South Delta,202,NA,NA,NA,NA,NA
1975,1975-03-21,1975-02-02,TRUE,Suisun Marsh and Montezuma Slough,202,NA,NA,NA,NA,NA
1975,1975-03-21,1975-02-02,TRUE,Suisun and Honker Bays,202,NA,NA,NA,NA,NA
1978,1977-12-17,1977-12-17,FALSE,Cache Slough and Liberty Island,108,NA,NA,NA,NA,NA
1978,1977-12-17,1977-12-17,FALSE,Confluence,108,NA,NA,NA,NA,NA
1978,1977-12-17,1977-12-17,FALSE,North and South Forks Mokelumne River,108,NA,NA,NA,NA,NA
1978,1977-12-17,1977-12-17,FALSE,Out of Bounds,108,NA,NA,NA,NA,NA
1978,1977-12-17,1977-12-17,FALSE,Sacramento River Deep Water Ship Channel,108,NA,NA,NA,NA,NA
1978,1977-12-17,1977-12-17,FALSE,Sacramento River Mainstem,108,NA,NA,NA,NA,NA
1978,1977-12-17,1977-12-17,FALSE,San Pablo Bay and Carquinez Strait,108,NA,NA,NA,NA,NA
1978,1977-12-17,1977-12-17,FALSE,South Delta,108,NA,NA,NA,NA,NA
1978,1977-12-17,1977-12-17,FALSE,Suisun Marsh and Montezuma Slough,108,NA,NA,NA,NA,NA
1978,1977-12-17,1977-12-17,FALSE,Suisun and Honker Bays,108,NA,NA,NA,NA,NA
1978,1977-12-25,1977-12-17,TRUE,Cache Slough and Liberty Island,116,NA,NA,NA,NA,NA
1978,1977-12-25,1977-12-17,TRUE,Confluence,116,NA,NA,NA,NA,NA
1978,1977-12-25,1977-12-17,TRUE,North and South Forks Mokelumne River,116,NA,NA,NA,NA,NA
1978,1977-12-25,1977-12-17,TRUE,Out of Bounds,116,NA,NA,NA,NA,NA
1978,1977-12-25,1977-12-17,TRUE,Sacramento River Deep Water Ship Channel,116,NA,NA,NA,NA,NA
1978,1977-12-25,1977-12-17,TRUE,Sacramento River Mainstem,116,NA,NA,NA,NA,NA
1978,1977-12-25,1977-12-17,TRUE,San Pablo Bay and Carquinez Strait,116,NA,NA,NA,NA,NA
1978,1977-12-25,1977-12-17,TRUE,South Delta,116,NA,NA,NA,NA,NA
1978,1977-12-25,1977-12-17,TRUE,Suisun Marsh and Montezuma Slough,116,NA,NA,NA,NA,NA
1978,1977-12-25,1977-12-17,TRUE,Suisun and Honker Bays,116,NA,NA,NA,NA,NA
1978,1978-01-06,1977-12-17,TRUE,Cache Slough and Liberty Island,128,NA,NA,NA,NA,NA
1978,1978-01-06,1977-12-17,TRUE,Confluence,128,NA,NA,NA,NA,NA
1978,1978-01-06,1977-12-17,TRUE,North and South Forks Mokelumne River,128,NA,NA,NA,NA,NA
1978,1978-01-06,1977-12-17,TRUE,Out of Bounds,128,NA,NA,NA,NA,NA
1978,1978-01-06,1977-12-17,TRUE,Sacramento River Deep Water Ship Channel,128,NA,NA,NA,NA,NA
1978,1978-01-06,1977-12-17,TRUE,Sacramento River Mainstem,128,NA,NA,NA,NA,NA
1978,1978-01-06,1977-12-17,TRUE,San Pablo Bay and Carquinez Strait,128,NA,NA,NA,NA,NA
1978,1978-01-06,1977-12-17,TRUE,South Delta,128,NA,NA,NA,NA,NA
1978,1978-01-06,1977-12-17,TRUE,Suisun Marsh and Montezuma Slough,128,NA,NA,NA,NA,NA
1978,1978-01-06,1977-12-17,TRUE,Suisun and Honker Bays,128,NA,NA,NA,NA,NA
1978,1978-01-13,1977-12-17,TRUE,Cache Slough and Liberty Island,135,NA,NA,NA,NA,NA
1978,1978-01-13,1977-12-17,TRUE,Confluence,135,NA,NA,NA,NA,NA
1978,1978-01-13,1977-12-17,TRUE,North and South Forks Mokelumne River,135,NA,NA,NA,NA,NA
1978,1978-01-13,1977-12-17,TRUE,Out of Bounds,135,NA,NA,NA,NA,NA
1978,1978-01-13,1977-12-17,TRUE,Sacramento River Deep Water Ship Channel,135,NA,NA,NA,NA,NA
1978,1978-01-13,1977-12-17,TRUE,Sacramento River Mainstem,135,NA,NA,NA,NA,NA
1978,1978-01-13,1977-12-17,TRUE,San Pablo Bay and Carquinez Strait,135,NA,NA,NA,NA,NA
1978,1978-01-13,1977-12-17,TRUE,South Delta,135,NA,NA,NA,NA,NA
1978,1978-01-13,1977-12-17,TRUE,Suisun Marsh and Montezuma Slough,135,NA,NA,NA,NA,NA
1978,1978-01-13,1977-12-17,TRUE,Suisun and Honker Bays,135,NA,NA,NA,NA,NA
1978,1978-02-07,1977-12-17,TRUE,Cache Slough and Liberty Island,160,NA,NA,NA,NA,NA
1978,1978-02-07,1977-12-17,TRUE,Confluence,160,NA,NA,NA,NA,NA
1978,1978-02-07,1977-12-17,TRUE,North and South Forks Mokelumne River,160,NA,NA,NA,NA,NA
1978,1978-02-07,1977-12-17,TRUE,Out of Bounds,160,NA,NA,NA,NA,NA
1978,1978-02-07,1977-12-17,TRUE,Sacramento River Deep Water Ship Channel,160,NA,NA,NA,NA,NA
1978,1978-02-07,1977-12-17,TRUE,Sacramento River Mainstem,160,NA,NA,NA,NA,NA
1978,1978-02-07,1977-12-17,TRUE,San Pablo Bay and Carquinez Strait,160,NA,NA,NA,NA,NA
1978,1978-02-07,1977-12-17,TRUE,South Delta,160,NA,NA,NA,NA,NA
1978,1978-02-07,1977-12-17,TRUE,Suisun Marsh and Montezuma Slough,160,NA,NA,NA,NA,NA
1978,1978-02-07,1977-12-17,TRUE,Suisun and Honker Bays,160,NA,NA,NA,NA,NA
1978,1978-03-04,1977-12-17,TRUE,Cache Slough and Liberty Island,185,NA,NA,NA,NA,NA
1978,1978-03-04,1977-12-17,TRUE,Confluence,185,NA,NA,NA,NA,NA
1978,1978-03-04,1977-12-17,TRUE,North and South Forks Mokelumne River,185,NA,NA,NA,NA,NA
1978,1978-03-04,1977-12-17,TRUE,Out of Bounds,185,NA,NA,NA,NA,NA
1978,1978-03-04,1977-12-17,TRUE,Sacramento River Deep Water Ship Channel,185,NA,NA,NA,NA,NA
1978,1978-03-04,1977-12-17,TRUE,Sacramento River Mainstem,185,NA,NA,NA,NA,NA
1978,1978-03-04,1977-12-17,TRUE,San Pablo Bay and Carquinez Strait,185,NA,NA,NA,NA,NA
1978,1978-03-04,1977-12-17,TRUE,South Delta,185,NA,NA,NA,NA,NA
1978,1978-03-04,1977-12-17,TRUE,Suisun Marsh and Montezuma Slough,185,NA,NA,NA,NA,NA
1978,1978-03-04,1977-12-17,TRUE,Suisun and Honker Bays,185,NA,NA,NA,NA,NA
1979,1979-01-12,1979-01-12,FALSE,Cache Slough and Liberty Island,134,NA,NA,NA,NA,NA
1979,1979-01-12,1979-01-12,FALSE,Confluence,134,NA,NA,NA,NA,NA
1979,1979-01-12,1979-01-12,FALSE,North and South Forks Mokelumne River,134,NA,NA,NA,NA,NA
1979,1979-01-12,1979-01-12,FALSE,Out of Bounds,134,NA,NA,NA,NA,NA
1979,1979-01-12,1979-01-12,FALSE,Sacramento River Deep Water Ship Channel,134,NA,NA,NA,NA,NA
1979,1979-01-12,1979-01-12,FALSE,Sacramento River Mainstem,134,NA,NA,NA,NA,NA
1979,1979-01-12,1979-01-12,FALSE,San Pablo Bay and Carquinez Strait,134,NA,NA,NA,NA,NA
1979,1979-01-12,1979-01-12,FALSE,South Delta,134,NA,NA,NA,NA,NA
1979,1979-01-12,1979-01-12,FALSE,Suisun Marsh and Montezuma Slough,134,NA,NA,NA,NA,NA
1979,1979-01-12,1979-01-12,FALSE,Suisun and Honker Bays,134,NA,NA,NA,NA,NA
1979,1979-01-16,1979-01-12,TRUE,Cache Slough and Liberty Island,138,NA,NA,NA,NA,NA
1979,1979-01-16,1979-01-12,TRUE,Confluence,138,NA,NA,NA,NA,NA
1979,1979-01-16,1979-01-12,TRUE,North and South Forks Mokelumne River,138,NA,NA,NA,NA,NA
1979,1979-01-16,1979-01-12,TRUE,Out of Bounds,138,NA,NA,NA,NA,NA
1979,1979-01-16,1979-01-12,TRUE,Sacramento River Deep Water Ship Channel,138,NA,NA,NA,NA,NA
1979,1979-01-16,1979-01-12,TRUE,Sacramento River Mainstem,138,NA,NA,NA,NA,NA
1979,1979-01-16,1979-01-12,TRUE,San Pablo Bay and Carquinez Strait,138,NA,NA,NA,NA,NA
1979,1979-01-16,1979-01-12,TRUE,South Delta,138,NA,NA,NA,NA,NA
1979,1979-01-16,1979-01-12,TRUE,Suisun Marsh and Montezuma Slough,138,NA,NA,NA,NA,NA
1979,1979-01-16,1979-01-12,TRUE,Suisun and Honker Bays,138,NA,NA,NA,NA,NA
1979,1979-02-15,1979-01-12,TRUE,Cache Slough and Liberty Island,168,NA,NA,NA,NA,NA
1979,1979-02-15,1979-01-12,TRUE,Confluence,168,NA,NA,NA,NA,NA
1979,1979-02-15,1979-01-12,TRUE,North and South Forks Mokelumne River,168,NA,NA,NA,NA,NA
1979,1979-02-15,1979-01-12,TRUE,Out of Bounds,168,NA,NA,NA,NA,NA
1979,1979-02-15,1979-01-12,TRUE,Sacramento River Deep Water Ship Channel,168,NA,NA,NA,NA,NA
1979,1979-02-15,1979-01-12,TRUE,Sacramento River Mainstem,168,NA,NA,NA,NA,NA
1979,1979-02-15,1979-01-12,TRUE,San Pablo Bay and Carquinez Strait,168,NA,NA,NA,NA,NA
1979,1979-02-15,1979-01-12,TRUE,South Delta,168,NA,NA,NA,NA,NA
1979,1979-02-15,1979-01-12,TRUE,Suisun Marsh and Montezuma Slough,168,NA,NA,NA,NA,NA
1979,1979-02-15,1979-01-12,TRUE,Suisun and Honker Bays,168,NA,NA,NA,NA,NA
1979,1979-02-23,1979-01-12,TRUE,Cache Slough and Liberty Island,176,NA,NA,NA,NA,NA
1979,1979-02-23,1979-01-12,TRUE,Confluence,176,NA,NA,NA,NA,NA
1979,1979-02-23,1979-01-12,TRUE,North and South Forks Mokelumne River,176,NA,NA,NA,NA,NA
1979,1979-02-23,1979-01-12,TRUE,Out of Bounds,176,NA,NA,NA,NA,NA
1979,1979-02-23,1979-01-12,TRUE,Sacramento River Deep Water Ship Channel,176,NA,NA,NA,NA,NA
1979,1979-02-23,1979-01-12,TRUE,Sacramento River Mainstem,176,NA,NA,NA,NA,NA
1979,1979-02-23,1979-01-12,TRUE,San Pablo Bay and Carquinez Strait,176,NA,NA,NA,NA,NA
1979,1979-02-23,1979-01-12,TRUE,South Delta,176,NA,NA,NA,NA,NA
1979,1979-02-23,1979-01-12,TRUE,Suisun Marsh and Montezuma Slough,176,NA,NA,NA,NA,NA
1979,1979-02-23,1979-01-12,TRUE,Suisun and Honker Bays,176,NA,NA,NA,NA,NA
1979,1979-03-02,1979-01-12,TRUE,Cache Slough and Liberty Island,183,NA,NA,NA,NA,NA
1979,1979-03-02,1979-01-12,TRUE,Confluence,183,NA,NA,NA,NA,NA
1979,1979-03-02,1979-01-12,TRUE,North and South Forks Mokelumne River,183,NA,NA,NA,NA,NA
1979,1979-03-02,1979-01-12,TRUE,Out of Bounds,183,NA,NA,NA,NA,NA
1979,1979-03-02,1979-01-12,TRUE,Sacramento River Deep Water Ship Channel,183,NA,NA,NA,NA,NA
1979,1979-03-02,1979-01-12,TRUE,Sacramento River Mainstem,183,NA,NA,NA,NA,NA
1979,1979-03-02,1979-01-12,TRUE,San Pablo Bay and Carquinez Strait,183,NA,NA,NA,NA,NA
1979,1979-03-02,1979-01-12,TRUE,South Delta,183,NA,NA,NA,NA,NA
1979,1979-03-02,1979-01-12,TRUE,Suisun Marsh and Montezuma Slough,183,NA,NA,NA,NA,NA
1979,1979-03-02,1979-01-12,TRUE,Suisun and Honker Bays,183,NA,NA,NA,NA,NA
1979,1979-03-29,1979-01-12,TRUE,Cache Slough and Liberty Island,210,NA,NA,NA,NA,NA
1979,1979-03-29,1979-01-12,TRUE,Confluence,210,NA,NA,NA,NA,NA
1979,1979-03-29,1979-01-12,TRUE,North and South Forks Mokelumne River,210,NA,NA,NA,NA,NA
1979,1979-03-29,1979-01-12,TRUE,Out of Bounds,210,NA,NA,NA,NA,NA
1979,1979-03-29,1979-01-12,TRUE,Sacramento River Deep Water Ship Channel,210,NA,NA,NA,NA,NA
1979,1979-03-29,1979-01-12,TRUE,Sacramento River Mainstem,210,NA,NA,NA,NA,NA
1979,1979-03-29,1979-01-12,TRUE,San Pablo Bay and Carquinez Strait,210,NA,NA,NA,NA,NA
1979,1979-03-29,1979-01-12,TRUE,South Delta,210,NA,NA,NA,NA,NA
1979,1979-03-29,1979-01-12,TRUE,Suisun Marsh and Montezuma Slough,210,NA,NA,NA,NA,NA
1979,1979-03-29,1979-01-12,TRUE,Suisun and Honker Bays,210,NA,NA,NA,NA,NA
1980,1979-12-25,1979-12-25,FALSE,Cache Slough and Liberty Island,116,NA,NA,NA,NA,NA
1980,1979-12-25,1979-12-25,FALSE,Confluence,116,NA,NA,NA,NA,NA
1980,1979-12-25,1979-12-25,FALSE,North and South Forks Mokelumne River,116,NA,NA,NA,NA,NA
1980,1979-12-25,1979-12-25,FALSE,Out of Bounds,116,NA,NA,NA,NA,NA
1980,1979-12-25,1979-12-25,FALSE,Sacramento River Deep Water Ship Channel,116,NA,NA,NA,NA,NA
1980,1979-12-25,1979-12-25,FALSE,Sacramento River Mainstem,116,NA,NA,NA,NA,NA
1980,1979-12-25,1979-12-25,FALSE,San Pablo Bay and Carquinez Strait,116,NA,NA,NA,NA,NA
1980,1979-12-25,1979-12-25,FALSE,South Delta,116,NA,NA,NA,NA,NA
1980,1979-12-25,1979-12-25,FALSE,Suisun Marsh and Montezuma Slough,116,NA,NA,NA,NA,NA
1980,1979-12-25,1979-12-25,FALSE,Suisun and Honker Bays,116,NA,NA,NA,NA,NA
1980,1980-01-12,1979-12-25,TRUE,Cache Slough and Liberty Island,134,NA,NA,NA,NA,NA
1980,1980-01-12,1979-12-25,TRUE,Confluence,134,NA,NA,NA,NA,NA
1980,1980-01-12,1979-12-25,TRUE,North and South Forks Mokelumne River,134,NA,NA,NA,NA,NA
1980,1980-01-12,1979-12-25,TRUE,Out of Bounds,134,NA,NA,NA,NA,NA
1980,1980-01-12,1979-12-25,TRUE,Sacramento River Deep Water Ship Channel,134,NA,NA,NA,NA,NA
1980,1980-01-12,1979-12-25,TRUE,Sacramento River Mainstem,134,NA,NA,NA,NA,NA
1980,1980-01-12,1979-12-25,TRUE,San Pablo Bay and Carquinez Strait,134,NA,NA,NA,NA,NA
1980,1980-01-12,1979-12-25,TRUE,South Delta,134,NA,NA,NA,NA,NA
1980,1980-01-12,1979-12-25,TRUE,Suisun Marsh and Montezuma Slough,134,NA,NA,NA,NA,NA
1980,1980-01-12,1979-12-25,TRUE,Suisun and Honker Bays,134,NA,NA,NA,NA,NA
1980,1980-02-16,1979-12-25,TRUE,Cache Slough and Liberty Island,169,NA,NA,NA,NA,NA
1980,1980-02-16,1979-12-25,TRUE,Confluence,169,NA,NA,NA,NA,NA
1980,1980-02-16,1979-12-25,TRUE,North and South Forks Mokelumne River,169,NA,NA,NA,NA,NA
1980,1980-02-16,1979-12-25,TRUE,Out of Bounds,169,NA,NA,NA,NA,NA
1980,1980-02-16,1979-12-25,TRUE,Sacramento River Deep Water Ship Channel,169,NA,NA,NA,NA,NA
1980,1980-02-16,1979-12-25,TRUE,Sacramento River Mainstem,169,NA,NA,NA,NA,NA
1980,1980-02-16,1979-12-25,TRUE,San Pablo Bay and Carquinez Strait,169,NA,NA,NA,NA,NA
1980,1980-02-16,1979-12-25,TRUE,South Delta,169,NA,NA,NA,NA,NA
1980,1980-02-16,1979-12-25,TRUE,Suisun Marsh and Montezuma Slough,169,NA,NA,NA,NA,NA
1980,1980-02-16,1979-12-25,TRUE,Suisun and Honker Bays,169,NA,NA,NA,NA,NA
1981,1980-12-05,1980-12-05,FALSE,Cache Slough and Liberty Island,96,NA,NA,NA,NA,NA
1981,1980-12-05,1980-12-05,FALSE,Confluence,96,NA,NA,NA,NA,NA
1981,1980-12-05,1980-12-05,FALSE,North and South Forks Mokelumne River,96,NA,NA,NA,NA,NA
1981,1980-12-05,1980-12-05,FALSE,Out of Bounds,96,NA,NA,NA,NA,NA
1981,1980-12-05,1980-12-05,FALSE,Sacramento River Deep Water Ship Channel,96,NA,NA,NA,NA,NA
1981,1980-12-05,1980-12-05,FALSE,Sacramento River Mainstem,96,NA,NA,NA,NA,NA
1981,1980-12-05,1980-12-05,FALSE,San Pablo Bay and Carquinez Strait,96,NA,NA,NA,NA,NA
1981,1980-12-05,1980-12-05,FALSE,South Delta,96,NA,NA,NA,NA,NA
1981,1980-12-05,1980-12-05,FALSE,Suisun Marsh and Montezuma Slough,96,NA,NA,NA,NA,NA
1981,1980-12-05,1980-12-05,FALSE,Suisun and Honker Bays,96,NA,NA,NA,NA,NA
1981,1981-01-24,1980-12-05,TRUE,Cache Slough and Liberty Island,146,NA,NA,NA,NA,NA
1981,1981-01-24,1980-12-05,TRUE,Confluence,146,NA,NA,NA,NA,NA
1981,1981-01-24,1980-12-05,TRUE,North and South Forks Mokelumne River,146,NA,NA,NA,NA,NA
1981,1981-01-24,1980-12-05,TRUE,Out of Bounds,146,NA,NA,NA,NA,NA
1981,1981-01-24,1980-12-05,TRUE,Sacramento River Deep Water Ship Channel,146,NA,NA,NA,NA,NA
1981,1981-01-24,1980-12-05,TRUE,Sacramento River Mainstem,146,NA,NA,NA,NA,NA
1981,1981-01-24,1980-12-05,TRUE,San Pablo Bay and Carquinez Strait,146,NA,NA,NA,NA,NA
1981,1981-01-24,1980-12-05,TRUE,South Delta,146,NA,NA,NA,NA,NA
1981,1981-01-24,1980-12-05,TRUE,Suisun Marsh and Montezuma Slough,146,NA,NA,NA,NA,NA
1981,1981-01-24,1980-12-05,TRUE,Suisun and Honker Bays,146,NA,NA,NA,NA,NA
1981,1981-01-29,1980-12-05,TRUE,Cache Slough and Liberty Island,151,NA,NA,NA,NA,NA
1981,1981-01-29,1980-12-05,TRUE,Confluence,151,NA,NA,NA,NA,NA
1981,1981-01-29,1980-12-05,TRUE,North and South Forks Mokelumne River,151,NA,NA,NA,NA,NA
1981,1981-01-29,1980-12-05,TRUE,Out of Bounds,151,NA,NA,NA,NA,NA
1981,1981-01-29,1980-12-05,TRUE,Sacramento River Deep Water Ship Channel,151,NA,NA,NA,NA,NA
1981,1981-01-29,1980-12-05,TRUE,Sacramento River Mainstem,151,NA,NA,NA,NA,NA
1981,1981-01-29,1980-12-05,TRUE,San Pablo Bay and Carquinez Strait,151,NA,NA,NA,NA,NA
1981,1981-01-29,1980-12-05,TRUE,South Delta,151,NA,NA,NA,NA,NA
1981,1981-01-29,1980-12-05,TRUE,Suisun Marsh and Montezuma Slough,151,NA,NA,NA,NA,NA
1981,1981-01-29,1980-12-05,TRUE,Suisun and Honker Bays,151,NA,NA,NA,NA,NA
1981,1981-02-16,1980-12-05,TRUE,Cache Slough and Liberty Island,169,NA,NA,NA,NA,NA
1981,1981-02-16,1980-12-05,TRUE,Confluence,169,NA,NA,NA,NA,NA
1981,1981-02-16,1980-12-05,TRUE,North and South Forks Mokelumne River,169,NA,NA,NA,NA,NA
1981,1981-02-16,1980-12-05,TRUE,Out of Bounds,169,NA,NA,NA,NA,NA
1981,1981-02-16,1980-12-05,TRUE,Sacramento River Deep Water Ship Channel,169,NA,NA,NA,NA,NA
1981,1981-02-16,1980-12-05,TRUE,Sacramento River Mainstem,169,NA,NA,NA,NA,NA
1981,1981-02-16,1980-12-05,TRUE,San Pablo Bay and Carquinez Strait,169,NA,NA,NA,NA,NA
1981,1981-02-16,1980-12-05,TRUE,South Delta,169,NA,NA,NA,NA,NA
1981,1981-02-16,1980-12-05,TRUE,Suisun Marsh and Montezuma Slough,169,NA,NA,NA,NA,NA
1981,1981-02-16,1980-12-05,TRUE,Suisun and Honker Bays,169,NA,NA,NA,NA,NA
1982,1981-11-18,1981-11-18,FALSE,Cache Slough and Liberty Island,79,NA,NA,NA,NA,NA
1982,1981-11-18,1981-11-18,FALSE,Confluence,79,NA,NA,NA,NA,NA
1982,1981-11-18,1981-11-18,FALSE,North and South Forks Mokelumne River,79,NA,NA,NA,NA,NA
1982,1981-11-18,1981-11-18,FALSE,Out of Bounds,79,NA,NA,NA,NA,NA
1982,1981-11-18,1981-11-18,FALSE,Sacramento River Deep Water Ship Channel,79,NA,NA,NA,NA,NA
1982,1981-11-18,1981-11-18,FALSE,Sacramento River Mainstem,79,NA,NA,NA,NA,NA
1982,1981-11-18,1981-11-18,FALSE,San Pablo Bay and Carquinez Strait,79,NA,NA,NA,NA,NA
1982,1981-11-18,1981-11-18,FALSE,South Delta,79,NA,NA,NA,NA,NA
1982,1981-11-18,1981-11-18,FALSE,Suisun Marsh and Montezuma Slough,79,NA,NA,NA,NA,NA
1982,1981-11-18,1981-11-18,FALSE,Suisun and Honker Bays,79,NA,NA,NA,NA,NA
1982,1981-11-23,1981-11-18,TRUE,Cache Slough and Liberty Island,84,NA,NA,NA,NA,NA
1982,1981-11-23,1981-11-18,TRUE,Confluence,84,NA,NA,NA,NA,NA
1982,1981-11-23,1981-11-18,TRUE,North and South Forks Mokelumne River,84,NA,NA,NA,NA,NA
1982,1981-11-23,1981-11-18,TRUE,Out of Bounds,84,NA,NA,NA,NA,NA
1982,1981-11-23,1981-11-18,TRUE,Sacramento River Deep Water Ship Channel,84,NA,NA,NA,NA,NA
1982,1981-11-23,1981-11-18,TRUE,Sacramento River Mainstem,84,NA,NA,NA,NA,NA
1982,1981-11-23,1981-11-18,TRUE,San Pablo Bay and Carquinez Strait,84,NA,NA,NA,NA,NA
1982,1981-11-23,1981-11-18,TRUE,South Delta,84,NA,NA,NA,NA,NA
1982,1981-11-23,1981-11-18,TRUE,Suisun Marsh and Montezuma Slough,84,NA,NA,NA,NA,NA
1982,1981-11-23,1981-11-18,TRUE,Suisun and Honker Bays,84,NA,NA,NA,NA,NA
1982,1981-11-25,1981-11-18,TRUE,Cache Slough and Liberty Island,86,NA,NA,NA,NA,NA
1982,1981-11-25,1981-11-18,TRUE,Confluence,86,NA,NA,NA,NA,NA
1982,1981-11-25,1981-11-18,TRUE,North and South Forks Mokelumne River,86,NA,NA,NA,NA,NA
1982,1981-11-25,1981-11-18,TRUE,Out of Bounds,86,NA,NA,NA,NA,NA
1982,1981-11-25,1981-11-18,TRUE,Sacramento River Deep Water Ship Channel,86,NA,NA,NA,NA,NA
1982,1981-11-25,1981-11-18,TRUE,Sacramento River Mainstem,86,NA,NA,NA,NA,NA
1982,1981-11-25,1981-11-18,TRUE,San Pablo Bay and Carquinez Strait,86,NA,NA,NA,NA,NA
1982,1981-11-25,1981-11-18,TRUE,South Delta,86,NA,NA,NA,NA,NA
1982,1981-11-25,1981-11-18,TRUE,Suisun Marsh and Montezuma Slough,86,NA,NA,NA,NA,NA
1982,1981-11-25,1981-11-18,TRUE,Suisun and Honker Bays,86,NA,NA,NA,NA,NA
1982,1981-12-20,1981-11-18,TRUE,Cache Slough and Liberty Island,111,NA,NA,NA,NA,NA
1982,1981-12-20,1981-11-18,TRUE,Confluence,111,NA,NA,NA,NA,NA
1982,1981-12-20,1981-11-18,TRUE,North and South Forks Mokelumne River,111,NA,NA,NA,NA,NA
1982,1981-12-20,1981-11-18,TRUE,Out of Bounds,111,NA,NA,NA,NA,NA
1982,1981-12-20,1981-11-18,TRUE,Sacramento River Deep Water Ship Channel,111,NA,NA,NA,NA,NA
1982,1981-12-20,1981-11-18,TRUE,Sacramento River Mainstem,111,NA,NA,NA,NA,NA
1982,1981-12-20,1981-11-18,TRUE,San Pablo Bay and Carquinez Strait,111,NA,NA,NA,NA,NA
1982,1981-12-20,1981-11-18,TRUE,South Delta,111,NA,NA,NA,NA,NA
1982,1981-12-20,1981-11-18,TRUE,Suisun Marsh and Montezuma Slough,111,NA,NA,NA,NA,NA
1982,1981-12-20,1981-11-18,TRUE,Suisun and Honker Bays,111,NA,NA,NA,NA,NA
1982,1981-12-30,1981-11-18,TRUE,Cache Slough and Liberty Island,121,NA,NA,NA,NA,NA
1982,1981-12-30,1981-11-18,TRUE,Confluence,121,NA,NA,NA,NA,NA
1982,1981-12-30,1981-11-18,TRUE,North and South Forks Mokelumne River,121,NA,NA,NA,NA,NA
1982,1981-12-30,1981-11-18,TRUE,Out of Bounds,121,NA,NA,NA,NA,NA
1982,1981-12-30,1981-11-18,TRUE,Sacramento River Deep Water Ship Channel,121,NA,NA,NA,NA,NA
1982,1981-12-30,1981-11-18,TRUE,Sacramento River Mainstem,121,NA,NA,NA,NA,NA
1982,1981-12-30,1981-11-18,TRUE,San Pablo Bay and Carquinez Strait,121,NA,NA,NA,NA,NA
1982,1981-12-30,1981-11-18,TRUE,South Delta,121,NA,NA,NA,NA,NA
1982,1981-12-30,1981-11-18,TRUE,Suisun Marsh and Montezuma Slough,121,NA,NA,NA,NA,NA
1982,1981-12-30,1981-11-18,TRUE,Suisun and Honker Bays,121,NA,NA,NA,NA,NA
1982,1982-01-05,1981-11-18,TRUE,Cache Slough and Liberty Island,127,NA,NA,NA,NA,NA
1982,1982-01-05,1981-11-18,TRUE,Confluence,127,NA,NA,NA,NA,NA
1982,1982-01-05,1981-11-18,TRUE,North and South Forks Mokelumne River,127,NA,NA,NA,NA,NA
1982,1982-01-05,1981-11-18,TRUE,Out of Bounds,127,NA,NA,NA,NA,NA
1982,1982-01-05,1981-11-18,TRUE,Sacramento River Deep Water Ship Channel,127,NA,NA,NA,NA,NA
1982,1982-01-05,1981-11-18,TRUE,Sacramento River Mainstem,127,NA,NA,NA,NA,NA
1982,1982-01-05,1981-11-18,TRUE,San Pablo Bay and Carquinez Strait,127,NA,NA,NA,NA,NA
1982,1982-01-05,1981-11-18,TRUE,South Delta,127,NA,NA,NA,NA,NA
1982,1982-01-05,1981-11-18,TRUE,Suisun Marsh and Montezuma Slough,127,NA,NA,NA,NA,NA
1982,1982-01-05,1981-11-18,TRUE,Suisun and Honker Bays,127,NA,NA,NA,NA,NA
1982,1982-02-15,1981-11-18,TRUE,Cache Slough and Liberty Island,168,NA,NA,NA,NA,NA
1982,1982-02-15,1981-11-18,TRUE,Confluence,168,NA,NA,NA,NA,NA
1982,1982-02-15,1981-11-18,TRUE,North and South Forks Mokelumne River,168,NA,NA,NA,NA,NA
1982,1982-02-15,1981-11-18,TRUE,Out of Bounds,168,NA,NA,NA,NA,NA
1982,1982-02-15,1981-11-18,TRUE,Sacramento River Deep Water Ship Channel,168,NA,NA,NA,NA,NA
1982,1982-02-15,1981-11-18,TRUE,Sacramento River Mainstem,168,NA,NA,NA,NA,NA
1982,1982-02-15,1981-11-18,TRUE,San Pablo Bay and Carquinez Strait,168,NA,NA,NA,NA,NA
1982,1982-02-15,1981-11-18,TRUE,South Delta,168,NA,NA,NA,NA,NA
1982,1982-02-15,1981-11-18,TRUE,Suisun Marsh and Montezuma Slough,168,NA,NA,NA,NA,NA
1982,1982-02-15,1981-11-18,TRUE,Suisun and Honker Bays,168,NA,NA,NA,NA,NA
1982,1982-03-06,1981-11-18,TRUE,Cache Slough and Liberty Island,187,NA,NA,NA,NA,NA
1982,1982-03-06,1981-11-18,TRUE,Confluence,187,NA,NA,NA,NA,NA
1982,1982-03-06,1981-11-18,TRUE,North and South Forks Mokelumne River,187,NA,NA,NA,NA,NA
1982,1982-03-06,1981-11-18,TRUE,Out of Bounds,187,NA,NA,NA,NA,NA
1982,1982-03-06,1981-11-18,TRUE,Sacramento River Deep Water Ship Channel,187,NA,NA,NA,NA,NA
1982,1982-03-06,1981-11-18,TRUE,Sacramento River Mainstem,187,NA,NA,NA,NA,NA
1982,1982-03-06,1981-11-18,TRUE,San Pablo Bay and Carquinez Strait,187,NA,NA,NA,NA,NA
1982,1982-03-06,1981-11-18,TRUE,South Delta,187,NA,NA,NA,NA,NA
1982,1982-03-06,1981-11-18,TRUE,Suisun Marsh and Montezuma Slough,187,NA,NA,NA,NA,NA
1982,1982-03-06,1981-11-18,TRUE,Suisun and Honker Bays,187,NA,NA,NA,NA,NA
1982,1982-03-31,1981-11-18,TRUE,Cache Slough and Liberty Island,212,NA,NA,NA,NA,NA
1982,1982-03-31,1981-11-18,TRUE,Confluence,212,NA,NA,NA,NA,NA
1982,1982-03-31,1981-11-18,TRUE,North and South Forks Mokelumne River,212,NA,NA,NA,NA,NA
1982,1982-03-31,1981-11-18,TRUE,Out of Bounds,212,NA,NA,NA,NA,NA
1982,1982-03-31,1981-11-18,TRUE,Sacramento River Deep Water Ship Channel,212,NA,NA,NA,NA,NA
1982,1982-03-31,1981-11-18,TRUE,Sacramento River Mainstem,212,NA,NA,NA,NA,NA
1982,1982-03-31,1981-11-18,TRUE,San Pablo Bay and Carquinez Strait,212,NA,NA,NA,NA,NA
1982,1982-03-31,1981-11-18,TRUE,South Delta,212,NA,NA,NA,NA,NA
1982,1982-03-31,1981-11-18,TRUE,Suisun Marsh and Montezuma Slough,212,NA,NA,NA,NA,NA
1982,1982-03-31,1981-11-18,TRUE,Suisun and Honker Bays,212,NA,NA,NA,NA,NA
1982,1982-04-11,1981-11-18,TRUE,Cache Slough and Liberty Island,223,NA,NA,NA,NA,NA
1982,1982-04-11,1981-11-18,TRUE,Confluence,223,NA,NA,NA,NA,NA
1982,1982-04-11,1981-11-18,TRUE,North and South Forks Mokelumne River,223,NA,NA,NA,NA,NA
1982,1982-04-11,1981-11-18,TRUE,Out of Bounds,223,NA,NA,NA,NA,NA
1982,1982-04-11,1981-11-18,TRUE,Sacramento River Deep Water Ship Channel,223,NA,NA,NA,NA,NA
1982,1982-04-11,1981-11-18,TRUE,Sacramento River Mainstem,223,NA,NA,NA,NA,NA
1982,1982-04-11,1981-11-18,TRUE,San Pablo Bay and Carquinez Strait,223,NA,NA,NA,NA,NA
1982,1982-04-11,1981-11-18,TRUE,South Delta,223,NA,NA,NA,NA,NA
1982,1982-04-11,1981-11-18,TRUE,Suisun Marsh and Montezuma Slough,223,NA,NA,NA,NA,NA
1982,1982-04-11,1981-11-18,TRUE,Suisun and Honker Bays,223,NA,NA,NA,NA,NA
1983,1982-11-19,1982-11-19,FALSE,Cache Slough and Liberty Island,80,NA,NA,NA,NA,NA
1983,1982-11-19,1982-11-19,FALSE,Confluence,80,NA,NA,NA,NA,NA
1983,1982-11-19,1982-11-19,FALSE,North and South Forks Mokelumne River,80,NA,NA,NA,NA,NA
1983,1982-11-19,1982-11-19,FALSE,Out of Bounds,80,NA,NA,NA,NA,NA
1983,1982-11-19,1982-11-19,FALSE,Sacramento River Deep Water Ship Channel,80,NA,NA,NA,NA,NA
1983,1982-11-19,1982-11-19,FALSE,Sacramento River Mainstem,80,NA,NA,NA,NA,NA
1983,1982-11-19,1982-11-19,FALSE,San Pablo Bay and Carquinez Strait,80,NA,NA,NA,NA,NA
1983,1982-11-19,1982-11-19,FALSE,South Delta,80,NA,NA,NA,NA,NA
1983,1982-11-19,1982-11-19,FALSE,Suisun Marsh and Montezuma Slough,80,NA,NA,NA,NA,NA
1983,1982-11-19,1982-11-19,FALSE,Suisun and Honker Bays,80,NA,NA,NA,NA,NA
1983,1982-11-30,1982-11-19,TRUE,Cache Slough and Liberty Island,91,NA,NA,NA,NA,NA
1983,1982-11-30,1982-11-19,TRUE,Confluence,91,NA,NA,NA,NA,NA
1983,1982-11-30,1982-11-19,TRUE,North and South Forks Mokelumne River,91,NA,NA,NA,NA,NA
1983,1982-11-30,1982-11-19,TRUE,Out of Bounds,91,NA,NA,NA,NA,NA
1983,1982-11-30,1982-11-19,TRUE,Sacramento River Deep Water Ship Channel,91,NA,NA,NA,NA,NA
1983,1982-11-30,1982-11-19,TRUE,Sacramento River Mainstem,91,NA,NA,NA,NA,NA
1983,1982-11-30,1982-11-19,TRUE,San Pablo Bay and Carquinez Strait,91,NA,NA,NA,NA,NA
1983,1982-11-30,1982-11-19,TRUE,South Delta,91,NA,NA,NA,NA,NA
1983,1982-11-30,1982-11-19,TRUE,Suisun Marsh and Montezuma Slough,91,NA,NA,NA,NA,NA
1983,1982-11-30,1982-11-19,TRUE,Suisun and Honker Bays,91,NA,NA,NA,NA,NA
1983,1982-12-22,1982-11-19,TRUE,Cache Slough and Liberty Island,113,NA,NA,NA,NA,NA
1983,1982-12-22,1982-11-19,TRUE,Confluence,113,NA,NA,NA,NA,NA
1983,1982-12-22,1982-11-19,TRUE,North and South Forks Mokelumne River,113,NA,NA,NA,NA,NA
1983,1982-12-22,1982-11-19,TRUE,Out of Bounds,113,NA,NA,NA,NA,NA
1983,1982-12-22,1982-11-19,TRUE,Sacramento River Deep Water Ship Channel,113,NA,NA,NA,NA,NA
1983,1982-12-22,1982-11-19,TRUE,Sacramento River Mainstem,113,NA,NA,NA,NA,NA
1983,1982-12-22,1982-11-19,TRUE,San Pablo Bay and Carquinez Strait,113,NA,NA,NA,NA,NA
1983,1982-12-22,1982-11-19,TRUE,South Delta,113,NA,NA,NA,NA,NA
1983,1982-12-22,1982-11-19,TRUE,Suisun Marsh and Montezuma Slough,113,NA,NA,NA,NA,NA
1983,1982-12-22,1982-11-19,TRUE,Suisun and Honker Bays,113,NA,NA,NA,NA,NA
1983,1983-01-23,1982-11-19,TRUE,Cache Slough and Liberty Island,145,NA,NA,NA,NA,NA
1983,1983-01-23,1982-11-19,TRUE,Confluence,145,NA,NA,NA,NA,NA
1983,1983-01-23,1982-11-19,TRUE,North and South Forks Mokelumne River,145,NA,NA,NA,NA,NA
1983,1983-01-23,1982-11-19,TRUE,Out of Bounds,145,NA,NA,NA,NA,NA
1983,1983-01-23,1982-11-19,TRUE,Sacramento River Deep Water Ship Channel,145,NA,NA,NA,NA,NA
1983,1983-01-23,1982-11-19,TRUE,Sacramento River Mainstem,145,NA,NA,NA,NA,NA
1983,1983-01-23,1982-11-19,TRUE,San Pablo Bay and Carquinez Strait,145,NA,NA,NA,NA,NA
1983,1983-01-23,1982-11-19,TRUE,South Delta,145,NA,NA,NA,NA,NA
1983,1983-01-23,1982-11-19,TRUE,Suisun Marsh and Montezuma Slough,145,NA,NA,NA,NA,NA
1983,1983-01-23,1982-11-19,TRUE,Suisun and Honker Bays,145,NA,NA,NA,NA,NA
1983,1983-02-08,1982-11-19,TRUE,Cache Slough and Liberty Island,161,NA,NA,NA,NA,NA
1983,1983-02-08,1982-11-19,TRUE,Confluence,161,NA,NA,NA,NA,NA
1983,1983-02-08,1982-11-19,TRUE,North and South Forks Mokelumne River,161,NA,NA,NA,NA,NA
1983,1983-02-08,1982-11-19,TRUE,Out of Bounds,161,NA,NA,NA,NA,NA
1983,1983-02-08,1982-11-19,TRUE,Sacramento River Deep Water Ship Channel,161,NA,NA,NA,NA,NA
1983,1983-02-08,1982-11-19,TRUE,Sacramento River Mainstem,161,NA,NA,NA,NA,NA
1983,1983-02-08,1982-11-19,TRUE,San Pablo Bay and Carquinez Strait,161,NA,NA,NA,NA,NA
1983,1983-02-08,1982-11-19,TRUE,South Delta,161,NA,NA,NA,NA,NA
1983,1983-02-08,1982-11-19,TRUE,Suisun Marsh and Montezuma Slough,161,NA,NA,NA,NA,NA
1983,1983-02-08,1982-11-19,TRUE,Suisun and Honker Bays,161,NA,NA,NA,NA,NA
1983,1983-02-13,1982-11-19,TRUE,Cache Slough and Liberty Island,166,NA,NA,NA,NA,NA
1983,1983-02-13,1982-11-19,TRUE,Confluence,166,NA,NA,NA,NA,NA
1983,1983-02-13,1982-11-19,TRUE,North and South Forks Mokelumne River,166,NA,NA,NA,NA,NA
1983,1983-02-13,1982-11-19,TRUE,Out of Bounds,166,NA,NA,NA,NA,NA
1983,1983-02-13,1982-11-19,TRUE,Sacramento River Deep Water Ship Channel,166,NA,NA,NA,NA,NA
1983,1983-02-13,1982-11-19,TRUE,Sacramento River Mainstem,166,NA,NA,NA,NA,NA
1983,1983-02-13,1982-11-19,TRUE,San Pablo Bay and Carquinez Strait,166,NA,NA,NA,NA,NA
1983,1983-02-13,1982-11-19,TRUE,South Delta,166,NA,NA,NA,NA,NA
1983,1983-02-13,1982-11-19,TRUE,Suisun Marsh and Montezuma Slough,166,NA,NA,NA,NA,NA
1983,1983-02-13,1982-11-19,TRUE,Suisun and Honker Bays,166,NA,NA,NA,NA,NA
1983,1983-02-27,1982-11-19,TRUE,Cache Slough and Liberty Island,180,NA,NA,NA,NA,NA
1983,1983-02-27,1982-11-19,TRUE,Confluence,180,NA,NA,NA,NA,NA
1983,1983-02-27,1982-11-19,TRUE,North and South Forks Mokelumne River,180,NA,NA,NA,NA,NA
1983,1983-02-27,1982-11-19,TRUE,Out of Bounds,180,NA,NA,NA,NA,NA
1983,1983-02-27,1982-11-19,TRUE,Sacramento River Deep Water Ship Channel,180,NA,NA,NA,NA,NA
1983,1983-02-27,1982-11-19,TRUE,Sacramento River Mainstem,180,NA,NA,NA,NA,NA
1983,1983-02-27,1982-11-19,TRUE,San Pablo Bay and Carquinez Strait,180,NA,NA,NA,NA,NA
1983,1983-02-27,1982-11-19,TRUE,South Delta,180,NA,NA,NA,NA,NA
1983,1983-02-27,1982-11-19,TRUE,Suisun Marsh and Montezuma Slough,180,NA,NA,NA,NA,NA
1983,1983-02-27,1982-11-19,TRUE,Suisun and Honker Bays,180,NA,NA,NA,NA,NA
1983,1983-03-13,1982-11-19,TRUE,Cache Slough and Liberty Island,194,NA,NA,NA,NA,NA
1983,1983-03-13,1982-11-19,TRUE,Confluence,194,NA,NA,NA,NA,NA
1983,1983-03-13,1982-11-19,TRUE,North and South Forks Mokelumne River,194,NA,NA,NA,NA,NA
1983,1983-03-13,1982-11-19,TRUE,Out of Bounds,194,NA,NA,NA,NA,NA
1983,1983-03-13,1982-11-19,TRUE,Sacramento River Deep Water Ship Channel,194,NA,NA,NA,NA,NA
1983,1983-03-13,1982-11-19,TRUE,Sacramento River Mainstem,194,NA,NA,NA,NA,NA
1983,1983-03-13,1982-11-19,TRUE,San Pablo Bay and Carquinez Strait,194,NA,NA,NA,NA,NA
1983,1983-03-13,1982-11-19,TRUE,South Delta,194,NA,NA,NA,NA,NA
1983,1983-03-13,1982-11-19,TRUE,Suisun Marsh and Montezuma Slough,194,NA,NA,NA,NA,NA
1983,1983-03-13,1982-11-19,TRUE,Suisun and Honker Bays,194,NA,NA,NA,NA,NA
1983,1983-03-24,1982-11-19,TRUE,Cache Slough and Liberty Island,205,NA,NA,NA,NA,NA
1983,1983-03-24,1982-11-19,TRUE,Confluence,205,NA,NA,NA,NA,NA
1983,1983-03-24,1982-11-19,TRUE,North and South Forks Mokelumne River,205,NA,NA,NA,NA,NA
1983,1983-03-24,1982-11-19,TRUE,Out of Bounds,205,NA,NA,NA,NA,NA
1983,1983-03-24,1982-11-19,TRUE,Sacramento River Deep Water Ship Channel,205,NA,NA,NA,NA,NA
1983,1983-03-24,1982-11-19,TRUE,Sacramento River Mainstem,205,NA,NA,NA,NA,NA
1983,1983-03-24,1982-11-19,TRUE,San Pablo Bay and Carquinez Strait,205,NA,NA,NA,NA,NA
1983,1983-03-24,1982-11-19,TRUE,South Delta,205,NA,NA,NA,NA,NA
1983,1983-03-24,1982-11-19,TRUE,Suisun Marsh and Montezuma Slough,205,NA,NA,NA,NA,NA
1983,1983-03-24,1982-11-19,TRUE,Suisun and Honker Bays,205,NA,NA,NA,NA,NA
1983,1983-04-30,1982-11-19,TRUE,Cache Slough and Liberty Island,242,NA,NA,NA,NA,NA
1983,1983-04-30,1982-11-19,TRUE,Confluence,242,NA,NA,NA,NA,NA
1983,1983-04-30,1982-11-19,TRUE,North and South Forks Mokelumne River,242,NA,NA,NA,NA,NA
1983,1983-04-30,1982-11-19,TRUE,Out of Bounds,242,NA,NA,NA,NA,NA
1983,1983-04-30,1982-11-19,TRUE,Sacramento River Deep Water Ship Channel,242,NA,NA,NA,NA,NA
1983,1983-04-30,1982-11-19,TRUE,Sacramento River Mainstem,242,NA,NA,NA,NA,NA
1983,1983-04-30,1982-11-19,TRUE,San Pablo Bay and Carquinez Strait,242,NA,NA,NA,NA,NA
1983,1983-04-30,1982-11-19,TRUE,South Delta,242,NA,NA,NA,NA,NA
1983,1983-04-30,1982-11-19,TRUE,Suisun Marsh and Montezuma Slough,242,NA,NA,NA,NA,NA
1983,1983-04-30,1982-11-19,TRUE,Suisun and Honker Bays,242,NA,NA,NA,NA,NA
1984,1983-11-11,1983-11-11,FALSE,Cache Slough and Liberty Island,72,NA,NA,NA,NA,NA
1984,1983-11-11,1983-11-11,FALSE,Confluence,72,NA,NA,NA,NA,NA
1984,1983-11-11,1983-11-11,FALSE,North and South Forks Mokelumne River,72,NA,NA,NA,NA,NA
1984,1983-11-11,1983-11-11,FALSE,Out of Bounds,72,NA,NA,NA,NA,NA
1984,1983-11-11,1983-11-11,FALSE,Sacramento River Deep Water Ship Channel,72,NA,NA,NA,NA,NA
1984,1983-11-11,1983-11-11,FALSE,Sacramento River Mainstem,72,NA,NA,NA,NA,NA
1984,1983-11-11,1983-11-11,FALSE,San Pablo Bay and Carquinez Strait,72,NA,NA,NA,NA,NA
1984,1983-11-11,1983-11-11,FALSE,South Delta,72,NA,NA,NA,NA,NA
1984,1983-11-11,1983-11-11,FALSE,Suisun Marsh and Montezuma Slough,72,NA,NA,NA,NA,NA
1984,1983-11-11,1983-11-11,FALSE,Suisun and Honker Bays,72,NA,NA,NA,NA,NA
1984,1983-11-18,1983-11-11,TRUE,Cache Slough and Liberty Island,79,NA,NA,NA,NA,NA
1984,1983-11-18,1983-11-11,TRUE,Confluence,79,NA,NA,NA,NA,NA
1984,1983-11-18,1983-11-11,TRUE,North and South Forks Mokelumne River,79,NA,NA,NA,NA,NA
1984,1983-11-18,1983-11-11,TRUE,Out of Bounds,79,NA,NA,NA,NA,NA
1984,1983-11-18,1983-11-11,TRUE,Sacramento River Deep Water Ship Channel,79,NA,NA,NA,NA,NA
1984,1983-11-18,1983-11-11,TRUE,Sacramento River Mainstem,79,NA,NA,NA,NA,NA
1984,1983-11-18,1983-11-11,TRUE,San Pablo Bay and Carquinez Strait,79,NA,NA,NA,NA,NA
1984,1983-11-18,1983-11-11,TRUE,South Delta,79,NA,NA,NA,NA,NA
1984,1983-11-18,1983-11-11,TRUE,Suisun Marsh and Montezuma Slough,79,NA,NA,NA,NA,NA
1984,1983-11-18,1983-11-11,TRUE,Suisun and Honker Bays,79,NA,NA,NA,NA,NA
1984,1983-11-25,1983-11-11,TRUE,Cache Slough and Liberty Island,86,NA,NA,NA,NA,NA
1984,1983-11-25,1983-11-11,TRUE,Confluence,86,NA,NA,NA,NA,NA
1984,1983-11-25,1983-11-11,TRUE,North and South Forks Mokelumne River,86,NA,NA,NA,NA,NA
1984,1983-11-25,1983-11-11,TRUE,Out of Bounds,86,NA,NA,NA,NA,NA
1984,1983-11-25,1983-11-11,TRUE,Sacramento River Deep Water Ship Channel,86,NA,NA,NA,NA,NA
1984,1983-11-25,1983-11-11,TRUE,Sacramento River Mainstem,86,NA,NA,NA,NA,NA
1984,1983-11-25,1983-11-11,TRUE,San Pablo Bay and Carquinez Strait,86,NA,NA,NA,NA,NA
1984,1983-11-25,1983-11-11,TRUE,South Delta,86,NA,NA,NA,NA,NA
1984,1983-11-25,1983-11-11,TRUE,Suisun Marsh and Montezuma Slough,86,NA,NA,NA,NA,NA
1984,1983-11-25,1983-11-11,TRUE,Suisun and Honker Bays,86,NA,NA,NA,NA,NA
1984,1983-12-10,1983-11-11,TRUE,Cache Slough and Liberty Island,101,NA,NA,NA,NA,NA
1984,1983-12-10,1983-11-11,TRUE,Confluence,101,NA,NA,NA,NA,NA
1984,1983-12-10,1983-11-11,TRUE,North and South Forks Mokelumne River,101,NA,NA,NA,NA,NA
1984,1983-12-10,1983-11-11,TRUE,Out of Bounds,101,NA,NA,NA,NA,NA
1984,1983-12-10,1983-11-11,TRUE,Sacramento River Deep Water Ship Channel,101,NA,NA,NA,NA,NA
1984,1983-12-10,1983-11-11,TRUE,Sacramento River Mainstem,101,NA,NA,NA,NA,NA
1984,1983-12-10,1983-11-11,TRUE,San Pablo Bay and Carquinez Strait,101,NA,NA,NA,NA,NA
1984,1983-12-10,1983-11-11,TRUE,South Delta,101,NA,NA,NA,NA,NA
1984,1983-12-10,1983-11-11,TRUE,Suisun Marsh and Montezuma Slough,101,NA,NA,NA,NA,NA
1984,1983-12-10,1983-11-11,TRUE,Suisun and Honker Bays,101,NA,NA,NA,NA,NA
1984,1983-12-24,1983-11-11,TRUE,Cache Slough and Liberty Island,115,NA,NA,NA,NA,NA
1984,1983-12-24,1983-11-11,TRUE,Confluence,115,NA,NA,NA,NA,NA
1984,1983-12-24,1983-11-11,TRUE,North and South Forks Mokelumne River,115,NA,NA,NA,NA,NA
1984,1983-12-24,1983-11-11,TRUE,Out of Bounds,115,NA,NA,NA,NA,NA
1984,1983-12-24,1983-11-11,TRUE,Sacramento River Deep Water Ship Channel,115,NA,NA,NA,NA,NA
1984,1983-12-24,1983-11-11,TRUE,Sacramento River Mainstem,115,NA,NA,NA,NA,NA
1984,1983-12-24,1983-11-11,TRUE,San Pablo Bay and Carquinez Strait,115,NA,NA,NA,NA,NA
1984,1983-12-24,1983-11-11,TRUE,South Delta,115,NA,NA,NA,NA,NA
1984,1983-12-24,1983-11-11,TRUE,Suisun Marsh and Montezuma Slough,115,NA,NA,NA,NA,NA
1984,1983-12-24,1983-11-11,TRUE,Suisun and Honker Bays,115,NA,NA,NA,NA,NA
1984,1984-02-15,1983-11-11,TRUE,Cache Slough and Liberty Island,168,NA,NA,NA,NA,NA
1984,1984-02-15,1983-11-11,TRUE,Confluence,168,NA,NA,NA,NA,NA
1984,1984-02-15,1983-11-11,TRUE,North and South Forks Mokelumne River,168,NA,NA,NA,NA,NA
1984,1984-02-15,1983-11-11,TRUE,Out of Bounds,168,NA,NA,NA,NA,NA
1984,1984-02-15,1983-11-11,TRUE,Sacramento River Deep Water Ship Channel,168,NA,NA,NA,NA,NA
1984,1984-02-15,1983-11-11,TRUE,Sacramento River Mainstem,168,NA,NA,NA,NA,NA
1984,1984-02-15,1983-11-11,TRUE,San Pablo Bay and Carquinez Strait,168,NA,NA,NA,NA,NA
1984,1984-02-15,1983-11-11,TRUE,South Delta,168,NA,NA,NA,NA,NA
1984,1984-02-15,1983-11-11,TRUE,Suisun Marsh and Montezuma Slough,168,NA,NA,NA,NA,NA
1984,1984-02-15,1983-11-11,TRUE,Suisun and Honker Bays,168,NA,NA,NA,NA,NA
1985,1984-11-14,1984-11-14,FALSE,Cache Slough and Liberty Island,75,NA,NA,NA,NA,NA
1985,1984-11-14,1984-11-14,FALSE,Confluence,75,NA,NA,NA,NA,NA
1985,1984-11-14,1984-11-14,FALSE,North and South Forks Mokelumne River,75,NA,NA,NA,NA,NA
1985,1984-11-14,1984-11-14,FALSE,Out of Bounds,75,NA,NA,NA,NA,NA
1985,1984-11-14,1984-11-14,FALSE,Sacramento River Deep Water Ship Channel,75,NA,NA,NA,NA,NA
1985,1984-11-14,1984-11-14,FALSE,Sacramento River Mainstem,75,NA,NA,NA,NA,NA
1985,1984-11-14,1984-11-14,FALSE,San Pablo Bay and Carquinez Strait,75,NA,NA,NA,NA,NA
1985,1984-11-14,1984-11-14,FALSE,South Delta,75,NA,NA,NA,NA,NA
1985,1984-11-14,1984-11-14,FALSE,Suisun Marsh and Montezuma Slough,75,NA,NA,NA,NA,NA
1985,1984-11-14,1984-11-14,FALSE,Suisun and Honker Bays,75,NA,NA,NA,NA,NA
1985,1985-02-09,1984-11-14,TRUE,Cache Slough and Liberty Island,162,NA,NA,NA,NA,NA
1985,1985-02-09,1984-11-14,TRUE,Confluence,162,NA,NA,NA,NA,NA
1985,1985-02-09,1984-11-14,TRUE,North and South Forks Mokelumne River,162,NA,NA,NA,NA,NA
1985,1985-02-09,1984-11-14,TRUE,Out of Bounds,162,NA,NA,NA,NA,NA
1985,1985-02-09,1984-11-14,TRUE,Sacramento River Deep Water Ship Channel,162,NA,NA,NA,NA,NA
1985,1985-02-09,1984-11-14,TRUE,Sacramento River Mainstem,162,NA,NA,NA,NA,NA
1985,1985-02-09,1984-11-14,TRUE,San Pablo Bay and Carquinez Strait,162,NA,NA,NA,NA,NA
1985,1985-02-09,1984-11-14,TRUE,South Delta,162,NA,NA,NA,NA,NA
1985,1985-02-09,1984-11-14,TRUE,Suisun Marsh and Montezuma Slough,162,NA,NA,NA,NA,NA
1985,1985-02-09,1984-11-14,TRUE,Suisun and Honker Bays,162,NA,NA,NA,NA,NA
1986,1986-01-18,1986-01-18,FALSE,Cache Slough and Liberty Island,140,NA,NA,NA,NA,NA
1986,1986-01-18,1986-01-18,FALSE,Confluence,140,NA,NA,NA,NA,NA
1986,1986-01-18,1986-01-18,FALSE,North and South Forks Mokelumne River,140,NA,NA,NA,NA,NA
1986,1986-01-18,1986-01-18,FALSE,Out of Bounds,140,2.166666666666666,NA,NA,NA,NA
1986,1986-01-18,1986-01-18,FALSE,Sacramento River Deep Water Ship Channel,140,NA,NA,NA,NA,NA
1986,1986-01-18,1986-01-18,FALSE,Sacramento River Mainstem,140,1.1666666666666679,NA,NA,NA,NA
1986,1986-01-18,1986-01-18,FALSE,San Pablo Bay and Carquinez Strait,140,NA,NA,NA,NA,NA
1986,1986-01-18,1986-01-18,FALSE,South Delta,140,NA,NA,NA,NA,NA
1986,1986-01-18,1986-01-18,FALSE,Suisun Marsh and Montezuma Slough,140,NA,NA,NA,NA,NA
1986,1986-01-18,1986-01-18,FALSE,Suisun and Honker Bays,140,NA,NA,NA,NA,NA
1986,1986-01-31,1986-01-18,TRUE,Cache Slough and Liberty Island,153,NA,NA,NA,NA,NA
1986,1986-01-31,1986-01-18,TRUE,Confluence,153,NA,NA,NA,NA,NA
1986,1986-01-31,1986-01-18,TRUE,North and South Forks Mokelumne River,153,NA,NA,NA,NA,NA
1986,1986-01-31,1986-01-18,TRUE,Out of Bounds,153,1,NA,NA,NA,NA
1986,1986-01-31,1986-01-18,TRUE,Sacramento River Deep Water Ship Channel,153,NA,NA,NA,NA,NA
1986,1986-01-31,1986-01-18,TRUE,Sacramento River Mainstem,153,NA,NA,NA,NA,NA
1986,1986-01-31,1986-01-18,TRUE,San Pablo Bay and Carquinez Strait,153,NA,NA,NA,NA,NA
1986,1986-01-31,1986-01-18,TRUE,South Delta,153,NA,NA,NA,NA,NA
1986,1986-01-31,1986-01-18,TRUE,Suisun Marsh and Montezuma Slough,153,NA,NA,NA,NA,NA
1986,1986-01-31,1986-01-18,TRUE,Suisun and Honker Bays,153,NA,NA,NA,NA,NA
1986,1986-02-14,1986-01-18,TRUE,Cache Slough and Liberty Island,167,NA,NA,NA,NA,NA
1986,1986-02-14,1986-01-18,TRUE,Confluence,167,NA,NA,NA,NA,NA
1986,1986-02-14,1986-01-18,TRUE,North and South Forks Mokelumne River,167,NA,NA,NA,NA,NA
1986,1986-02-14,1986-01-18,TRUE,Out of Bounds,167,2.166666666666666,NA,NA,NA,NA
1986,1986-02-14,1986-01-18,TRUE,Sacramento River Deep Water Ship Channel,167,NA,NA,NA,NA,NA
1986,1986-02-14,1986-01-18,TRUE,Sacramento River Mainstem,167,NA,NA,NA,NA,NA
1986,1986-02-14,1986-01-18,TRUE,San Pablo Bay and Carquinez Strait,167,NA,NA,NA,NA,NA
1986,1986-02-14,1986-01-18,TRUE,South Delta,167,NA,NA,NA,NA,NA
1986,1986-02-14,1986-01-18,TRUE,Suisun Marsh and Montezuma Slough,167,NA,NA,NA,NA,NA
1986,1986-02-14,1986-01-18,TRUE,Suisun and Honker Bays,167,NA,NA,NA,NA,NA
1986,1986-03-08,1986-01-18,TRUE,Cache Slough and Liberty Island,189,NA,NA,NA,NA,NA
1986,1986-03-08,1986-01-18,TRUE,Confluence,189,NA,NA,NA,NA,NA
1986,1986-03-08,1986-01-18,TRUE,North and South Forks Mokelumne River,189,NA,NA,NA,NA,NA
1986,1986-03-08,1986-01-18,TRUE,Out of Bounds,189,-1.833333333333334,NA,NA,NA,NA
1986,1986-03-08,1986-01-18,TRUE,Sacramento River Deep Water Ship Channel,189,NA,NA,NA,NA,NA
1986,1986-03-08,1986-01-18,TRUE,Sacramento River Mainstem,189,NA,NA,NA,NA,NA
1986,1986-03-08,1986-01-18,TRUE,San Pablo Bay and Carquinez Strait,189,NA,NA,NA,NA,NA
1986,1986-03-08,1986-01-18,TRUE,South Delta,189,NA,NA,NA,NA,NA
1986,1986-03-08,1986-01-18,TRUE,Suisun Marsh and Montezuma Slough,189,NA,NA,NA,NA,NA
1986,1986-03-08,1986-01-18,TRUE,Suisun and Honker Bays,189,NA,NA,NA,NA,NA
1987,1987-02-14,1987-02-14,FALSE,Cache Slough and Liberty Island,167,NA,NA,NA,NA,NA
1987,1987-02-14,1987-02-14,FALSE,Confluence,167,NA,NA,NA,NA,NA
1987,1987-02-14,1987-02-14,FALSE,North and South Forks Mokelumne River,167,NA,NA,NA,NA,NA
1987,1987-02-14,1987-02-14,FALSE,Out of Bounds,167,-0.6666666666666661,NA,NA,NA,NA
1987,1987-02-14,1987-02-14,FALSE,Sacramento River Deep Water Ship Channel,167,NA,NA,NA,NA,NA
1987,1987-02-14,1987-02-14,FALSE,Sacramento River Mainstem,167,-0.3333333333333339,NA,NA,NA,NA
1987,1987-02-14,1987-02-14,FALSE,San Pablo Bay and Carquinez Strait,167,NA,NA,NA,NA,NA
1987,1987-02-14,1987-02-14,FALSE,South Delta,167,NA,NA,NA,NA,NA
1987,1987-02-14,1987-02-14,FALSE,Suisun Marsh and Montezuma Slough,167,NA,NA,NA,NA,NA
1987,1987-02-14,1987-02-14,FALSE,Suisun and Honker Bays,167,NA,NA,NA,NA,NA
1987,1987-03-07,1987-02-14,TRUE,Cache Slough and Liberty Island,188,NA,NA,NA,NA,NA
1987,1987-03-07,1987-02-14,TRUE,Confluence,188,NA,NA,NA,NA,NA
1987,1987-03-07,1987-02-14,TRUE,North and South Forks Mokelumne River,188,NA,NA,NA,NA,NA
1987,1987-03-07,1987-02-14,TRUE,Out of Bounds,188,0.6666666666666661,NA,NA,NA,NA
1987,1987-03-07,1987-02-14,TRUE,Sacramento River Deep Water Ship Channel,188,NA,NA,NA,NA,NA
1987,1987-03-07,1987-02-14,TRUE,Sacramento River Mainstem,188,0.33333333333333215,NA,NA,NA,NA
1987,1987-03-07,1987-02-14,TRUE,San Pablo Bay and Carquinez Strait,188,NA,NA,NA,NA,NA
1987,1987-03-07,1987-02-14,TRUE,South Delta,188,NA,NA,NA,997.333333333333,NA
1987,1987-03-07,1987-02-14,TRUE,Suisun Marsh and Montezuma Slough,188,NA,NA,NA,NA,NA
1987,1987-03-07,1987-02-14,TRUE,Suisun and Honker Bays,188,NA,NA,NA,NA,NA
1987,1987-03-14,1987-02-14,TRUE,Cache Slough and Liberty Island,195,NA,NA,NA,NA,NA
1987,1987-03-14,1987-02-14,TRUE,Confluence,195,NA,NA,NA,NA,NA
1987,1987-03-14,1987-02-14,TRUE,North and South Forks Mokelumne River,195,NA,NA,NA,NA,NA
1987,1987-03-14,1987-02-14,TRUE,Out of Bounds,195,-1.333333333333334,NA,NA,NA,NA
1987,1987-03-14,1987-02-14,TRUE,Sacramento River Deep Water Ship Channel,195,NA,NA,NA,NA,NA
1987,1987-03-14,1987-02-14,TRUE,Sacramento River Mainstem,195,-0.6666666666666661,NA,NA,NA,NA
1987,1987-03-14,1987-02-14,TRUE,San Pablo Bay and Carquinez Strait,195,NA,NA,NA,NA,NA
1987,1987-03-14,1987-02-14,TRUE,South Delta,195,NA,NA,NA,-651.1111111111111,NA
1987,1987-03-14,1987-02-14,TRUE,Suisun Marsh and Montezuma Slough,195,NA,NA,NA,NA,NA
1987,1987-03-14,1987-02-14,TRUE,Suisun and Honker Bays,195,NA,NA,NA,NA,NA
1988,1988-01-05,1988-01-05,FALSE,Cache Slough and Liberty Island,127,NA,NA,NA,NA,NA
1988,1988-01-05,1988-01-05,FALSE,Confluence,127,NA,NA,NA,NA,NA
1988,1988-01-05,1988-01-05,FALSE,North and South Forks Mokelumne River,127,NA,NA,NA,NA,NA
1988,1988-01-05,1988-01-05,FALSE,Out of Bounds,127,2.833333333333334,NA,NA,NA,NA
1988,1988-01-05,1988-01-05,FALSE,Sacramento River Deep Water Ship Channel,127,NA,NA,NA,NA,NA
1988,1988-01-05,1988-01-05,FALSE,Sacramento River Mainstem,127,NA,NA,NA,NA,NA
1988,1988-01-05,1988-01-05,FALSE,San Pablo Bay and Carquinez Strait,127,NA,NA,NA,NA,NA
1988,1988-01-05,1988-01-05,FALSE,South Delta,127,NA,NA,NA,407.77777777777783,NA
1988,1988-01-05,1988-01-05,FALSE,Suisun Marsh and Montezuma Slough,127,NA,NA,NA,NA,NA
1988,1988-01-05,1988-01-05,FALSE,Suisun and Honker Bays,127,NA,NA,NA,NA,NA
1989,1988-11-24,1988-11-24,FALSE,Cache Slough and Liberty Island,85,NA,NA,NA,NA,NA
1989,1988-11-24,1988-11-24,FALSE,Confluence,85,NA,NA,NA,NA,NA
1989,1988-11-24,1988-11-24,FALSE,North and South Forks Mokelumne River,85,NA,NA,NA,NA,NA
1989,1988-11-24,1988-11-24,FALSE,Out of Bounds,85,-0.8333333333333339,NA,NA,NA,NA
1989,1988-11-24,1988-11-24,FALSE,Sacramento River Deep Water Ship Channel,85,NA,NA,NA,NA,NA
1989,1988-11-24,1988-11-24,FALSE,Sacramento River Mainstem,85,0,NA,NA,NA,NA
1989,1988-11-24,1988-11-24,FALSE,San Pablo Bay and Carquinez Strait,85,NA,NA,NA,NA,NA
1989,1988-11-24,1988-11-24,FALSE,South Delta,85,NA,NA,NA,313.3333333333335,NA
1989,1988-11-24,1988-11-24,FALSE,Suisun Marsh and Montezuma Slough,85,NA,NA,NA,NA,NA
1989,1988-11-24,1988-11-24,FALSE,Suisun and Honker Bays,85,NA,NA,NA,NA,NA
1989,1989-03-10,1988-11-24,TRUE,Cache Slough and Liberty Island,191,NA,NA,NA,NA,NA
1989,1989-03-10,1988-11-24,TRUE,Confluence,191,NA,NA,NA,NA,NA
1989,1989-03-10,1988-11-24,TRUE,North and South Forks Mokelumne River,191,NA,NA,NA,NA,NA
1989,1989-03-10,1988-11-24,TRUE,Out of Bounds,191,2.5000000000000018,NA,NA,NA,NA
1989,1989-03-10,1988-11-24,TRUE,Sacramento River Deep Water Ship Channel,191,NA,NA,NA,NA,NA
1989,1989-03-10,1988-11-24,TRUE,Sacramento River Mainstem,191,2,NA,NA,NA,NA
1989,1989-03-10,1988-11-24,TRUE,San Pablo Bay and Carquinez Strait,191,NA,NA,NA,NA,NA
1989,1989-03-10,1988-11-24,TRUE,South Delta,191,NA,NA,NA,316.6666666666665,NA
1989,1989-03-10,1988-11-24,TRUE,Suisun Marsh and Montezuma Slough,191,NA,NA,NA,NA,NA
1989,1989-03-10,1988-11-24,TRUE,Suisun and Honker Bays,191,NA,NA,NA,NA,NA
1989,1989-03-25,1988-11-24,TRUE,Cache Slough and Liberty Island,206,NA,NA,NA,NA,NA
1989,1989-03-25,1988-11-24,TRUE,Confluence,206,NA,NA,NA,NA,NA
1989,1989-03-25,1988-11-24,TRUE,North and South Forks Mokelumne River,206,NA,NA,NA,NA,NA
1989,1989-03-25,1988-11-24,TRUE,Out of Bounds,206,-0.8333333333333357,NA,NA,NA,NA
1989,1989-03-25,1988-11-24,TRUE,Sacramento River Deep Water Ship Channel,206,NA,NA,NA,NA,NA
1989,1989-03-25,1988-11-24,TRUE,Sacramento River Mainstem,206,-1,NA,NA,NA,NA
1989,1989-03-25,1988-11-24,TRUE,San Pablo Bay and Carquinez Strait,206,NA,NA,NA,NA,NA
1989,1989-03-25,1988-11-24,TRUE,South Delta,206,NA,NA,NA,292.2222222222222,NA
1989,1989-03-25,1988-11-24,TRUE,Suisun Marsh and Montezuma Slough,206,NA,NA,NA,NA,NA
1989,1989-03-25,1988-11-24,TRUE,Suisun and Honker Bays,206,NA,NA,NA,NA,NA
1990,1990-01-10,1990-01-10,FALSE,Cache Slough and Liberty Island,132,NA,NA,NA,NA,NA
1990,1990-01-10,1990-01-10,FALSE,Confluence,132,NA,NA,NA,NA,NA
1990,1990-01-10,1990-01-10,FALSE,North and South Forks Mokelumne River,132,NA,NA,NA,NA,NA
1990,1990-01-10,1990-01-10,FALSE,Out of Bounds,132,NA,NA,NA,NA,NA
1990,1990-01-10,1990-01-10,FALSE,Sacramento River Deep Water Ship Channel,132,NA,NA,NA,NA,NA
1990,1990-01-10,1990-01-10,FALSE,Sacramento River Mainstem,132,1.5,NA,NA,NA,NA
1990,1990-01-10,1990-01-10,FALSE,San Pablo Bay and Carquinez Strait,132,NA,NA,NA,NA,NA
1990,1990-01-10,1990-01-10,FALSE,South Delta,132,NA,NA,NA,-60,NA
1990,1990-01-10,1990-01-10,FALSE,Suisun Marsh and Montezuma Slough,132,NA,NA,NA,NA,NA
1990,1990-01-10,1990-01-10,FALSE,Suisun and Honker Bays,132,NA,NA,NA,NA,NA
1990,1990-01-15,1990-01-10,TRUE,Cache Slough and Liberty Island,137,NA,NA,NA,NA,NA
1990,1990-01-15,1990-01-10,TRUE,Confluence,137,NA,NA,NA,NA,NA
1990,1990-01-15,1990-01-10,TRUE,North and South Forks Mokelumne River,137,NA,NA,NA,NA,NA
1990,1990-01-15,1990-01-10,TRUE,Out of Bounds,137,0.5,NA,NA,NA,NA
1990,1990-01-15,1990-01-10,TRUE,Sacramento River Deep Water Ship Channel,137,NA,NA,NA,NA,NA
1990,1990-01-15,1990-01-10,TRUE,Sacramento River Mainstem,137,-0.8333333333333339,NA,NA,NA,NA
1990,1990-01-15,1990-01-10,TRUE,San Pablo Bay and Carquinez Strait,137,NA,NA,NA,NA,NA
1990,1990-01-15,1990-01-10,TRUE,South Delta,137,NA,NA,NA,303.3333333333335,NA
1990,1990-01-15,1990-01-10,TRUE,Suisun Marsh and Montezuma Slough,137,NA,NA,NA,NA,NA
1990,1990-01-15,1990-01-10,TRUE,Suisun and Honker Bays,137,NA,NA,NA,NA,NA
1991,1991-03-05,1991-03-05,FALSE,Cache Slough and Liberty Island,186,NA,NA,NA,NA,NA
1991,1991-03-05,1991-03-05,FALSE,Confluence,186,NA,NA,NA,NA,NA
1991,1991-03-05,1991-03-05,FALSE,North and South Forks Mokelumne River,186,NA,NA,NA,NA,NA
1991,1991-03-05,1991-03-05,FALSE,Out of Bounds,186,-0.6666666666666661,NA,NA,NA,NA
1991,1991-03-05,1991-03-05,FALSE,Sacramento River Deep Water Ship Channel,186,NA,NA,NA,NA,NA
1991,1991-03-05,1991-03-05,FALSE,Sacramento River Mainstem,186,-0.33333333333333215,NA,NA,NA,NA
1991,1991-03-05,1991-03-05,FALSE,San Pablo Bay and Carquinez Strait,186,NA,NA,NA,NA,NA
1991,1991-03-05,1991-03-05,FALSE,South Delta,186,NA,NA,NA,-1596.333333333333,NA
1991,1991-03-05,1991-03-05,FALSE,Suisun Marsh and Montezuma Slough,186,NA,NA,NA,NA,NA
1991,1991-03-05,1991-03-05,FALSE,Suisun and Honker Bays,186,NA,NA,NA,NA,NA
1991,1991-03-14,1991-03-05,TRUE,Cache Slough and Liberty Island,195,NA,NA,NA,NA,NA
1991,1991-03-14,1991-03-05,TRUE,Confluence,195,NA,NA,NA,NA,NA
1991,1991-03-14,1991-03-05,TRUE,North and South Forks Mokelumne River,195,NA,NA,NA,NA,NA
1991,1991-03-14,1991-03-05,TRUE,Out of Bounds,195,0,NA,NA,NA,NA
1991,1991-03-14,1991-03-05,TRUE,Sacramento River Deep Water Ship Channel,195,NA,NA,NA,NA,NA
1991,1991-03-14,1991-03-05,TRUE,Sacramento River Mainstem,195,-0.8333333333333339,NA,NA,NA,NA
1991,1991-03-14,1991-03-05,TRUE,San Pablo Bay and Carquinez Strait,195,NA,NA,NA,NA,NA
1991,1991-03-14,1991-03-05,TRUE,South Delta,195,NA,NA,NA,42.22222222222172,NA
1991,1991-03-14,1991-03-05,TRUE,Suisun Marsh and Montezuma Slough,195,NA,NA,NA,NA,NA
1991,1991-03-14,1991-03-05,TRUE,Suisun and Honker Bays,195,NA,NA,NA,NA,NA
1991,1991-03-25,1991-03-05,TRUE,Cache Slough and Liberty Island,206,NA,NA,NA,NA,NA
1991,1991-03-25,1991-03-05,TRUE,Confluence,206,NA,NA,NA,NA,NA
1991,1991-03-25,1991-03-05,TRUE,North and South Forks Mokelumne River,206,NA,NA,NA,NA,NA
1991,1991-03-25,1991-03-05,TRUE,Out of Bounds,206,-0.6666666666666661,NA,NA,NA,NA
1991,1991-03-25,1991-03-05,TRUE,Sacramento River Deep Water Ship Channel,206,NA,NA,NA,NA,NA
1991,1991-03-25,1991-03-05,TRUE,Sacramento River Mainstem,206,-1.833333333333334,NA,NA,NA,NA
1991,1991-03-25,1991-03-05,TRUE,San Pablo Bay and Carquinez Strait,206,NA,NA,NA,NA,NA
1991,1991-03-25,1991-03-05,TRUE,South Delta,206,NA,NA,NA,691.1111111111113,NA
1991,1991-03-25,1991-03-05,TRUE,Suisun Marsh and Montezuma Slough,206,NA,NA,NA,NA,NA
1991,1991-03-25,1991-03-05,TRUE,Suisun and Honker Bays,206,NA,NA,NA,NA,NA
1992,1992-02-12,1992-02-12,FALSE,Cache Slough and Liberty Island,165,NA,NA,NA,NA,NA
1992,1992-02-12,1992-02-12,FALSE,Confluence,165,NA,NA,NA,NA,NA
1992,1992-02-12,1992-02-12,FALSE,North and South Forks Mokelumne River,165,NA,NA,NA,NA,NA
1992,1992-02-12,1992-02-12,FALSE,Out of Bounds,165,0.0666666666666682,NA,NA,NA,NA
1992,1992-02-12,1992-02-12,FALSE,Sacramento River Deep Water Ship Channel,165,NA,NA,NA,NA,NA
1992,1992-02-12,1992-02-12,FALSE,Sacramento River Mainstem,165,0.033333333333333215,NA,NA,NA,NA
1992,1992-02-12,1992-02-12,FALSE,San Pablo Bay and Carquinez Strait,165,NA,NA,NA,NA,NA
1992,1992-02-12,1992-02-12,FALSE,South Delta,165,NA,NA,NA,-181.0888888888889,NA
1992,1992-02-12,1992-02-12,FALSE,Suisun Marsh and Montezuma Slough,165,NA,NA,NA,NA,NA
1992,1992-02-12,1992-02-12,FALSE,Suisun and Honker Bays,165,NA,NA,NA,NA,NA
1992,1992-03-17,1992-02-12,TRUE,Cache Slough and Liberty Island,199,NA,NA,NA,NA,NA
1992,1992-03-17,1992-02-12,TRUE,Confluence,199,NA,NA,NA,NA,NA
1992,1992-03-17,1992-02-12,TRUE,North and South Forks Mokelumne River,199,NA,NA,NA,NA,NA
1992,1992-03-17,1992-02-12,TRUE,Out of Bounds,199,-0.2333333333333325,NA,NA,NA,NA
1992,1992-03-17,1992-02-12,TRUE,Sacramento River Deep Water Ship Channel,199,NA,NA,NA,NA,NA
1992,1992-03-17,1992-02-12,TRUE,Sacramento River Mainstem,199,-1.4666666666666668,NA,NA,NA,NA
1992,1992-03-17,1992-02-12,TRUE,San Pablo Bay and Carquinez Strait,199,NA,NA,NA,NA,NA
1992,1992-03-17,1992-02-12,TRUE,South Delta,199,NA,NA,NA,-45.5555555555552,NA
1992,1992-03-17,1992-02-12,TRUE,Suisun Marsh and Montezuma Slough,199,NA,NA,NA,NA,NA
1992,1992-03-17,1992-02-12,TRUE,Suisun and Honker Bays,199,NA,NA,NA,NA,NA
1993,1992-12-11,1992-12-11,FALSE,Cache Slough and Liberty Island,102,NA,NA,NA,NA,NA
1993,1992-12-11,1992-12-11,FALSE,Confluence,102,NA,NA,NA,NA,NA
1993,1992-12-11,1992-12-11,FALSE,North and South Forks Mokelumne River,102,NA,NA,NA,NA,NA
1993,1992-12-11,1992-12-11,FALSE,Out of Bounds,102,-0.2333333333333325,NA,NA,NA,NA
1993,1992-12-11,1992-12-11,FALSE,Sacramento River Deep Water Ship Channel,102,NA,NA,NA,NA,NA
1993,1992-12-11,1992-12-11,FALSE,Sacramento River Mainstem,102,0,NA,NA,NA,NA
1993,1992-12-11,1992-12-11,FALSE,San Pablo Bay and Carquinez Strait,102,NA,NA,NA,NA,NA
1993,1992-12-11,1992-12-11,FALSE,South Delta,102,NA,NA,NA,-45.93333333333332,NA
1993,1992-12-11,1992-12-11,FALSE,Suisun Marsh and Montezuma Slough,102,NA,NA,NA,NA,NA
1993,1992-12-11,1992-12-11,FALSE,Suisun and Honker Bays,102,NA,NA,NA,NA,NA
1993,1993-01-02,1992-12-11,TRUE,Cache Slough and Liberty Island,124,NA,NA,NA,NA,NA
1993,1993-01-02,1992-12-11,TRUE,Confluence,124,NA,NA,NA,NA,NA
1993,1993-01-02,1992-12-11,TRUE,North and South Forks Mokelumne River,124,NA,NA,NA,NA,NA
1993,1993-01-02,1992-12-11,TRUE,Out of Bounds,124,-1.4333333333333336,NA,NA,NA,NA
1993,1993-01-02,1992-12-11,TRUE,Sacramento River Deep Water Ship Channel,124,NA,NA,NA,NA,NA
1993,1993-01-02,1992-12-11,TRUE,Sacramento River Mainstem,124,-0.16666666666666696,NA,NA,NA,NA
1993,1993-01-02,1992-12-11,TRUE,San Pablo Bay and Carquinez Strait,124,NA,NA,NA,NA,NA
1993,1993-01-02,1992-12-11,TRUE,South Delta,124,NA,NA,NA,-366.6666666666665,NA
1993,1993-01-02,1992-12-11,TRUE,Suisun Marsh and Montezuma Slough,124,NA,NA,NA,NA,NA
1993,1993-01-02,1992-12-11,TRUE,Suisun and Honker Bays,124,NA,NA,NA,NA,NA
1993,1993-01-09,1992-12-11,TRUE,Cache Slough and Liberty Island,131,NA,NA,NA,NA,NA
1993,1993-01-09,1992-12-11,TRUE,Confluence,131,NA,NA,NA,NA,NA
1993,1993-01-09,1992-12-11,TRUE,North and South Forks Mokelumne River,131,NA,NA,NA,NA,NA
1993,1993-01-09,1992-12-11,TRUE,Out of Bounds,131,1.666666666666667,NA,NA,NA,NA
1993,1993-01-09,1992-12-11,TRUE,Sacramento River Deep Water Ship Channel,131,NA,NA,NA,NA,NA
1993,1993-01-09,1992-12-11,TRUE,Sacramento River Mainstem,131,0.833333333333333,NA,NA,NA,NA
1993,1993-01-09,1992-12-11,TRUE,San Pablo Bay and Carquinez Strait,131,NA,NA,NA,NA,NA
1993,1993-01-09,1992-12-11,TRUE,South Delta,131,NA,NA,NA,796.666666666667,NA
1993,1993-01-09,1992-12-11,TRUE,Suisun Marsh and Montezuma Slough,131,NA,NA,NA,NA,NA
1993,1993-01-09,1992-12-11,TRUE,Suisun and Honker Bays,131,NA,NA,NA,NA,NA
1993,1993-01-14,1992-12-11,TRUE,Cache Slough and Liberty Island,136,NA,NA,NA,NA,NA
1993,1993-01-14,1992-12-11,TRUE,Confluence,136,NA,NA,NA,NA,NA
1993,1993-01-14,1992-12-11,TRUE,North and South Forks Mokelumne River,136,NA,NA,NA,NA,NA
1993,1993-01-14,1992-12-11,TRUE,Out of Bounds,136,1.5666666666666682,NA,NA,NA,NA
1993,1993-01-14,1992-12-11,TRUE,Sacramento River Deep Water Ship Channel,136,NA,NA,NA,NA,NA
1993,1993-01-14,1992-12-11,TRUE,Sacramento River Mainstem,136,0.5,NA,NA,NA,NA
1993,1993-01-14,1992-12-11,TRUE,San Pablo Bay and Carquinez Strait,136,NA,NA,NA,NA,NA
1993,1993-01-14,1992-12-11,TRUE,South Delta,136,NA,NA,NA,192.22222222222217,NA
1993,1993-01-14,1992-12-11,TRUE,Suisun Marsh and Montezuma Slough,136,NA,NA,NA,NA,NA
1993,1993-01-14,1992-12-11,TRUE,Suisun and Honker Bays,136,NA,NA,NA,NA,NA
1993,1993-01-17,1992-12-11,TRUE,Cache Slough and Liberty Island,139,NA,NA,NA,NA,NA
1993,1993-01-17,1992-12-11,TRUE,Confluence,139,NA,NA,NA,NA,NA
1993,1993-01-17,1992-12-11,TRUE,North and South Forks Mokelumne River,139,NA,NA,NA,NA,NA
1993,1993-01-17,1992-12-11,TRUE,Out of Bounds,139,0.29999999999999893,NA,NA,NA,NA
1993,1993-01-17,1992-12-11,TRUE,Sacramento River Deep Water Ship Channel,139,NA,NA,NA,NA,NA
1993,1993-01-17,1992-12-11,TRUE,Sacramento River Mainstem,139,0.5,NA,NA,NA,NA
1993,1993-01-17,1992-12-11,TRUE,San Pablo Bay and Carquinez Strait,139,NA,NA,NA,NA,NA
1993,1993-01-17,1992-12-11,TRUE,South Delta,139,NA,NA,NA,142.22222222222217,NA
1993,1993-01-17,1992-12-11,TRUE,Suisun Marsh and Montezuma Slough,139,NA,NA,NA,NA,NA
1993,1993-01-17,1992-12-11,TRUE,Suisun and Honker Bays,139,NA,NA,NA,NA,NA
1993,1993-01-21,1992-12-11,TRUE,Cache Slough and Liberty Island,143,NA,NA,NA,NA,NA
1993,1993-01-21,1992-12-11,TRUE,Confluence,143,NA,NA,NA,NA,NA
1993,1993-01-21,1992-12-11,TRUE,North and South Forks Mokelumne River,143,NA,NA,NA,NA,NA
1993,1993-01-21,1992-12-11,TRUE,Out of Bounds,143,0.8666666666666671,NA,NA,NA,NA
1993,1993-01-21,1992-12-11,TRUE,Sacramento River Deep Water Ship Channel,143,NA,NA,NA,NA,NA
1993,1993-01-21,1992-12-11,TRUE,Sacramento River Mainstem,143,1.166666666666666,NA,NA,NA,NA
1993,1993-01-21,1992-12-11,TRUE,San Pablo Bay and Carquinez Strait,143,NA,NA,NA,NA,NA
1993,1993-01-21,1992-12-11,TRUE,South Delta,143,NA,NA,NA,-65.55555555555566,NA
1993,1993-01-21,1992-12-11,TRUE,Suisun Marsh and Montezuma Slough,143,NA,NA,NA,NA,NA
1993,1993-01-21,1992-12-11,TRUE,Suisun and Honker Bays,143,NA,NA,NA,NA,NA
1993,1993-02-09,1992-12-11,TRUE,Cache Slough and Liberty Island,162,NA,NA,NA,NA,NA
1993,1993-02-09,1992-12-11,TRUE,Confluence,162,NA,NA,NA,NA,NA
1993,1993-02-09,1992-12-11,TRUE,North and South Forks Mokelumne River,162,NA,NA,NA,NA,NA
1993,1993-02-09,1992-12-11,TRUE,Out of Bounds,162,0.0666666666666682,NA,NA,NA,NA
1993,1993-02-09,1992-12-11,TRUE,Sacramento River Deep Water Ship Channel,162,NA,NA,NA,NA,NA
1993,1993-02-09,1992-12-11,TRUE,Sacramento River Mainstem,162,0.33333333333333215,NA,NA,5863.333333333334,NA
1993,1993-02-09,1992-12-11,TRUE,San Pablo Bay and Carquinez Strait,162,NA,NA,NA,NA,NA
1993,1993-02-09,1992-12-11,TRUE,South Delta,162,NA,NA,NA,-1703.3333333333335,NA
1993,1993-02-09,1992-12-11,TRUE,Suisun Marsh and Montezuma Slough,162,NA,NA,NA,NA,NA
1993,1993-02-09,1992-12-11,TRUE,Suisun and Honker Bays,162,NA,NA,NA,NA,NA
1993,1993-02-19,1992-12-11,TRUE,Cache Slough and Liberty Island,172,NA,NA,NA,NA,NA
1993,1993-02-19,1992-12-11,TRUE,Confluence,172,NA,NA,NA,NA,NA
1993,1993-02-19,1992-12-11,TRUE,North and South Forks Mokelumne River,172,NA,NA,NA,NA,NA
1993,1993-02-19,1992-12-11,TRUE,Out of Bounds,172,-0.03333333333333499,NA,NA,NA,NA
1993,1993-02-19,1992-12-11,TRUE,Sacramento River Deep Water Ship Channel,172,NA,NA,NA,NA,NA
1993,1993-02-19,1992-12-11,TRUE,Sacramento River Mainstem,172,-0.33333333333333215,NA,NA,3100,NA
1993,1993-02-19,1992-12-11,TRUE,San Pablo Bay and Carquinez Strait,172,NA,NA,NA,NA,NA
1993,1993-02-19,1992-12-11,TRUE,South Delta,172,NA,NA,NA,693.3333333333339,NA
1993,1993-02-19,1992-12-11,TRUE,Suisun Marsh and Montezuma Slough,172,NA,NA,NA,NA,NA
1993,1993-02-19,1992-12-11,TRUE,Suisun and Honker Bays,172,NA,NA,NA,NA,NA
1993,1993-03-18,1992-12-11,TRUE,Cache Slough and Liberty Island,199,NA,NA,NA,NA,NA
1993,1993-03-18,1992-12-11,TRUE,Confluence,199,NA,NA,NA,NA,NA
1993,1993-03-18,1992-12-11,TRUE,North and South Forks Mokelumne River,199,NA,NA,NA,NA,NA
1993,1993-03-18,1992-12-11,TRUE,Out of Bounds,199,0.16666666666666785,NA,NA,NA,NA
1993,1993-03-18,1992-12-11,TRUE,Sacramento River Deep Water Ship Channel,199,NA,NA,NA,NA,NA
1993,1993-03-18,1992-12-11,TRUE,Sacramento River Mainstem,199,-1.333333333333334,NA,NA,8333.333333333334,NA
1993,1993-03-18,1992-12-11,TRUE,San Pablo Bay and Carquinez Strait,199,NA,NA,NA,NA,NA
1993,1993-03-18,1992-12-11,TRUE,South Delta,199,NA,NA,NA,52.22222222222217,NA
1993,1993-03-18,1992-12-11,TRUE,Suisun Marsh and Montezuma Slough,199,NA,NA,NA,NA,NA
1993,1993-03-18,1992-12-11,TRUE,Suisun and Honker Bays,199,NA,NA,NA,NA,NA
1993,1993-03-23,1992-12-11,TRUE,Cache Slough and Liberty Island,204,NA,NA,NA,NA,NA
1993,1993-03-23,1992-12-11,TRUE,Confluence,204,NA,NA,NA,NA,NA
1993,1993-03-23,1992-12-11,TRUE,North and South Forks Mokelumne River,204,NA,NA,NA,NA,NA
1993,1993-03-23,1992-12-11,TRUE,Out of Bounds,204,-1.8000000000000007,NA,NA,NA,NA
1993,1993-03-23,1992-12-11,TRUE,Sacramento River Deep Water Ship Channel,204,NA,NA,NA,NA,NA
1993,1993-03-23,1992-12-11,TRUE,Sacramento River Mainstem,204,-0.16666666666666785,NA,NA,3166.6666666666642,NA
1993,1993-03-23,1992-12-11,TRUE,San Pablo Bay and Carquinez Strait,204,NA,NA,NA,NA,NA
1993,1993-03-23,1992-12-11,TRUE,South Delta,204,NA,NA,NA,70,NA
1993,1993-03-23,1992-12-11,TRUE,Suisun Marsh and Montezuma Slough,204,NA,NA,NA,NA,NA
1993,1993-03-23,1992-12-11,TRUE,Suisun and Honker Bays,204,NA,NA,NA,NA,NA
1993,1993-06-03,1992-12-11,TRUE,Cache Slough and Liberty Island,276,NA,NA,NA,NA,NA
1993,1993-06-03,1992-12-11,TRUE,Confluence,276,NA,NA,NA,NA,NA
1993,1993-06-03,1992-12-11,TRUE,North and South Forks Mokelumne River,276,NA,NA,NA,NA,NA
1993,1993-06-03,1992-12-11,TRUE,Out of Bounds,276,-0.93333333333333,NA,NA,NA,NA
1993,1993-06-03,1992-12-11,TRUE,Sacramento River Deep Water Ship Channel,276,NA,NA,NA,NA,NA
1993,1993-06-03,1992-12-11,TRUE,Sacramento River Mainstem,276,-0.6666666666666643,NA,NA,NA,NA
1993,1993-06-03,1992-12-11,TRUE,San Pablo Bay and Carquinez Strait,276,NA,NA,NA,NA,NA
1993,1993-06-03,1992-12-11,TRUE,South Delta,276,NA,NA,NA,-8.888888888888914,NA
1993,1993-06-03,1992-12-11,TRUE,Suisun Marsh and Montezuma Slough,276,NA,NA,NA,NA,NA
1993,1993-06-03,1992-12-11,TRUE,Suisun and Honker Bays,276,NA,NA,NA,NA,NA
1994,1994-02-09,1994-02-09,FALSE,Cache Slough and Liberty Island,162,NA,NA,NA,NA,NA
1994,1994-02-09,1994-02-09,FALSE,Confluence,162,NA,NA,NA,NA,NA
1994,1994-02-09,1994-02-09,FALSE,North and South Forks Mokelumne River,162,NA,NA,NA,NA,NA
1994,1994-02-09,1994-02-09,FALSE,Out of Bounds,162,-0.033333333333333215,NA,NA,NA,NA
1994,1994-02-09,1994-02-09,FALSE,Sacramento River Deep Water Ship Channel,162,NA,NA,NA,NA,NA
1994,1994-02-09,1994-02-09,FALSE,Sacramento River Mainstem,162,0.16666666666666607,NA,NA,NA,NA
1994,1994-02-09,1994-02-09,FALSE,San Pablo Bay and Carquinez Strait,162,NA,NA,NA,NA,NA
1994,1994-02-09,1994-02-09,FALSE,South Delta,162,NA,NA,NA,426.66666666666697,NA
1994,1994-02-09,1994-02-09,FALSE,Suisun Marsh and Montezuma Slough,162,NA,NA,NA,NA,NA
1994,1994-02-09,1994-02-09,FALSE,Suisun and Honker Bays,162,NA,NA,NA,NA,NA
1995,1994-12-05,1994-12-05,FALSE,Cache Slough and Liberty Island,96,NA,NA,NA,NA,NA
1995,1994-12-05,1994-12-05,FALSE,Confluence,96,NA,NA,NA,6246.666666666667,NA
1995,1994-12-05,1994-12-05,FALSE,North and South Forks Mokelumne River,96,NA,NA,NA,NA,NA
1995,1994-12-05,1994-12-05,FALSE,Out of Bounds,96,0.6666666666666679,NA,NA,NA,NA
1995,1994-12-05,1994-12-05,FALSE,Sacramento River Deep Water Ship Channel,96,NA,NA,NA,NA,NA
1995,1994-12-05,1994-12-05,FALSE,Sacramento River Mainstem,96,0,NA,NA,5160,NA
1995,1994-12-05,1994-12-05,FALSE,San Pablo Bay and Carquinez Strait,96,NA,NA,NA,NA,NA
1995,1994-12-05,1994-12-05,FALSE,South Delta,96,NA,NA,NA,174.66666666666663,NA
1995,1994-12-05,1994-12-05,FALSE,Suisun Marsh and Montezuma Slough,96,NA,NA,NA,NA,NA
1995,1994-12-05,1994-12-05,FALSE,Suisun and Honker Bays,96,NA,NA,NA,NA,NA
1995,1995-01-06,1994-12-05,TRUE,Cache Slough and Liberty Island,128,NA,NA,NA,NA,NA
1995,1995-01-06,1994-12-05,TRUE,Confluence,128,NA,NA,NA,1253.333333333333,NA
1995,1995-01-06,1994-12-05,TRUE,North and South Forks Mokelumne River,128,NA,NA,NA,NA,NA
1995,1995-01-06,1994-12-05,TRUE,Out of Bounds,128,0.5,NA,NA,NA,NA
1995,1995-01-06,1994-12-05,TRUE,Sacramento River Deep Water Ship Channel,128,NA,NA,NA,NA,NA
1995,1995-01-06,1994-12-05,TRUE,Sacramento River Mainstem,128,1.0000000000000009,NA,NA,6556.666666666667,NA
1995,1995-01-06,1994-12-05,TRUE,San Pablo Bay and Carquinez Strait,128,NA,NA,NA,NA,NA
1995,1995-01-06,1994-12-05,TRUE,South Delta,128,NA,NA,NA,15.555555555555657,NA
1995,1995-01-06,1994-12-05,TRUE,Suisun Marsh and Montezuma Slough,128,NA,NA,NA,NA,NA
1995,1995-01-06,1994-12-05,TRUE,Suisun and Honker Bays,128,NA,NA,NA,NA,NA
1995,1995-01-09,1994-12-05,TRUE,Cache Slough and Liberty Island,131,NA,NA,NA,NA,NA
1995,1995-01-09,1994-12-05,TRUE,Confluence,131,NA,NA,NA,8940,NA
1995,1995-01-09,1994-12-05,TRUE,North and South Forks Mokelumne River,131,NA,NA,NA,NA,NA
1995,1995-01-09,1994-12-05,TRUE,Out of Bounds,131,2,NA,NA,NA,NA
1995,1995-01-09,1994-12-05,TRUE,Sacramento River Deep Water Ship Channel,131,NA,NA,NA,NA,NA
1995,1995-01-09,1994-12-05,TRUE,Sacramento River Mainstem,131,1.5,NA,NA,12900,NA
1995,1995-01-09,1994-12-05,TRUE,San Pablo Bay and Carquinez Strait,131,NA,NA,NA,NA,NA
1995,1995-01-09,1994-12-05,TRUE,South Delta,131,NA,NA,NA,-5.555555555555657,NA
1995,1995-01-09,1994-12-05,TRUE,Suisun Marsh and Montezuma Slough,131,NA,NA,NA,NA,NA
1995,1995-01-09,1994-12-05,TRUE,Suisun and Honker Bays,131,NA,NA,NA,NA,NA
1995,1995-01-26,1994-12-05,TRUE,Cache Slough and Liberty Island,148,NA,NA,NA,NA,NA
1995,1995-01-26,1994-12-05,TRUE,Confluence,148,NA,NA,NA,10800,NA
1995,1995-01-26,1994-12-05,TRUE,North and South Forks Mokelumne River,148,NA,NA,NA,NA,NA
1995,1995-01-26,1994-12-05,TRUE,Out of Bounds,148,0.5,NA,NA,NA,NA
1995,1995-01-26,1994-12-05,TRUE,Sacramento River Deep Water Ship Channel,148,NA,NA,NA,NA,NA
1995,1995-01-26,1994-12-05,TRUE,Sacramento River Mainstem,148,0.16666666666666607,NA,NA,2900,NA
1995,1995-01-26,1994-12-05,TRUE,San Pablo Bay and Carquinez Strait,148,NA,NA,NA,NA,NA
1995,1995-01-26,1994-12-05,TRUE,South Delta,148,NA,NA,NA,820,NA
1995,1995-01-26,1994-12-05,TRUE,Suisun Marsh and Montezuma Slough,148,NA,NA,NA,NA,NA
1995,1995-01-26,1994-12-05,TRUE,Suisun and Honker Bays,148,NA,NA,NA,NA,NA
1995,1995-02-03,1994-12-05,TRUE,Cache Slough and Liberty Island,156,NA,NA,NA,NA,NA
1995,1995-02-03,1994-12-05,TRUE,Confluence,156,NA,NA,NA,-6900,NA
1995,1995-02-03,1994-12-05,TRUE,North and South Forks Mokelumne River,156,NA,NA,NA,NA,NA
1995,1995-02-03,1994-12-05,TRUE,Out of Bounds,156,-0.5,NA,NA,NA,NA
1995,1995-02-03,1994-12-05,TRUE,Sacramento River Deep Water Ship Channel,156,NA,NA,NA,NA,NA
1995,1995-02-03,1994-12-05,TRUE,Sacramento River Mainstem,156,0.16666666666666607,NA,NA,333.3333333333321,NA
1995,1995-02-03,1994-12-05,TRUE,San Pablo Bay and Carquinez Strait,156,NA,NA,NA,NA,NA
1995,1995-02-03,1994-12-05,TRUE,South Delta,156,NA,NA,NA,-694.4444444444443,NA
1995,1995-02-03,1994-12-05,TRUE,Suisun Marsh and Montezuma Slough,156,NA,NA,NA,NA,NA
1995,1995-02-03,1994-12-05,TRUE,Suisun and Honker Bays,156,NA,NA,NA,NA,NA
1995,1995-03-04,1994-12-05,TRUE,Cache Slough and Liberty Island,185,NA,NA,NA,NA,NA
1995,1995-03-04,1994-12-05,TRUE,Confluence,185,NA,NA,NA,4040,NA
1995,1995-03-04,1994-12-05,TRUE,North and South Forks Mokelumne River,185,NA,NA,NA,NA,NA
1995,1995-03-04,1994-12-05,TRUE,Out of Bounds,185,0,NA,NA,NA,NA
1995,1995-03-04,1994-12-05,TRUE,Sacramento River Deep Water Ship Channel,185,NA,NA,NA,NA,NA
1995,1995-03-04,1994-12-05,TRUE,Sacramento River Mainstem,185,-0.6666666666666661,NA,NA,5966.666666666668,NA
1995,1995-03-04,1994-12-05,TRUE,San Pablo Bay and Carquinez Strait,185,NA,NA,NA,NA,NA
1995,1995-03-04,1994-12-05,TRUE,South Delta,185,NA,NA,NA,431.1111111111113,NA
1995,1995-03-04,1994-12-05,TRUE,Suisun Marsh and Montezuma Slough,185,NA,NA,NA,NA,NA
1995,1995-03-04,1994-12-05,TRUE,Suisun and Honker Bays,185,NA,NA,NA,NA,NA
1995,1995-03-09,1994-12-05,TRUE,Cache Slough and Liberty Island,190,NA,NA,NA,NA,NA
1995,1995-03-09,1994-12-05,TRUE,Confluence,190,NA,NA,NA,12006.666666666668,NA
1995,1995-03-09,1994-12-05,TRUE,North and South Forks Mokelumne River,190,NA,NA,NA,NA,NA
1995,1995-03-09,1994-12-05,TRUE,Out of Bounds,190,0,NA,NA,NA,NA
1995,1995-03-09,1994-12-05,TRUE,Sacramento River Deep Water Ship Channel,190,NA,NA,NA,NA,NA
1995,1995-03-09,1994-12-05,TRUE,Sacramento River Mainstem,190,-0.16666666666666607,NA,NA,8733.333333333332,NA
1995,1995-03-09,1994-12-05,TRUE,San Pablo Bay and Carquinez Strait,190,NA,NA,NA,NA,NA
1995,1995-03-09,1994-12-05,TRUE,South Delta,190,NA,NA,NA,1843.7777777777778,NA
1995,1995-03-09,1994-12-05,TRUE,Suisun Marsh and Montezuma Slough,190,NA,NA,NA,NA,NA
1995,1995-03-09,1994-12-05,TRUE,Suisun and Honker Bays,190,NA,NA,NA,NA,NA
1995,1995-03-23,1994-12-05,TRUE,Cache Slough and Liberty Island,204,NA,NA,NA,NA,NA
1995,1995-03-23,1994-12-05,TRUE,Confluence,204,NA,NA,NA,13766.666666666664,NA
1995,1995-03-23,1994-12-05,TRUE,North and South Forks Mokelumne River,204,NA,NA,NA,NA,NA
1995,1995-03-23,1994-12-05,TRUE,Out of Bounds,204,-1.333333333333334,NA,NA,NA,NA
1995,1995-03-23,1994-12-05,TRUE,Sacramento River Deep Water Ship Channel,204,NA,NA,NA,NA,NA
1995,1995-03-23,1994-12-05,TRUE,Sacramento River Mainstem,204,-1.1666666666666679,NA,NA,1033.3333333333321,NA
1995,1995-03-23,1994-12-05,TRUE,San Pablo Bay and Carquinez Strait,204,NA,NA,NA,NA,NA
1995,1995-03-23,1994-12-05,TRUE,South Delta,204,NA,NA,NA,490,NA
1995,1995-03-23,1994-12-05,TRUE,Suisun Marsh and Montezuma Slough,204,NA,NA,NA,NA,NA
1995,1995-03-23,1994-12-05,TRUE,Suisun and Honker Bays,204,NA,NA,NA,NA,NA
1995,1995-04-11,1994-12-05,TRUE,Cache Slough and Liberty Island,223,NA,NA,NA,NA,NA
1995,1995-04-11,1994-12-05,TRUE,Confluence,223,NA,NA,NA,NA,NA
1995,1995-04-11,1994-12-05,TRUE,North and South Forks Mokelumne River,223,NA,NA,NA,NA,NA
1995,1995-04-11,1994-12-05,TRUE,Out of Bounds,223,0.3333333333333339,NA,NA,NA,NA
1995,1995-04-11,1994-12-05,TRUE,Sacramento River Deep Water Ship Channel,223,NA,NA,NA,NA,NA
1995,1995-04-11,1994-12-05,TRUE,Sacramento River Mainstem,223,0.16666666666666785,NA,NA,2266.666666666668,NA
1995,1995-04-11,1994-12-05,TRUE,San Pablo Bay and Carquinez Strait,223,NA,NA,NA,NA,NA
1995,1995-04-11,1994-12-05,TRUE,South Delta,223,NA,NA,NA,-818.8888888888882,NA
1995,1995-04-11,1994-12-05,TRUE,Suisun Marsh and Montezuma Slough,223,NA,NA,NA,NA,NA
1995,1995-04-11,1994-12-05,TRUE,Suisun and Honker Bays,223,NA,NA,NA,NA,NA
1995,1995-04-30,1994-12-05,TRUE,Cache Slough and Liberty Island,242,NA,NA,NA,NA,NA
1995,1995-04-30,1994-12-05,TRUE,Confluence,242,NA,NA,NA,NA,NA
1995,1995-04-30,1994-12-05,TRUE,North and South Forks Mokelumne River,242,NA,NA,NA,NA,NA
1995,1995-04-30,1994-12-05,TRUE,Out of Bounds,242,0.16666666666666785,NA,NA,NA,NA
1995,1995-04-30,1994-12-05,TRUE,Sacramento River Deep Water Ship Channel,242,NA,NA,NA,NA,NA
1995,1995-04-30,1994-12-05,TRUE,Sacramento River Mainstem,242,-1.833333333333334,NA,NA,NA,NA
1995,1995-04-30,1994-12-05,TRUE,San Pablo Bay and Carquinez Strait,242,NA,NA,NA,NA,NA
1995,1995-04-30,1994-12-05,TRUE,South Delta,242,NA,NA,NA,20,NA
1995,1995-04-30,1994-12-05,TRUE,Suisun Marsh and Montezuma Slough,242,NA,NA,NA,NA,NA
1995,1995-04-30,1994-12-05,TRUE,Suisun and Honker Bays,242,NA,NA,NA,NA,NA
1995,1995-07-18,1994-12-05,TRUE,Cache Slough and Liberty Island,321,NA,NA,NA,NA,NA
1995,1995-07-18,1994-12-05,TRUE,Confluence,321,NA,NA,NA,17233.333333333332,NA
1995,1995-07-18,1994-12-05,TRUE,North and South Forks Mokelumne River,321,NA,NA,NA,NA,NA
1995,1995-07-18,1994-12-05,TRUE,Out of Bounds,321,1.1666666666666643,NA,NA,NA,NA
1995,1995-07-18,1994-12-05,TRUE,Sacramento River Deep Water Ship Channel,321,NA,NA,NA,NA,NA
1995,1995-07-18,1994-12-05,TRUE,Sacramento River Mainstem,321,-1.1666666666666679,NA,NA,7246.666666666668,NA
1995,1995-07-18,1994-12-05,TRUE,San Pablo Bay and Carquinez Strait,321,NA,NA,NA,NA,NA
1995,1995-07-18,1994-12-05,TRUE,South Delta,321,NA,NA,NA,-1086.2222222222222,NA
1995,1995-07-18,1994-12-05,TRUE,Suisun Marsh and Montezuma Slough,321,NA,NA,NA,NA,NA
1995,1995-07-18,1994-12-05,TRUE,Suisun and Honker Bays,321,NA,NA,NA,NA,NA
1996,1995-12-13,1995-12-13,FALSE,Cache Slough and Liberty Island,104,NA,NA,NA,NA,NA
1996,1995-12-13,1995-12-13,FALSE,Confluence,104,NA,NA,NA,19855.555555555555,NA
1996,1995-12-13,1995-12-13,FALSE,North and South Forks Mokelumne River,104,NA,NA,NA,NA,NA
1996,1995-12-13,1995-12-13,FALSE,Out of Bounds,104,NA,NA,NA,NA,NA
1996,1995-12-13,1995-12-13,FALSE,Sacramento River Deep Water Ship Channel,104,NA,NA,NA,NA,NA
1996,1995-12-13,1995-12-13,FALSE,Sacramento River Mainstem,104,-0.5,NA,NA,9556.666666666668,NA
1996,1995-12-13,1995-12-13,FALSE,San Pablo Bay and Carquinez Strait,104,NA,NA,NA,NA,NA
1996,1995-12-13,1995-12-13,FALSE,South Delta,104,NA,NA,NA,815.8333333333333,NA
1996,1995-12-13,1995-12-13,FALSE,Suisun Marsh and Montezuma Slough,104,NA,NA,NA,NA,NA
1996,1995-12-13,1995-12-13,FALSE,Suisun and Honker Bays,104,NA,NA,NA,NA,NA
1996,1996-01-18,1995-12-13,TRUE,Cache Slough and Liberty Island,140,NA,NA,NA,NA,NA
1996,1996-01-18,1995-12-13,TRUE,Confluence,140,NA,NA,NA,7470.333333333333,NA
1996,1996-01-18,1995-12-13,TRUE,North and South Forks Mokelumne River,140,NA,NA,NA,NA,NA
1996,1996-01-18,1995-12-13,TRUE,Out of Bounds,140,NA,NA,NA,NA,NA
1996,1996-01-18,1995-12-13,TRUE,Sacramento River Deep Water Ship Channel,140,NA,NA,NA,NA,NA
1996,1996-01-18,1995-12-13,TRUE,Sacramento River Mainstem,140,0,NA,NA,7533.333333333333,NA
1996,1996-01-18,1995-12-13,TRUE,San Pablo Bay and Carquinez Strait,140,NA,NA,NA,NA,NA
1996,1996-01-18,1995-12-13,TRUE,South Delta,140,NA,NA,NA,202.73333333333312,NA
1996,1996-01-18,1995-12-13,TRUE,Suisun Marsh and Montezuma Slough,140,NA,NA,NA,NA,NA
1996,1996-01-18,1995-12-13,TRUE,Suisun and Honker Bays,140,NA,NA,NA,NA,NA
1996,1996-02-05,1995-12-13,TRUE,Cache Slough and Liberty Island,158,NA,NA,NA,NA,NA
1996,1996-02-05,1995-12-13,TRUE,Confluence,158,NA,NA,NA,22644.444444444438,NA
1996,1996-02-05,1995-12-13,TRUE,North and South Forks Mokelumne River,158,NA,NA,NA,NA,NA
1996,1996-02-05,1995-12-13,TRUE,Out of Bounds,158,NA,NA,NA,NA,NA
1996,1996-02-05,1995-12-13,TRUE,Sacramento River Deep Water Ship Channel,158,NA,NA,NA,NA,NA
1996,1996-02-05,1995-12-13,TRUE,Sacramento River Mainstem,158,1.5,NA,NA,6733.333333333332,NA
1996,1996-02-05,1995-12-13,TRUE,San Pablo Bay and Carquinez Strait,158,NA,NA,NA,NA,NA
1996,1996-02-05,1995-12-13,TRUE,South Delta,158,NA,NA,NA,748.0833333333334,NA
1996,1996-02-05,1995-12-13,TRUE,Suisun Marsh and Montezuma Slough,158,NA,NA,NA,NA,NA
1996,1996-02-05,1995-12-13,TRUE,Suisun and Honker Bays,158,NA,NA,NA,NA,NA
1996,1996-02-19,1995-12-13,TRUE,Cache Slough and Liberty Island,172,NA,NA,NA,NA,NA
1996,1996-02-19,1995-12-13,TRUE,Confluence,172,NA,NA,NA,15955.555555555547,NA
1996,1996-02-19,1995-12-13,TRUE,North and South Forks Mokelumne River,172,NA,NA,NA,NA,NA
1996,1996-02-19,1995-12-13,TRUE,Out of Bounds,172,NA,NA,NA,NA,NA
1996,1996-02-19,1995-12-13,TRUE,Sacramento River Deep Water Ship Channel,172,NA,NA,NA,NA,NA
1996,1996-02-19,1995-12-13,TRUE,Sacramento River Mainstem,172,-0.3333333333333339,NA,NA,3933.333333333332,NA
1996,1996-02-19,1995-12-13,TRUE,San Pablo Bay and Carquinez Strait,172,NA,NA,NA,NA,NA
1996,1996-02-19,1995-12-13,TRUE,South Delta,172,NA,NA,NA,561.8333333333334,NA
1996,1996-02-19,1995-12-13,TRUE,Suisun Marsh and Montezuma Slough,172,NA,NA,NA,NA,NA
1996,1996-02-19,1995-12-13,TRUE,Suisun and Honker Bays,172,NA,NA,NA,NA,NA
1996,1996-03-13,1995-12-13,TRUE,Cache Slough and Liberty Island,195,NA,NA,NA,NA,NA
1996,1996-03-13,1995-12-13,TRUE,Confluence,195,NA,NA,NA,566.6666666666715,NA
1996,1996-03-13,1995-12-13,TRUE,North and South Forks Mokelumne River,195,NA,NA,NA,NA,NA
1996,1996-03-13,1995-12-13,TRUE,Out of Bounds,195,-0.16666666666666607,NA,NA,NA,NA
1996,1996-03-13,1995-12-13,TRUE,Sacramento River Deep Water Ship Channel,195,NA,NA,NA,NA,NA
1996,1996-03-13,1995-12-13,TRUE,Sacramento River Mainstem,195,-0.16666666666666607,NA,NA,233.33333333333576,NA
1996,1996-03-13,1995-12-13,TRUE,San Pablo Bay and Carquinez Strait,195,NA,NA,NA,NA,NA
1996,1996-03-13,1995-12-13,TRUE,South Delta,195,NA,NA,NA,-680,NA
1996,1996-03-13,1995-12-13,TRUE,Suisun Marsh and Montezuma Slough,195,NA,NA,NA,NA,NA
1996,1996-03-13,1995-12-13,TRUE,Suisun and Honker Bays,195,NA,NA,NA,NA,NA
1996,1996-04-03,1995-12-13,TRUE,Cache Slough and Liberty Island,216,NA,NA,NA,NA,NA
1996,1996-04-03,1995-12-13,TRUE,Confluence,216,NA,NA,NA,6344.444444444445,NA
1996,1996-04-03,1995-12-13,TRUE,North and South Forks Mokelumne River,216,NA,NA,NA,NA,NA
1996,1996-04-03,1995-12-13,TRUE,Out of Bounds,216,0.5,NA,NA,NA,NA
1996,1996-04-03,1995-12-13,TRUE,Sacramento River Deep Water Ship Channel,216,NA,NA,NA,NA,NA
1996,1996-04-03,1995-12-13,TRUE,Sacramento River Mainstem,216,0.33333333333333215,NA,NA,4033.333333333332,NA
1996,1996-04-03,1995-12-13,TRUE,San Pablo Bay and Carquinez Strait,216,NA,NA,NA,NA,NA
1996,1996-04-03,1995-12-13,TRUE,South Delta,216,NA,NA,NA,-248.6444444444444,NA
1996,1996-04-03,1995-12-13,TRUE,Suisun Marsh and Montezuma Slough,216,NA,NA,NA,NA,NA
1996,1996-04-03,1995-12-13,TRUE,Suisun and Honker Bays,216,NA,NA,NA,NA,NA
1996,1996-05-16,1995-12-13,TRUE,Cache Slough and Liberty Island,259,NA,NA,NA,NA,NA
1996,1996-05-16,1995-12-13,TRUE,Confluence,259,NA,NA,NA,8566.666666666664,NA
1996,1996-05-16,1995-12-13,TRUE,North and South Forks Mokelumne River,259,NA,NA,NA,NA,NA
1996,1996-05-16,1995-12-13,TRUE,Out of Bounds,259,-1.6666666666666679,NA,NA,NA,NA
1996,1996-05-16,1995-12-13,TRUE,Sacramento River Deep Water Ship Channel,259,NA,NA,NA,NA,NA
1996,1996-05-16,1995-12-13,TRUE,Sacramento River Mainstem,259,-3.9999999999999982,NA,NA,13913.333333333332,NA
1996,1996-05-16,1995-12-13,TRUE,San Pablo Bay and Carquinez Strait,259,NA,NA,NA,NA,NA
1996,1996-05-16,1995-12-13,TRUE,South Delta,259,NA,NA,NA,351.91666666666674,NA
1996,1996-05-16,1995-12-13,TRUE,Suisun Marsh and Montezuma Slough,259,NA,NA,NA,NA,NA
1996,1996-05-16,1995-12-13,TRUE,Suisun and Honker Bays,259,NA,NA,NA,NA,NA
1997,1996-12-06,1996-12-06,FALSE,Cache Slough and Liberty Island,97,NA,NA,NA,NA,NA
1997,1996-12-06,1996-12-06,FALSE,Confluence,97,NA,NA,NA,12579.999999999998,NA
1997,1996-12-06,1996-12-06,FALSE,North and South Forks Mokelumne River,97,NA,NA,NA,NA,NA
1997,1996-12-06,1996-12-06,FALSE,Out of Bounds,97,1.333333333333334,NA,NA,NA,NA
1997,1996-12-06,1996-12-06,FALSE,Sacramento River Deep Water Ship Channel,97,NA,NA,NA,NA,NA
1997,1996-12-06,1996-12-06,FALSE,Sacramento River Mainstem,97,1,NA,NA,NA,NA
1997,1996-12-06,1996-12-06,FALSE,San Pablo Bay and Carquinez Strait,97,NA,NA,NA,NA,NA
1997,1996-12-06,1996-12-06,FALSE,South Delta,97,NA,NA,NA,-16.666666666666515,NA
1997,1996-12-06,1996-12-06,FALSE,Suisun Marsh and Montezuma Slough,97,NA,NA,NA,NA,NA
1997,1996-12-06,1996-12-06,FALSE,Suisun and Honker Bays,97,NA,NA,NA,NA,NA
1997,1996-12-11,1996-12-06,TRUE,Cache Slough and Liberty Island,102,NA,NA,NA,NA,NA
1997,1996-12-11,1996-12-06,TRUE,Confluence,102,NA,NA,NA,13834.444444444445,NA
1997,1996-12-11,1996-12-06,TRUE,North and South Forks Mokelumne River,102,NA,NA,NA,NA,NA
1997,1996-12-11,1996-12-06,TRUE,Out of Bounds,102,0.6666666666666661,NA,NA,NA,NA
1997,1996-12-11,1996-12-06,TRUE,Sacramento River Deep Water Ship Channel,102,NA,NA,NA,NA,NA
1997,1996-12-11,1996-12-06,TRUE,Sacramento River Mainstem,102,0.5,NA,NA,NA,NA
1997,1996-12-11,1996-12-06,TRUE,San Pablo Bay and Carquinez Strait,102,NA,NA,NA,NA,NA
1997,1996-12-11,1996-12-06,TRUE,South Delta,102,NA,NA,NA,1441.1111111111109,NA
1997,1996-12-11,1996-12-06,TRUE,Suisun Marsh and Montezuma Slough,102,NA,NA,NA,NA,NA
1997,1996-12-11,1996-12-06,TRUE,Suisun and Honker Bays,102,NA,NA,NA,NA,NA
1997,1996-12-27,1996-12-06,TRUE,Cache Slough and Liberty Island,118,NA,NA,NA,NA,NA
1997,1996-12-27,1996-12-06,TRUE,Confluence,118,NA,NA,NA,9788.88888888889,NA
1997,1996-12-27,1996-12-06,TRUE,North and South Forks Mokelumne River,118,NA,NA,NA,NA,NA
1997,1996-12-27,1996-12-06,TRUE,Out of Bounds,118,0.8333333333333339,NA,NA,NA,NA
1997,1996-12-27,1996-12-06,TRUE,Sacramento River Deep Water Ship Channel,118,NA,NA,NA,NA,NA
1997,1996-12-27,1996-12-06,TRUE,Sacramento River Mainstem,118,0.3333333333333339,NA,NA,5800,NA
1997,1996-12-27,1996-12-06,TRUE,San Pablo Bay and Carquinez Strait,118,NA,NA,NA,NA,NA
1997,1996-12-27,1996-12-06,TRUE,South Delta,118,NA,NA,NA,175.55555555555566,NA
1997,1996-12-27,1996-12-06,TRUE,Suisun Marsh and Montezuma Slough,118,NA,NA,NA,NA,NA
1997,1996-12-27,1996-12-06,TRUE,Suisun and Honker Bays,118,NA,NA,NA,NA,NA
1997,1997-01-22,1996-12-06,TRUE,Cache Slough and Liberty Island,144,NA,NA,NA,NA,NA
1997,1997-01-22,1996-12-06,TRUE,Confluence,144,NA,NA,NA,14433.333333333328,NA
1997,1997-01-22,1996-12-06,TRUE,North and South Forks Mokelumne River,144,NA,NA,NA,NA,NA
1997,1997-01-22,1996-12-06,TRUE,Out of Bounds,144,0.8333333333333339,NA,NA,NA,NA
1997,1997-01-22,1996-12-06,TRUE,Sacramento River Deep Water Ship Channel,144,NA,NA,NA,NA,NA
1997,1997-01-22,1996-12-06,TRUE,Sacramento River Mainstem,144,0,NA,NA,5833.333333333332,NA
1997,1997-01-22,1996-12-06,TRUE,San Pablo Bay and Carquinez Strait,144,NA,NA,NA,NA,NA
1997,1997-01-22,1996-12-06,TRUE,South Delta,144,NA,NA,NA,66.66666666666606,NA
1997,1997-01-22,1996-12-06,TRUE,Suisun Marsh and Montezuma Slough,144,NA,NA,NA,NA,NA
1997,1997-01-22,1996-12-06,TRUE,Suisun and Honker Bays,144,NA,NA,NA,NA,NA
1998,1997-12-02,1997-12-02,FALSE,Cache Slough and Liberty Island,93,NA,NA,NA,NA,NA
1998,1997-12-02,1997-12-02,FALSE,Confluence,93,NA,NA,NA,288.03333333333467,NA
1998,1997-12-02,1997-12-02,FALSE,North and South Forks Mokelumne River,93,NA,NA,NA,NA,NA
1998,1997-12-02,1997-12-02,FALSE,Out of Bounds,93,-0.8333333333333339,NA,NA,NA,NA
1998,1997-12-02,1997-12-02,FALSE,Sacramento River Deep Water Ship Channel,93,NA,NA,NA,NA,NA
1998,1997-12-02,1997-12-02,FALSE,Sacramento River Mainstem,93,-1.0999999999999996,NA,NA,753.3333333333339,NA
1998,1997-12-02,1997-12-02,FALSE,San Pablo Bay and Carquinez Strait,93,NA,NA,NA,NA,NA
1998,1997-12-02,1997-12-02,FALSE,South Delta,93,NA,NA,NA,150.66666666666652,NA
1998,1997-12-02,1997-12-02,FALSE,Suisun Marsh and Montezuma Slough,93,NA,NA,NA,NA,NA
1998,1997-12-02,1997-12-02,FALSE,Suisun and Honker Bays,93,NA,NA,NA,NA,NA
1998,1998-01-12,1997-12-02,TRUE,Cache Slough and Liberty Island,134,NA,NA,NA,NA,NA
1998,1998-01-12,1997-12-02,TRUE,Confluence,134,NA,NA,NA,18918.555555555555,NA
1998,1998-01-12,1997-12-02,TRUE,North and South Forks Mokelumne River,134,NA,NA,NA,NA,NA
1998,1998-01-12,1997-12-02,TRUE,Out of Bounds,134,0,NA,NA,NA,NA
1998,1998-01-12,1997-12-02,TRUE,Sacramento River Deep Water Ship Channel,134,NA,NA,NA,NA,NA
1998,1998-01-12,1997-12-02,TRUE,Sacramento River Mainstem,134,1.5666666666666682,NA,NA,9213.333333333332,NA
1998,1998-01-12,1997-12-02,TRUE,San Pablo Bay and Carquinez Strait,134,0.2933333333333348,-5933.16,NA,NA,NA
1998,1998-01-12,1997-12-02,TRUE,South Delta,134,NA,NA,NA,1528.9166666666667,NA
1998,1998-01-12,1997-12-02,TRUE,Suisun Marsh and Montezuma Slough,134,NA,NA,NA,NA,NA
1998,1998-01-12,1997-12-02,TRUE,Suisun and Honker Bays,134,NA,NA,NA,NA,NA
1998,1998-01-16,1997-12-02,TRUE,Cache Slough and Liberty Island,138,NA,NA,NA,NA,NA
1998,1998-01-16,1997-12-02,TRUE,Confluence,138,NA,NA,NA,16311.11111111111,NA
1998,1998-01-16,1997-12-02,TRUE,North and South Forks Mokelumne River,138,NA,NA,NA,NA,NA
1998,1998-01-16,1997-12-02,TRUE,Out of Bounds,138,1,NA,NA,NA,NA
1998,1998-01-16,1997-12-02,TRUE,Sacramento River Deep Water Ship Channel,138,NA,NA,NA,NA,NA
1998,1998-01-16,1997-12-02,TRUE,Sacramento River Mainstem,138,0.3333333333333339,NA,NA,5533.333333333332,NA
1998,1998-01-16,1997-12-02,TRUE,San Pablo Bay and Carquinez Strait,138,0.5066666666666677,-6737.183333333333,NA,NA,NA
1998,1998-01-16,1997-12-02,TRUE,South Delta,138,NA,NA,NA,2044.3333333333333,NA
1998,1998-01-16,1997-12-02,TRUE,Suisun Marsh and Montezuma Slough,138,NA,NA,NA,NA,NA
1998,1998-01-16,1997-12-02,TRUE,Suisun and Honker Bays,138,NA,NA,NA,NA,NA
1998,1998-01-30,1997-12-02,TRUE,Cache Slough and Liberty Island,152,NA,NA,NA,NA,NA
1998,1998-01-30,1997-12-02,TRUE,Confluence,152,NA,NA,NA,13822.222222222219,NA
1998,1998-01-30,1997-12-02,TRUE,North and South Forks Mokelumne River,152,NA,NA,NA,NA,NA
1998,1998-01-30,1997-12-02,TRUE,Out of Bounds,152,-0.16666666666666607,NA,NA,NA,NA
1998,1998-01-30,1997-12-02,TRUE,Sacramento River Deep Water Ship Channel,152,NA,NA,NA,NA,NA
1998,1998-01-30,1997-12-02,TRUE,Sacramento River Mainstem,152,0.1999999999999993,NA,NA,800,NA
1998,1998-01-30,1997-12-02,TRUE,San Pablo Bay and Carquinez Strait,152,0.293333333333333,-452.65999999999997,NA,NA,NA
1998,1998-01-30,1997-12-02,TRUE,South Delta,152,NA,NA,NA,86.26666666666665,NA
1998,1998-01-30,1997-12-02,TRUE,Suisun Marsh and Montezuma Slough,152,NA,NA,NA,NA,NA
1998,1998-01-30,1997-12-02,TRUE,Suisun and Honker Bays,152,NA,NA,NA,NA,NA
1998,1998-02-03,1997-12-02,TRUE,Cache Slough and Liberty Island,156,NA,NA,NA,NA,NA
1998,1998-02-03,1997-12-02,TRUE,Confluence,156,NA,NA,NA,56477.77777777778,NA
1998,1998-02-03,1997-12-02,TRUE,North and South Forks Mokelumne River,156,NA,NA,NA,NA,NA
1998,1998-02-03,1997-12-02,TRUE,Out of Bounds,156,0.3333333333333339,NA,NA,NA,NA
1998,1998-02-03,1997-12-02,TRUE,Sacramento River Deep Water Ship Channel,156,NA,NA,NA,NA,NA
1998,1998-02-03,1997-12-02,TRUE,Sacramento River Mainstem,156,-0.2333333333333325,NA,NA,6033.333333333336,NA
1998,1998-02-03,1997-12-02,TRUE,San Pablo Bay and Carquinez Strait,156,0.1033333333333335,18.70333333333332,NA,NA,NA
1998,1998-02-03,1997-12-02,TRUE,South Delta,156,NA,NA,NA,3719.777777777778,NA
1998,1998-02-03,1997-12-02,TRUE,Suisun Marsh and Montezuma Slough,156,NA,NA,NA,NA,NA
1998,1998-02-03,1997-12-02,TRUE,Suisun and Honker Bays,156,NA,NA,NA,NA,NA
1998,1998-02-15,1997-12-02,TRUE,Cache Slough and Liberty Island,168,NA,NA,NA,NA,NA
1998,1998-02-15,1997-12-02,TRUE,Confluence,168,NA,NA,NA,-10011.111111111095,NA
1998,1998-02-15,1997-12-02,TRUE,North and South Forks Mokelumne River,168,NA,NA,NA,NA,NA
1998,1998-02-15,1997-12-02,TRUE,Out of Bounds,168,-0.16666666666666607,NA,NA,NA,NA
1998,1998-02-15,1997-12-02,TRUE,Sacramento River Deep Water Ship Channel,168,NA,NA,NA,NA,NA
1998,1998-02-15,1997-12-02,TRUE,Sacramento River Mainstem,168,0.10000000000000142,NA,NA,2200,NA
1998,1998-02-15,1997-12-02,TRUE,San Pablo Bay and Carquinez Strait,168,0.2666666666666657,-3.6766666666666765,NA,NA,NA
1998,1998-02-15,1997-12-02,TRUE,South Delta,168,NA,NA,NA,173.33333333333212,NA
1998,1998-02-15,1997-12-02,TRUE,Suisun Marsh and Montezuma Slough,168,NA,NA,NA,NA,NA
1998,1998-02-15,1997-12-02,TRUE,Suisun and Honker Bays,168,NA,NA,NA,NA,NA
1998,1998-02-20,1997-12-02,TRUE,Cache Slough and Liberty Island,173,NA,NA,NA,NA,NA
1998,1998-02-20,1997-12-02,TRUE,Confluence,173,NA,NA,NA,-8400,NA
1998,1998-02-20,1997-12-02,TRUE,North and South Forks Mokelumne River,173,NA,NA,NA,NA,NA
1998,1998-02-20,1997-12-02,TRUE,Out of Bounds,173,-0.16666666666666785,NA,NA,NA,NA
1998,1998-02-20,1997-12-02,TRUE,Sacramento River Deep Water Ship Channel,173,NA,NA,NA,NA,NA
1998,1998-02-20,1997-12-02,TRUE,Sacramento River Mainstem,173,-0.29999999999999893,NA,NA,-966.6666666666679,NA
1998,1998-02-20,1997-12-02,TRUE,San Pablo Bay and Carquinez Strait,173,-0.043333333333333,-0.8766666666666367,NA,NA,NA
1998,1998-02-20,1997-12-02,TRUE,South Delta,173,NA,NA,NA,-481.1111111111113,NA
1998,1998-02-20,1997-12-02,TRUE,Suisun Marsh and Montezuma Slough,173,NA,NA,NA,NA,NA
1998,1998-02-20,1997-12-02,TRUE,Suisun and Honker Bays,173,NA,NA,NA,NA,NA
1998,1998-02-22,1997-12-02,TRUE,Cache Slough and Liberty Island,175,NA,NA,NA,NA,NA
1998,1998-02-22,1997-12-02,TRUE,Confluence,175,NA,NA,NA,9500,NA
1998,1998-02-22,1997-12-02,TRUE,North and South Forks Mokelumne River,175,NA,NA,NA,NA,NA
1998,1998-02-22,1997-12-02,TRUE,Out of Bounds,175,0,NA,NA,NA,NA
1998,1998-02-22,1997-12-02,TRUE,Sacramento River Deep Water Ship Channel,175,NA,NA,NA,NA,NA
1998,1998-02-22,1997-12-02,TRUE,Sacramento River Mainstem,175,-0.1999999999999993,NA,NA,0,NA
1998,1998-02-22,1997-12-02,TRUE,San Pablo Bay and Carquinez Strait,175,-0.33333333333333215,33.43333333333331,NA,NA,NA
1998,1998-02-22,1997-12-02,TRUE,South Delta,175,NA,NA,NA,-141.1111111111104,NA
1998,1998-02-22,1997-12-02,TRUE,Suisun Marsh and Montezuma Slough,175,NA,NA,NA,NA,NA
1998,1998-02-22,1997-12-02,TRUE,Suisun and Honker Bays,175,NA,NA,NA,NA,NA
1998,1998-03-24,1997-12-02,TRUE,Cache Slough and Liberty Island,205,NA,NA,NA,NA,NA
1998,1998-03-24,1997-12-02,TRUE,Confluence,205,NA,NA,NA,13200,NA
1998,1998-03-24,1997-12-02,TRUE,North and South Forks Mokelumne River,205,NA,NA,NA,NA,NA
1998,1998-03-24,1997-12-02,TRUE,Out of Bounds,205,0,NA,NA,NA,NA
1998,1998-03-24,1997-12-02,TRUE,Sacramento River Deep Water Ship Channel,205,NA,NA,NA,NA,NA
1998,1998-03-24,1997-12-02,TRUE,Sacramento River Mainstem,205,0.06666666666666643,NA,NA,4733.333333333336,NA
1998,1998-03-24,1997-12-02,TRUE,San Pablo Bay and Carquinez Strait,205,0.25,-870.4466666666669,NA,NA,NA
1998,1998-03-24,1997-12-02,TRUE,South Delta,205,NA,NA,NA,-601.1111111111113,NA
1998,1998-03-24,1997-12-02,TRUE,Suisun Marsh and Montezuma Slough,205,NA,NA,NA,NA,NA
1998,1998-03-24,1997-12-02,TRUE,Suisun and Honker Bays,205,NA,NA,NA,NA,NA
1998,1998-05-30,1997-12-02,TRUE,Cache Slough and Liberty Island,272,NA,NA,NA,NA,NA
1998,1998-05-30,1997-12-02,TRUE,Confluence,272,NA,NA,NA,8811.11111111111,NA
1998,1998-05-30,1997-12-02,TRUE,North and South Forks Mokelumne River,272,NA,NA,NA,NA,NA
1998,1998-05-30,1997-12-02,TRUE,Out of Bounds,272,1.3333333333333321,NA,NA,NA,NA
1998,1998-05-30,1997-12-02,TRUE,Sacramento River Deep Water Ship Channel,272,NA,NA,NA,NA,NA
1998,1998-05-30,1997-12-02,TRUE,Sacramento River Mainstem,272,0.3000000000000007,NA,NA,NA,NA
1998,1998-05-30,1997-12-02,TRUE,San Pablo Bay and Carquinez Strait,272,0.40000000000000036,-722.4,NA,NA,NA
1998,1998-05-30,1997-12-02,TRUE,South Delta,272,NA,NA,NA,906.6666666666665,NA
1998,1998-05-30,1997-12-02,TRUE,Suisun Marsh and Montezuma Slough,272,NA,NA,NA,NA,NA
1998,1998-05-30,1997-12-02,TRUE,Suisun and Honker Bays,272,NA,NA,NA,NA,NA
1999,1998-12-02,1998-12-02,FALSE,Cache Slough and Liberty Island,93,NA,NA,NA,NA,NA
1999,1998-12-02,1998-12-02,FALSE,Confluence,93,NA,NA,NA,7228.8888888888905,NA
1999,1998-12-02,1998-12-02,FALSE,North and South Forks Mokelumne River,93,NA,NA,NA,NA,NA
1999,1998-12-02,1998-12-02,FALSE,Out of Bounds,93,NA,NA,NA,NA,NA
1999,1998-12-02,1998-12-02,FALSE,Sacramento River Deep Water Ship Channel,93,NA,NA,NA,NA,NA
1999,1998-12-02,1998-12-02,FALSE,Sacramento River Mainstem,93,-0.5,NA,NA,5333.333333333334,NA
1999,1998-12-02,1998-12-02,FALSE,San Pablo Bay and Carquinez Strait,93,-0.3066666666666684,-5363.1,NA,NA,NA
1999,1998-12-02,1998-12-02,FALSE,South Delta,93,NA,NA,NA,351.96666666666664,NA
1999,1998-12-02,1998-12-02,FALSE,Suisun Marsh and Montezuma Slough,93,-0.42888888888888665,-366.88666666666677,NA,NA,NA
1999,1998-12-02,1998-12-02,FALSE,Suisun and Honker Bays,93,NA,NA,NA,NA,NA
1999,1999-01-20,1998-12-02,TRUE,Cache Slough and Liberty Island,142,NA,NA,NA,NA,NA
1999,1999-01-20,1998-12-02,TRUE,Confluence,142,NA,NA,NA,24066.666666666664,NA
1999,1999-01-20,1998-12-02,TRUE,North and South Forks Mokelumne River,142,NA,NA,NA,NA,NA
1999,1999-01-20,1998-12-02,TRUE,Out of Bounds,142,NA,NA,NA,NA,NA
1999,1999-01-20,1998-12-02,TRUE,Sacramento River Deep Water Ship Channel,142,NA,NA,NA,NA,NA
1999,1999-01-20,1998-12-02,TRUE,Sacramento River Mainstem,142,0.13333333333333464,NA,NA,11010,NA
1999,1999-01-20,1998-12-02,TRUE,San Pablo Bay and Carquinez Strait,142,0.413333333333334,-3507.6399999999994,NA,NA,NA
1999,1999-01-20,1998-12-02,TRUE,South Delta,142,NA,NA,NA,593.0000000000001,NA
1999,1999-01-20,1998-12-02,TRUE,Suisun Marsh and Montezuma Slough,142,1.2955555555555556,-670.1983333333333,NA,NA,NA
1999,1999-01-20,1998-12-02,TRUE,Suisun and Honker Bays,142,NA,NA,NA,NA,NA
1999,1999-02-07,1998-12-02,TRUE,Cache Slough and Liberty Island,160,NA,NA,NA,NA,NA
1999,1999-02-07,1998-12-02,TRUE,Confluence,160,NA,NA,NA,17222.22222222222,NA
1999,1999-02-07,1998-12-02,TRUE,North and South Forks Mokelumne River,160,NA,NA,NA,NA,NA
1999,1999-02-07,1998-12-02,TRUE,Out of Bounds,160,NA,NA,NA,NA,NA
1999,1999-02-07,1998-12-02,TRUE,Sacramento River Deep Water Ship Channel,160,NA,NA,NA,NA,NA
1999,1999-02-07,1998-12-02,TRUE,Sacramento River Mainstem,160,0.06666666666666643,NA,NA,8200,NA
1999,1999-02-07,1998-12-02,TRUE,San Pablo Bay and Carquinez Strait,160,0.3500000000000014,-1168.6133333333328,NA,NA,NA
1999,1999-02-07,1998-12-02,TRUE,South Delta,160,NA,NA,NA,242.10000000000002,NA
1999,1999-02-07,1998-12-02,TRUE,Suisun Marsh and Montezuma Slough,160,0.39333333333333265,-106.30999999999995,NA,NA,NA
1999,1999-02-07,1998-12-02,TRUE,Suisun and Honker Bays,160,NA,NA,NA,NA,NA
1999,1999-02-18,1998-12-02,TRUE,Cache Slough and Liberty Island,171,NA,NA,NA,NA,NA
1999,1999-02-18,1998-12-02,TRUE,Confluence,171,NA,NA,NA,5222.222222222226,NA
1999,1999-02-18,1998-12-02,TRUE,North and South Forks Mokelumne River,171,NA,NA,NA,NA,NA
1999,1999-02-18,1998-12-02,TRUE,Out of Bounds,171,NA,NA,NA,NA,NA
1999,1999-02-18,1998-12-02,TRUE,Sacramento River Deep Water Ship Channel,171,NA,NA,NA,NA,NA
1999,1999-02-18,1998-12-02,TRUE,Sacramento River Mainstem,171,0.43333333333333357,NA,NA,3633.333333333332,NA
1999,1999-02-18,1998-12-02,TRUE,San Pablo Bay and Carquinez Strait,171,NA,NA,NA,NA,NA
1999,1999-02-18,1998-12-02,TRUE,South Delta,171,NA,NA,NA,-286.6666666666665,NA
1999,1999-02-18,1998-12-02,TRUE,Suisun Marsh and Montezuma Slough,171,0.45222222222222186,8.023333333333312,NA,NA,NA
1999,1999-02-18,1998-12-02,TRUE,Suisun and Honker Bays,171,NA,NA,NA,NA,NA
2000,2000-01-25,2000-01-25,FALSE,Cache Slough and Liberty Island,147,NA,NA,NA,NA,NA
2000,2000-01-25,2000-01-25,FALSE,Confluence,147,NA,NA,NA,11221.111111111113,NA
2000,2000-01-25,2000-01-25,FALSE,North and South Forks Mokelumne River,147,NA,NA,NA,NA,NA
2000,2000-01-25,2000-01-25,FALSE,Out of Bounds,147,NA,NA,NA,NA,NA
2000,2000-01-25,2000-01-25,FALSE,Sacramento River Deep Water Ship Channel,147,NA,NA,NA,NA,NA
2000,2000-01-25,2000-01-25,FALSE,Sacramento River Mainstem,147,NA,NA,NA,7800.000000000002,NA
2000,2000-01-25,2000-01-25,FALSE,San Pablo Bay and Carquinez Strait,147,0.07333333333333414,-8097.986666666664,NA,NA,NA
2000,2000-01-25,2000-01-25,FALSE,South Delta,147,NA,NA,NA,-263,NA
2000,2000-01-25,2000-01-25,FALSE,Suisun Marsh and Montezuma Slough,147,0.27111111111111086,-2278.2608333333333,NA,NA,NA
2000,2000-01-25,2000-01-25,FALSE,Suisun and Honker Bays,147,NA,NA,NA,NA,NA
2000,2000-02-12,2000-01-25,TRUE,Cache Slough and Liberty Island,165,NA,NA,NA,NA,NA
2000,2000-02-12,2000-01-25,TRUE,Confluence,165,NA,NA,NA,19661.11111111111,NA
2000,2000-02-12,2000-01-25,TRUE,North and South Forks Mokelumne River,165,NA,NA,NA,NA,NA
2000,2000-02-12,2000-01-25,TRUE,Out of Bounds,165,NA,NA,NA,NA,NA
2000,2000-02-12,2000-01-25,TRUE,Sacramento River Deep Water Ship Channel,165,NA,NA,NA,NA,NA
2000,2000-02-12,2000-01-25,TRUE,Sacramento River Mainstem,165,NA,NA,NA,8000,NA
2000,2000-02-12,2000-01-25,TRUE,San Pablo Bay and Carquinez Strait,165,-0.2233333333333345,-3831.460000000001,NA,NA,NA
2000,2000-02-12,2000-01-25,TRUE,South Delta,165,NA,NA,NA,251.5999999999999,NA
2000,2000-02-12,2000-01-25,TRUE,Suisun Marsh and Montezuma Slough,165,-0.07222222222222108,38.89250000000004,NA,NA,NA
2000,2000-02-12,2000-01-25,TRUE,Suisun and Honker Bays,165,NA,NA,NA,NA,NA
2000,2000-02-23,2000-01-25,TRUE,Cache Slough and Liberty Island,176,NA,NA,NA,NA,NA
2000,2000-02-23,2000-01-25,TRUE,Confluence,176,NA,NA,NA,2777.7777777777665,NA
2000,2000-02-23,2000-01-25,TRUE,North and South Forks Mokelumne River,176,NA,NA,NA,NA,NA
2000,2000-02-23,2000-01-25,TRUE,Out of Bounds,176,NA,NA,NA,NA,NA
2000,2000-02-23,2000-01-25,TRUE,Sacramento River Deep Water Ship Channel,176,NA,NA,NA,NA,NA
2000,2000-02-23,2000-01-25,TRUE,Sacramento River Mainstem,176,NA,NA,NA,400,NA
2000,2000-02-23,2000-01-25,TRUE,San Pablo Bay and Carquinez Strait,176,-0.293333333333333,-178.25,NA,NA,NA
2000,2000-02-23,2000-01-25,TRUE,South Delta,176,NA,NA,NA,1162.1333333333334,NA
2000,2000-02-23,2000-01-25,TRUE,Suisun Marsh and Montezuma Slough,176,-0.6211111111111105,81.14000000000004,NA,NA,NA
2000,2000-02-23,2000-01-25,TRUE,Suisun and Honker Bays,176,NA,NA,NA,NA,NA
2000,2000-02-28,2000-01-25,TRUE,Cache Slough and Liberty Island,181,NA,NA,NA,NA,NA
2000,2000-02-28,2000-01-25,TRUE,Confluence,181,NA,NA,NA,10522.222222222219,NA
2000,2000-02-28,2000-01-25,TRUE,North and South Forks Mokelumne River,181,NA,NA,NA,NA,NA
2000,2000-02-28,2000-01-25,TRUE,Out of Bounds,181,NA,NA,NA,NA,NA
2000,2000-02-28,2000-01-25,TRUE,Sacramento River Deep Water Ship Channel,181,NA,NA,NA,NA,NA
2000,2000-02-28,2000-01-25,TRUE,Sacramento River Mainstem,181,NA,NA,NA,1800,NA
2000,2000-02-28,2000-01-25,TRUE,San Pablo Bay and Carquinez Strait,181,-0.08999999999999986,-2566.006666666666,NA,NA,NA
2000,2000-02-28,2000-01-25,TRUE,South Delta,181,NA,NA,NA,413.0133333333334,NA
2000,2000-02-28,2000-01-25,TRUE,Suisun Marsh and Montezuma Slough,181,0.44222222222222207,33.64999999999998,NA,NA,NA
2000,2000-02-28,2000-01-25,TRUE,Suisun and Honker Bays,181,NA,NA,NA,NA,NA
2001,2001-01-27,2001-01-27,FALSE,Cache Slough and Liberty Island,149,NA,NA,NA,NA,NA
2001,2001-01-27,2001-01-27,FALSE,Confluence,149,NA,NA,NA,11593.333333333334,NA
2001,2001-01-27,2001-01-27,FALSE,North and South Forks Mokelumne River,149,NA,NA,NA,NA,NA
2001,2001-01-27,2001-01-27,FALSE,Out of Bounds,149,NA,NA,NA,NA,NA
2001,2001-01-27,2001-01-27,FALSE,Sacramento River Deep Water Ship Channel,149,NA,NA,NA,NA,NA
2001,2001-01-27,2001-01-27,FALSE,Sacramento River Mainstem,149,-0.7333333333333334,NA,NA,5836.666666666666,NA
2001,2001-01-27,2001-01-27,FALSE,San Pablo Bay and Carquinez Strait,149,NA,NA,NA,NA,NA
2001,2001-01-27,2001-01-27,FALSE,South Delta,149,0.3200000000000003,-1.9166666666667425,-6.4566666666666706,1727.8666666666668,NA
2001,2001-01-27,2001-01-27,FALSE,Suisun Marsh and Montezuma Slough,149,-0.137777777777778,-599.8550000000005,NA,NA,NA
2001,2001-01-27,2001-01-27,FALSE,Suisun and Honker Bays,149,NA,NA,NA,NA,NA
2001,2001-02-22,2001-01-27,TRUE,Cache Slough and Liberty Island,175,NA,NA,NA,NA,NA
2001,2001-02-22,2001-01-27,TRUE,Confluence,175,NA,NA,NA,7903.333333333334,NA
2001,2001-02-22,2001-01-27,TRUE,North and South Forks Mokelumne River,175,NA,NA,NA,NA,NA
2001,2001-02-22,2001-01-27,TRUE,Out of Bounds,175,NA,NA,NA,NA,NA
2001,2001-02-22,2001-01-27,TRUE,Sacramento River Deep Water Ship Channel,175,NA,NA,NA,NA,NA
2001,2001-02-22,2001-01-27,TRUE,Sacramento River Mainstem,175,0.40000000000000036,NA,NA,NA,NA
2001,2001-02-22,2001-01-27,TRUE,San Pablo Bay and Carquinez Strait,175,0.24666666666666615,-3815.3099999999977,NA,NA,NA
2001,2001-02-22,2001-01-27,TRUE,South Delta,175,0.336666666666666,39.72333333333347,1.2333333333333343,-150.26666666666665,NA
2001,2001-02-22,2001-01-27,TRUE,Suisun Marsh and Montezuma Slough,175,0.16111111111110965,-705.6833333333334,NA,NA,NA
2001,2001-02-22,2001-01-27,TRUE,Suisun and Honker Bays,175,NA,NA,NA,NA,NA
2001,2001-03-06,2001-01-27,TRUE,Cache Slough and Liberty Island,187,NA,NA,NA,NA,NA
2001,2001-03-06,2001-01-27,TRUE,Confluence,187,NA,NA,NA,9501.111111111113,NA
2001,2001-03-06,2001-01-27,TRUE,North and South Forks Mokelumne River,187,NA,NA,NA,NA,NA
2001,2001-03-06,2001-01-27,TRUE,Out of Bounds,187,NA,NA,NA,NA,NA
2001,2001-03-06,2001-01-27,TRUE,Sacramento River Deep Water Ship Channel,187,NA,NA,NA,NA,NA
2001,2001-03-06,2001-01-27,TRUE,Sacramento River Mainstem,187,0.3333333333333339,NA,NA,5596.666666666666,NA
2001,2001-03-06,2001-01-27,TRUE,San Pablo Bay and Carquinez Strait,187,0.5700000000000003,-5810.66,NA,NA,NA
2001,2001-03-06,2001-01-27,TRUE,South Delta,187,0.9066666666666663,51.28666666666663,9.200000000000003,1666.8333333333335,NA
2001,2001-03-06,2001-01-27,TRUE,Suisun Marsh and Montezuma Slough,187,1.1077777777777786,326.02,NA,NA,NA
2001,2001-03-06,2001-01-27,TRUE,Suisun and Honker Bays,187,NA,NA,NA,NA,NA
2002,2001-12-03,2001-12-03,FALSE,Cache Slough and Liberty Island,94,NA,NA,NA,NA,NA
2002,2001-12-03,2001-12-03,FALSE,Confluence,94,NA,NA,NA,13671.111111111113,NA
2002,2001-12-03,2001-12-03,FALSE,North and South Forks Mokelumne River,94,NA,NA,NA,NA,NA
2002,2001-12-03,2001-12-03,FALSE,Out of Bounds,94,NA,NA,NA,NA,NA
2002,2001-12-03,2001-12-03,FALSE,Sacramento River Deep Water Ship Channel,94,NA,NA,NA,NA,NA
2002,2001-12-03,2001-12-03,FALSE,Sacramento River Mainstem,94,NA,NA,NA,6233.333333333333,NA
2002,2001-12-03,2001-12-03,FALSE,San Pablo Bay and Carquinez Strait,94,-0.7666666666666675,-6203.914999999997,NA,NA,NA
2002,2001-12-03,2001-12-03,FALSE,South Delta,94,NA,NA,NA,-118.41666666666669,NA
2002,2001-12-03,2001-12-03,FALSE,Suisun Marsh and Montezuma Slough,94,-0.9977777777777774,-2393.3949999999995,NA,NA,NA
2002,2001-12-03,2001-12-03,FALSE,Suisun and Honker Bays,94,NA,NA,NA,NA,NA
2002,2001-12-22,2001-12-03,TRUE,Cache Slough and Liberty Island,113,NA,NA,NA,NA,NA
2002,2001-12-22,2001-12-03,TRUE,Confluence,113,NA,NA,NA,5322.222222222224,NA
2002,2001-12-22,2001-12-03,TRUE,North and South Forks Mokelumne River,113,NA,NA,NA,NA,NA
2002,2001-12-22,2001-12-03,TRUE,Out of Bounds,113,NA,NA,NA,NA,NA
2002,2001-12-22,2001-12-03,TRUE,Sacramento River Deep Water Ship Channel,113,NA,NA,NA,NA,NA
2002,2001-12-22,2001-12-03,TRUE,Sacramento River Mainstem,113,NA,NA,NA,3663.333333333334,NA
2002,2001-12-22,2001-12-03,TRUE,San Pablo Bay and Carquinez Strait,113,-0.16666666666666607,-408.8299999999981,NA,NA,NA
2002,2001-12-22,2001-12-03,TRUE,South Delta,113,NA,NA,NA,-38.62666666666655,NA
2002,2001-12-22,2001-12-03,TRUE,Suisun Marsh and Montezuma Slough,113,-0.32333333333333236,-119.1733333333334,NA,NA,NA
2002,2001-12-22,2001-12-03,TRUE,Suisun and Honker Bays,113,NA,NA,NA,NA,NA
2002,2002-01-03,2001-12-03,TRUE,Cache Slough and Liberty Island,125,NA,NA,NA,NA,NA
2002,2002-01-03,2001-12-03,TRUE,Confluence,125,NA,NA,NA,10911.11111111111,NA
2002,2002-01-03,2001-12-03,TRUE,North and South Forks Mokelumne River,125,NA,NA,NA,NA,NA
2002,2002-01-03,2001-12-03,TRUE,Out of Bounds,125,NA,NA,NA,NA,NA
2002,2002-01-03,2001-12-03,TRUE,Sacramento River Deep Water Ship Channel,125,NA,NA,NA,NA,NA
2002,2002-01-03,2001-12-03,TRUE,Sacramento River Mainstem,125,NA,NA,NA,6500,NA
2002,2002-01-03,2001-12-03,TRUE,San Pablo Bay and Carquinez Strait,125,0.08999999999999986,-7953.9333333333325,NA,NA,NA
2002,2002-01-03,2001-12-03,TRUE,South Delta,125,NA,NA,NA,1372.5000000000002,NA
2002,2002-01-03,2001-12-03,TRUE,Suisun Marsh and Montezuma Slough,125,0.7222222222222214,-580.5716666666668,NA,NA,NA
2002,2002-01-03,2001-12-03,TRUE,Suisun and Honker Bays,125,NA,NA,NA,NA,NA
2002,2002-01-05,2001-12-03,TRUE,Cache Slough and Liberty Island,127,NA,NA,NA,NA,NA
2002,2002-01-05,2001-12-03,TRUE,Confluence,127,NA,NA,NA,9311.11111111111,NA
2002,2002-01-05,2001-12-03,TRUE,North and South Forks Mokelumne River,127,NA,NA,NA,NA,NA
2002,2002-01-05,2001-12-03,TRUE,Out of Bounds,127,NA,NA,NA,NA,NA
2002,2002-01-05,2001-12-03,TRUE,Sacramento River Deep Water Ship Channel,127,NA,NA,NA,NA,NA
2002,2002-01-05,2001-12-03,TRUE,Sacramento River Mainstem,127,NA,NA,NA,4666.666666666668,NA
2002,2002-01-05,2001-12-03,TRUE,San Pablo Bay and Carquinez Strait,127,0.1566666666666663,-2689.0733333333337,NA,NA,NA
2002,2002-01-05,2001-12-03,TRUE,South Delta,127,NA,NA,NA,1839.9999999999998,NA
2002,2002-01-05,2001-12-03,TRUE,Suisun Marsh and Montezuma Slough,127,0.4322222222222223,-215.5966666666667,NA,NA,NA
2002,2002-01-05,2001-12-03,TRUE,Suisun and Honker Bays,127,NA,NA,NA,NA,NA
2002,2002-02-22,2001-12-03,TRUE,Cache Slough and Liberty Island,175,NA,NA,NA,NA,NA
2002,2002-02-22,2001-12-03,TRUE,Confluence,175,NA,NA,NA,5830.555555555555,NA
2002,2002-02-22,2001-12-03,TRUE,North and South Forks Mokelumne River,175,NA,NA,NA,NA,NA
2002,2002-02-22,2001-12-03,TRUE,Out of Bounds,175,NA,NA,NA,NA,NA
2002,2002-02-22,2001-12-03,TRUE,Sacramento River Deep Water Ship Channel,175,NA,NA,NA,NA,NA
2002,2002-02-22,2001-12-03,TRUE,Sacramento River Mainstem,175,NA,NA,NA,NA,NA
2002,2002-02-22,2001-12-03,TRUE,San Pablo Bay and Carquinez Strait,175,0.6166666666666654,-1028.9099999999999,NA,NA,NA
2002,2002-02-22,2001-12-03,TRUE,South Delta,175,NA,NA,NA,-469.4166666666665,NA
2002,2002-02-22,2001-12-03,TRUE,Suisun Marsh and Montezuma Slough,175,1.0055555555555546,-156.4966666666669,NA,NA,NA
2002,2002-02-22,2001-12-03,TRUE,Suisun and Honker Bays,175,NA,NA,NA,NA,NA
2003,2002-12-16,2002-12-16,FALSE,Cache Slough and Liberty Island,107,NA,NA,NA,NA,NA
2003,2002-12-16,2002-12-16,FALSE,Confluence,107,NA,NA,NA,22466.666666666664,NA
2003,2002-12-16,2002-12-16,FALSE,North and South Forks Mokelumne River,107,NA,NA,NA,NA,NA
2003,2002-12-16,2002-12-16,FALSE,Out of Bounds,107,NA,NA,NA,NA,NA
2003,2002-12-16,2002-12-16,FALSE,Sacramento River Deep Water Ship Channel,107,NA,NA,NA,NA,NA
2003,2002-12-16,2002-12-16,FALSE,Sacramento River Mainstem,107,NA,NA,NA,12026.666666666666,NA
2003,2002-12-16,2002-12-16,FALSE,San Pablo Bay and Carquinez Strait,107,-0.2666666666666675,-4875.181666666667,NA,NA,NA
2003,2002-12-16,2002-12-16,FALSE,South Delta,107,0.3566666666666656,-153.9233333333334,14.013333333333328,548.0833333333333,NA
2003,2002-12-16,2002-12-16,FALSE,Suisun Marsh and Montezuma Slough,107,-0.29777777777777814,-1496.958333333334,NA,NA,NA
2003,2002-12-16,2002-12-16,FALSE,Suisun and Honker Bays,107,NA,NA,NA,NA,NA
2003,2002-12-29,2002-12-16,TRUE,Cache Slough and Liberty Island,120,NA,NA,NA,NA,NA
2003,2002-12-29,2002-12-16,TRUE,Confluence,120,NA,NA,NA,8887.777777777781,NA
2003,2002-12-29,2002-12-16,TRUE,North and South Forks Mokelumne River,120,NA,NA,NA,NA,NA
2003,2002-12-29,2002-12-16,TRUE,Out of Bounds,120,NA,NA,NA,NA,NA
2003,2002-12-29,2002-12-16,TRUE,Sacramento River Deep Water Ship Channel,120,NA,NA,NA,NA,NA
2003,2002-12-29,2002-12-16,TRUE,Sacramento River Mainstem,120,NA,NA,NA,5199.999999999998,NA
2003,2002-12-29,2002-12-16,TRUE,San Pablo Bay and Carquinez Strait,120,-0.125,-2144.491666666665,NA,NA,NA
2003,2002-12-29,2002-12-16,TRUE,South Delta,120,0.5866666666666678,85.28666666666663,-1.3133333333333326,1277.1666666666667,NA
2003,2002-12-29,2002-12-16,TRUE,Suisun Marsh and Montezuma Slough,120,0.32444444444444365,-159.88416666666672,NA,NA,NA
2003,2002-12-29,2002-12-16,TRUE,Suisun and Honker Bays,120,NA,NA,NA,NA,NA
2003,2003-01-15,2002-12-16,TRUE,Cache Slough and Liberty Island,137,NA,NA,NA,NA,NA
2003,2003-01-15,2002-12-16,TRUE,Confluence,137,NA,NA,NA,10676.666666666664,NA
2003,2003-01-15,2002-12-16,TRUE,North and South Forks Mokelumne River,137,NA,NA,NA,NA,NA
2003,2003-01-15,2002-12-16,TRUE,Out of Bounds,137,NA,NA,NA,NA,NA
2003,2003-01-15,2002-12-16,TRUE,Sacramento River Deep Water Ship Channel,137,NA,NA,NA,NA,NA
2003,2003-01-15,2002-12-16,TRUE,Sacramento River Mainstem,137,NA,NA,NA,6533.333333333334,NA
2003,2003-01-15,2002-12-16,TRUE,San Pablo Bay and Carquinez Strait,137,0.18166666666666487,-4756.596666666666,NA,NA,NA
2003,2003-01-15,2002-12-16,TRUE,South Delta,137,0.5600000000000005,-97.78666666666663,-1.9533333333333331,1563.916666666667,NA
2003,2003-01-15,2002-12-16,TRUE,Suisun Marsh and Montezuma Slough,137,0.5455555555555556,-128.91333333333318,NA,NA,NA
2003,2003-01-15,2002-12-16,TRUE,Suisun and Honker Bays,137,NA,NA,NA,NA,NA
2003,2003-03-16,2002-12-16,TRUE,Cache Slough and Liberty Island,197,NA,NA,NA,NA,NA
2003,2003-03-16,2002-12-16,TRUE,Confluence,197,NA,NA,NA,12505.555555555555,NA
2003,2003-03-16,2002-12-16,TRUE,North and South Forks Mokelumne River,197,NA,NA,NA,NA,NA
2003,2003-03-16,2002-12-16,TRUE,Out of Bounds,197,NA,NA,NA,NA,NA
2003,2003-03-16,2002-12-16,TRUE,Sacramento River Deep Water Ship Channel,197,NA,NA,NA,NA,NA
2003,2003-03-16,2002-12-16,TRUE,Sacramento River Mainstem,197,NA,NA,NA,6743.333333333334,NA
2003,2003-03-16,2002-12-16,TRUE,San Pablo Bay and Carquinez Strait,197,0.09999999999999964,-5166.166666666668,NA,NA,NA
2003,2003-03-16,2002-12-16,TRUE,South Delta,197,-1.1833333333333336,-35.87333333333345,-2.176666666666666,529.5,NA
2003,2003-03-16,2002-12-16,TRUE,Suisun Marsh and Montezuma Slough,197,-0.11999999999999922,322.64916666666704,NA,NA,NA
2003,2003-03-16,2002-12-16,TRUE,Suisun and Honker Bays,197,NA,NA,NA,NA,NA
2003,2003-04-15,2002-12-16,TRUE,Cache Slough and Liberty Island,227,NA,NA,NA,NA,NA
2003,2003-04-15,2002-12-16,TRUE,Confluence,227,NA,NA,NA,6247.944444444447,NA
2003,2003-04-15,2002-12-16,TRUE,North and South Forks Mokelumne River,227,NA,NA,NA,NA,NA
2003,2003-04-15,2002-12-16,TRUE,Out of Bounds,227,NA,NA,NA,NA,NA
2003,2003-04-15,2002-12-16,TRUE,Sacramento River Deep Water Ship Channel,227,NA,NA,NA,1752.6666666666667,NA
2003,2003-04-15,2002-12-16,TRUE,Sacramento River Mainstem,227,NA,NA,NA,2996.666666666666,NA
2003,2003-04-15,2002-12-16,TRUE,San Pablo Bay and Carquinez Strait,227,0.06333333333333435,-4095.4266666666663,NA,NA,NA
2003,2003-04-15,2002-12-16,TRUE,South Delta,227,-0.8633333333333333,-1.613333333333344,0.7366666666666681,1716.75,NA
2003,2003-04-15,2002-12-16,TRUE,Suisun Marsh and Montezuma Slough,227,-0.31444444444444564,169.35833333333312,NA,NA,NA
2003,2003-04-15,2002-12-16,TRUE,Suisun and Honker Bays,227,NA,NA,NA,NA,NA
2003,2003-04-26,2002-12-16,TRUE,Cache Slough and Liberty Island,238,NA,NA,NA,NA,NA
2003,2003-04-26,2002-12-16,TRUE,Confluence,238,NA,NA,NA,7947.777777777777,NA
2003,2003-04-26,2002-12-16,TRUE,North and South Forks Mokelumne River,238,NA,NA,NA,NA,NA
2003,2003-04-26,2002-12-16,TRUE,Out of Bounds,238,NA,NA,NA,NA,NA
2003,2003-04-26,2002-12-16,TRUE,Sacramento River Deep Water Ship Channel,238,NA,NA,NA,2860.6666666666665,NA
2003,2003-04-26,2002-12-16,TRUE,Sacramento River Mainstem,238,NA,NA,NA,5176.666666666667,NA
2003,2003-04-26,2002-12-16,TRUE,San Pablo Bay and Carquinez Strait,238,-0.08333333333333393,36.42666666666628,NA,NA,NA
2003,2003-04-26,2002-12-16,TRUE,South Delta,238,0.6533333333333324,-23.379999999999995,1.1266666666666652,-92.33333333333334,NA
2003,2003-04-26,2002-12-16,TRUE,Suisun Marsh and Montezuma Slough,238,0.033333333333333215,-323.05583333333334,NA,NA,NA
2003,2003-04-26,2002-12-16,TRUE,Suisun and Honker Bays,238,NA,NA,NA,NA,NA
2004,2003-12-26,2003-12-26,FALSE,Cache Slough and Liberty Island,117,NA,NA,NA,NA,NA
2004,2003-12-26,2003-12-26,FALSE,Confluence,117,NA,NA,NA,14445.555555555555,NA
2004,2003-12-26,2003-12-26,FALSE,North and South Forks Mokelumne River,117,NA,NA,NA,NA,NA
2004,2003-12-26,2003-12-26,FALSE,Out of Bounds,117,NA,NA,NA,NA,NA
2004,2003-12-26,2003-12-26,FALSE,Sacramento River Deep Water Ship Channel,117,NA,NA,NA,NA,NA
2004,2003-12-26,2003-12-26,FALSE,Sacramento River Mainstem,117,-0.6333333333333346,NA,NA,4833.333333333334,NA
2004,2003-12-26,2003-12-26,FALSE,San Pablo Bay and Carquinez Strait,117,-0.7449999999999992,-7397.498333333337,NA,NA,NA
2004,2003-12-26,2003-12-26,FALSE,South Delta,117,-1.2033333333333331,2.3899999999999864,-7.233333333333334,603.0666666666666,NA
2004,2003-12-26,2003-12-26,FALSE,Suisun Marsh and Montezuma Slough,117,-0.6611111111111097,-1273.3775,NA,NA,NA
2004,2003-12-26,2003-12-26,FALSE,Suisun and Honker Bays,117,NA,NA,NA,NA,NA
2004,2004-01-02,2003-12-26,TRUE,Cache Slough and Liberty Island,124,NA,NA,NA,NA,NA
2004,2004-01-02,2003-12-26,TRUE,Confluence,124,NA,NA,NA,11600,NA
2004,2004-01-02,2003-12-26,TRUE,North and South Forks Mokelumne River,124,NA,NA,NA,NA,NA
2004,2004-01-02,2003-12-26,TRUE,Out of Bounds,124,NA,NA,NA,NA,NA
2004,2004-01-02,2003-12-26,TRUE,Sacramento River Deep Water Ship Channel,124,NA,NA,NA,NA,NA
2004,2004-01-02,2003-12-26,TRUE,Sacramento River Mainstem,124,-0.20000000000000107,NA,NA,4500,NA
2004,2004-01-02,2003-12-26,TRUE,San Pablo Bay and Carquinez Strait,124,-0.4666666666666668,-4549.441666666666,NA,NA,NA
2004,2004-01-02,2003-12-26,TRUE,South Delta,124,0.049999999999998934,-88.64333333333332,7.67,-388.66666666666697,NA
2004,2004-01-02,2003-12-26,TRUE,Suisun Marsh and Montezuma Slough,124,-0.5955555555555545,-522.1100000000001,NA,NA,NA
2004,2004-01-02,2003-12-26,TRUE,Suisun and Honker Bays,124,NA,NA,NA,NA,NA
2004,2004-02-04,2003-12-26,TRUE,Cache Slough and Liberty Island,157,NA,NA,NA,NA,NA
2004,2004-02-04,2003-12-26,TRUE,Confluence,157,NA,NA,NA,4773.333333333336,NA
2004,2004-02-04,2003-12-26,TRUE,North and South Forks Mokelumne River,157,NA,NA,NA,NA,NA
2004,2004-02-04,2003-12-26,TRUE,Out of Bounds,157,NA,NA,NA,NA,NA
2004,2004-02-04,2003-12-26,TRUE,Sacramento River Deep Water Ship Channel,157,NA,NA,NA,3275.6666666666665,NA
2004,2004-02-04,2003-12-26,TRUE,Sacramento River Mainstem,157,-0.13333333333333464,NA,NA,4856.666666666668,NA
2004,2004-02-04,2003-12-26,TRUE,San Pablo Bay and Carquinez Strait,157,0.11333333333333329,-4114.771666666666,NA,NA,NA
2004,2004-02-04,2003-12-26,TRUE,South Delta,157,0.24333333333333407,-42.190000000000055,2.7266666666666666,394.0916666666667,NA
2004,2004-02-04,2003-12-26,TRUE,Suisun Marsh and Montezuma Slough,157,0.29777777777777814,-20.662500000000364,NA,NA,NA
2004,2004-02-04,2003-12-26,TRUE,Suisun and Honker Bays,157,NA,NA,NA,NA,NA
2004,2004-02-18,2003-12-26,TRUE,Cache Slough and Liberty Island,171,NA,NA,NA,NA,NA
2004,2004-02-18,2003-12-26,TRUE,Confluence,171,NA,NA,NA,24746.666666666664,NA
2004,2004-02-18,2003-12-26,TRUE,North and South Forks Mokelumne River,171,NA,NA,NA,NA,NA
2004,2004-02-18,2003-12-26,TRUE,Out of Bounds,171,NA,NA,NA,NA,NA
2004,2004-02-18,2003-12-26,TRUE,Sacramento River Deep Water Ship Channel,171,NA,NA,NA,6346.666666666666,NA
2004,2004-02-18,2003-12-26,TRUE,Sacramento River Mainstem,171,0.8666666666666654,NA,NA,12093.333333333334,NA
2004,2004-02-18,2003-12-26,TRUE,San Pablo Bay and Carquinez Strait,171,0.35999999999999943,-5532.011666666667,NA,NA,NA
2004,2004-02-18,2003-12-26,TRUE,South Delta,171,1.2466666666666661,-50.71333333333337,-3.936666666666664,385.41666666666697,NA
2004,2004-02-18,2003-12-26,TRUE,Suisun Marsh and Montezuma Slough,171,0.6044444444444448,-158.76749999999993,NA,NA,NA
2004,2004-02-18,2003-12-26,TRUE,Suisun and Honker Bays,171,NA,NA,NA,NA,NA
2004,2004-02-26,2003-12-26,TRUE,Cache Slough and Liberty Island,179,NA,NA,NA,NA,NA
2004,2004-02-26,2003-12-26,TRUE,Confluence,179,NA,NA,NA,12811.11111111111,NA
2004,2004-02-26,2003-12-26,TRUE,North and South Forks Mokelumne River,179,NA,NA,NA,NA,NA
2004,2004-02-26,2003-12-26,TRUE,Out of Bounds,179,NA,NA,NA,NA,NA
2004,2004-02-26,2003-12-26,TRUE,Sacramento River Deep Water Ship Channel,179,NA,NA,NA,13400,NA
2004,2004-02-26,2003-12-26,TRUE,Sacramento River Mainstem,179,-0.6666666666666661,NA,NA,700,NA
2004,2004-02-26,2003-12-26,TRUE,San Pablo Bay and Carquinez Strait,179,-0.10499999999999865,-884.8900000000001,NA,NA,NA
2004,2004-02-26,2003-12-26,TRUE,South Delta,179,-0.7533333333333339,59.93999999999994,-4.266666666666669,592.166666666667,NA
2004,2004-02-26,2003-12-26,TRUE,Suisun Marsh and Montezuma Slough,179,-0.3977777777777778,-162.09833333333324,NA,NA,NA
2004,2004-02-26,2003-12-26,TRUE,Suisun and Honker Bays,179,NA,NA,NA,NA,NA
2005,2004-12-10,2004-12-10,FALSE,Cache Slough and Liberty Island,101,NA,NA,NA,NA,NA
2005,2004-12-10,2004-12-10,FALSE,Confluence,101,NA,NA,NA,7360.111111111111,NA
2005,2004-12-10,2004-12-10,FALSE,North and South Forks Mokelumne River,101,NA,NA,NA,NA,NA
2005,2004-12-10,2004-12-10,FALSE,Out of Bounds,101,NA,NA,NA,NA,NA
2005,2004-12-10,2004-12-10,FALSE,Sacramento River Deep Water Ship Channel,101,NA,NA,NA,-193.33333333333348,NA
2005,2004-12-10,2004-12-10,FALSE,Sacramento River Mainstem,101,1.666666666666666,NA,NA,4546.666666666667,NA
2005,2004-12-10,2004-12-10,FALSE,San Pablo Bay and Carquinez Strait,101,0.26500000000000057,-2150.458333333332,NA,NA,NA
2005,2004-12-10,2004-12-10,FALSE,South Delta,101,1.8866666666666667,-35.4666666666667,1.7133333333333347,-144,NA
2005,2004-12-10,2004-12-10,FALSE,Suisun Marsh and Montezuma Slough,101,0.36666666666666714,-782.3591666666671,NA,NA,NA
2005,2004-12-10,2004-12-10,FALSE,Suisun and Honker Bays,101,NA,NA,NA,NA,NA
2005,2004-12-29,2004-12-10,TRUE,Cache Slough and Liberty Island,120,NA,NA,NA,NA,NA
2005,2004-12-29,2004-12-10,TRUE,Confluence,120,NA,NA,NA,19367.777777777777,NA
2005,2004-12-29,2004-12-10,TRUE,North and South Forks Mokelumne River,120,NA,NA,NA,NA,NA
2005,2004-12-29,2004-12-10,TRUE,Out of Bounds,120,NA,NA,NA,NA,NA
2005,2004-12-29,2004-12-10,TRUE,Sacramento River Deep Water Ship Channel,120,NA,NA,NA,NA,NA
2005,2004-12-29,2004-12-10,TRUE,Sacramento River Mainstem,120,0.5,NA,NA,9456.666666666668,NA
2005,2004-12-29,2004-12-10,TRUE,San Pablo Bay and Carquinez Strait,120,-0.07333333333333414,-3310.463333333333,NA,NA,NA
2005,2004-12-29,2004-12-10,TRUE,South Delta,120,1.549999999999999,27.25999999999999,-1.2400000000000002,428.75666666666643,NA
2005,2004-12-29,2004-12-10,TRUE,Suisun Marsh and Montezuma Slough,120,0.21666666666666679,217.8108333333348,NA,NA,NA
2005,2004-12-29,2004-12-10,TRUE,Suisun and Honker Bays,120,NA,NA,NA,NA,NA
2005,2005-01-29,2004-12-10,TRUE,Cache Slough and Liberty Island,151,NA,NA,NA,NA,NA
2005,2005-01-29,2004-12-10,TRUE,Confluence,151,NA,NA,NA,8715.555555555555,NA
2005,2005-01-29,2004-12-10,TRUE,North and South Forks Mokelumne River,151,NA,NA,NA,NA,NA
2005,2005-01-29,2004-12-10,TRUE,Out of Bounds,151,NA,NA,NA,NA,NA
2005,2005-01-29,2004-12-10,TRUE,Sacramento River Deep Water Ship Channel,151,NA,NA,NA,2440,NA
2005,2005-01-29,2004-12-10,TRUE,Sacramento River Mainstem,151,0.5999999999999996,NA,NA,4320,NA
2005,2005-01-29,2004-12-10,TRUE,San Pablo Bay and Carquinez Strait,151,0.12333333333333307,-4748.733333333334,NA,NA,NA
2005,2005-01-29,2004-12-10,TRUE,South Delta,151,0.5566666666666666,49.46333333333325,4.290000000000003,753.5,NA
2005,2005-01-29,2004-12-10,TRUE,Suisun Marsh and Montezuma Slough,151,0.637777777777778,-415.9216666666666,NA,NA,NA
2005,2005-01-29,2004-12-10,TRUE,Suisun and Honker Bays,151,NA,NA,NA,NA,NA
2005,2005-03-24,2004-12-10,TRUE,Cache Slough and Liberty Island,205,NA,NA,NA,NA,NA
2005,2005-03-24,2004-12-10,TRUE,Confluence,205,NA,NA,NA,19142.222222222226,NA
2005,2005-03-24,2004-12-10,TRUE,North and South Forks Mokelumne River,205,NA,NA,NA,NA,NA
2005,2005-03-24,2004-12-10,TRUE,Out of Bounds,205,NA,NA,NA,NA,NA
2005,2005-03-24,2004-12-10,TRUE,Sacramento River Deep Water Ship Channel,205,NA,NA,NA,NA,NA
2005,2005-03-24,2004-12-10,TRUE,Sacramento River Mainstem,205,-0.36666666666666714,NA,NA,NA,NA
2005,2005-03-24,2004-12-10,TRUE,San Pablo Bay and Carquinez Strait,205,-0.48166666666666735,-7368.075000000002,NA,NA,NA
2005,2005-03-24,2004-12-10,TRUE,South Delta,205,0.10666666666666558,-196.18333333333328,10.766666666666667,3236.3161111111112,NA
2005,2005-03-24,2004-12-10,TRUE,Suisun Marsh and Montezuma Slough,205,-0.7922222222222217,-398.4858333333334,NA,NA,NA
2005,2005-03-24,2004-12-10,TRUE,Suisun and Honker Bays,205,NA,NA,NA,NA,NA
2005,2005-05-11,2004-12-10,TRUE,Cache Slough and Liberty Island,253,NA,NA,NA,NA,NA
2005,2005-05-11,2004-12-10,TRUE,Confluence,253,NA,NA,NA,15404.444444444445,NA
2005,2005-05-11,2004-12-10,TRUE,North and South Forks Mokelumne River,253,NA,NA,NA,NA,NA
2005,2005-05-11,2004-12-10,TRUE,Out of Bounds,253,NA,NA,NA,NA,NA
2005,2005-05-11,2004-12-10,TRUE,Sacramento River Deep Water Ship Channel,253,NA,NA,NA,793.3333333333335,NA
2005,2005-05-11,2004-12-10,TRUE,Sacramento River Mainstem,253,-0.9666666666666686,NA,NA,6606.666666666666,NA
2005,2005-05-11,2004-12-10,TRUE,San Pablo Bay and Carquinez Strait,253,0.41333333333333044,-4613.633333333333,NA,NA,NA
2005,2005-05-11,2004-12-10,TRUE,South Delta,253,0.6833333333333336,-10.123333333333335,0.5300000000000011,180.44444444444434,NA
2005,2005-05-11,2004-12-10,TRUE,Suisun Marsh and Montezuma Slough,253,0.48555555555555685,-384.30166666666673,NA,NA,NA
2005,2005-05-11,2004-12-10,TRUE,Suisun and Honker Bays,253,NA,NA,NA,NA,NA
2005,2005-05-20,2004-12-10,TRUE,Cache Slough and Liberty Island,262,NA,NA,NA,NA,NA
2005,2005-05-20,2004-12-10,TRUE,Confluence,262,NA,NA,NA,11777.777777777781,NA
2005,2005-05-20,2004-12-10,TRUE,North and South Forks Mokelumne River,262,NA,NA,NA,NA,NA
2005,2005-05-20,2004-12-10,TRUE,Out of Bounds,262,NA,NA,NA,NA,NA
2005,2005-05-20,2004-12-10,TRUE,Sacramento River Deep Water Ship Channel,262,NA,NA,NA,NA,NA
2005,2005-05-20,2004-12-10,TRUE,Sacramento River Mainstem,262,-0.5666666666666664,NA,NA,9266.666666666668,NA
2005,2005-05-20,2004-12-10,TRUE,San Pablo Bay and Carquinez Strait,262,-0.19000000000000128,3870.470000000001,NA,NA,NA
2005,2005-05-20,2004-12-10,TRUE,South Delta,262,0.4299999999999997,-88.4,-1.2466666666666661,320.8333333333335,NA
2005,2005-05-20,2004-12-10,TRUE,Suisun Marsh and Montezuma Slough,262,-0.30333333333333456,-171.4716666666667,NA,NA,NA
2005,2005-05-20,2004-12-10,TRUE,Suisun and Honker Bays,262,NA,NA,NA,NA,NA
2006,2005-12-21,2005-12-21,FALSE,Cache Slough and Liberty Island,112,NA,NA,NA,NA,NA
2006,2005-12-21,2005-12-21,FALSE,Confluence,112,NA,NA,NA,9983.333333333336,NA
2006,2005-12-21,2005-12-21,FALSE,North and South Forks Mokelumne River,112,NA,NA,NA,NA,NA
2006,2005-12-21,2005-12-21,FALSE,Out of Bounds,112,0.9966666666666661,-194.65000000000003,10.399999999999999,NA,NA
2006,2005-12-21,2005-12-21,FALSE,Sacramento River Deep Water Ship Channel,112,NA,NA,NA,2020,NA
2006,2005-12-21,2005-12-21,FALSE,Sacramento River Mainstem,112,1.3000000000000007,NA,NA,7956.666666666667,NA
2006,2005-12-21,2005-12-21,FALSE,San Pablo Bay and Carquinez Strait,112,0.3666666666666689,-5092.949999999997,NA,NA,NA
2006,2005-12-21,2005-12-21,FALSE,South Delta,112,1.290000000000001,-70.34833333333324,5.029999999999999,-364.3333333333335,-0.003333333333333355
2006,2005-12-21,2005-12-21,FALSE,Suisun Marsh and Montezuma Slough,112,0.8177777777777777,-2099.1791666666686,NA,NA,NA
2006,2005-12-21,2005-12-21,FALSE,Suisun and Honker Bays,112,NA,NA,NA,NA,NA
2006,2005-12-24,2005-12-21,TRUE,Cache Slough and Liberty Island,115,NA,NA,NA,NA,NA
2006,2005-12-24,2005-12-21,TRUE,Confluence,115,NA,NA,NA,11203.333333333328,NA
2006,2005-12-24,2005-12-21,TRUE,North and South Forks Mokelumne River,115,NA,NA,NA,NA,NA
2006,2005-12-24,2005-12-21,TRUE,Out of Bounds,115,0.5833333333333339,-139.7166666666667,1.5466666666666669,NA,NA
2006,2005-12-24,2005-12-21,TRUE,Sacramento River Deep Water Ship Channel,115,NA,NA,NA,300,NA
2006,2005-12-24,2005-12-21,TRUE,Sacramento River Mainstem,115,1.0333333333333332,NA,NA,11499.999999999998,NA
2006,2005-12-24,2005-12-21,TRUE,San Pablo Bay and Carquinez Strait,115,0.6583333333333332,3212.6749999999993,NA,NA,NA
2006,2005-12-24,2005-12-21,TRUE,South Delta,115,0.7949999999999999,-173.58166666666682,0.6799999999999997,1456.8917460317462,0.8415555555555556
2006,2005-12-24,2005-12-21,TRUE,Suisun Marsh and Montezuma Slough,115,0.7455555555555566,-3055.578333333332,NA,NA,NA
2006,2005-12-24,2005-12-21,TRUE,Suisun and Honker Bays,115,NA,NA,NA,NA,NA
2006,2006-02-05,2005-12-21,TRUE,Cache Slough and Liberty Island,158,NA,NA,NA,NA,NA
2006,2006-02-05,2005-12-21,TRUE,Confluence,158,NA,NA,NA,-1622.2222222222263,NA
2006,2006-02-05,2005-12-21,TRUE,North and South Forks Mokelumne River,158,NA,NA,NA,NA,NA
2006,2006-02-05,2005-12-21,TRUE,Out of Bounds,158,-0.6233333333333348,7.663333333333355,-0.14999999999999858,NA,NA
2006,2006-02-05,2005-12-21,TRUE,Sacramento River Deep Water Ship Channel,158,NA,NA,NA,2566.666666666666,NA
2006,2006-02-05,2005-12-21,TRUE,Sacramento River Mainstem,158,0.09999999999999964,NA,NA,4300,NA
2006,2006-02-05,2005-12-21,TRUE,San Pablo Bay and Carquinez Strait,158,0.33333333333333215,4229.405000000001,NA,NA,NA
2006,2006-02-05,2005-12-21,TRUE,South Delta,158,-0.13833333333333542,29.728333333333353,-1.1300000000000008,-159.80740740740737,-0.03066666666666662
2006,2006-02-05,2005-12-21,TRUE,Suisun Marsh and Montezuma Slough,158,-0.13666666666666494,16.554166666666674,NA,NA,NA
2006,2006-02-05,2005-12-21,TRUE,Suisun and Honker Bays,158,NA,NA,NA,NA,NA
2006,2006-02-28,2005-12-21,TRUE,Cache Slough and Liberty Island,181,NA,NA,NA,NA,NA
2006,2006-02-28,2005-12-21,TRUE,Confluence,181,NA,NA,NA,17898.333333333332,NA
2006,2006-02-28,2005-12-21,TRUE,North and South Forks Mokelumne River,181,NA,NA,NA,NA,NA
2006,2006-02-28,2005-12-21,TRUE,Out of Bounds,181,-0.10999999999999943,-88.50999999999999,3.6999999999999993,NA,NA
2006,2006-02-28,2005-12-21,TRUE,Sacramento River Deep Water Ship Channel,181,NA,NA,NA,7653.333333333333,NA
2006,2006-02-28,2005-12-21,TRUE,Sacramento River Mainstem,181,0.06666666666666643,NA,NA,8966.666666666666,NA
2006,2006-02-28,2005-12-21,TRUE,San Pablo Bay and Carquinez Strait,181,0.1750000000000007,-6579.471666666668,NA,NA,NA
2006,2006-02-28,2005-12-21,TRUE,South Delta,181,0.38333333333333286,-54.115000000000066,-1.5066666666666677,1655.1437037037035,0.2553333333333334
2006,2006-02-28,2005-12-21,TRUE,Suisun Marsh and Montezuma Slough,181,0.17666666666666764,-111.40833333333353,NA,NA,NA
2006,2006-02-28,2005-12-21,TRUE,Suisun and Honker Bays,181,NA,NA,NA,NA,NA
2006,2006-03-06,2005-12-21,TRUE,Cache Slough and Liberty Island,187,NA,NA,NA,NA,NA
2006,2006-03-06,2005-12-21,TRUE,Confluence,187,NA,NA,NA,18333.333333333336,NA
2006,2006-03-06,2005-12-21,TRUE,North and South Forks Mokelumne River,187,NA,NA,NA,NA,NA
2006,2006-03-06,2005-12-21,TRUE,Out of Bounds,187,0.13666666666666671,-34.96333333333334,-3.870000000000001,NA,NA
2006,2006-03-06,2005-12-21,TRUE,Sacramento River Deep Water Ship Channel,187,NA,NA,NA,26500,NA
2006,2006-03-06,2005-12-21,TRUE,Sacramento River Mainstem,187,0.09999999999999964,NA,NA,566.6666666666679,NA
2006,2006-03-06,2005-12-21,TRUE,San Pablo Bay and Carquinez Strait,187,-0.4583333333333339,-1863.7949999999992,NA,NA,NA
2006,2006-03-06,2005-12-21,TRUE,South Delta,187,-0.12333333333333307,-22.106666666666683,0.9266666666666659,-1262.9574603174603,-0.6955555555555555
2006,2006-03-06,2005-12-21,TRUE,Suisun Marsh and Montezuma Slough,187,-0.4166666666666661,-315.8158333333332,NA,NA,NA
2006,2006-03-06,2005-12-21,TRUE,Suisun and Honker Bays,187,NA,NA,NA,NA,NA
2006,2006-03-26,2005-12-21,TRUE,Cache Slough and Liberty Island,207,NA,NA,NA,NA,NA
2006,2006-03-26,2005-12-21,TRUE,Confluence,207,NA,NA,NA,6977.777777777781,NA
2006,2006-03-26,2005-12-21,TRUE,North and South Forks Mokelumne River,207,NA,NA,NA,NA,NA
2006,2006-03-26,2005-12-21,TRUE,Out of Bounds,207,0.14333333333333265,-10.093333333333334,-3.1033333333333335,NA,NA
2006,2006-03-26,2005-12-21,TRUE,Sacramento River Deep Water Ship Channel,207,NA,NA,NA,NA,NA
2006,2006-03-26,2005-12-21,TRUE,Sacramento River Mainstem,207,0.8000000000000007,NA,NA,1000,NA
2006,2006-03-26,2005-12-21,TRUE,San Pablo Bay and Carquinez Strait,207,0.38333333333333464,-7063.125,NA,NA,NA
2006,2006-03-26,2005-12-21,TRUE,South Delta,207,0.5066666666666659,-4.738333333333344,0.3766666666666669,619.8944444444442,0.043333333333333224
2006,2006-03-26,2005-12-21,TRUE,Suisun Marsh and Montezuma Slough,207,0.5188888888888883,-74.67416666666668,NA,NA,NA
2006,2006-03-26,2005-12-21,TRUE,Suisun and Honker Bays,207,NA,NA,NA,NA,NA
2006,2006-04-03,2005-12-21,TRUE,Cache Slough and Liberty Island,215,NA,NA,NA,NA,NA
2006,2006-04-03,2005-12-21,TRUE,Confluence,215,NA,NA,NA,25844.444444444453,NA
2006,2006-04-03,2005-12-21,TRUE,North and South Forks Mokelumne River,215,NA,NA,NA,NA,NA
2006,2006-04-03,2005-12-21,TRUE,Out of Bounds,215,0.77000000000000135,-7.960000000000008,5.960000000000001,NA,NA
2006,2006-04-03,2005-12-21,TRUE,Sacramento River Deep Water Ship Channel,215,NA,NA,NA,27166.66666666667,NA
2006,2006-04-03,2005-12-21,TRUE,Sacramento River Mainstem,215,-0.13333333333333286,NA,NA,5500.000000000004,NA
2006,2006-04-03,2005-12-21,TRUE,San Pablo Bay and Carquinez Strait,215,-0.15333333333333243,1500.7666666666667,NA,NA,NA
2006,2006-04-03,2005-12-21,TRUE,South Delta,215,0.18666666666666565,-25.228333333333353,-0.036666666666668846,1463.3925925925923,0.17333333333333334
2006,2006-04-03,2005-12-21,TRUE,Suisun Marsh and Montezuma Slough,215,-0.41888888888888864,-157.52666666666676,NA,NA,NA
2006,2006-04-03,2005-12-21,TRUE,Suisun and Honker Bays,215,NA,NA,NA,NA,NA
2006,2006-04-12,2005-12-21,TRUE,Cache Slough and Liberty Island,224,NA,NA,NA,NA,NA
2006,2006-04-12,2005-12-21,TRUE,Confluence,224,NA,NA,NA,-7500,NA
2006,2006-04-12,2005-12-21,TRUE,North and South Forks Mokelumne River,224,NA,NA,NA,NA,NA
2006,2006-04-12,2005-12-21,TRUE,Out of Bounds,224,0.6399999999999988,14.073333333333352,-7.8633333333333315,NA,NA
2006,2006-04-12,2005-12-21,TRUE,Sacramento River Deep Water Ship Channel,224,NA,NA,NA,-7233.333333333343,NA
2006,2006-04-12,2005-12-21,TRUE,Sacramento River Mainstem,224,0.3000000000000007,NA,NA,-1066.6666666666679,NA
2006,2006-04-12,2005-12-21,TRUE,San Pablo Bay and Carquinez Strait,224,0.3433333333333337,112.34833333333336,NA,NA,NA
2006,2006-04-12,2005-12-21,TRUE,South Delta,224,0.27500000000000036,-18.603333333333353,-16.97,2174.470370370369,0.20199999999999996
2006,2006-04-12,2005-12-21,TRUE,Suisun Marsh and Montezuma Slough,224,0.12111111111111228,-7.8566666666666265,NA,NA,NA
2006,2006-04-12,2005-12-21,TRUE,Suisun and Honker Bays,224,NA,NA,NA,NA,NA
2006,2006-04-15,2005-12-21,TRUE,Cache Slough and Liberty Island,227,NA,NA,NA,NA,NA
2006,2006-04-15,2005-12-21,TRUE,Confluence,227,NA,NA,NA,19766.666666666657,NA
2006,2006-04-15,2005-12-21,TRUE,North and South Forks Mokelumne River,227,NA,NA,NA,NA,NA
2006,2006-04-15,2005-12-21,TRUE,Out of Bounds,227,-0.20333333333333314,3.6799999999999784,-3.0666666666666664,NA,NA
2006,2006-04-15,2005-12-21,TRUE,Sacramento River Deep Water Ship Channel,227,NA,NA,NA,19633.333333333343,NA
2006,2006-04-15,2005-12-21,TRUE,Sacramento River Mainstem,227,0.2666666666666657,NA,NA,533.3333333333321,NA
2006,2006-04-15,2005-12-21,TRUE,San Pablo Bay and Carquinez Strait,227,0.3916666666666657,-391.1733333333333,NA,NA,NA
2006,2006-04-15,2005-12-21,TRUE,South Delta,227,0.3416666666666668,2.298333333333346,-22.213333333333328,-288.8881481481476,-0.05333333333333368
2006,2006-04-15,2005-12-21,TRUE,Suisun Marsh and Montezuma Slough,227,0.39333333333333265,13.3391666666667,NA,NA,NA
2006,2006-04-15,2005-12-21,TRUE,Suisun and Honker Bays,227,NA,NA,NA,NA,NA
2007,2007-02-11,2007-02-11,FALSE,Cache Slough and Liberty Island,164,NA,NA,NA,NA,NA
2007,2007-02-11,2007-02-11,FALSE,Confluence,164,NA,NA,NA,14502.666666666668,NA
2007,2007-02-11,2007-02-11,FALSE,North and South Forks Mokelumne River,164,NA,NA,NA,2590,NA
2007,2007-02-11,2007-02-11,FALSE,Out of Bounds,164,1.0600000000000005,-46.796666666666624,6.126666666666667,NA,NA
2007,2007-02-11,2007-02-11,FALSE,Sacramento River Deep Water Ship Channel,164,NA,NA,NA,2523.333333333333,NA
2007,2007-02-11,2007-02-11,FALSE,Sacramento River Mainstem,164,0.5666666666666664,NA,NA,8016.666666666666,NA
2007,2007-02-11,2007-02-11,FALSE,San Pablo Bay and Carquinez Strait,164,0.586666666666666,-1100.5200000000004,NA,NA,NA
2007,2007-02-11,2007-02-11,FALSE,South Delta,164,0.9044444444444437,-37.091111111111104,-3.3666666666666654,971.9945982905979,0.19977777777777772
2007,2007-02-11,2007-02-11,FALSE,Suisun Marsh and Montezuma Slough,164,0.8322222222222209,-150.28999999999996,NA,NA,NA
2007,2007-02-11,2007-02-11,FALSE,Suisun and Honker Bays,164,NA,NA,NA,NA,NA
2008,2008-01-05,2008-01-05,FALSE,Cache Slough and Liberty Island,127,NA,NA,NA,NA,NA
2008,2008-01-05,2008-01-05,FALSE,Confluence,127,-0.026666666666665506,-550.7066666666669,3.5133333333333336,20699.455555555556,0.33111111111111113
2008,2008-01-05,2008-01-05,FALSE,North and South Forks Mokelumne River,127,NA,NA,NA,3383.333333333333,0.3433333333333334
2008,2008-01-05,2008-01-05,FALSE,Out of Bounds,127,0.913333333333334,-251.7266666666667,NA,NA,NA
2008,2008-01-05,2008-01-05,FALSE,Sacramento River Deep Water Ship Channel,127,NA,NA,NA,10869.666666666668,0.31
2008,2008-01-05,2008-01-05,FALSE,Sacramento River Mainstem,127,0.5333333333333332,NA,NA,12718.819999999998,1.1666666666666665
2008,2008-01-05,2008-01-05,FALSE,San Pablo Bay and Carquinez Strait,127,-0.03111111111111242,-3980.70888888889,7.273333333333333,NA,NA
2008,2008-01-05,2008-01-05,FALSE,South Delta,127,0.4986666666666668,-78.10733333333337,21.822222222222223,1512.0235555555553,0.09666666666666666
2008,2008-01-05,2008-01-05,FALSE,Suisun Marsh and Montezuma Slough,127,0.21444444444444422,-608.9574999999986,NA,639.85,0.14666666666666667
2008,2008-01-05,2008-01-05,FALSE,Suisun and Honker Bays,127,NA,NA,NA,NA,NA
2008,2008-01-27,2008-01-05,TRUE,Cache Slough and Liberty Island,149,NA,NA,NA,NA,NA
2008,2008-01-27,2008-01-05,TRUE,Confluence,149,0.33999999999999986,-155.43666666666672,1.923333333333332,12315.555555555557,0.18666666666666668
2008,2008-01-27,2008-01-05,TRUE,North and South Forks Mokelumne River,149,NA,NA,NA,1668.8888888888887,0.17777777777777776
2008,2008-01-27,2008-01-05,TRUE,Out of Bounds,149,0.6099999999999994,-203.24333333333334,45.64999999999999,NA,NA
2008,2008-01-27,2008-01-05,TRUE,Sacramento River Deep Water Ship Channel,149,NA,NA,NA,4223.333333333334,0.11333333333333331
2008,2008-01-27,2008-01-05,TRUE,Sacramento River Mainstem,149,0.5099999999999998,NA,NA,12399.11,1.0933333333333333
2008,2008-01-27,2008-01-05,TRUE,San Pablo Bay and Carquinez Strait,149,0.02555555555555422,-4702.806666666667,-6.023333333333333,NA,NA
2008,2008-01-27,2008-01-05,TRUE,South Delta,149,0.559333333333333,-143.7693333333334,42.488888888888894,1770.0215384615383,0.17099206349206347
2008,2008-01-27,2008-01-05,TRUE,Suisun Marsh and Montezuma Slough,149,0.5288888888888881,-1207.5350000000008,NA,596.18,0.09
2008,2008-01-27,2008-01-05,TRUE,Suisun and Honker Bays,149,NA,NA,NA,NA,NA
2008,2008-02-25,2008-01-05,TRUE,Cache Slough and Liberty Island,178,NA,NA,NA,NA,NA
2008,2008-02-25,2008-01-05,TRUE,Confluence,178,0.370000000000001,-35.400000000000034,-10.296666666666674,7808.888888888889,0.14111111111111108
2008,2008-02-25,2008-01-05,TRUE,North and South Forks Mokelumne River,178,NA,NA,NA,853.3333333333333,0.18666666666666665
2008,2008-02-25,2008-01-05,TRUE,Out of Bounds,178,0.25,-272.98000000000013,18.89,NA,NA
2008,2008-02-25,2008-01-05,TRUE,Sacramento River Deep Water Ship Channel,178,NA,NA,NA,2750,0.07333333333333333
2008,2008-02-25,2008-01-05,TRUE,Sacramento River Mainstem,178,-0.6016666666666666,-47.49000000000001,74.25666666666666,10909.318333333335,1.07
2008,2008-02-25,2008-01-05,TRUE,San Pablo Bay and Carquinez Strait,178,0.20444444444444443,-5763.431666666667,-7.716666666666669,NA,NA
2008,2008-02-25,2008-01-05,TRUE,South Delta,178,0.47222222222222143,-56.2305555555555,4.761666666666667,1490.856923076923,0.15111111111111114
2008,2008-02-25,2008-01-05,TRUE,Suisun Marsh and Montezuma Slough,178,0.4511111111111106,-172.32138888888903,NA,639.5833333333333,0.11333333333333334
2008,2008-02-25,2008-01-05,TRUE,Suisun and Honker Bays,178,NA,NA,NA,NA,NA
2009,2009-02-17,2009-02-17,FALSE,Cache Slough and Liberty Island,170,-0.31333333333333435,-145.54666666666662,60.273333333333326,NA,NA
2009,2009-02-17,2009-02-17,FALSE,Confluence,170,-0.36166666666666636,-4.694999999999993,3.041666666666668,14538.888888888887,0.23444444444444443
2009,2009-02-17,2009-02-17,FALSE,North and South Forks Mokelumne River,170,-0.7500000000000018,-31.99000000000001,14.733333333333334,2443.3333333333335,0.2722222222222222
2009,2009-02-17,2009-02-17,FALSE,Out of Bounds,170,-0.31666666666666643,-111.6966666666666,8.649999999999999,NA,NA
2009,2009-02-17,2009-02-17,FALSE,Sacramento River Deep Water Ship Channel,170,-0.5216666666666683,9.509999999999991,6.433333333333335,3041.616666666667,0.09833333333333333
2009,2009-02-17,2009-02-17,FALSE,Sacramento River Mainstem,170,-0.5716666666666654,-35.71666666666667,69.43,12170.498333333333,1.17
2009,2009-02-17,2009-02-17,FALSE,San Pablo Bay and Carquinez Strait,170,-0.033333333333333215,-3081.126666666667,-0.043333333333333,NA,NA
2009,2009-02-17,2009-02-17,FALSE,South Delta,170,-0.293333333333333,-44.647619047618946,0.5213333333333345,1108.4942222222223,0.07452380952380952
2009,2009-02-17,2009-02-17,FALSE,Suisun Marsh and Montezuma Slough,170,0.018888888888890065,-2081.925833333333,NA,1227.5533333333333,0.24666666666666665
2009,2009-02-17,2009-02-17,FALSE,Suisun and Honker Bays,170,NA,NA,NA,NA,NA
2009,2009-02-24,2009-02-17,TRUE,Cache Slough and Liberty Island,177,1.6866666666666656,-83.42000000000002,-6.159999999999997,NA,NA
2009,2009-02-24,2009-02-17,TRUE,Confluence,177,1.389166666666668,-20.19749999999999,-10.658333333333331,4551.111111111113,0.0788888888888889
2009,2009-02-24,2009-02-17,TRUE,North and South Forks Mokelumne River,177,2.116666666666667,33.886666666666656,-29.696666666666673,1488.8888888888887,0.17777777777777776
2009,2009-02-24,2009-02-17,TRUE,Out of Bounds,177,2.163333333333334,112.13666666666666,-0.043333333333336554,NA,NA
2009,2009-02-24,2009-02-17,TRUE,Sacramento River Deep Water Ship Channel,177,1.7333333333333343,-4.943333333333385,-10.026666666666664,116.55000000000018,-0.008333333333333331
2009,2009-02-24,2009-02-17,TRUE,Sacramento River Mainstem,177,1.828333333333335,15.656666666666695,3.3799999999999955,6682.074999999997,0.5133333333333332
2009,2009-02-24,2009-02-17,TRUE,San Pablo Bay and Carquinez Strait,177,0.5333333333333332,-5902.031666666667,13.223333333333336,NA,NA
2009,2009-02-24,2009-02-17,TRUE,South Delta,177,1.2695238095238093,-13.36714285714288,0.16066666666666762,288.14666666666653,0.01047619047619047
2009,2009-02-24,2009-02-17,TRUE,Suisun Marsh and Montezuma Slough,177,0.9888888888888889,-1131.3616666666667,NA,-270.31666666666615,-0.04666666666666652
2009,2009-02-24,2009-02-17,TRUE,Suisun and Honker Bays,177,NA,NA,NA,NA,NA
2009,2009-03-04,2009-02-17,TRUE,Cache Slough and Liberty Island,185,-1.503333333333332,-80.04333333333335,50.02000000000001,NA,NA
2009,2009-03-04,2009-02-17,TRUE,Confluence,185,-0.37083333333333357,6.686666666666667,0.9191666666666691,11506.666666666668,0.18
2009,2009-03-04,2009-02-17,TRUE,North and South Forks Mokelumne River,185,-0.7233333333333345,-2.03666666666669,10.940000000000001,3560,0.4377777777777778
2009,2009-03-04,2009-02-17,TRUE,Out of Bounds,185,-0.9199999999999999,-163.55666666666662,9.379999999999995,NA,NA
2009,2009-03-04,2009-02-17,TRUE,Sacramento River Deep Water Ship Channel,185,-0.44666666666666544,14.553333333333342,-0.413333333333334,1766.1666666666665,0.05
2009,2009-03-04,2009-02-17,TRUE,Sacramento River Mainstem,185,-1.201666666666668,-40.26999999999998,43.88,9994.074999999997,0.746666666666667
2009,2009-03-04,2009-02-17,TRUE,San Pablo Bay and Carquinez Strait,185,0.15222222222222292,-3287.546666666666,6.2066666666666634,NA,NA
2009,2009-03-04,2009-02-17,TRUE,South Delta,185,-0.18333333333333357,-22.75190476190471,1.110666666666667,1449.9160000000002,0.14809523809523809
2009,2009-03-04,2009-02-17,TRUE,Suisun Marsh and Montezuma Slough,185,-0.009999999999999787,-206.33083333333343,NA,782.4333333333334,0.15666666666666668
2009,2009-03-04,2009-02-17,TRUE,Suisun and Honker Bays,185,NA,NA,NA,NA,NA
2009,2009-05-06,2009-02-17,TRUE,Cache Slough and Liberty Island,248,1.7266666666666666,-5.196666666666658,-4.3700000000000045,NA,NA
2009,2009-05-06,2009-02-17,TRUE,Confluence,248,0.7916666666666661,-27.70333333333332,0.04333333333332945,6163.333333333334,0.09888888888888886
2009,2009-05-06,2009-02-17,TRUE,North and South Forks Mokelumne River,248,0.6600000000000001,-5.126666666666665,5.553333333333333,1011.1111111111109,0.11888888888888888
2009,2009-05-06,2009-02-17,TRUE,Out of Bounds,248,2.0533333333333346,-19.356666666666626,-5.346666666666668,NA,NA
2009,2009-05-06,2009-02-17,TRUE,Sacramento River Deep Water Ship Channel,248,0.9066666666666663,1.2133333333333383,2.036666666666669,518.7833333333333,0.03333333333333333
2009,2009-05-06,2009-02-17,TRUE,Sacramento River Mainstem,248,0.9050000000000011,NA,21.773333333333333,8158.591666666665,0.7733333333333334
2009,2009-05-06,2009-02-17,TRUE,San Pablo Bay and Carquinez Strait,248,1.2600000000000016,-2857.54111111111,7.450000000000003,NA,NA
2009,2009-05-06,2009-02-17,TRUE,South Delta,248,1.5885714285714307,-5.945714285714246,0.9156666666666649,-34.7031111111111,-0.026666666666666672
2009,2009-05-06,2009-02-17,TRUE,Suisun Marsh and Montezuma Slough,248,1.421111111111113,-743.6799999999998,NA,288.91999999999996,0.06333333333333332
2009,2009-05-06,2009-02-17,TRUE,Suisun and Honker Bays,248,NA,NA,NA,NA,NA
2010,2010-01-20,2010-01-20,FALSE,Cache Slough and Liberty Island,142,NA,NA,NA,NA,NA
2010,2010-01-20,2010-01-20,FALSE,Confluence,142,-0.06533333333333324,-244.28733333333344,19.342000000000006,18993.333333333332,0.28222222222222226
2010,2010-01-20,2010-01-20,FALSE,North and South Forks Mokelumne River,142,-0.5844444444444452,-35.04777777777775,25.63666666666667,2877.7777777777783,0.29777777777777775
2010,2010-01-20,2010-01-20,FALSE,Out of Bounds,142,-1.3066666666666649,-233.74,194.23666666666668,NA,NA
2010,2010-01-20,2010-01-20,FALSE,Sacramento River Deep Water Ship Channel,142,-0.7216666666666658,22.093333333333362,40.916666666666664,8376.666666666668,0.1816666666666667
2010,2010-01-20,2010-01-20,FALSE,Sacramento River Mainstem,142,-0.9277777777777789,-24.606666666666683,141.2122222222222,15993.511666666665,1.2933333333333332
2010,2010-01-20,2010-01-20,FALSE,San Pablo Bay and Carquinez Strait,142,-0.3366666666666678,-5694.495000000003,1.173333333333332,NA,NA
2010,2010-01-20,2010-01-20,FALSE,South Delta,142,-0.5233333333333334,-66.21725490196081,23.33686274509804,1592.964603174603,0.17286713286713287
2010,2010-01-20,2010-01-20,FALSE,Suisun Marsh and Montezuma Slough,142,-0.32222222222222285,-2080.935833333333,NA,576.9499999999999,0.09999999999999999
2010,2010-01-20,2010-01-20,FALSE,Suisun and Honker Bays,142,NA,NA,NA,NA,NA
2010,2010-04-15,2010-01-20,TRUE,Cache Slough and Liberty Island,227,NA,NA,NA,NA,NA
2010,2010-04-15,2010-01-20,TRUE,Confluence,227,0.2919999999999998,-10.923999999999978,2.9686666666666657,4748.888888888889,0.07666666666666669
2010,2010-04-15,2010-01-20,TRUE,North and South Forks Mokelumne River,227,0.6311111111111103,-6.665555555555557,12.031111111111112,572.2222222222222,0.06666666666666665
2010,2010-04-15,2010-01-20,TRUE,Out of Bounds,227,1.9633333333333347,-64.64333333333332,-4.876666666666672,NA,NA
2010,2010-04-15,2010-01-20,TRUE,Sacramento River Deep Water Ship Channel,227,0.44166666666666643,-5.009999999999991,10.910000000000002,-103.20666666666648,0.0016666666666666635
2010,2010-04-15,2010-01-20,TRUE,Sacramento River Mainstem,227,0.10222222222222221,-14.686666666666667,115.61833333333334,6540.4416666666675,0.6433333333333333
2010,2010-04-15,2010-01-20,TRUE,San Pablo Bay and Carquinez Strait,227,0.6177777777777766,-3801.7199999999993,6.056666666666665,NA,NA
2010,2010-04-15,2010-01-20,TRUE,South Delta,227,1.2329411764705895,-3.1498039215686617,-0.035294117647059586,221.75155555555557,0.02928571428571425
2010,2010-04-15,2010-01-20,TRUE,Suisun Marsh and Montezuma Slough,227,0.5611111111111118,-1185.169166666667,NA,1112.9833333333331,0.23
2010,2010-04-15,2010-01-20,TRUE,Suisun and Honker Bays,227,NA,NA,NA,NA,NA
2011,2010-12-16,2010-12-16,FALSE,Cache Slough and Liberty Island,107,-1.0216666666666665,-13.553333333333285,-2.036666666666668,NA,NA
2011,2010-12-16,2010-12-16,FALSE,Confluence,107,-0.38466666666666605,-63.98666666666668,1.0413333333333323,9387.077777777777,0.1488888888888889
2011,2010-12-16,2010-12-16,FALSE,North and South Forks Mokelumne River,107,-1.0474999999999994,-27.745833333333337,4.26,862.5,0.1433333333333333
2011,2010-12-16,2010-12-16,FALSE,Out of Bounds,107,-1.1066666666666674,-75.55000000000007,3.043333333333333,NA,NA
2011,2010-12-16,2010-12-16,FALSE,Sacramento River Deep Water Ship Channel,107,-0.9033333333333342,-47.77666666666664,3.023333333333335,2126.6666666666665,0.031666666666666676
2011,2010-12-16,2010-12-16,FALSE,Sacramento River Mainstem,107,-1.0233333333333334,-36.139999999999986,11.193888888888889,13403.029999999995,0.8366666666666669
2011,2010-12-16,2010-12-16,FALSE,San Pablo Bay and Carquinez Strait,107,-0.3422222222222224,-13.253333333330374,6.051666666666666,NA,NA
2011,2010-12-16,2010-12-16,FALSE,South Delta,107,-0.6343137254901965,-47.012745098039204,0.5364705882352938,-271.2221880341881,-5.158730158730243e-4
2011,2010-12-16,2010-12-16,FALSE,Suisun Marsh and Montezuma Slough,107,-0.6566666666666681,-477.76750000000084,NA,470.28666666666675,0.11000000000000001
2011,2010-12-16,2010-12-16,FALSE,Suisun and Honker Bays,107,NA,NA,NA,NA,NA
2011,2010-12-19,2010-12-16,TRUE,Cache Slough and Liberty Island,110,-0.1566666666666663,69.31999999999994,30.143333333333334,NA,NA
2011,2010-12-19,2010-12-16,TRUE,Confluence,110,-0.44400000000000084,-64.13399999999996,4.521333333333333,16893.333333333332,0.25111111111111106
2011,2010-12-19,2010-12-16,TRUE,North and South Forks Mokelumne River,110,-0.23550000000000182,-15.013166666666677,18.81383333333333,6073.055555555556,0.6766666666666666
2011,2010-12-19,2010-12-16,TRUE,Out of Bounds,110,0.40000000000000036,-67.67666666666665,17.500000000000007,NA,NA
2011,2010-12-19,2010-12-16,TRUE,Sacramento River Deep Water Ship Channel,110,-0.4783333333333317,-19.49666666666667,8.039999999999997,6906.666666666666,0.051666666666666666
2011,2010-12-19,2010-12-16,TRUE,Sacramento River Mainstem,110,-0.4022222222222229,-11.950000000000003,15.912777777777777,11602.475000000006,0.3666666666666667
2011,2010-12-19,2010-12-16,TRUE,San Pablo Bay and Carquinez Strait,110,-0.24222222222222278,-7478.68888888889,14.033333333333335,NA,NA
2011,2010-12-19,2010-12-16,TRUE,South Delta,110,0.11078431372549069,-64.93705882352941,6.45156862745098,1837.0071111111113,0.16904761904761903
2011,2010-12-19,2010-12-16,TRUE,Suisun Marsh and Montezuma Slough,110,-0.3650000000000002,-1494.2024999999994,NA,355.9,0.07999999999999996
2011,2010-12-19,2010-12-16,TRUE,Suisun and Honker Bays,110,NA,NA,NA,NA,NA
2011,2011-02-18,2010-12-16,TRUE,Cache Slough and Liberty Island,171,-2.333333333333332,-229.19333333333333,43.161666666666676,NA,NA
2011,2011-02-18,2010-12-16,TRUE,Confluence,171,-0.809333333333333,-52.9973333333333,0.5586666666666709,10873.333333333336,0.17333333333333334
2011,2011-02-18,2010-12-16,TRUE,North and South Forks Mokelumne River,171,-1.2300000000000004,3.4413333333333185,12.713333333333331,1108.3888888888891,0.49900000000000005
2011,2011-02-18,2010-12-16,TRUE,Out of Bounds,171,-1.243333333333334,-12.933333333333337,10.033333333333331,NA,NA
2011,2011-02-18,2010-12-16,TRUE,Sacramento River Deep Water Ship Channel,171,-1.1266666666666652,10.46999999999997,4.643333333333334,2162,0.06666666666666667
2011,2011-02-18,2010-12-16,TRUE,Sacramento River Mainstem,171,-1.5733333333333324,-16.380000000000024,19.645555555555557,11013.026666666665,0.9466666666666665
2011,2011-02-18,2010-12-16,TRUE,San Pablo Bay and Carquinez Strait,171,-1.0533333333333328,-6376.026666666667,19.944999999999997,NA,NA
2011,2011-02-18,2010-12-16,TRUE,South Delta,171,-0.9847058823529427,-0.2021568627450847,1.9939215686274494,787.5376470588236,0.07520833333333338
2011,2011-02-18,2010-12-16,TRUE,Suisun Marsh and Montezuma Slough,171,-1.1250000000000018,-420.06833333333316,NA,NA,NA
2011,2011-02-18,2010-12-16,TRUE,Suisun and Honker Bays,171,NA,NA,NA,NA,NA
2011,2011-02-26,2010-12-16,TRUE,Cache Slough and Liberty Island,179,0.33333333333333215,-74.81,27.095,NA,NA
2011,2011-02-26,2010-12-16,TRUE,Confluence,179,0.020666666666667055,9.625333333333344,1.6759999999999984,5835.555555555555,0.08666666666666661
2011,2011-02-26,2010-12-16,TRUE,North and South Forks Mokelumne River,179,-0.2699999999999996,2.842000000000013,8.580333333333332,1431.6666666666665,0.37111111111111106
2011,2011-02-26,2010-12-16,TRUE,Out of Bounds,179,-0.5600000000000005,-9.703333333333376,3.3966666666666683,NA,NA
2011,2011-02-26,2010-12-16,TRUE,Sacramento River Deep Water Ship Channel,179,0.030000000000001137,18.389999999999986,2.450000000000003,1084.6666666666665,0.035
2011,2011-02-26,2010-12-16,TRUE,Sacramento River Mainstem,179,-0.24444444444444535,-3.568333333333328,16.449999999999996,4573.87833333333,0.3833333333333331
2011,2011-02-26,2010-12-16,TRUE,San Pablo Bay and Carquinez Strait,179,-0.13555555555555543,-1467.8683333333329,-4.011666666666667,NA,NA
2011,2011-02-26,2010-12-16,TRUE,South Delta,179,-0.3358823529411765,3.768039215686258,0.4359191176470585,265.82831372549026,0.06270833333333331
2011,2011-02-26,2010-12-16,TRUE,Suisun Marsh and Montezuma Slough,179,-0.3000000000000007,-268,NA,284.4333333333333,0.06333333333333335
2011,2011-02-26,2010-12-16,TRUE,Suisun and Honker Bays,179,NA,NA,NA,NA,NA
2011,2011-03-16,2010-12-16,TRUE,Cache Slough and Liberty Island,197,0.17666666666666586,54.06000000000006,-0.6749999999999972,NA,NA
2011,2011-03-16,2010-12-16,TRUE,Confluence,197,-0.22266666666666524,-28.119333333333316,2.4353333333333342,18444.44444444444,0.2944444444444444
2011,2011-03-16,2010-12-16,TRUE,North and South Forks Mokelumne River,197,-0.3886666666666656,-19.122666666666674,13.036,6196.944444444445,0.7358333333333332
2011,2011-03-16,2010-12-16,TRUE,Out of Bounds,197,0.046666666666666856,16.98333333333335,0.5500000000000007,NA,NA
2011,2011-03-16,2010-12-16,TRUE,Sacramento River Deep Water Ship Channel,197,-0.6600000000000001,-49.30666666666667,3.053333333333333,3951.366666666667,0.06666666666666668
2011,2011-03-16,2010-12-16,TRUE,Sacramento River Mainstem,197,-1.134444444444446,-40.125,20.18444444444444,21937.056666666664,1.063333333333333
2011,2011-03-16,2010-12-16,TRUE,San Pablo Bay and Carquinez Strait,197,0.3655555555555541,-4754.2266666666665,17.511666666666663,NA,NA
2011,2011-03-16,2010-12-16,TRUE,South Delta,197,0.16235294117647037,-1.8821568627450915,0.6096078431372538,1078.2661980894923,0.27999007936507936
2011,2011-03-16,2010-12-16,TRUE,Suisun Marsh and Montezuma Slough,197,-0.02999999999999936,-23.500833333333276,NA,430.7633333333333,0.13
2011,2011-03-16,2010-12-16,TRUE,Suisun and Honker Bays,197,NA,NA,NA,NA,NA
2011,2011-03-25,2010-12-16,TRUE,Cache Slough and Liberty Island,206,-0.9233333333333338,-98.72333333333333,35.44166666666666,NA,NA
2011,2011-03-25,2010-12-16,TRUE,Confluence,206,-0.10666666666666735,10.736666666666679,11.664000000000001,23755.555555555562,0.35111111111111093
2011,2011-03-25,2010-12-16,TRUE,North and South Forks Mokelumne River,206,-0.23866666666666525,8.726666666666674,13.967999999999996,3878.6111111111113,0.45216666666666683
2011,2011-03-25,2010-12-16,TRUE,Out of Bounds,206,-0.02999999999999936,-8.150000000000006,5.366666666666667,NA,NA
2011,2011-03-25,2010-12-16,TRUE,Sacramento River Deep Water Ship Channel,206,-0.22333333333333272,15.353333333333325,10.814999999999998,-13348.333333333343,0.33000000000000007
2011,2011-03-25,2010-12-16,TRUE,Sacramento River Mainstem,206,-0.2766666666666673,5.473333333333329,6.042222222222222,587.2083333333285,-0.04666666666666641
2011,2011-03-25,2010-12-16,TRUE,San Pablo Bay and Carquinez Strait,206,-0.4377777777777787,-198.95333333333338,11.77666666666667,NA,NA
2011,2011-03-25,2010-12-16,TRUE,South Delta,206,-0.355294117647059,10.503529411764703,5.770784313725489,2374.4956862745094,0.23645833333333333
2011,2011-03-25,2010-12-16,TRUE,Suisun Marsh and Montezuma Slough,206,-0.4158333333333335,-84.99833333333333,NA,502.6400000000003,0.07999999999999996
2011,2011-03-25,2010-12-16,TRUE,Suisun and Honker Bays,206,NA,NA,NA,NA,NA
2012,2012-01-23,2012-01-23,FALSE,Cache Slough and Liberty Island,145,0.9533333333333323,-55.59333333333336,21.56666666666667,NA,NA
2012,2012-01-23,2012-01-23,FALSE,Confluence,145,0.1786666666666683,-416.52733333333344,2.8019999999999996,9554.444444444445,0.13666666666666666
2012,2012-01-23,2012-01-23,FALSE,North and South Forks Mokelumne River,145,0.5306666666666677,-10.927999999999997,8.103333333333332,1419.3666666666668,0.17800000000000002
2012,2012-01-23,2012-01-23,FALSE,Out of Bounds,145,1.1800000000000015,-43.2166666666667,2.326666666666667,NA,NA
2012,2012-01-23,2012-01-23,FALSE,Sacramento River Deep Water Ship Channel,145,0.3100000000000005,15.633333333333354,6.875,5990.75,0.06333333333333335
2012,2012-01-23,2012-01-23,FALSE,Sacramento River Mainstem,145,0.6500000000000004,-10.386666666666656,42.096666666666664,9426.613333333333,0.9033333333333333
2012,2012-01-23,2012-01-23,FALSE,San Pablo Bay and Carquinez Strait,145,0.09333333333333371,-4416.123333333333,3.0516666666666694,NA,NA
2012,2012-01-23,2012-01-23,FALSE,South Delta,145,0.5484313725490182,-24.820588235294167,1.098431372549019,469.9394281274283,0.05773809523809524
2012,2012-01-23,2012-01-23,FALSE,Suisun Marsh and Montezuma Slough,145,0.23833333333333417,-1822.4491666666672,NA,105.59999999999991,0.036666666666666625
2012,2012-01-23,2012-01-23,FALSE,Suisun and Honker Bays,145,NA,NA,NA,NA,NA
2012,2012-03-16,2012-01-23,TRUE,Cache Slough and Liberty Island,198,0.5966666666666658,-57.94666666666666,16.581666666666663,NA,NA
2012,2012-03-16,2012-01-23,TRUE,Confluence,198,-0.07200000000000095,-82.91600000000005,1.482666666666665,12503.333333333332,0.19888888888888887
2012,2012-03-16,2012-01-23,TRUE,North and South Forks Mokelumne River,198,-0.5073333333333334,-4.519333333333321,14.313333333333333,553.4166666666667,0.20933333333333337
2012,2012-03-16,2012-01-23,TRUE,Out of Bounds,198,-0.12333333333333307,-22.82333333333338,1.126666666666667,NA,NA
2012,2012-03-16,2012-01-23,TRUE,Sacramento River Deep Water Ship Channel,198,-0.04333333333333478,-20.376666666666665,3.658333333333335,1590,-0.008333333333333331
2012,2012-03-16,2012-01-23,TRUE,Sacramento River Mainstem,198,-0.9266666666666659,-49.021666666666675,48.58666666666667,17081.348333333335,1.4666666666666663
2012,2012-03-16,2012-01-23,TRUE,San Pablo Bay and Carquinez Strait,198,-0.01666666666666572,-3518.1255555555545,6.905000000000001,NA,NA
2012,2012-03-16,2012-01-23,TRUE,South Delta,198,-0.09882352941176364,-26.30431372549026,-0.8259607843137253,161.73960784313726,0.009791666666666657
2012,2012-03-16,2012-01-23,TRUE,Suisun Marsh and Montezuma Slough,198,-0.1416666666666675,-559.3183333333336,NA,744.9966666666667,0.15333333333333332
2012,2012-03-16,2012-01-23,TRUE,Suisun and Honker Bays,198,NA,NA,NA,NA,NA
2012,2012-03-30,2012-01-23,TRUE,Cache Slough and Liberty Island,212,1.093333333333332,-18.906666666666638,-17.633333333333326,NA,NA
2012,2012-03-30,2012-01-23,TRUE,Confluence,212,0.44933333333333536,-0.2766666666666424,8.367333333333331,6600,0.11444444444444446
2012,2012-03-30,2012-01-23,TRUE,North and South Forks Mokelumne River,212,0.6493333333333329,7.470666666666659,11.687333333333333,845.1666666666665,0.10066666666666663
2012,2012-03-30,2012-01-23,TRUE,Out of Bounds,212,1.2333333333333325,5.290000000000077,-0.27333333333333343,NA,NA
2012,2012-03-30,2012-01-23,TRUE,Sacramento River Deep Water Ship Channel,212,0.5749999999999993,34.37666666666672,7.719999999999999,-1326.666666666667,-0.006666666666666682
2012,2012-03-30,2012-01-23,TRUE,Sacramento River Mainstem,212,0.03500000000000014,-19.646666666666675,86.41888888888889,8165.244999999999,0.7133333333333334
2012,2012-03-30,2012-01-23,TRUE,San Pablo Bay and Carquinez Strait,212,0.5444444444444425,278.50777777777876,-3.3533333333333353,NA,NA
2012,2012-03-30,2012-01-23,TRUE,South Delta,212,0.7305882352941175,2.648823529411743,0.08053921568627409,28.554901960784264,-0.015013888888888896
2012,2012-03-30,2012-01-23,TRUE,Suisun Marsh and Montezuma Slough,212,0.8908333333333331,-212.91416666666692,NA,359.4566666666667,0.07333333333333333
2012,2012-03-30,2012-01-23,TRUE,Suisun and Honker Bays,212,NA,NA,NA,NA,NA
2012,2012-04-14,2012-01-23,TRUE,Cache Slough and Liberty Island,227,-0.32333333333333236,-51.833333333333314,17.619999999999997,NA,NA
2012,2012-04-14,2012-01-23,TRUE,Confluence,227,0.14400000000000013,4.625333333333344,-0.0779999999999994,9337.777777777777,0.16333333333333333
2012,2012-04-14,2012-01-23,TRUE,North and South Forks Mokelumne River,227,0.011333333333332973,4.170666666666676,16.236666666666665,2366.083333333333,0.40866666666666673
2012,2012-04-14,2012-01-23,TRUE,Out of Bounds,227,0.7166666666666668,47.5266666666667,4.200000000000001,NA,NA
2012,2012-04-14,2012-01-23,TRUE,Sacramento River Deep Water Ship Channel,227,0.2216666666666658,35.170000000000016,1.0516666666666659,1030,0.03
2012,2012-04-14,2012-01-23,TRUE,Sacramento River Mainstem,227,-0.40000000000000036,-26.12833333333333,38.169999999999995,10348.483333333332,0.9533333333333334
2012,2012-04-14,2012-01-23,TRUE,San Pablo Bay and Carquinez Strait,227,0.46888888888888935,-3950.506666666668,8.815000000000005,NA,NA
2012,2012-04-14,2012-01-23,TRUE,South Delta,227,0.4499999999999993,36.192156862745094,-0.34372549019607845,386.99401307189544,0.036875000000000005
2012,2012-04-14,2012-01-23,TRUE,Suisun Marsh and Montezuma Slough,227,0.4691666666666663,-210.06999999999994,NA,470.65999999999997,0.1
2012,2012-04-14,2012-01-23,TRUE,Suisun and Honker Bays,227,NA,NA,NA,NA,NA
2013,2012-12-01,2012-12-01,FALSE,Cache Slough and Liberty Island,92,0.9866666666666664,-62.14666666666665,68.08666666666667,NA,NA
2013,2012-12-01,2012-12-01,FALSE,Confluence,92,0.10866666666666625,-401.1013333333333,4.3679999999999986,24002.555555555555,0.38555555555555543
2013,2012-12-01,2012-12-01,FALSE,North and South Forks Mokelumne River,92,0.5493333333333332,-13.199999999999989,17.558,3283.083333333333,0.43799999999999994
2013,2012-12-01,2012-12-01,FALSE,Out of Bounds,92,1.2066666666666652,-96.9666666666667,10.213333333333333,NA,NA
2013,2012-12-01,2012-12-01,FALSE,Sacramento River Deep Water Ship Channel,92,0.2766666666666673,14.54333333333335,11.948333333333334,4018.333333333333,0.11333333333333333
2013,2012-12-01,2012-12-01,FALSE,Sacramento River Mainstem,92,0.6866666666666656,-41.528333333333336,72.44777777777779,20842.31333333333,1.6566666666666665
2013,2012-12-01,2012-12-01,FALSE,San Pablo Bay and Carquinez Strait,92,-0.02999999999999936,-5583.618333333336,3.8883333333333354,NA,NA
2013,2012-12-01,2012-12-01,FALSE,South Delta,92,0.39274509803921553,31.553921568627516,2.543816993464052,642.80547008547,0.08015151515151515
2013,2012-12-01,2012-12-01,FALSE,Suisun Marsh and Montezuma Slough,92,0.07000000000000028,-42.69638888888949,NA,409.1733333333333,0.07333333333333333
2013,2012-12-01,2012-12-01,FALSE,Suisun and Honker Bays,92,NA,NA,NA,NA,NA
2013,2012-12-23,2012-12-01,TRUE,Cache Slough and Liberty Island,114,0.48666666666666636,-294.0566666666667,109.62166666666666,NA,NA
2013,2012-12-23,2012-12-01,TRUE,Confluence,114,-0.24933333333333252,-14.572666666666692,18.412666666666663,21158.88888888889,0.3411111111111111
2013,2012-12-23,2012-12-01,TRUE,North and South Forks Mokelumne River,114,0.1639999999999997,-18.676000000000016,21.76666666666667,2997.083333333333,0.3913333333333334
2013,2012-12-23,2012-12-01,TRUE,Out of Bounds,114,0.8600000000000012,-202.13666666666666,133.7,NA,NA
2013,2012-12-23,2012-12-01,TRUE,Sacramento River Deep Water Ship Channel,114,-0.26833333333333265,-17.19666666666666,31.086666666666666,4901.333333333333,0.14833333333333332
2013,2012-12-23,2012-12-01,TRUE,Sacramento River Mainstem,114,-0.052222222222221504,-33.611666666666665,62.38666666666667,16863.755000000005,1.0466666666666664
2013,2012-12-23,2012-12-01,TRUE,San Pablo Bay and Carquinez Strait,114,-0.3533333333333317,-3382.556666666668,5.73833333333333,NA,NA
2013,2012-12-23,2012-12-01,TRUE,South Delta,114,-0.17313725490195964,-19.50333333333333,9.775764705882356,967.996717948718,0.08527777777777777
2013,2012-12-23,2012-12-01,TRUE,Suisun Marsh and Montezuma Slough,114,-0.13916666666666622,-294.7249999999999,NA,595.99,0.1366666666666667
2013,2012-12-23,2012-12-01,TRUE,Suisun and Honker Bays,114,NA,NA,NA,NA,NA
2014,2014-03-06,2014-03-06,FALSE,Cache Slough and Liberty Island,187,0.956666666666667,11.553333333333342,-11.256666666666666,NA,NA
2014,2014-03-06,2014-03-06,FALSE,Confluence,187,0.5039999999999996,-89.14733333333334,3.413333333333332,3387.7777777777774,0.0444444444444444
2014,2014-03-06,2014-03-06,FALSE,North and South Forks Mokelumne River,187,0.8760000000000012,-26.78866666666667,2.602666666666668,357.0833333333335,0.03866666666666668
2014,2014-03-06,2014-03-06,FALSE,Out of Bounds,187,1.7366666666666681,41.34333333333325,-0.7666666666666675,NA,NA
2014,2014-03-06,2014-03-06,FALSE,Sacramento River Deep Water Ship Channel,187,0.4533333333333349,-19.53333333333336,4.664999999999999,-398.33333333333326,-0.011666666666666672
2014,2014-03-06,2014-03-06,FALSE,Sacramento River Mainstem,187,0.6322222222222216,-32.79555555555555,-2.0400000000000063,4398.108333333334,0.4600000000000002
2014,2014-03-06,2014-03-06,FALSE,San Pablo Bay and Carquinez Strait,187,0.5516666666666659,-2646.171666666667,-7.978333333333335,NA,NA
2014,2014-03-06,2014-03-06,FALSE,South Delta,187,1.0994117647058808,13.33647058823533,-0.1295833333333336,81.15401106083459,-0.026934523809523797
2014,2014-03-06,2014-03-06,FALSE,Suisun Marsh and Montezuma Slough,187,0.855833333333333,-1212.245833333333,NA,-198.5566666666664,-0.053333333333333344
2014,2014-03-06,2014-03-06,FALSE,Suisun and Honker Bays,187,NA,NA,NA,NA,NA
2015,2014-12-12,2014-12-12,FALSE,Cache Slough and Liberty Island,103,-1.5616666666666656,-68.67833333333334,13.013333333333332,NA,NA
2015,2014-12-12,2014-12-12,FALSE,Confluence,103,-0.5800000000000001,-288.9353333333331,1.173333333333332,22700,0.39333333333333337
2015,2014-12-12,2014-12-12,FALSE,North and South Forks Mokelumne River,103,-1.1799999999999997,3.1433333333333167,17.234444444444442,1659.9999999999998,0.36166666666666664
2015,2014-12-12,2014-12-12,FALSE,Out of Bounds,103,-1.3133333333333344,-319.42,47.53666666666666,NA,NA
2015,2014-12-12,2014-12-12,FALSE,Sacramento River Deep Water Ship Channel,103,-0.6155555555555559,23.216666666666697,6.791111111111107,3496.833333333333,0.10666666666666667
2015,2014-12-12,2014-12-12,FALSE,Sacramento River Mainstem,103,-1.1222222222222236,-21.403333333333336,106.5788888888889,20898.149999999998,0.45666666666666655
2015,2014-12-12,2014-12-12,FALSE,San Pablo Bay and Carquinez Strait,103,-0.5833333333333339,-5662.450000000001,-2.2916666666666643,NA,NA
2015,2014-12-12,2014-12-12,FALSE,South Delta,103,-0.9262745098039229,-26.282549019607814,9.686666666666667,885.2760784313725,0.10735119047619048
2015,2014-12-12,2014-12-12,FALSE,Suisun Marsh and Montezuma Slough,103,-0.7774999999999999,-3290.1966666666667,NA,645.9433333333333,0.11333333333333333
2015,2014-12-12,2014-12-12,FALSE,Suisun and Honker Bays,103,NA,NA,NA,NA,NA
2015,2015-02-09,2014-12-12,TRUE,Cache Slough and Liberty Island,162,1.0733333333333341,-56.745000000000005,46.185,NA,0.16666666666666666
2015,2015-02-09,2014-12-12,TRUE,Confluence,162,0.3786666666666676,-539.9599999999996,22.47266666666667,15353.333333333336,0.2533333333333333
2015,2015-02-09,2014-12-12,TRUE,North and South Forks Mokelumne River,162,0.7333333333333325,-12.704666666666668,56.45933333333333,3395.4444444444443,0.5291666666666667
2015,2015-02-09,2014-12-12,TRUE,Out of Bounds,162,0.8866666666666667,-104.2266666666668,6.689999999999998,NA,NA
2015,2015-02-09,2014-12-12,TRUE,Sacramento River Deep Water Ship Channel,162,0.8844444444444441,-25.866111111111138,25.252222222222223,1881.6166666666666,0.05666666666666667
2015,2015-02-09,2014-12-12,TRUE,Sacramento River Mainstem,162,0.39222222222222314,-58.09,247.38444444444445,20953.441666666666,NA
2015,2015-02-09,2014-12-12,TRUE,San Pablo Bay and Carquinez Strait,162,0.25222222222222257,-5779.992222222223,1.0316666666666663,NA,NA
2015,2015-02-09,2014-12-12,TRUE,South Delta,162,0.873921568627452,-36.274509803921546,1.5323529411764705,753.4404444444446,0.03074404761904762
2015,2015-02-09,2014-12-12,TRUE,Suisun Marsh and Montezuma Slough,162,0.7058333333333326,-1108.1708333333345,NA,-113.40666666666675,5.551115123125783e-17
2015,2015-02-09,2014-12-12,TRUE,Suisun and Honker Bays,162,NA,NA,NA,NA,NA
2016,2016-01-08,2016-01-08,FALSE,Cache Slough and Liberty Island,130,0.5716666666666663,24.19500000000005,4.8999999999999995,NA,0.07999999999999999
2016,2016-01-08,2016-01-08,FALSE,Confluence,130,0.21866666666666923,-489.73,1.9086666666666687,8131.111111111113,0.14444444444444443
2016,2016-01-08,2016-01-08,FALSE,North and South Forks Mokelumne River,130,0.5713333333333326,-0.9926666666666506,5.828666666666668,999.1111111111111,0.11249999999999999
2016,2016-01-08,2016-01-08,FALSE,Out of Bounds,130,0.2400000000000002,-191.13666666666666,17.92666666666667,NA,NA
2016,2016-01-08,2016-01-08,FALSE,Sacramento River Deep Water Ship Channel,130,0.4461111111111107,19.86722222222224,5.910000000000002,2382,0.011666666666666659
2016,2016-01-08,2016-01-08,FALSE,Sacramento River Mainstem,130,0.8142857142857132,-38.89761904761906,41.29238095238095,4792.251111111111,0.6505555555555556
2016,2016-01-08,2016-01-08,FALSE,San Pablo Bay and Carquinez Strait,130,0.05555555555555536,-3365.4888888888854,4.6899999999999995,NA,NA
2016,2016-01-08,2016-01-08,FALSE,South Delta,130,0.31725490196078354,-68.20784313725494,3.1945098039215676,240.66039215686283,0.062083333333333324
2016,2016-01-08,2016-01-08,FALSE,Suisun Marsh and Montezuma Slough,130,0.0022222222222207932,-910.1500000000005,NA,653.4066666666668,0.16666666666666663
2016,2016-01-08,2016-01-08,FALSE,Suisun and Honker Bays,130,0.0033333333333338544,-2975.1944444444453,3.5322222222222237,NA,NA
2016,2016-03-06,2016-01-08,TRUE,Cache Slough and Liberty Island,188,-1.5350000000000001,-97.82166666666666,76.285,NA,0.13000000000000003
2016,2016-03-06,2016-01-08,TRUE,Confluence,188,-0.200666666666665,66.99466666666672,3.8166666666666664,18892,0.3122222222222222
2016,2016-03-06,2016-01-08,TRUE,North and South Forks Mokelumne River,188,-0.8313333333333333,-0.48799999999999955,18.220000000000002,3821.8888888888887,0.5008333333333334
2016,2016-03-06,2016-01-08,TRUE,Out of Bounds,188,-1.8399999999999999,-139.94000000000005,4.986666666666666,NA,NA
2016,2016-03-06,2016-01-08,TRUE,Sacramento River Deep Water Ship Channel,188,-0.31333333333333435,11.904444444444437,9.376666666666669,6334.84,0.10833333333333335
2016,2016-03-06,2016-01-08,TRUE,Sacramento River Mainstem,188,-0.9747619047619036,-22.26000000000002,34.50857142857143,9103.497777777777,1.0727777777777778
2016,2016-03-06,2016-01-08,TRUE,San Pablo Bay and Carquinez Strait,188,-0.44444444444444464,-2973.917777777777,17.54,NA,NA
2016,2016-03-06,2016-01-08,TRUE,South Delta,188,-0.8170588235294112,-37.373921568627395,1.481960784313725,884.9929411764706,0.078125
2016,2016-03-06,2016-01-08,TRUE,Suisun Marsh and Montezuma Slough,188,-0.663333333333334,437.123333333333,NA,510.12666666666667,0.14333333333333334
2016,2016-03-06,2016-01-08,TRUE,Suisun and Honker Bays,188,-0.844444444444445,-279.2255555555548,11.024444444444445,NA,NA
2016,2016-03-12,2016-01-08,TRUE,Cache Slough and Liberty Island,194,-0.5216666666666665,-33.65499999999997,20.946666666666673,NA,0.08
2016,2016-03-12,2016-01-08,TRUE,Confluence,194,-0.5579999999999998,-17.073333333333267,1.4833333333333343,14622.222222222226,0.21666666666666679
2016,2016-03-12,2016-01-08,TRUE,North and South Forks Mokelumne River,194,-0.34133333333333304,9.13199999999999,-9.593333333333334,1048.8888888888887,0.008333333333333304
2016,2016-03-12,2016-01-08,TRUE,Out of Bounds,194,-0.16999999999999993,84.19666666666672,2.979999999999997,NA,NA
2016,2016-03-12,2016-01-08,TRUE,Sacramento River Deep Water Ship Channel,194,-0.5633333333333326,12.139999999999986,-5.421111111111109,7206.666666666667,0.09333333333333335
2016,2016-03-12,2016-01-08,TRUE,Sacramento River Mainstem,194,-0.3766666666666669,6.775238095238095,-25.524095238095242,7891.390833333331,0.45944444444444477
2016,2016-03-12,2016-01-08,TRUE,San Pablo Bay and Carquinez Strait,194,-0.6533333333333324,-7206.543333333333,14.131666666666668,NA,NA
2016,2016-03-12,2016-01-08,TRUE,South Delta,194,-0.6345098039215689,-11.443137254901956,0.5319607843137248,375.2152941176471,0.015833333333333352
2016,2016-03-12,2016-01-08,TRUE,Suisun Marsh and Montezuma Slough,194,-1.0733333333333341,-639.2399999999998,NA,475.4333333333334,0.08000000000000002
2016,2016-03-12,2016-01-08,TRUE,Suisun and Honker Bays,194,-0.9655555555555537,-1856.1266666666663,17.85,NA,NA
2017,2016-12-11,2016-12-11,FALSE,Cache Slough and Liberty Island,102,0.3200000000000003,-8.879999999999995,3.460000000000001,NA,-0.013333333333333336
2017,2016-12-11,2016-12-11,FALSE,Confluence,102,-0.007333333333333414,34.248666666666395,1.8226666666666684,22829.777777777777,0.3466666666666667
2017,2016-12-11,2016-12-11,FALSE,North and South Forks Mokelumne River,102,0.23000000000000043,-16.85916666666668,12.215000000000002,2575.5555555555557,0.31999999999999995
2017,2016-12-11,2016-12-11,FALSE,Out of Bounds,102,1.1733333333333338,46.8900000000001,-1.9033333333333324,NA,NA
2017,2016-12-11,2016-12-11,FALSE,Sacramento River Deep Water Ship Channel,102,0.03388888888888886,-39.02722222222221,3.8499999999999996,1376.1166666666666,0.03666666666666667
2017,2016-12-11,2016-12-11,FALSE,Sacramento River Mainstem,102,0.7157142857142862,-41.81857142857143,40.51809523809524,10169.310833333333,1.1244444444444444
2017,2016-12-11,2016-12-11,FALSE,San Pablo Bay and Carquinez Strait,102,0.008888888888888502,-364.09333333333416,5.23,NA,NA
2017,2016-12-11,2016-12-11,FALSE,South Delta,102,0.35117647058823565,42.60270833333334,0.785061274509804,78.56242332830561,-0.03357142857142856
2017,2016-12-11,2016-12-11,FALSE,Suisun Marsh and Montezuma Slough,102,0.2575000000000003,1204.0825000000013,NA,290.77666666666664,0.09333333333333332
2017,2016-12-11,2016-12-11,FALSE,Suisun and Honker Bays,102,0.04111111111111221,89.6077777777773,-1.9622222222222234,NA,NA
2017,2016-12-15,2016-12-11,TRUE,Cache Slough and Liberty Island,106,0.23666666666666636,14.389999999999986,17.71,NA,0.04333333333333333
2017,2016-12-15,2016-12-11,TRUE,Confluence,106,0.03133333333333432,-358.1400000000003,8.968666666666667,12722.222222222219,0.12
2017,2016-12-15,2016-12-11,TRUE,North and South Forks Mokelumne River,106,0.3458333333333332,-38.425,8.917499999999997,2352.2222222222217,0.1416666666666666
2017,2016-12-15,2016-12-11,TRUE,Out of Bounds,106,-0.3433333333333337,-30.66999999999996,3.24,NA,NA
2017,2016-12-15,2016-12-11,TRUE,Sacramento River Deep Water Ship Channel,106,0.38166666666666593,26.812777777777768,7.303333333333335,3291.5,0.10166666666666666
2017,2016-12-15,2016-12-11,TRUE,Sacramento River Mainstem,106,0.16428571428571281,-15.150476190476184,-7.797619047619065,9402.129166666666,0.7258333333333336
2017,2016-12-15,2016-12-11,TRUE,San Pablo Bay and Carquinez Strait,106,-0.3677777777777784,-5983.582222222223,9.886666666666667,NA,NA
2017,2016-12-15,2016-12-11,TRUE,South Delta,106,-0.08470588235294052,-25.42291666666665,1.9845098039215685,349.7824514831573,0.08675595238095238
2017,2016-12-15,2016-12-11,TRUE,Suisun Marsh and Montezuma Slough,106,-0.1899999999999995,-2350.2474999999995,NA,656.6,0.12333333333333338
2017,2016-12-15,2016-12-11,TRUE,Suisun and Honker Bays,106,-0.44166666666666643,-5367.762777777777,24.94055555555556,NA,NA
2017,2017-01-05,2016-12-11,TRUE,Cache Slough and Liberty Island,127,0.18333333333333357,5.409999999999997,18.473333333333336,NA,0.09000000000000002
2017,2017-01-05,2016-12-11,TRUE,Confluence,127,0.09333333333333371,0.34266666666667334,4.672666666666668,15616.666666666664,0.2511111111111112
2017,2017-01-05,2016-12-11,TRUE,North and South Forks Mokelumne River,127,0.1949999999999985,-4.714166666666671,16.216666666666665,5216.666666666666,0.6575000000000001
2017,2017-01-05,2016-12-11,TRUE,Out of Bounds,127,0.9466666666666654,-799.62,37.96333333333333,NA,NA
2017,2017-01-05,2016-12-11,TRUE,Sacramento River Deep Water Ship Channel,127,0.08000000000000185,4.887777777777785,5.556666666666668,1567.683333333333,0.038333333333333316
2017,2017-01-05,2016-12-11,TRUE,Sacramento River Mainstem,127,-0.08999999999999986,-26.601904761904763,23.035238095238096,10503.124166666668,1.123333333333333
2017,2017-01-05,2016-12-11,TRUE,San Pablo Bay and Carquinez Strait,127,-0.08222222222222086,-696.4511111111096,-4.170000000000002,NA,NA
2017,2017-01-05,2016-12-11,TRUE,South Delta,127,0.3217647058823534,-130.94980392156862,5.778823529411763,1368.1047843137255,0.206875
2017,2017-01-05,2016-12-11,TRUE,Suisun Marsh and Montezuma Slough,127,0.1416666666666675,22.676666666666733,NA,408.06,0.09
2017,2017-01-05,2016-12-11,TRUE,Suisun and Honker Bays,127,-0.043333333333331225,-190.33833333333337,-14.148333333333333,NA,NA
2017,2017-01-21,2016-12-11,TRUE,Cache Slough and Liberty Island,143,NA,NA,0.8400000000000034,NA,0.18666666666666654
2017,2017-01-21,2016-12-11,TRUE,Confluence,143,0.23466666666666747,16.276000000000067,3.9399999999999977,7788.888888888876,0.10555555555555518
2017,2017-01-21,2016-12-11,TRUE,North and South Forks Mokelumne River,143,0.43416666666666615,2.693333333333328,3.4508333333333354,3884.4444444444434,0.46250000000000013
2017,2017-01-21,2016-12-11,TRUE,Out of Bounds,143,0.5999999999999996,23.643333333333345,38.29666666666666,NA,NA
2017,2017-01-21,2016-12-11,TRUE,Sacramento River Deep Water Ship Channel,143,0.3377777777777773,24.247777777777742,-4.632222222222218,5218.333333333336,0.1333333333333333
2017,2017-01-21,2016-12-11,TRUE,Sacramento River Mainstem,143,0.2819047619047623,8.353333333333325,0.14119047619048075,-1004.4991666666683,-0.09416666666666629
2017,2017-01-21,2016-12-11,TRUE,San Pablo Bay and Carquinez Strait,143,0.08333333333333393,-525.0955555555555,-2.268333333333331,NA,NA
2017,2017-01-21,2016-12-11,TRUE,South Delta,143,0.15607843137254918,-0.9217647058823673,10.51862745098039,-860.7419607843136,-0.29202380952380946
2017,2017-01-21,2016-12-11,TRUE,Suisun Marsh and Montezuma Slough,143,0.5399999999999991,-156.50833333333333,NA,365.85000000000036,0.06333333333333324
2017,2017-01-21,2016-12-11,TRUE,Suisun and Honker Bays,143,0.2683333333333344,13.058333333333309,-25.093333333333334,NA,NA
2017,2017-01-23,2016-12-11,TRUE,Cache Slough and Liberty Island,145,NA,NA,-81.40333333333334,NA,0.38666666666666694
2017,2017-01-23,2016-12-11,TRUE,Confluence,145,0.08066666666666578,6.4833333333333485,3.8926666666666634,5644.4444444444525,0.11555555555555563
2017,2017-01-23,2016-12-11,TRUE,North and South Forks Mokelumne River,145,0.15166666666666728,1.5600000000000023,-0.2191666666666663,1184.4444444444453,0.20500000000000007
2017,2017-01-23,2016-12-11,TRUE,Out of Bounds,145,0.10666666666666735,14.769999999999982,-15.573333333333338,NA,NA
2017,2017-01-23,2016-12-11,TRUE,Sacramento River Deep Water Ship Channel,145,0.15888888888888886,17.30666666666673,-1.2333333333333272,3715,0.10333333333333328
2017,2017-01-23,2016-12-11,TRUE,Sacramento River Mainstem,145,0.09809523809523668,6.527142857142849,2.8876984126984198,-1664.018333333337,-0.08833333333333337
2017,2017-01-23,2016-12-11,TRUE,San Pablo Bay and Carquinez Strait,145,0.21333333333333293,-265.07000000000005,-0.5699999999999932,NA,NA
2017,2017-01-23,2016-12-11,TRUE,South Delta,145,0.12176470588235411,11.535686274509828,1.1343137254901947,1847.8419084967322,0.1697321428571429
2017,2017-01-23,2016-12-11,TRUE,Suisun Marsh and Montezuma Slough,145,0.33833333333333293,-18.008333333333326,NA,256.6833333333334,0.08000000000000007
2017,2017-01-23,2016-12-11,TRUE,Suisun and Honker Bays,145,0.19500000000000028,10.150000000000006,-12.09833333333333,NA,NA
2017,2017-02-04,2016-12-11,TRUE,Cache Slough and Liberty Island,157,1.5566666666666649,51.436666666666696,14.690000000000005,NA,0.21000000000000008
2017,2017-02-04,2016-12-11,TRUE,Confluence,157,0.7753333333333323,11.049999999999955,-2.865333333333332,10566.666666666672,0.15444444444444438
2017,2017-02-04,2016-12-11,TRUE,North and South Forks Mokelumne River,157,1.019166666666667,-3.209166666666661,1.305833333333334,3537.7777777777774,0.14027777777777772
2017,2017-02-04,2016-12-11,TRUE,Out of Bounds,157,1.1966666666666672,-10.626666666666665,-2.623333333333333,NA,NA
2017,2017-02-04,2016-12-11,TRUE,Sacramento River Deep Water Ship Channel,157,1.0655555555555551,19.347777777777765,-5.484444444444442,3843.3999999999996,0.09666666666666668
2017,2017-02-04,2016-12-11,TRUE,Sacramento River Mainstem,157,0.607619047619048,-15.839047619047605,3.4247619047619047,3526.713333333333,0.2224999999999997
2017,2017-02-04,2016-12-11,TRUE,San Pablo Bay and Carquinez Strait,157,0.6549999999999994,-1685.463888888889,-11.360000000000007,NA,NA
2017,2017-02-04,2016-12-11,TRUE,South Delta,157,1.1019607843137251,-14.357058823529428,-2.251176470588236,-389.2364705882351,-0.04104166666666664
2017,2017-02-04,2016-12-11,TRUE,Suisun Marsh and Montezuma Slough,157,1.0316666666666663,-82.64083333333338,NA,133.90999999999985,0.016666666666666663
2017,2017-02-04,2016-12-11,TRUE,Suisun and Honker Bays,157,0.8922222222222214,8.796666666666653,-5.733333333333334,NA,NA
2017,2017-02-15,2016-12-11,TRUE,Cache Slough and Liberty Island,168,-0.8466666666666676,3.836666666666659,-46.04666666666667,NA,-0.06000000000000005
2017,2017-02-15,2016-12-11,TRUE,Confluence,168,-0.017999999999998906,9.5473333333332,-18.944000000000003,30522.22222222222,-0.3688888888888888
2017,2017-02-15,2016-12-11,TRUE,North and South Forks Mokelumne River,168,-0.3291666666666675,11.602500000000006,-55.37,-8360,-0.8058333333333332
2017,2017-02-15,2016-12-11,TRUE,Out of Bounds,168,0.07333333333333414,-13.926666666666648,2.879999999999999,NA,NA
2017,2017-02-15,2016-12-11,TRUE,Sacramento River Deep Water Ship Channel,168,0.014444444444444926,106.19166666666669,-54.21944444444444,360,0.026666666666666672
2017,2017-02-15,2016-12-11,TRUE,Sacramento River Mainstem,168,-0.17809523809523853,8.721904761904753,-25.072380952380954,-2684.6800000000003,-0.10416666666666652
2017,2017-02-15,2016-12-11,TRUE,San Pablo Bay and Carquinez Strait,168,0.007777777777777217,10.306666666666644,-17.87166666666667,NA,NA
2017,2017-02-15,2016-12-11,TRUE,South Delta,168,0.08647058823529541,-23.45450980392158,2.0066797385620916,1309.5788235294121,0.15499999999999992
2017,2017-02-15,2016-12-11,TRUE,Suisun Marsh and Montezuma Slough,168,-0.07416666666666671,11.29833333333329,NA,-843.7633333333333,-0.17999999999999994
2017,2017-02-15,2016-12-11,TRUE,Suisun and Honker Bays,168,0.11666666666666714,9.439999999999998,-8.455555555555549,NA,NA
2017,2017-02-18,2016-12-11,TRUE,Cache Slough and Liberty Island,171,-0.45333333333333314,9.506666666666675,33.60666666666667,NA,-0.10666666666666647
2017,2017-02-18,2016-12-11,TRUE,Confluence,171,-0.20133333333333425,22.136000000000195,-1.6706666666666692,6000,0.08444444444444432
2017,2017-02-18,2016-12-11,TRUE,North and South Forks Mokelumne River,171,-0.10749999999999993,1.8766666666666652,-8.713333333333335,-2191.1111111111113,-0.28916666666666657
2017,2017-02-18,2016-12-11,TRUE,Out of Bounds,171,-0.2900000000000009,0.47999999999998977,3.599999999999998,NA,NA
2017,2017-02-18,2016-12-11,TRUE,Sacramento River Deep Water Ship Channel,171,0.05444444444444407,71.15777777777774,-8.234444444444442,663.3333333333335,0.03333333333333334
2017,2017-02-18,2016-12-11,TRUE,Sacramento River Mainstem,171,0.12571428571428456,6.127142857142857,-16.91380952380952,4.924999999995634,-0.029999999999999805
2017,2017-02-18,2016-12-11,TRUE,San Pablo Bay and Carquinez Strait,171,-0.36777777777777665,4.732222222222248,-19.985,NA,NA
2017,2017-02-18,2016-12-11,TRUE,South Delta,171,-0.4041176470588237,-23.67098039215685,3.405490196078432,1270.2811503267976,0.19565476190476194
2017,2017-02-18,2016-12-11,TRUE,Suisun Marsh and Montezuma Slough,171,-0.4499999999999993,-1.0558333333332826,NA,297.5666666666666,0.030000000000000027
2017,2017-02-18,2016-12-11,TRUE,Suisun and Honker Bays,171,-0.48777777777777764,14.358888888888885,-29.345555555555563,NA,NA
2017,2017-02-21,2016-12-11,TRUE,Cache Slough and Liberty Island,174,-0.033333333333333215,-5.75,22.41333333333334,NA,0.08666666666666645
2017,2017-02-21,2016-12-11,TRUE,Confluence,174,0.08466666666666711,5.178666666666459,4.776000000000003,-22444.444444444438,0.21999999999999975
2017,2017-02-21,2016-12-11,TRUE,North and South Forks Mokelumne River,174,0.3766666666666669,-0.4483333333333377,23.151666666666667,6695.555555555557,0.7341666666666669
2017,2017-02-21,2016-12-11,TRUE,Out of Bounds,174,-0.02999999999999936,9.653333333333336,11.380000000000003,NA,NA
2017,2017-02-21,2016-12-11,TRUE,Sacramento River Deep Water Ship Channel,174,-0.112222222222222,-10.154444444444437,6.236666666666665,-1471.0000000000002,-0.07333333333333335
2017,2017-02-21,2016-12-11,TRUE,Sacramento River Mainstem,174,0.33809523809523867,2.1766666666666765,0.5738095238095227,-15.360000000000582,-0.035833333333333606
2017,2017-02-21,2016-12-11,TRUE,San Pablo Bay and Carquinez Strait,174,-0.026666666666667282,7.785555555555533,9.26166666666667,NA,NA
2017,2017-02-21,2016-12-11,TRUE,South Delta,174,-0.3680392156862755,0.8311764705882183,8.314117647058822,1670.570588235294,0.13755952380952374
2017,2017-02-21,2016-12-11,TRUE,Suisun Marsh and Montezuma Slough,174,-0.17916666666666714,-9.088333333333367,NA,550.9700000000003,0.1266666666666667
2017,2017-02-21,2016-12-11,TRUE,Suisun and Honker Bays,174,-0.26111111111111107,7.717777777777769,16.071111111111108,NA,NA
2017,2017-03-20,2016-12-11,TRUE,Cache Slough and Liberty Island,201,-1.0033333333333356,-19.120000000000005,9.603333333333335,NA,-0.016666666666666663
2017,2017-03-20,2016-12-11,TRUE,Confluence,201,-0.5186666666666682,-16.430666666666866,2.9800000000000004,7533.333333333336,0.10888888888888892
2017,2017-03-20,2016-12-11,TRUE,North and South Forks Mokelumne River,201,-0.6791666666666671,-10.295000000000002,3.5116666666666685,1186.666666666666,0.06499999999999995
2017,2017-03-20,2016-12-11,TRUE,Out of Bounds,201,-0.6033333333333335,3.4899999999999807,-0.21999999999999886,NA,NA
2017,2017-03-20,2016-12-11,TRUE,Sacramento River Deep Water Ship Channel,201,-0.45333333333333137,-19.092222222222233,-1.06111111111111,1898.166666666667,0.06
2017,2017-03-20,2016-12-11,TRUE,Sacramento River Mainstem,201,-0.5104761904761901,-19.366666666666674,-5.999523809523808,4620.268333333333,0.3466666666666667
2017,2017-03-20,2016-12-11,TRUE,San Pablo Bay and Carquinez Strait,201,0.11444444444444457,669.9666666666672,-2.2950000000000017,NA,NA
2017,2017-03-20,2016-12-11,TRUE,South Delta,201,-0.42581699346405166,-3.4072026143790595,-0.0257777777777779,-357.97649673202613,-0.01383928571428572
2017,2017-03-20,2016-12-11,TRUE,Suisun Marsh and Montezuma Slough,201,-0.2699999999999996,-13.882499999999936,NA,181.34666666666658,0.023333333333333373
2017,2017-03-20,2016-12-11,TRUE,Suisun and Honker Bays,201,-0.14222222222222314,-4.0222222222222115,-6.11888888888889,NA,NA
2017,2017-04-08,2016-12-11,TRUE,Cache Slough and Liberty Island,220,-1.543333333333333,31.896666666666704,16.351666666666667,NA,0.04000000000000001
2017,2017-04-08,2016-12-11,TRUE,Confluence,220,-0.8179999999999996,2.9980000000000473,0.6479999999999997,9288.88888888889,0.15666666666666673
2017,2017-04-08,2016-12-11,TRUE,North and South Forks Mokelumne River,220,-1.0924999999999994,-0.7008333333333354,-0.4474999999999998,1977.7777777777774,0.18166666666666664
2017,2017-04-08,2016-12-11,TRUE,Out of Bounds,220,-1.2100000000000009,-1.8966666666666754,-0.25333333333333385,NA,NA
2017,2017-04-08,2016-12-11,TRUE,Sacramento River Deep Water Ship Channel,220,-1.1716666666666669,-49.17722222222221,2.2044444444444444,1849.833333333333,0.0733333333333333
2017,2017-04-08,2016-12-11,TRUE,Sacramento River Mainstem,220,-1.5547619047619037,-21.130476190476188,6.654761904761905,3877.835555555557,0.4325000000000001
2017,2017-04-08,2016-12-11,TRUE,San Pablo Bay and Carquinez Strait,220,-0.15444444444444372,-2753.422222222222,6.493333333333336,NA,NA
2017,2017-04-08,2016-12-11,TRUE,South Delta,220,-1.0552941176470583,-0.40549019607843206,0.9589583333333334,75.18470588235323,-0.00895833333333329
2017,2017-04-08,2016-12-11,TRUE,Suisun Marsh and Montezuma Slough,220,-0.6350000000000016,14.531666666666638,NA,NA,NA
2017,2017-04-08,2016-12-11,TRUE,Suisun and Honker Bays,220,-0.379999999999999,10.792222222222222,-4.472222222222221,NA,NA
2017,2017-04-16,2016-12-11,TRUE,Cache Slough and Liberty Island,228,0.47999999999999865,3.1066666666666265,-3.9883333333333333,NA,0.2633333333333333
2017,2017-04-16,2016-12-11,TRUE,Confluence,228,0.07066666666666777,0.2633333333335486,-0.6280000000000019,-9100,-0.15333333333333343
2017,2017-04-16,2016-12-11,TRUE,North and South Forks Mokelumne River,228,-0.2283333333333335,-1.268333333333345,0.4041666666666668,148.8888888888887,0.013333333333333197
2017,2017-04-16,2016-12-11,TRUE,Out of Bounds,228,-0.5166666666666675,-17.346666666666664,-0.11333333333333329,NA,NA
2017,2017-04-16,2016-12-11,TRUE,Sacramento River Deep Water Ship Channel,228,0.09999999999999787,-6.925555555555604,-0.6855555555555561,3494.666666666666,0.09500000000000003
2017,2017-04-16,2016-12-11,TRUE,Sacramento River Mainstem,228,0.019999999999999574,-0.8338095238095207,2.775714285714283,1224.9041666666599,0.07666666666666666
2017,2017-04-16,2016-12-11,TRUE,San Pablo Bay and Carquinez Strait,228,-0.163333333333334,2716.7322222222224,-9.56,NA,NA
2017,2017-04-16,2016-12-11,TRUE,South Delta,228,-0.19000000000000128,-14.628235294117644,-0.6462745098039226,-815.8110306686776,-0.12874007936507936
2017,2017-04-16,2016-12-11,TRUE,Suisun Marsh and Montezuma Slough,228,-0.07583333333333364,15.774999999999977,NA,-24.816666666666606,-0.02999999999999997
2017,2017-04-16,2016-12-11,TRUE,Suisun and Honker Bays,228,0.004444444444445139,-6.319999999999993,-9.808888888888887,NA,NA
2018,2018-03-22,2018-03-22,FALSE,Cache Slough and Liberty Island,203,0.5733333333333341,-2.0700000000000216,5.043333333333333,NA,0.020000000000000004
2018,2018-03-22,2018-03-22,FALSE,Confluence,203,0.2560000000000002,-16.717333333333272,3.8533333333333335,19376.777777777777,0.29999999999999993
2018,2018-03-22,2018-03-22,FALSE,North and South Forks Mokelumne River,203,0.7311111111111117,-4.03333333333336,13.085555555555555,4282.222222222222,0.39222222222222214
2018,2018-03-22,2018-03-22,FALSE,Out of Bounds,203,0.966666666666665,-71.57999999999998,12.306666666666665,NA,NA
2018,2018-03-22,2018-03-22,FALSE,Sacramento River Deep Water Ship Channel,203,0.5344444444444445,-14.238888888888908,1.5044444444444451,2492.666666666667,0.07166666666666667
2018,2018-03-22,2018-03-22,FALSE,Sacramento River Mainstem,203,0.37380952380952515,-37.23142857142858,40.86952380952381,9481.773888888887,1.0311111111111113
2018,2018-03-22,2018-03-22,FALSE,San Pablo Bay and Carquinez Strait,203,0.34888888888888836,-2767.232222222223,5.018333333333334,NA,NA
2018,2018-03-22,2018-03-22,FALSE,South Delta,203,0.5872549019607849,-52.81588235294117,1.6123529411764705,462.4501960784313,0.03104166666666669
2018,2018-03-22,2018-03-22,FALSE,Suisun Marsh and Montezuma Slough,203,0.5313333333333325,-660.2440000000001,2.603333333333339,521.4622222222223,0.09222222222222225
2018,2018-03-22,2018-03-22,FALSE,Suisun and Honker Bays,203,0.23555555555555507,-737.1599999999999,30.46555555555556,NA,NA
2018,2018-04-05,2018-03-22,TRUE,Cache Slough and Liberty Island,217,-0.5933333333333337,-18.629999999999995,-0.8400000000000007,NA,-0.013333333333333336
2018,2018-04-05,2018-03-22,TRUE,Confluence,217,-0.1973333333333347,-5.570666666666739,-0.8286666666666651,14766.666666666664,0.22444444444444445
2018,2018-04-05,2018-03-22,TRUE,North and South Forks Mokelumne River,217,-1.040000000000001,-23.200000000000017,2.2377777777777785,2630,0.2522222222222222
2018,2018-04-05,2018-03-22,TRUE,Out of Bounds,217,-1.2166666666666686,-54.99000000000001,1.6666666666666643,NA,NA
2018,2018-04-05,2018-03-22,TRUE,Sacramento River Deep Water Ship Channel,217,-0.464444444444446,-9.045555555555552,-3.8900000000000006,1556.45,0.04000000000000001
2018,2018-04-05,2018-03-22,TRUE,Sacramento River Mainstem,217,-1.9280952380952368,-30.64666666666666,8.64904761904762,8339.643333333335,0.9066666666666665
2018,2018-04-05,2018-03-22,TRUE,San Pablo Bay and Carquinez Strait,217,0.10777777777777864,463.9077777777784,-21.293333333333337,NA,NA
2018,2018-04-05,2018-03-22,TRUE,South Delta,217,-0.3596078431372547,-29.26392156862744,-1.498125,322.1611764705882,0.08705357142857145
2018,2018-04-05,2018-03-22,TRUE,Suisun Marsh and Montezuma Slough,217,-0.34533333333333616,-39.54933333333338,-11.266666666666666,353.54999999999995,0.04666666666666666
2018,2018-04-05,2018-03-22,TRUE,Suisun and Honker Bays,217,0.2044444444444462,-53.2811111111111,-25.134444444444448,NA,NA
2019,2019-01-17,2019-01-17,FALSE,Cache Slough and Liberty Island,139,1.0383333333333322,-63.224999999999966,82.08666666666666,NA,0.15333333333333335
2019,2019-01-17,2019-01-17,FALSE,Confluence,139,0.2986666666666675,-8.349999999999909,6.575333333333333,17863.91111111111,0.29555555555555546
2019,2019-01-17,2019-01-17,FALSE,North and South Forks Mokelumne River,139,0.4855555555555551,28.044444444444423,5.158888888888889,3783.333333333333,0.38666666666666666
2019,2019-01-17,2019-01-17,FALSE,Out of Bounds,139,1.2200000000000006,-166.98666666666668,57.70666666666666,NA,NA
2019,2019-01-17,2019-01-17,FALSE,Sacramento River Deep Water Ship Channel,139,0.4988888888888887,16.197777777777787,17.665,3634.7833333333333,0.10333333333333332
2019,2019-01-17,2019-01-17,FALSE,Sacramento River Mainstem,139,0.3171428571428585,-0.18190476190477511,46.69904761904761,6387.909999999998,0.697777777777778
2019,2019-01-17,2019-01-17,FALSE,San Pablo Bay and Carquinez Strait,139,0.40888888888888886,-3374.0300000000025,11.233333333333333,NA,NA
2019,2019-01-17,2019-01-17,FALSE,South Delta,139,0.6617647058823533,-60.20999999999992,7.171372549019608,804.176862745098,0.11375000000000002
2019,2019-01-17,2019-01-17,FALSE,Suisun Marsh and Montezuma Slough,139,0.9713333333333338,42.32333333333327,11.099333333333334,-304.5366666666665,-0.04666666666666669
2019,2019-01-17,2019-01-17,FALSE,Suisun and Honker Bays,139,0.7555555555555546,-455.76777777777806,4.989444444444445,NA,NA
2019,2019-02-04,2019-01-17,TRUE,Cache Slough and Liberty Island,157,-1.1583333333333332,-52.94499999999999,24.991666666666667,NA,0.17333333333333334
2019,2019-02-04,2019-01-17,TRUE,Confluence,157,-0.2859999999999996,1.5160000000000764,5.535999999999998,19834.22222222222,0.31333333333333324
2019,2019-02-04,2019-01-17,TRUE,North and South Forks Mokelumne River,157,-0.482222222222223,-34.27111111111111,17.192222222222224,4437.777777777777,0.4466666666666667
2019,2019-02-04,2019-01-17,TRUE,Out of Bounds,157,-2.08,-399.21666666666675,40.74666666666667,NA,NA
2019,2019-02-04,2019-01-17,TRUE,Sacramento River Deep Water Ship Channel,157,-0.5333333333333332,1.161111111111154,13.939999999999998,3497.666666666667,0.09333333333333332
2019,2019-02-04,2019-01-17,TRUE,Sacramento River Mainstem,157,-0.9471428571428575,-53.90238095238095,73.13714285714285,7887.947777777777,0.9038888888888887
2019,2019-02-04,2019-01-17,TRUE,San Pablo Bay and Carquinez Strait,157,-0.6366666666666667,-5247.29111111111,9.135000000000005,NA,NA
2019,2019-02-04,2019-01-17,TRUE,South Delta,157,-0.7678431372549035,-102.95098039215685,6.012156862745098,1682.392916666667,0.18911111111111112
2019,2019-02-04,2019-01-17,TRUE,Suisun Marsh and Montezuma Slough,157,-0.8308333333333326,-106.53983333333326,-8.394833333333331,724.4333333333334,0.14333333333333334
2019,2019-02-04,2019-01-17,TRUE,Suisun and Honker Bays,157,-0.5877777777777773,-356.5566666666664,-14.711111111111109,NA,NA
2019,2019-02-14,2019-01-17,TRUE,Cache Slough and Liberty Island,167,1.0649999999999995,-167.83333333333337,82.71333333333334,NA,0.43500000000000005
2019,2019-02-14,2019-01-17,TRUE,Confluence,167,0.3293333333333326,-2.7813333333333503,12.803333333333338,27738.888888888887,0.42999999999999994
2019,2019-02-14,2019-01-17,TRUE,North and South Forks Mokelumne River,167,0.6266666666666669,-14.731111111111119,15.491111111111113,6655.555555555557,0.5788888888888889
2019,2019-02-14,2019-01-17,TRUE,Out of Bounds,167,1.0433333333333348,-34.97000000000003,20.620000000000005,NA,NA
2019,2019-02-14,2019-01-17,TRUE,Sacramento River Deep Water Ship Channel,167,0.31444444444444564,-26.856666666666683,12.391111111111115,7880.416666666667,0.20166666666666666
2019,2019-02-14,2019-01-17,TRUE,Sacramento River Mainstem,167,0.4761904761904763,-34.608095238095245,20.138095238095236,13072.171388888884,0.8000000000000003
2019,2019-02-14,2019-01-17,TRUE,San Pablo Bay and Carquinez Strait,167,-0.12444444444444436,-2215.373333333335,3.914999999999999,NA,NA
2019,2019-02-14,2019-01-17,TRUE,South Delta,167,0.3725490196078436,-41.14039215686273,4.8331372549019616,1041.6286274509803,0.05708333333333335
2019,2019-02-14,2019-01-17,TRUE,Suisun Marsh and Montezuma Slough,167,0.33133333333333326,-366.1786666666667,22.016000000000005,712.5200000000001,0.15333333333333335
2019,2019-02-14,2019-01-17,TRUE,Suisun and Honker Bays,167,0.1644444444444435,708.71000000000015,-1.204444444444448,NA,NA
2019,2019-02-26,2019-01-17,TRUE,Cache Slough and Liberty Island,179,2.153333333333334,-101.62666666666667,99.73666666666665,NA,0.036666666666666625
2019,2019-02-26,2019-01-17,TRUE,Confluence,179,0.5800000000000001,5.492666666666764,-1.2199999999999989,18355.555555555555,0.2577777777777778
2019,2019-02-26,2019-01-17,TRUE,North and South Forks Mokelumne River,179,0.4599999999999991,-1.6233333333333348,-3.0855555555555583,2894.4444444444443,0.2188888888888888
2019,2019-02-26,2019-01-17,TRUE,Out of Bounds,179,1.0166666666666657,-4.183333333333337,-4.909999999999997,NA,NA
2019,2019-02-26,2019-01-17,TRUE,Sacramento River Deep Water Ship Channel,179,0.6511111111111116,5.215555555555568,-7.091111111111111,6431.833333333334,0.15666666666666668
2019,2019-02-26,2019-01-17,TRUE,Sacramento River Mainstem,179,0.33904761904761926,-30.308095238095234,1.318571428571424,7057.57777777778,0.5383333333333331
2019,2019-02-26,2019-01-17,TRUE,San Pablo Bay and Carquinez Strait,179,0.6244444444444444,457.51111111111095,-19.029999999999994,NA,NA
2019,2019-02-26,2019-01-17,TRUE,South Delta,179,0.6133333333333315,-15.91784313725492,-2.211764705882354,873.0878431372546,0.05875000000000008
2019,2019-02-26,2019-01-17,TRUE,Suisun Marsh and Montezuma Slough,179,0.9939999999999998,-204.73266666666666,-1.1299999999999955,502.8166666666667,0.05666666666666664
2019,2019-02-26,2019-01-17,TRUE,Suisun and Honker Bays,179,0.7922222222222217,27.121111111111105,-8.337777777777788,NA,NA
2019,2019-03-02,2019-01-17,TRUE,Cache Slough and Liberty Island,183,0.3000000000000007,83.92333333333332,-80.73333333333333,NA,1.2833333333333334
2019,2019-03-02,2019-01-17,TRUE,Confluence,183,0.48400000000000176,-10.03133333333335,29.008000000000003,33233.33333333334,0.5055555555555555
2019,2019-03-02,2019-01-17,TRUE,North and South Forks Mokelumne River,183,1.0655555555555551,-7.489999999999995,5.756666666666668,854.4444444444453,0.05555555555555558
2019,2019-03-02,2019-01-17,TRUE,Out of Bounds,183,0.49666666666666615,7.320000000000022,-1.9266666666666694,NA,NA
2019,2019-03-02,2019-01-17,TRUE,Sacramento River Deep Water Ship Channel,183,0.7788888888888881,-10.386666666666656,49.963333333333324,22241.833333333332,0.5383333333333331
2019,2019-03-02,2019-01-17,TRUE,Sacramento River Mainstem,183,1.0395238095238089,-0.11476190476190595,19.506190476190483,430.9538888888892,-0.027222222222222037
2019,2019-03-02,2019-01-17,TRUE,San Pablo Bay and Carquinez Strait,183,0.5977777777777771,-109.21333333333314,15.300000000000011,NA,NA
2019,2019-03-02,2019-01-17,TRUE,South Delta,183,0.6966666666666672,-6.891372549019593,-1.3617647058823525,942.9073725490193,0.11526785714285714
2019,2019-03-02,2019-01-17,TRUE,Suisun Marsh and Montezuma Slough,183,0.7793333333333337,-89.58866666666665,15.914000000000001,787.9633333333336,0.17333333333333328
2019,2019-03-02,2019-01-17,TRUE,Suisun and Honker Bays,183,0.8533333333333335,-12.847777777777765,33.03000000000001,NA,NA
2019,2019-03-07,2019-01-17,TRUE,Cache Slough and Liberty Island,188,0.2966666666666651,-19.296666666666624,3.3400000000000034,NA,-0.023333333333332984
2019,2019-03-07,2019-01-17,TRUE,Confluence,188,0.1033333333333335,7.812666666666473,-20.706666666666678,-1022.222222222219,-0.012222222222222578
2019,2019-03-07,2019-01-17,TRUE,North and South Forks Mokelumne River,188,-0.22444444444444223,-5.035555555555547,-14.397777777777776,45.55555555555475,0.013333333333333197
2019,2019-03-07,2019-01-17,TRUE,Out of Bounds,188,-0.47666666666666657,-0.3900000000000148,3.5266666666666637,NA,NA
2019,2019-03-07,2019-01-17,TRUE,Sacramento River Deep Water Ship Channel,188,0.11222222222222022,24.435555555555595,-32.96777777777778,-743.8333333333358,-0.011666666666666492
2019,2019-03-07,2019-01-17,TRUE,Sacramento River Mainstem,188,-0.003333333333332078,0.5161904761904736,-21.317142857142862,-2933.383055555554,0.03000000000000025
2019,2019-03-07,2019-01-17,TRUE,San Pablo Bay and Carquinez Strait,188,0.3211111111111098,-821.1944444444446,-11.13333333333334,NA,NA
2019,2019-03-07,2019-01-17,TRUE,South Delta,188,0.027647058823529136,10.04215686274506,-0.7311764705882347,304.7273464052291,-0.01261904761904753
2019,2019-03-07,2019-01-17,TRUE,Suisun Marsh and Montezuma Slough,188,-0.012000000000000455,-41.147333333333336,-10.280666666666676,15.563333333333048,0
2019,2019-03-07,2019-01-17,TRUE,Suisun and Honker Bays,188,0.003333333333332078,4.091111111111104,-18.825555555555553,NA,NA
2019,2019-03-29,2019-01-17,TRUE,Cache Slough and Liberty Island,210,0.5366666666666671,2.953333333333319,1.0983333333333327,NA,0.09666666666666668
2019,2019-03-29,2019-01-17,TRUE,Confluence,210,0.24933333333333252,0.3240000000000691,0.7579999999999991,3155.5555555555547,0.06222222222222218
2019,2019-03-29,2019-01-17,TRUE,North and South Forks Mokelumne River,210,0.34777777777777885,-3.6744444444444753,4.574444444444445,693.3333333333321,0.09888888888888892
2019,2019-03-29,2019-01-17,TRUE,Out of Bounds,210,0.2833333333333332,-1.0666666666666629,0.6533333333333342,NA,NA
2019,2019-03-29,2019-01-17,TRUE,Sacramento River Deep Water Ship Channel,210,0.3966666666666665,15.878888888888923,-2.6599999999999984,880.5,0.018333333333333368
2019,2019-03-29,2019-01-17,TRUE,Sacramento River Mainstem,210,0.5290476190476188,-3.5433333333333508,10.294761904761906,2444.437222222219,0.2783333333333333
2019,2019-03-29,2019-01-17,TRUE,San Pablo Bay and Carquinez Strait,210,0.20111111111111057,1475.2800000000002,-6.245000000000001,NA,NA
2019,2019-03-29,2019-01-17,TRUE,South Delta,210,0.4084313725490176,0.23333333333332007,0.09156862745097971,-698.2142352941173,-0.08788690476190475
2019,2019-03-29,2019-01-17,TRUE,Suisun Marsh and Montezuma Slough,210,0.36733333333333285,51.668000000000006,-4.494166666666665,87.2933333333333,0.026666666666666672
2019,2019-03-29,2019-01-17,TRUE,Suisun and Honker Bays,210,0.08888888888889035,4.125555555555536,-2.2044444444444444,NA,NA
2022,2021-10-25,2021-10-25,FALSE,Cache Slough and Liberty Island,55,-0.466666666666665,-8.22999999999999,26.743333333333336,NA,NA
2022,2021-10-25,2021-10-25,FALSE,Confluence,55,-0.261333333333333,-1284.0733333333333,-0.3680000000000003,22731.888888888887,0.35333333333333333
2022,2021-10-25,2021-10-25,FALSE,North and South Forks Mokelumne River,55,-0.5188888888888883,-39.46222222222224,7.503333333333333,3636.666666666667,0.41000000000000003
2022,2021-10-25,2021-10-25,FALSE,Out of Bounds,55,-0.6066666666666656,16.78666666666666,4.056666666666667,NA,NA
2022,2021-10-25,2021-10-25,FALSE,Sacramento River Deep Water Ship Channel,55,-0.4450000000000003,-39.245000000000005,14.491666666666667,9430,0.26
2022,2021-10-25,2021-10-25,FALSE,Sacramento River Mainstem,55,-0.8147619047619035,-16.959809523809525,33.095238095238095,8761.98,1.1538888888888887
2022,2021-10-25,2021-10-25,FALSE,San Pablo Bay and Carquinez Strait,55,-0.1266666666666687,-7183.496666666666,-2.605555555555556,NA,NA
2022,2021-10-25,2021-10-25,FALSE,South Delta,55,-0.4482352941176444,-55.02039215686273,1.3164444444444445,449.1778300653595,0.05258928571428572
2022,2021-10-25,2021-10-25,FALSE,Suisun Marsh and Montezuma Slough,55,-0.37833333333333385,-5619.036666666667,-0.06999999999999673,144.64333333333343,0.023333333333333317
2022,2021-10-25,2021-10-25,FALSE,Suisun and Honker Bays,55,-0.2988888888888894,-4424.383333333335,-11.173333333333334,NA,NA
2022,2021-12-14,2021-10-25,TRUE,Cache Slough and Liberty Island,105,-1.1333333333333329,-7.373333333333363,21.976666666666667,NA,NA
2022,2021-12-14,2021-10-25,TRUE,Confluence,105,-0.6059999999999999,-139.48066666666637,4.169999999999998,14136.666666666664,0.2222222222222222
2022,2021-12-14,2021-10-25,TRUE,North and South Forks Mokelumne River,105,-0.8844444444444441,-33.99333333333331,5.284444444444444,2849.1111111111113,0.3244444444444444
2022,2021-12-14,2021-10-25,TRUE,Out of Bounds,105,-0.43666666666666565,-157.0633333333334,9.453333333333333,NA,NA
2022,2021-12-14,2021-10-25,TRUE,Sacramento River Deep Water Ship Channel,105,-0.8866666666666667,-21.61833333333334,9.841666666666665,7539.666666666666,0.2033333333333333
2022,2021-12-14,2021-10-25,TRUE,Sacramento River Mainstem,105,-1.2947619047619057,-14.722380952380945,29.35619047619048,6117.985555555555,0.8111111111111112
2022,2021-12-14,2021-10-25,TRUE,San Pablo Bay and Carquinez Strait,105,-0.6288888888888895,-3070.1444444444423,3.5888888888888886,NA,NA
2022,2021-12-14,2021-10-25,TRUE,South Delta,105,-0.8111633986928091,-8.506483660130698,3.5672549019607844,-393.1321568627452,-0.029999999999999995
2022,2021-12-14,2021-10-25,TRUE,Suisun Marsh and Montezuma Slough,105,-0.8250000000000011,-3194.5733333333337,18.481666666666666,171.49666666666667,0.03999999999999998
2022,2021-12-14,2021-10-25,TRUE,Suisun and Honker Bays,105,-0.7377777777777776,-1132.5444444444402,6.913333333333334,NA,NA
2022,2021-12-25,2021-10-25,TRUE,Cache Slough and Liberty Island,116,0.46000000000000085,31.836666666666673,1.5399999999999991,NA,NA
2022,2021-12-25,2021-10-25,TRUE,Confluence,116,0.22600000000000087,-175.37666666666655,-1.1839999999999975,15466.666666666666,0.2433333333333333
2022,2021-12-25,2021-10-25,TRUE,North and South Forks Mokelumne River,116,0.6244444444444444,-10.641111111111115,8.545555555555556,3653.3333333333335,0.4188888888888889
2022,2021-12-25,2021-10-25,TRUE,Out of Bounds,116,0.043333333333333,-137.07333333333338,14.183333333333334,NA,NA
2022,2021-12-25,2021-10-25,TRUE,Sacramento River Deep Water Ship Channel,116,0.1416666666666675,14.055000000000007,-3.308333333333337,3730,0.09666666666666665
2022,2021-12-25,2021-10-25,TRUE,Sacramento River Mainstem,116,0.8204761904761906,-25.545714285714297,19.343809523809526,5449.271111111111,0.6872222222222223
2022,2021-12-25,2021-10-25,TRUE,San Pablo Bay and Carquinez Strait,116,-0.387777777777778,-6349.173333333332,-1.4866666666666681,NA,NA
2022,2021-12-25,2021-10-25,TRUE,South Delta,116,0.04803921568627345,-26.562352941176528,2.2219607843137252,750.7960784313725,0.08395833333333333
2022,2021-12-25,2021-10-25,TRUE,Suisun Marsh and Montezuma Slough,116,-0.04833333333333378,11.772500000000036,13.481666666666673,146.19,0.023333333333333345
2022,2021-12-25,2021-10-25,TRUE,Suisun and Honker Bays,116,-0.5144444444444449,-3408.565555555555,18.433333333333334,NA,NA
2023,2022-12-30,2022-12-30,FALSE,Cache Slough and Liberty Island,121,1.083333333333334,3.816666666666663,40.81,NA,NA
2023,2022-12-30,2022-12-30,FALSE,Confluence,121,0.668000000000001,-636.8153333333339,9.986666666666666,22243.333333333336,0.3333333333333333
2023,2022-12-30,2022-12-30,FALSE,North and South Forks Mokelumne River,121,1.1877777777777787,-52.831111111111085,34.19666666666667,6716.666666666666,0.7155555555555555
2023,2022-12-30,2022-12-30,FALSE,Out of Bounds,121,1.7666666666666657,-174.08999999999997,20.653333333333336,NA,NA
2023,2022-12-30,2022-12-30,FALSE,Sacramento River Deep Water Ship Channel,121,1.1600000000000001,-15.066666666666663,15.530000000000001,3933.3333333333335,0.10333333333333333
2023,2022-12-30,2022-12-30,FALSE,Sacramento River Mainstem,121,1.0590476190476181,-36.23523809523809,68.23571428571428,10244.285555555554,1.1783333333333335
2023,2022-12-30,2022-12-30,FALSE,San Pablo Bay and Carquinez Strait,121,0.5044444444444434,-4315.206666666665,5.055555555555557,NA,NA
2023,2022-12-30,2022-12-30,FALSE,South Delta,121,1.0131372549019613,-70.28645833333337,8.18549019607843,1154.6338803418803,0.1492063492063492
2023,2022-12-30,2022-12-30,FALSE,Suisun Marsh and Montezuma Slough,121,1.0459999999999994,-2571.9913333333334,-0.3440000000000012,287.61333333333323,0.04666666666666669
2023,2022-12-30,2022-12-30,FALSE,Suisun and Honker Bays,121,0.5777777777777793,-3554.9066666666677,3.895555555555557,NA,NA
2023,2023-01-10,2022-12-30,TRUE,Cache Slough and Liberty Island,132,0.49333333333333407,16.82833333333332,5.349999999999994,NA,0.3466666666666667
2023,2023-01-10,2022-12-30,TRUE,Confluence,132,0.35666666666666735,10.789333333333161,10.38066666666667,14366.666666666657,0.20666666666666678
2023,2023-01-10,2022-12-30,TRUE,North and South Forks Mokelumne River,132,0.39888888888888907,1.0944444444444343,-8.532222222222217,3085.5555555555547,0.3211111111111111
2023,2023-01-10,2022-12-30,TRUE,Out of Bounds,132,0.7233333333333345,-36.29666666666668,62.73333333333334,NA,NA
2023,2023-01-10,2022-12-30,TRUE,Sacramento River Deep Water Ship Channel,132,0.8399999999999999,63.370000000000005,2.950000000000003,13666.666666666664,0.36333333333333334
2023,2023-01-10,2022-12-30,TRUE,Sacramento River Mainstem,132,0.4676190476190474,12.557619047619056,-30.009523809523813,55.790333333334274,-0.03122222222222204
2023,2023-01-10,2022-12-30,TRUE,San Pablo Bay and Carquinez Strait,132,0.15222222222222115,-2150.778888888889,12.347777777777779,NA,NA
2023,2023-01-10,2022-12-30,TRUE,South Delta,132,0.45450980392156914,7.491176470588243,10.45411764705883,1577.0635555555557,0.1769047619047619
2023,2023-01-10,2022-12-30,TRUE,Suisun Marsh and Montezuma Slough,132,0.30733333333333235,-406.58333333333326,14.676666666666662,320.51,0.04666666666666669
2023,2023-01-10,2022-12-30,TRUE,Suisun and Honker Bays,132,0.2733333333333352,-173.80777777777774,25.362222222222215,NA,NA
2023,2023-01-15,2022-12-30,TRUE,Cache Slough and Liberty Island,137,-0.5366666666666653,-43.629999999999995,23.788333333333327,NA,0.9933333333333333
2023,2023-01-15,2022-12-30,TRUE,Confluence,137,0.14533333333333331,-9.79933333333338,11.310000000000002,22166.666666666657,0.32666666666666666
2023,2023-01-15,2022-12-30,TRUE,North and South Forks Mokelumne River,137,-0.017777777777777004,-15.2511111111111,3.2544444444444522,4387.777777777777,0.4333333333333331
2023,2023-01-15,2022-12-30,TRUE,Out of Bounds,137,-0.4633333333333347,-60.153333333333336,13.056666666666672,NA,NA
2023,2023-01-15,2022-12-30,TRUE,Sacramento River Deep Water Ship Channel,137,-0.22666666666666657,-24.97,25.503333333333345,23500.000000000007,0.6133333333333333
2023,2023-01-15,2022-12-30,TRUE,Sacramento River Mainstem,137,-0.040476190476189444,-4.40428571428572,-15.398095238095237,248.4897777777769,-0.004444444444444695
2023,2023-01-15,2022-12-30,TRUE,San Pablo Bay and Carquinez Strait,137,0.12444444444444436,-1171.0433333333337,21.66444444444444,NA,NA
2023,2023-01-15,2022-12-30,TRUE,South Delta,137,-0.06607843137254754,-6.342156862745128,3.8443137254901956,1937.2861960784317,0.24343253968253964
2023,2023-01-15,2022-12-30,TRUE,Suisun Marsh and Montezuma Slough,137,-0.010666666666667268,-226.2120000000001,32.85133333333333,589.3233333333333,0.11999999999999994
2023,2023-01-15,2022-12-30,TRUE,Suisun and Honker Bays,137,-0.0022222222222225696,5.587777777777774,24.35111111111111,NA,NA
2023,2023-03-01,2022-12-30,TRUE,Cache Slough and Liberty Island,182,-0.31666666666666643,30.70333333333332,17.66,NA,NA
2023,2023-03-01,2022-12-30,TRUE,Confluence,182,-0.2313333333333336,469.0453333333335,3.959666666666667,11133.333333333332,0.1866666666666667
2023,2023-03-01,2022-12-30,TRUE,North and South Forks Mokelumne River,182,-0.5288888888888881,-0.23777777777777942,11.694444444444445,2602.2222222222217,0.3088888888888889
2023,2023-03-01,2022-12-30,TRUE,Out of Bounds,182,-0.07333333333333236,-82.68333333333334,14.163333333333332,NA,NA
2023,2023-03-01,2022-12-30,TRUE,Sacramento River Deep Water Ship Channel,182,-0.5166666666666657,8.97333333333333,7.968333333333334,NA,NA
2023,2023-03-01,2022-12-30,TRUE,Sacramento River Mainstem,182,-0.6319047619047611,-42.032857142857154,19.85380952380952,4569.882777777779,0.5905555555555557
2023,2023-03-01,2022-12-30,TRUE,San Pablo Bay and Carquinez Strait,182,-0.13222222222222335,-3280.0566666666673,7.506666666666668,NA,NA
2023,2023-03-01,2022-12-30,TRUE,South Delta,182,-0.17705882352941238,-13.797499999999957,2.568235294117647,800.5588235294118,0.16702380952380952
2023,2023-03-01,2022-12-30,TRUE,Suisun Marsh and Montezuma Slough,182,0.33833333333333293,-673.596,-2.0333333333333314,318.9666666666666,0.08666666666666667
2023,2023-03-01,2022-12-30,TRUE,Suisun and Honker Bays,182,-0.10111111111111093,-1348.8300000000002,-11.972222222222221,NA,NA
2023,2023-03-10,2022-12-30,TRUE,Cache Slough and Liberty Island,191,NA,NA,NA,NA,NA
2023,2023-03-10,2022-12-30,TRUE,Confluence,191,0.429333333333334,-7.302666666666937,10.749999999999998,33433.33333333333,0.5066666666666666
2023,2023-03-10,2022-12-30,TRUE,North and South Forks Mokelumne River,191,0.3633333333333333,-24.892222222222216,12.06888888888889,6633.333333333334,0.67
2023,2023-03-10,2022-12-30,TRUE,Out of Bounds,191,0.5300000000000011,-4.1299999999999955,9.883333333333333,NA,NA
2023,2023-03-10,2022-12-30,TRUE,Sacramento River Deep Water Ship Channel,191,0.33000000000000185,-32.46333333333334,7.350000000000001,NA,NA
2023,2023-03-10,2022-12-30,TRUE,Sacramento River Mainstem,191,-0.18714285714285595,-51.78809523809525,15.00095238095238,13099.755000000001,1.3350000000000002
2023,2023-03-10,2022-12-30,TRUE,San Pablo Bay and Carquinez Strait,191,0.30666666666666664,-2457.0499999999993,3.519999999999996,NA,NA
2023,2023-03-10,2022-12-30,TRUE,South Delta,191,0.7243137254901963,0.7475000000000023,8.555098039215688,1641.344705882353,0.1175
2023,2023-03-10,2022-12-30,TRUE,Suisun Marsh and Montezuma Slough,191,0.5783333333333314,-691.2700000000002,19.916666666666664,890.1866666666667,0.1733333333333333
2023,2023-03-10,2022-12-30,TRUE,Suisun and Honker Bays,191,0.8155555555555551,-98.74444444444441,-10.256666666666668,NA,NA
2024,2024-01-23,2024-01-23,FALSE,Cache Slough and Liberty Island,145,1.336666666666666,29.726666666666688,7.919999999999998,NA,0.04666666666666666
2024,2024-01-23,2024-01-23,FALSE,Confluence,145,0.6219999999999999,-49.8100000000004,-1.4740000000000002,12515.111111111111,0.1988888888888889
2024,2024-01-23,2024-01-23,FALSE,North and South Forks Mokelumne River,145,1.0679999999999996,3.9026666666666756,2.7459999999999987,1726.6250000000005,0.20266666666666666
2024,2024-01-23,2024-01-23,FALSE,Out of Bounds,145,0.6266666666666669,-167.9066666666667,32.14,NA,NA
2024,2024-01-23,2024-01-23,FALSE,Sacramento River Deep Water Ship Channel,145,0.8550000000000004,11.813333333333333,0.529999999999994,3463.333333333334,0.10333333333333333
2024,2024-01-23,2024-01-23,FALSE,Sacramento River Mainstem,145,1.228761904761905,-16.48866666666669,25.918666666666667,5145.249444444444,0.6061111111111108
2024,2024-01-23,2024-01-23,FALSE,San Pablo Bay and Carquinez Strait,145,0.1899999999999995,-6259.662222222223,5.07,NA,NA
2024,2024-01-23,2024-01-23,FALSE,South Delta,145,0.837450980392159,-39.68509803921569,6.167647058823531,1842.9062745098038,0.1590073529411765
2024,2024-01-23,2024-01-23,FALSE,Suisun Marsh and Montezuma Slough,145,0.7119999999999997,-726.5540000000001,8.269333333333332,-17.569999999999936,0.006666666666666654
2024,2024-01-23,2024-01-23,FALSE,Suisun and Honker Bays,145,0.24555555555555486,-2875.2622222222217,9.097777777777779,NA,NA
2024,2024-02-04,2024-01-23,TRUE,Cache Slough and Liberty Island,157,-1.125,-79.0983333333333,79.74833333333332,NA,-0.1433333333333333
2024,2024-02-04,2024-01-23,TRUE,Confluence,157,-0.5393333333333317,-2.2099999999995816,21.790000000000003,7427.000000000004,0.10666666666666663
2024,2024-02-04,2024-01-23,TRUE,North and South Forks Mokelumne River,157,-0.729333333333333,0.20599999999998886,22.36933333333333,1230.833333333333,0.11133333333333328
2024,2024-02-04,2024-01-23,TRUE,Out of Bounds,157,-0.7100000000000009,-98.02333333333331,61.91333333333334,NA,NA
2024,2024-02-04,2024-01-23,TRUE,Sacramento River Deep Water Ship Channel,157,-0.5649999999999995,-15.605000000000018,20.08666666666667,2180,0.06666666666666665
2024,2024-02-04,2024-01-23,TRUE,Sacramento River Mainstem,157,-1.2526666666666664,-17.825999999999993,58.754666666666665,5760.8150000000005,0.5177777777777777
2024,2024-02-04,2024-01-23,TRUE,San Pablo Bay and Carquinez Strait,157,-0.13555555555555543,2049.756666666666,9.82,NA,NA
2024,2024-02-04,2024-01-23,TRUE,South Delta,157,-0.44078431372549076,-42.644313725490235,11.788235294117648,-623.2878431372549,-0.0025490196078431504
2024,2024-02-04,2024-01-23,TRUE,Suisun Marsh and Montezuma Slough,157,-0.5766666666666662,-90.92800000000011,17.560666666666666,-47.559999999999945,-0.006666666666666654
2024,2024-02-04,2024-01-23,TRUE,Suisun and Honker Bays,157,-0.1311111111111103,1247.6666666666667,29.256666666666668,NA,NA
2024,2024-02-20,2024-01-23,TRUE,Cache Slough and Liberty Island,173,0.6266666666666669,-40.241666666666674,22.51166666666667,NA,0.19333333333333336
2024,2024-02-20,2024-01-23,TRUE,Confluence,173,0.37666666666666515,9.960666666666839,1.8359999999999985,16644.444444444445,0.2566666666666667
2024,2024-02-20,2024-01-23,TRUE,North and South Forks Mokelumne River,173,0.8420000000000005,-6.020666666666671,11.471333333333334,2775.5,0.36533333333333334
2024,2024-02-20,2024-01-23,TRUE,Out of Bounds,173,0.7633333333333336,-81.30666666666667,27.28,NA,NA
2024,2024-02-20,2024-01-23,TRUE,Sacramento River Deep Water Ship Channel,173,0.5350000000000001,14.586666666666645,9.64333333333333,8699.999999999998,0.23000000000000004
2024,2024-02-20,2024-01-23,TRUE,Sacramento River Mainstem,173,0.6440000000000001,-15.199333333333328,23.357999999999997,4784.18888888889,0.48222222222222255
2024,2024-02-20,2024-01-23,TRUE,San Pablo Bay and Carquinez Strait,173,0.23000000000000043,-5006.0599999999995,9.086666666666666,NA,NA
2024,2024-02-20,2024-01-23,TRUE,South Delta,173,0.4741176470588222,-32.624117647058824,4.964509803921569,1666.336,0.12333333333333335
2024,2024-02-20,2024-01-23,TRUE,Suisun Marsh and Montezuma Slough,173,0.5220000000000002,-43.33133333333319,-3.8740000000000023,562.0599999999998,0.1266666666666667
2024,2024-02-20,2024-01-23,TRUE,Suisun and Honker Bays,173,0.275555555555556,-36.53777777777779,-14.391111111111115,NA,NA
