CVTA_ID,SampleDateTime,ForkLength,JulianDay,repunit,Prob_Assignment,n_non_miss_loci,z_score_flag,rosa_genotypes_str,rosa_classification,Genetic_Assignment,Spring_Pop_Assignment,Facility,LAD_Race,Date_Assigned
C245197CVP,2024-11-19 14:00,139,142,sacfall,0.972,137,Unusual,LNNLLNLLLLLL,Late,Fall,NA,CVP,Late Fall,2024-12-10
C245198CVP,2024-11-30 8:00,153,153,sacfall,0.585,129,Normal,LNNLLNLLLLLL,Late,Fall,NA,CVP,Late Fall,2024-12-10
C245199CVP,2024-12-01 10:00,170,154,sacfall,0.998,130,Normal,LNNLLNLLLLLL,Late,Late Fall,NA,CVP,Fall,2024-12-10
C245203CVP,2024-12-04 2:00,150,157,sacfall,0.996,140,Normal,LNNLLNLLL??L,Unknown,Fall,NA,CVP,Late Fall,2024-12-10
C245204CVP,2024-12-04 4:00,161,157,sacfall,0.857,131,Normal,LNNLLNLLLLLL,Late,Fall,NA,CVP,Late Fall,2024-12-10
C245205CVP,2024-12-04 4:00,151,157,sacfall,0.965,141,Unusual,LNNLLNLLLLLL,Late,Late Fall,NA,CVP,Late Fall,2024-12-10
C245210CVP,2024-12-04 12:00,138,157,sacfall,0.997,136,Extreme,LNN?LNLLLLLL,Unknown,Fall,NA,CVP,Late Fall,2024-12-10
C245211CVP,2024-12-04 12:00,150,157,sacfall,0.931,134,Extreme,LNNLLNLLLLLL,Late,Late Fall,NA,CVP,Late Fall,2024-12-10
C245213CVP,2024-12-05 8:00,170,158,sacfall,0.98,140,Unusual,LNNLLNLLLLLL,Late,Fall,NA,CVP,Fall,2024-12-10
C245215CVP,2024-12-05 18:00,136,158,sacfall,0.999,136,Normal,LNNLLNLLLLLL,Late,Late Fall,NA,CVP,Late Fall,2024-12-11
C245216CVP,2024-12-05 22:00,145,158,sacfall,1,132,Normal,LNNLLNLLLLLL,Late,Late Fall,NA,CVP,Late Fall,2024-12-11
C245217CVP,2024-12-05 23:59,149,158,sacfall,1,135,Normal,LNNLLNLLLLLL,Late,Late Fall,NA,CVP,Late Fall,2024-12-11
C245218CVP,2024-12-05 23:59,177,158,sacfall,1,130,Normal,LNNLLNLLLLLL,Late,Late Fall,NA,CVP,Fall,2024-12-11
C245221CVP,2024-12-07 14:00,123,160,sacfall,0.504,109,Normal,LNNLLNLLLLLL,Late,Fall,NA,CVP,Winter,2024-12-11
C245226CVP,2024-12-17 10:00,118,170,sacfall,1,172,Extreme,LNNLLNLLLLLL,Late,sacfall,NA,CVP,Winter,2024-12-24
C250001CVP,2025-01-02 20:00,134,187,sacfall,1,177,Extreme,LNNLLNLLLLLL,Late,sacfall,NA,CVP,Winter,2025-01-04
C250002CVP,2025-01-16 16:00,92,201,winter,1,181,Extreme,EWWEEWEEEEE?,Early-Winter,winter,NA,CVP,Winter,2025-01-20
C250001SWP,2025-01-19 7:00,171,204,sacfall,1,185,Extreme,????????????,Unknown,sacfall,NA,SWP,Winter,2025-01-21
C250082SWP,2025-02-05 11:00,177,219,sacfall,0.611,191,Extreme,LNNLLNLLLLLL,Late,sacfall,NA,SWP,Winter,2025-02-07
C250003CVP,2025-02-08 10:00,118,224,winter,1,127,Extreme,EHHEEHEEEEE?,Hybrid,winter,NA,CVP,Winter,2025-02-10
C250083SWP,2025-02-19 15:00,157,235,sacfall,1,191,Extreme,LNNLLNLLLLLL,Late,sacfall,NA,SWP,Winter,2025-02-21
C250084CVP,2025-02-21 23:59,147,237,sacfall,1,192,Extreme,LNNLLNLLLLLL,Late,sacfall,NA,CVP,Winter,2025-02-23
C250122CVP,2025-02-25 14:00,126,241,winter,1,192,Extreme,EWWEEWEEEEEL,Early-Winter,winter,NA,CVP,Winter,2025-02-27
C250004CVP,2025-02-18 18:00,36,234,sacfall,0.777,183,Normal,LNNLLNLLLLLL,Late,sacfall,NA,CVP,Fall,2025-02-28
C250005CVP,2025-02-18 18:00,37,234,sacfall,0.998,185,Normal,LNNLLNLLLLLL,Late,sacfall,NA,CVP,Fall,2025-02-28
C250006CVP,2025-02-18 18:00,37,234,sacfall,0.6,189,Normal,LNNLLNLLLLLL,Late,sacfall,NA,CVP,Fall,2025-02-28
C250007CVP,2025-02-18 18:00,33,234,sacfall,0.91,186,Normal,LNNLLNLLLLLL,Late,sacfall,NA,CVP,Fall,2025-02-28
C250008CVP,2025-02-18 20:00,35,234,sacfall,0.908,187,Normal,LNNLLNLLLLLL,Late,sacfall,NA,CVP,Fall,2025-02-28
C250009CVP,2025-02-18 20:00,36,234,sacfall,0.831,190,Normal,LNNLLNLLLLLL,Late,sacfall,NA,CVP,Fall,2025-02-28
C250010CVP,2025-02-18 20:00,37,234,sacfall,0.979,190,Normal,LNNLLNLLLLLL,Late,sacfall,NA,CVP,Fall,2025-02-28
C250011CVP,2025-02-18 20:00,36,234,sacfall,0.967,186,Normal,LNNLLNLLLLLL,Late,sacfall,NA,CVP,Fall,2025-02-28
C250012CVP,2025-02-18 20:00,40,234,sacfall,0.912,182,Normal,LNNLLNLLLLLL,Late,sacfall,NA,CVP,Fall,2025-02-28
C250013CVP,2025-02-18 20:00,36,234,sacfall,0.861,189,Normal,LNNLLNLLLLLL,Late,sacfall,NA,CVP,Fall,2025-02-28
C250014CVP,2025-02-18 20:00,42,234,sacfall,0.993,183,Normal,HNNHHNHHHHHH,Hybrid,sacfall,NA,CVP,Fall,2025-02-28
C250015CVP,2025-02-18 20:00,38,234,sacfall,0.733,187,Normal,LNNLLNLLLLLL,Late,sacfall,NA,CVP,Fall,2025-02-28
C250016CVP,2025-02-18 20:00,38,234,sacfall,0.706,188,Normal,LNNLLNLLLLLL,Late,sacfall,NA,CVP,Fall,2025-02-28
C250017CVP,2025-02-18 20:00,39,234,sacfall,0.895,190,Normal,LNNLLNLLLLLL,Late,sacfall,NA,CVP,Fall,2025-02-28
C250018CVP,2025-02-18 20:00,37,234,sacfall,0.971,190,Normal,LNNLLNLLLLLL,Late,sacfall,NA,CVP,Fall,2025-02-28
C250019CVP,2025-02-18 20:00,38,234,sacfall,0.614,190,Normal,LNNLLNLLLLLL,Late,sacfall,NA,CVP,Fall,2025-02-28
C250020CVP,2025-02-18 20:00,37,234,sacfall,0.978,187,Normal,LNNLLNLLLLLL,Late,sacfall,NA,CVP,Fall,2025-02-28
C250021CVP,2025-02-18 20:00,39,234,sacfall,0.976,189,Normal,LNNLLNLLLLLL,Late,sacfall,NA,CVP,Fall,2025-02-28
C250022CVP,2025-02-18 22:00,38,234,sacfall,0.987,189,Normal,LNNLLNLLLLLL,Late,sacfall,NA,CVP,Fall,2025-02-28
C250023CVP,2025-02-19 4:00,36,235,sacfall,0.992,190,Normal,LNNLLNLLLLLL,Late,sacfall,NA,CVP,Fall,2025-02-28
C250024CVP,2025-02-19 4:00,36,235,sacfall,0.56,130,Normal,LNNLLNLLLLLL,Late,sacfall,NA,CVP,Fall,2025-02-28
C250025CVP,2025-02-19 4:00,35,235,sacfall,0.415,189,Normal,LNNLLNLLLLLL,Late,sacfall,NA,CVP,Fall,2025-02-28
C250026CVP,2025-02-19 6:00,35,235,sacfall,0.857,190,Normal,LNNLLNLLLLLL,Late,sacfall,NA,CVP,Fall,2025-02-28
C250027CVP,2025-02-19 6:00,35,235,sacfall,0.794,155,Unusual,LNNLLNLLLLLL,Late,sacfall,NA,CVP,Fall,2025-02-28
C250028CVP,2025-02-19 6:00,36,235,sacfall,0.988,185,Normal,LNNLLNLLLLLL,Late,sacfall,NA,CVP,Fall,2025-02-28
C250029CVP,2025-02-19 8:00,37,235,sacfall,0.687,191,Normal,LNNLLNLLLLLL,Late,sacfall,NA,CVP,Fall,2025-02-28
C250030CVP,2025-02-19 8:00,37,235,sacfall,0.538,191,Normal,LNNLLNLLLLLL,Late,sacfall,NA,CVP,Fall,2025-02-28
C250031CVP,2025-02-19 8:00,38,235,sacfall,0.986,189,Normal,LNNLLNLLLLLL,Late,sacfall,NA,CVP,Fall,2025-02-28
C250032CVP,2025-02-19 18:00,37,235,sacfall,0.994,156,Normal,LNNLLNLLLLLL,Late,sacfall,NA,CVP,Fall,2025-02-28
C250033CVP,2025-02-19 18:00,36,235,sacfall,0.967,173,Normal,LNNLLNLLLLLL,Late,sacfall,NA,CVP,Fall,2025-02-28
C250034CVP,2025-02-19 18:00,39,235,sacfall,0.972,190,Normal,LNNLLNLLLLLL,Late,sacfall,NA,CVP,Fall,2025-02-28
C250035CVP,2025-02-19 18:00,41,235,sacfall,0.931,184,Normal,LNNLLNLLLLLL,Late,sacfall,NA,CVP,Fall,2025-02-28
C250036CVP,2025-02-19 20:00,36,235,sacfall,0.994,187,Normal,LNNLLNLLLLLL,Late,sacfall,NA,CVP,Fall,2025-02-28
C250037CVP,2025-02-19 20:00,37,235,sacfall,0.599,191,Normal,LNNLLNLLLLLL,Late,sacfall,NA,CVP,Fall,2025-02-28
C250038CVP,2025-02-19 22:00,39,235,sacfall,0.924,188,Normal,LNNLLNLLLLLL,Late,sacfall,NA,CVP,Fall,2025-02-28
C250039CVP,2025-02-19 22:00,38,235,sacfall,0.554,189,Normal,LNNLLNLLLLLL,Late,sacfall,NA,CVP,Fall,2025-02-28
C250040CVP,2025-02-19 22:00,39,235,sacfall,0.99,191,Normal,LNNLLNLLLLLL,Late,sacfall,NA,CVP,Fall,2025-02-28
C250041CVP,2025-02-19 22:00,40,235,sacfall,0.971,190,Normal,LNNLLNLLLLLL,Late,sacfall,NA,CVP,Fall,2025-02-28
C250042CVP,2025-02-19 22:00,37,235,sacfall,0.984,188,Normal,LNNLLNLLLLLL,Late,sacfall,NA,CVP,Fall,2025-02-28
C250043CVP,2025-02-19 23:59,40,235,sacfall,0.582,184,Normal,LNNLLNLLLLLL,Late,sacfall,NA,CVP,Fall,2025-02-28
C250044CVP,2025-02-20 2:00,35,236,sacfall,0.824,178,Extreme,LNNLLNLLLLLL,Late,sacfall,NA,CVP,Fall,2025-02-28
C250045CVP,2025-02-20 2:00,39,236,sacfall,0.88,190,Normal,LNNLLNLLLLLL,Late,sacfall,NA,CVP,Fall,2025-02-28
C250046CVP,2025-02-20 4:00,40,236,sacfall,0.923,191,Normal,LNNLLNLLLLLL,Late,sacfall,NA,CVP,Fall,2025-02-28
C250048CVP,2025-02-20 4:00,38,236,sacfall,0.739,185,Normal,LNNLLNLLLLLL,Late,sacfall,NA,CVP,Fall,2025-02-28
C250049CVP,2025-02-20 4:00,38,236,sacfall,0.991,186,Normal,LNNLLNLLLLLL,Late,sacfall,NA,CVP,Fall,2025-02-28
C250050CVP,2025-02-20 4:00,36,236,sacfall,0.997,181,Normal,LNNLLNLLLLLL,Late,sacfall,NA,CVP,Fall,2025-02-28
C250051CVP,2025-02-20 10:00,39,236,sacfall,0.938,189,Unusual,LNNLLNLLLLLL,Late,sacfall,NA,CVP,Fall,2025-02-28
C250052CVP,2025-02-20 20:00,40,236,sacfall,0.842,185,Normal,LNNLLNLLLLLL,Late,sacfall,NA,CVP,Fall,2025-02-28
C250053CVP,2025-02-20 20:00,35,236,sacfall,0.503,164,Normal,LNNLLNLLLLLL,Late,sacfall,NA,CVP,Fall,2025-02-28
C250054CVP,2025-02-20 20:00,39,236,sacfall,0.524,180,Normal,LNNLLNLLLLLL,Late,sacfall,NA,CVP,Fall,2025-02-28
C250055CVP,2025-02-20 20:00,40,236,sacfall,0.599,189,Normal,LNNLLNLLLLLL,Late,sacfall,NA,CVP,Fall,2025-02-28
C250056CVP,2025-02-20 22:00,39,236,sacfall,0.939,192,Normal,LNNLLNLLLLLL,Late,sacfall,NA,CVP,Fall,2025-02-28
C250057CVP,2025-02-20 22:00,37,236,sacfall,0.945,189,Normal,LNNLLNLLLLLL,Late,sacfall,NA,CVP,Fall,2025-02-28
C250058CVP,2025-02-20 22:00,38,236,sacfall,0.997,179,Normal,LNNLLNLLLLLL,Late,sacfall,NA,CVP,Fall,2025-02-28
C250059CVP,2025-02-20 22:00,33,236,sacfall,0.802,190,Normal,LNNLLNLLLLLL,Late,sacfall,NA,CVP,Fall,2025-02-28
C250060CVP,2025-02-20 22:00,39,236,sacfall,0.842,187,Normal,LNNLLNLLLLLL,Late,sacfall,NA,CVP,Fall,2025-02-28
C250061CVP,2025-02-20 22:00,34,236,sacfall,0.599,191,Unusual,LNNLLNLLLLLL,Late,sacfall,NA,CVP,Fall,2025-02-28
C250062CVP,2025-02-20 22:00,41,236,sacfall,0.545,188,Unusual,LNNLLNLLLLLL,Late,sacfall,NA,CVP,Fall,2025-02-28
C250063CVP,2025-02-20 23:59,39,236,sacfall,0.82,190,Unusual,LNNLLNLLLLLL,Late,sacfall,NA,CVP,Fall,2025-02-28
C250066CVP,2025-02-20 23:59,39,236,sacfall,0.758,192,Normal,LNNLLNLLLLLL,Late,sacfall,NA,CVP,Fall,2025-02-28
C250067CVP,2025-02-21 2:00,36,237,sacfall,0.623,189,Normal,LNNLLNLLLLLL,Late,sacfall,NA,CVP,Fall,2025-02-28
C250068CVP,2025-02-21 14:00,37,237,sacfall,0.692,188,Normal,LNNLLNLLLLLL,Late,sacfall,NA,CVP,Fall,2025-02-28
C250069CVP,2025-02-21 16:00,39,237,sacfall,0.657,191,Normal,LNNLLNLLLLLL,Late,sacfall,NA,CVP,Fall,2025-02-28
C250070CVP,2025-02-21 18:00,38,237,sacfall,0.972,190,Normal,LNNLLNLLLLLL,Late,sacfall,NA,CVP,Fall,2025-02-28
C250071CVP,2025-02-21 18:00,39,237,sacfall,0.633,190,Normal,LNNLLNLLLLLL,Late,sacfall,NA,CVP,Fall,2025-02-28
C250072CVP,2025-02-21 20:00,37,237,sacfall,0.66,187,Normal,LNNLLNLLLLLL,Late,sacfall,NA,CVP,Fall,2025-02-28
C250073CVP,2025-02-21 20:00,40,237,sacfall,0.937,190,Unusual,LNNLLNLLLLLL,Late,sacfall,NA,CVP,Fall,2025-02-28
C250074CVP,2025-02-21 20:00,38,237,sacfall,0.906,190,Normal,LNNLLNLLLLLL,Late,sacfall,NA,CVP,Fall,2025-02-28
C250075CVP,2025-02-21 22:00,36,237,sacfall,0.98,186,Normal,LNNLLNLLLLLL,Late,sacfall,NA,CVP,Fall,2025-02-28
C250076CVP,2025-02-21 22:00,38,237,sacfall,0.742,189,Normal,LNNLLNLLLLLL,Late,sacfall,NA,CVP,Fall,2025-02-28
C250077CVP,2025-02-21 22:00,37,237,sacfall,0.97,191,Normal,LNNLLNLLLLLL,Late,sacfall,NA,CVP,Fall,2025-02-28
C250078CVP,2025-02-21 22:00,34,237,sacfall,0.973,186,Normal,LNNLLNLLLLLL,Late,sacfall,NA,CVP,Fall,2025-02-28
C250079CVP,2025-02-21 22:00,38,237,sacfall,0.815,189,Normal,LNNLLNLLLLLL,Late,sacfall,NA,CVP,Fall,2025-02-28
C250080CVP,2025-02-21 22:00,36,237,sacfall,0.503,189,Normal,LNNLLNLLLLLL,Late,sacfall,NA,CVP,Fall,2025-02-28
C250081CVP,2025-02-21 22:00,37,237,sacfall,0.796,192,Normal,LNNLLNLLLLLL,Late,sacfall,NA,CVP,Fall,2025-02-28
C250082CVP,2025-02-21 22:00,38,237,sacfall,0.527,190,Normal,LNNLLNLLLLLL,Late,sacfall,NA,CVP,Fall,2025-02-28
C250083CVP,2025-02-21 22:00,34,237,sacfall,0.99,191,Normal,LNNLLNLLLLLL,Late,sacfall,NA,CVP,Fall,2025-02-28
C250085CVP,2025-02-22 2:00,39,238,sacfall,0.905,185,Normal,LNNLLNLLLLLL,Late,sacfall,NA,CVP,Fall,2025-02-28
C250086CVP,2025-02-22 2:00,37,238,sacfall,0.795,190,Normal,LNNLLNLLLLLL,Late,sacfall,NA,CVP,Fall,2025-02-28
C250087CVP,2025-02-22 2:00,41,238,sacfall,0.835,191,Normal,LNNLLNLLLLLL,Late,sacfall,NA,CVP,Fall,2025-02-28
C250088CVP,2025-02-22 4:00,61,238,sacfall,0.722,191,Normal,HNNHHNHHHHHH,Hybrid,sacfall,NA,CVP,Spring,2025-02-28
C250089CVP,2025-02-22 4:00,43,238,sacfall,0.904,191,Normal,LNNLLNLLLLLL,Late,sacfall,NA,CVP,Fall,2025-02-28
C250090CVP,2025-02-22 6:00,36,238,sacfall,0.651,192,Normal,LNNLLNLLLLLL,Late,sacfall,NA,CVP,Fall,2025-02-28
C250091CVP,2025-02-22 6:00,42,238,sacfall,0.991,188,Unusual,LNNLLNLLLLLL,Late,sacfall,NA,CVP,Fall,2025-02-28
C250105CVP,2025-02-23 6:00,67,239,sacfall,0.874,181,Normal,HNNHHNHHHHHH,Hybrid,sacfall,NA,CVP,Spring,2025-02-28
C250124CVP,2025-02-25 22:00,69,241,sacfall,0.902,181,Unusual,ENNEENEEEEEE,Early-Spring,Spring,Feather River,CVP,Spring,2025-02-28
C250125CVP,2025-02-25 22:00,63,241,sacfall,0.553,188,Extreme,LNNLLNLLLLLL,Late,sacfall,NA,CVP,Spring,2025-02-28
C250142CVP,2025-03-02 23:59,131,246,sacfall,1,165,Extreme,LNNLLNLLLLL?,Late,sacfall,NA,CVP,Winter,2025-03-04
C250166CVP,2025-03-05 20:00,72,249,sacfall,0.999,191,Extreme,HNNHHNHHHHHH,Hybrid,sacfall,NA,CVP,Spring,2025-03-07
C250167CVP,2025-03-05 22:00,103,249,winter,1,190,Extreme,EHHEEHEEEEEH,Hybrid,winter,NA,CVP,Winter,2025-03-07
C250176CVP,2025-03-08 16:00,97,252,sacfall,0.995,191,Extreme,ENNEENEEEEEE,Early-Spring,Spring,Feather River,CVP,Spring,2025-03-10
C250178CVP,2025-03-08 20:00,125,252,winter,1,190,Extreme,EWWEEWEEEEEH,Early-Winter,winter,NA,CVP,Winter,2025-03-12
C250189CVP,2025-03-10 2:00,103,254,sacfall,0.756,190,Extreme,ENNEENEEEEEE,Early-Spring,Spring,Feather River,CVP,Winter,2025-03-12
C250195CVP,2025-03-10 23:59,108,254,sacfall,0.888,191,Extreme,ENNEENEEEEEE,Early-Spring,Spring,Feather River,CVP,Winter,2025-03-12
C250204CVP,2025-03-13 10:00,111,257,sacfall,1,151,Extreme,ENNEENEEEEEE,Early-Spring,Spring,Feather River,CVP,Winter,2025-03-15
C250203CVP,2025-03-13 8:00,123,257,sacspring,1,191,Extreme,EHHEEHEEEEEH,Hybrid,sacspring,Mill/Deer Creek Spring,CVP,Winter,2025-03-16
C250211CVP,2025-03-14 20:00,134,258,sacfall,0.709,190,Extreme,LNNLLNLLLLLL,Late,sacfall,NA,CVP,Winter,2025-03-16
C250214CVP,2025-03-16 6:00,126,260,winter,1,191,Extreme,EHHEEHEEEEEL,Hybrid,winter,NA,CVP,Winter,2025-03-17
C250092CVP,2025-02-22 20:00,42,238,sacfall,0.794,188,Normal,LNNLLNLLLLLL,Late,sacfall,NA,CVP,Fall,2025-03-18
C250094CVP,2025-02-22 22:00,38,238,sacfall,0.855,192,Normal,LNNLLNLLLLLL,Late,sacfall,NA,CVP,Fall,2025-03-18
C250095CVP,2025-02-22 23:59,41,238,sacfall,0.925,189,Normal,LNNLLNLLLLLL,Late,sacfall,NA,CVP,Fall,2025-03-18
C250097CVP,2025-02-22 23:59,38,238,sacfall,0.737,193,Normal,LNNLLNLLLLLL,Late,sacfall,NA,CVP,Fall,2025-03-18
C250098CVP,2025-02-22 23:59,42,238,sacfall,0.471,182,Unusual,LNNLLNLLLLLL,Late,sacfall,NA,CVP,Fall,2025-03-18
C250099CVP,2025-02-22 23:59,41,238,sacfall,0.441,190,Normal,LNNLLNLLLLLL,Late,sacfall,NA,CVP,Fall,2025-03-18
C250100CVP,2025-02-22 23:59,39,238,sacfall,0.936,186,Normal,LNNLLNLLLLLL,Late,sacfall,NA,CVP,Fall,2025-03-18
C250101CVP,2025-02-22 23:59,43,238,sacfall,0.758,173,Unusual,LNNLLNLLLLLL,Late,sacfall,NA,CVP,Fall,2025-03-18
C250103CVP,2025-02-23 2:00,39,239,sacfall,0.738,192,Normal,LNNLLNLLLLLL,Late,sacfall,NA,CVP,Fall,2025-03-18
C250106CVP,2025-02-23 6:00,41,239,sacfall,0.995,189,Normal,LNNLLNLLLLLL,Late,sacfall,NA,CVP,Fall,2025-03-18
C250108CVP,2025-02-23 22:00,41,239,sacfall,0.541,188,Normal,LNNLLNLLLLLL,Late,sacfall,NA,CVP,Fall,2025-03-18
C250109CVP,2025-02-23 22:00,38,239,sacfall,0.924,185,Normal,LNNLLNLLLLLL,Late,sacfall,NA,CVP,Fall,2025-03-18
C250110CVP,2025-02-23 22:00,38,239,sacfall,0.987,182,Normal,LNNLLNLLLLLL,Late,sacfall,NA,CVP,Fall,2025-03-18
C250111CVP,2025-02-23 23:59,41,239,sacfall,0.97,190,Extreme,LNNLLNLLLLLL,Late,sacfall,NA,CVP,Fall,2025-03-18
C250112CVP,2025-02-23 23:59,37,239,sacfall,0.995,192,Normal,LNNLLNLLLLLL,Late,sacfall,NA,CVP,Fall,2025-03-18
C250113CVP,2025-02-24 2:00,44,240,sacfall,0.912,188,Normal,LNNLLNLLLLLL,Late,sacfall,NA,CVP,Fall,2025-03-18
C250114CVP,2025-02-24 2:00,38,240,sacfall,0.988,191,Normal,LNNLLNLLLLLL,Late,sacfall,NA,CVP,Fall,2025-03-18
C250115CVP,2025-02-24 2:00,44,240,sacfall,0.975,192,Normal,LNNLLNLLLLLL,Late,sacfall,NA,CVP,Fall,2025-03-18
C250116CVP,2025-02-24 2:00,38,240,sacfall,0.901,190,Normal,LNNLLNLLLLLL,Late,sacfall,NA,CVP,Fall,2025-03-18
C250117CVP,2025-02-25 2:00,45,241,sacfall,0.967,187,Normal,HNNHHNHHHHHL,Hybrid,sacfall,NA,CVP,Fall,2025-03-18
C250118CVP,2025-02-25 6:00,38,241,sacfall,0.634,185,Normal,LNNLLNLLLLLL,Late,sacfall,NA,CVP,Fall,2025-03-18
C250119CVP,2025-02-25 6:00,37,241,sacfall,0.513,193,Normal,LNNLLNLLLLLL,Late,sacfall,NA,CVP,Fall,2025-03-18
C250120CVP,2025-02-25 12:00,36,241,sacfall,0.71,170,Normal,LNNLLNLLLLLL,Late,sacfall,NA,CVP,Fall,2025-03-18
C250121CVP,2025-02-25 12:00,42,241,sacfall,0.957,190,Unusual,LNNLLNLLLLLL,Late,sacfall,NA,CVP,Fall,2025-03-18
C250123CVP,2025-02-25 20:00,49,241,sacfall,0.696,189,Normal,LNNLLNLLLLLL,Late,sacfall,NA,CVP,Fall,2025-03-18
C250126CVP,2025-02-25 22:00,47,241,sacfall,0.741,189,Normal,LNNLLNLLLLLL,Late,sacfall,NA,CVP,Fall,2025-03-18
C250128CVP,2025-02-25 22:00,39,241,sacfall,0.977,180,Normal,HNNHHNHHHHHH,Hybrid,sacfall,NA,CVP,Fall,2025-03-18
C250131CVP,2025-02-26 20:00,45,242,sacfall,0.821,189,Normal,LNNLLNLLLLLL,Late,sacfall,NA,CVP,Fall,2025-03-18
C250132CVP,2025-02-26 20:00,41,242,sacfall,0.49,189,Unusual,LNNLLNLLLLLL,Late,sacfall,NA,CVP,Fall,2025-03-18
C250133CVP,2025-02-27 4:00,40,243,sacfall,0.523,126,Unusual,LNNLLNLLLLLL,Late,sacfall,NA,CVP,Fall,2025-03-18
C250134CVP,2025-02-27 4:00,42,243,sacfall,0.786,176,Normal,HNNHHNHHHHHH,Hybrid,sacfall,NA,CVP,Fall,2025-03-18
C250136CVP,2025-02-27 16:00,44,243,sacfall,0.985,188,Normal,LNNLLNLLLLLL,Late,sacfall,NA,CVP,Fall,2025-03-18
C250137CVP,2025-02-27 20:00,49,243,sacfall,0.542,184,Unusual,LNNLLNLLLLLL,Late,sacfall,NA,CVP,Fall,2025-03-18
C250138CVP,2025-02-27 22:00,44,243,sacfall,0.775,190,Normal,HNNHHNHHHHHH,Hybrid,sacfall,NA,CVP,Fall,2025-03-18
C250139CVP,2025-02-27 22:00,41,243,sacfall,0.626,192,Normal,LNNLLNLLLLLL,Late,sacfall,NA,CVP,Fall,2025-03-18
C250140CVP,2025-02-28 6:00,45,244,sacfall,0.533,188,Unusual,LNNLLNLLLLLL,Late,sacfall,NA,CVP,Fall,2025-03-18
C250141CVP,2025-02-28 6:00,43,244,sacfall,0.559,190,Extreme,LNNLLNLLLLLL,Late,sacfall,NA,CVP,Fall,2025-03-18
C250163CVP,2025-03-04 20:00,67,248,sacfall,0.998,188,Unusual,HNNHHNHHHHHH,Hybrid,sacfall,NA,CVP,Spring,2025-03-18
C250164CVP,2025-03-04 22:00,55,248,sacfall,0.959,189,Normal,LNNLLNLLLLLL,Late,sacfall,NA,CVP,Fall,2025-03-18
C250165CVP,2025-03-04 22:00,75,248,sacfall,0.696,191,Unusual,HNNHHNHHHHHH,Hybrid,sacfall,NA,CVP,Spring,2025-03-18
C250185CVP,2025-03-09 20:00,73,253,sacfall,0.428,192,Unusual,ENNEENEEEEEE,Early-Spring,Spring,Feather River,CVP,Spring,2025-03-18
C250192CVP,2025-03-10 6:00,84,254,sacfall,0.693,187,Unusual,LNNLLNLLLLLL,Late,sacfall,NA,CVP,Spring,2025-03-18
C250201CVP,2025-03-12 22:00,65,256,sacfall,0.957,189,Normal,HNNHHNHHHHHL,Hybrid,sacfall,NA,CVP,Spring,2025-03-18
C250212CVP,2025-03-14 22:00,65,258,sacfall,0.45,178,Normal,LNNLLNLLLLLL,Late,sacfall,NA,CVP,Spring,2025-03-18
C250217CVP,2025-03-16 20:00,127,260,winter,1,192,Extreme,EWWEEWEEEEEL,Early-Winter,winter,NA,CVP,Winter,2025-03-18
C250218CVP,2025-03-16 20:00,136,260,winter,1,192,Extreme,EWWEEWEEEEEL,Early-Winter,winter,NA,CVP,Winter,2025-03-18
C250219CVP,2025-03-16 22:00,67,260,sacfall,0.988,191,Unusual,LNNLLNLLLLLL,Late,sacfall,NA,CVP,Spring,2025-03-19
C250221CVP,2025-03-17 16:00,132,261,sacfall,0.986,190,Unusual,LNNLLNLLLLLL,Late,sacfall,NA,CVP,Winter,2025-03-19
C250222CVP,2025-03-17 18:00,115,261,winter,1,192,Extreme,HHHHHHHHHHHL,Hybrid,winter,NA,CVP,Winter,2025-03-19
C250223CVP,2025-03-17 18:00,116,261,sacfall,0.735,191,Extreme,EHHEEHEEEEEH,Hybrid,sacfall,NA,CVP,Winter,2025-03-19
C250230CVP,2025-03-19 2:00,154,263,sacfall,0.984,190,Extreme,LNNLLNLLLLLL,Late,sacfall,NA,CVP,Winter,2025-03-20
C250231CVP,2025-03-19 8:00,109,263,winter,1,192,Extreme,EWWEEWEEEEEE,Early-Winter,winter,NA,CVP,Winter,2025-03-20
C250246SWP,2025-03-19 11:00,109,263,sacfall,0.98,193,Extreme,EHHEEHEEEEEH,Hybrid,sacfall,NA,SWP,Winter,2025-03-20
C250227CVP,2025-03-18 18:00,204,262,sacfall,1,106,Extreme,LNLLLLLLLL??,Late,sacfall,NA,CVP,Winter,2025-03-21
C250239CVP,2025-03-20 16:00,117,264,sacfall,0.998,190,Extreme,ENNEENEEEEEE,Early-Spring,Spring,Feather River,CVP,Winter,2025-03-23
C250245CVP,2025-03-22 2:00,120,266,sacfall,1,177,Extreme,ENNEENEEEEEE,Early-Spring,Spring,Feather River,CVP,Winter,2025-03-24
C250249CVP,2025-03-23 4:00,133,267,sacfall,0.999,181,Extreme,LNNLLNLLLLLL,Late,sacfall,NA,CVP,Winter,2025-03-24
C250168CVP,2025-03-06 10:00,47,250,sacfall,0.579,182,Normal,LNNLLNLLLLLL,Late,sacfall,NA,CVP,Fall,2025-03-26
C250169CVP,2025-03-07 10:00,41,251,sacfall,0.67,192,Normal,LNNLLNLLLLLL,Late,sacfall,NA,CVP,Fall,2025-03-26
C250170CVP,2025-03-07 20:00,42,251,sacfall,0.799,190,Unusual,LNNLLNLLLLLL,Late,sacfall,NA,CVP,Fall,2025-03-26
C250171CVP,2025-03-07 20:00,41,251,sacfall,0.803,187,Normal,LNNLLNLLLLLL,Late,sacfall,NA,CVP,Fall,2025-03-26
C250173CVP,2025-03-08 2:00,59,252,sacfall,0.611,190,Extreme,LNNLLNLLLLLL,Late,sacfall,NA,CVP,Fall,2025-03-26
C250174CVP,2025-03-08 4:00,48,252,sacfall,0.846,187,Normal,LNNLLNLLLLLL,Late,sacfall,NA,CVP,Fall,2025-03-26
C250175CVP,2025-03-08 4:00,62,252,sacfall,0.867,191,Normal,LNNLLNLLLLLL,Late,sacfall,NA,CVP,Fall,2025-03-26
C250179CVP,2025-03-09 6:00,57,253,sacfall,0.994,193,Unusual,LNNLLNLLLLLL,Late,sacfall,NA,CVP,Fall,2025-03-26
C250180CVP,2025-03-09 6:00,60,253,sacfall,0.983,190,Unusual,HHHHHHHHHHHH,Hybrid,sacfall,NA,CVP,Fall,2025-03-26
C250181CVP,2025-03-09 8:00,59,253,sacfall,0.955,191,Unusual,ENNEENEEEEEE,Early-Spring,Spring,Feather River,CVP,Fall,2025-03-26
C250182CVP,2025-03-09 14:00,53,253,sacfall,0.95,190,Extreme,LNNLLNLLLLLL,Late,sacfall,NA,CVP,Fall,2025-03-26
C250183CVP,2025-03-09 20:00,52,253,sacfall,0.477,192,Unusual,HNNHHNHHHHHH,Hybrid,sacfall,NA,CVP,Fall,2025-03-26
C250184CVP,2025-03-09 20:00,50,253,sacfall,0.893,185,Normal,LNNLLNLLLLLL,Late,sacfall,NA,CVP,Fall,2025-03-26
C250186CVP,2025-03-09 22:00,43,253,sacfall,0.8,191,Normal,LNNLLNLLLLLL,Late,sacfall,NA,CVP,Fall,2025-03-26
C250187CVP,2025-03-09 22:00,46,253,sacfall,0.415,188,Normal,LNNLLNLLLLLL,Late,sacfall,NA,CVP,Fall,2025-03-26
C250188CVP,2025-03-09 23:59,49,253,sacfall,0.97,191,Normal,LNNLLNLLLLLL,Late,sacfall,NA,CVP,Fall,2025-03-26
C250190CVP,2025-03-10 4:00,46,254,sacfall,0.923,190,Normal,LNNLLNLLLLLL,Late,sacfall,NA,CVP,Fall,2025-03-26
C250191CVP,2025-03-10 4:00,52,254,sacfall,0.505,188,Normal,LNNLLNLLLLLL,Late,sacfall,NA,CVP,Fall,2025-03-26
C250193CVP,2025-03-10 20:00,41,254,sacfall,0.626,191,Normal,LNNLLNLLLLLL,Late,sacfall,NA,CVP,Fall,2025-03-26
C250194CVP,2025-03-10 22:00,41,254,sacfall,0.997,191,Unusual,LNNLLNLLLLLL,Late,sacfall,NA,CVP,Fall,2025-03-26
C250197CVP,2025-03-11 6:00,45,255,sacfall,0.607,192,Normal,LNNLLNLLLLLL,Late,sacfall,NA,CVP,Fall,2025-03-26
C250198CVP,2025-03-11 8:00,47,255,sacfall,0.622,189,Normal,LNNLLNLLLLLL,Late,sacfall,NA,CVP,Fall,2025-03-26
C250199CVP,2025-03-12 8:00,43,256,sacfall,0.667,190,Unusual,HNNHHNHHHHHH,Hybrid,sacfall,NA,CVP,Fall,2025-03-26
C250200CVP,2025-03-12 20:00,47,256,sacfall,0.861,181,Normal,LNNLLNLLLLLL,Late,sacfall,NA,CVP,Fall,2025-03-26
C250202CVP,2025-03-12 22:00,59,256,sacfall,0.994,189,Normal,LNNLLNLLLLLL,Late,sacfall,NA,CVP,Fall,2025-03-26
C250205CVP,2025-03-13 16:00,59,257,sacfall,0.709,189,Normal,LNNLLNLLLLLL,Late,sacfall,NA,CVP,Fall,2025-03-26
C250207CVP,2025-03-13 20:00,55,257,sacfall,0.503,190,Normal,LNNLLNLLLLLL,Late,sacfall,NA,CVP,Fall,2025-03-26
C250208CVP,2025-03-14 14:00,44,258,sacfall,0.947,185,Unusual,LNNLLNLLLLLL,Late,sacfall,NA,CVP,Fall,2025-03-26
C250209CVP,2025-03-14 14:00,47,258,sacfall,0.465,192,Normal,LNNLLNLLLLLL,Late,sacfall,NA,CVP,Fall,2025-03-26
C250210CVP,2025-03-14 16:00,46,258,sacfall,0.998,180,Normal,LNNLLNLLLLLL,Late,sacfall,NA,CVP,Fall,2025-03-26
C250213CVP,2025-03-15 18:00,56,259,sacfall,0.932,192,Unusual,LNNLLNLLLLLL,Late,sacfall,NA,CVP,Fall,2025-03-26
C250215CVP,2025-03-16 8:00,52,260,sacfall,0.88,190,Unusual,ENNEENEEEEEH,Early-Spring,Spring,Feather River,CVP,Fall,2025-03-26
C250216CVP,2025-03-16 16:00,58,260,sacfall,0.921,192,Unusual,LNNLLNLLLLLL,Late,sacfall,NA,CVP,Fall,2025-03-26
C250224CVP,2025-03-17 22:00,48,261,sacfall,0.977,190,Normal,LNNLLNLLLLLL,Late,sacfall,NA,CVP,Fall,2025-03-26
C250225CVP,2025-03-17 22:00,63,261,sacfall,0.979,191,Unusual,LNNLLNLLLLLL,Late,sacfall,NA,CVP,Fall,2025-03-26
C250226CVP,2025-03-17 23:59,44,261,sacfall,0.796,190,Unusual,LNNLLNLLLLLL,Late,sacfall,NA,CVP,Fall,2025-03-26
C250228CVP,2025-03-18 20:00,102,262,sacfall,0.57,193,Normal,ENNEENEEEEEE,Early-Spring,Spring,Feather River,CVP,Spring,2025-03-26
C250229CVP,2025-03-18 22:00,84,262,sacfall,0.507,188,Normal,ENNEENEEEEEH,Early-Spring,Spring,Feather River,CVP,Spring,2025-03-26
C250232CVPa,2025-03-19 10:00,76,263,sacfall,0.871,161,Normal,LNNLLNLLLLLL,Late,sacfall,NA,CVP,Spring,2025-03-26
C250245SWP,2025-03-19 9:00,103,263,sacfall,0.785,190,Normal,ENNEENEEEEEE,Early-Spring,Spring,Feather River,SWP,Spring,2025-03-26
C250258CVP,2025-03-24 08:00:00,114,268,winter,1,190,Extreme,EHHEEHEEEEEH,Hybrid,winter,NA,CVP,Winter,2025-03-26
C250244SWP,2025-03-18 11:00:00,111,262,sacfall,1,188,Extreme,ENNEENEEEEEE,Early-Spring,Spring,Feather River,SWP,Winter,2025-04-02
C250341SWP,2025-04-06 09:00:00,128,281,sacfall,1,190,Extreme,ENNEENEEEEEE,Early-Spring,Spring,Feather River,SWP,Winter,2025-04-08
C250363CVP,2025-04-07 06:00:00,210,282,sacfall,1,189,Extreme,LNNLLNLLLLLL,Late,sacfall,NA,CVP,Winter,2025-04-08
C250233CVP,2025-03-19 14:00:00,58,263,sacfall,0.995,157,Normal,LNNLLNLLLLLH,Late,sacfall,NA,CVP,Fall,2025-04-14
C250247SWP,2025-03-19 16:00:00,60,263,sacfall,0.373,192,Normal,ENNEENEEEEEH,Early-Spring,Spring,Feather River,SWP,Fall,2025-04-14
C250234CVP,2025-03-19 18:00:00,52,263,sacfall,0.989,189,Normal,LNNLLNLLLLLL,Late,sacfall,NA,CVP,Fall,2025-04-14
C250235CVP,2025-03-19 20:00:00,71,263,sacfall,0.964,191,Normal,LNNLLNLLLLLL,Late,sacfall,NA,CVP,Spring,2025-04-14
C250237CVP,2025-03-19 20:00:00,48,263,sacfall,0.929,191,Normal,LNNLLNLLLLLL,Late,sacfall,NA,CVP,Fall,2025-04-14
C250236CVP,2025-03-19 20:00:00,87,263,sacfall,0.798,191,Normal,LNNLLNLLLLLL,Late,sacfall,NA,CVP,Spring,2025-04-14
C250238CVP,2025-03-19 22:00:00,51,263,sacfall,0.923,181,Normal,LNNLLNLLLLLL,Late,sacfall,NA,CVP,Fall,2025-04-14
C250248SWP,2025-03-20 07:00:00,65,264,sacfall,0.659,191,Normal,LNNLLNLLLLLL,Late,sacfall,NA,SWP,Fall,2025-04-14
C250249SWP,2025-03-20 08:00:00,82,264,sacfall,0.865,192,Normal,HNNHHNHHHHHH,Hybrid,sacfall,NA,SWP,Spring,2025-04-14
C250240CVP,2025-03-20 22:00:00,51,264,sacfall,0.775,189,Normal,LNNLLNLLLLLL,Late,sacfall,NA,CVP,Fall,2025-04-14
C250241CVP,2025-03-20 22:00:00,58,264,sacfall,0.444,187,Normal,LNNLLNLLLLLL,Late,sacfall,NA,CVP,Fall,2025-04-14
C250242CVP,2025-03-21 14:00:00,52,265,sacfall,0.719,184,Normal,LNNLLNLLLLLL,Late,sacfall,NA,CVP,Fall,2025-04-14
C250244CVP,2025-03-21 20:00:00,65,265,sacfall,0.99,190,Normal,LNNLLNLLLLLL,Late,sacfall,NA,CVP,Fall,2025-04-14
C250243CVP,2025-03-21 20:00:00,59,265,sacfall,0.827,191,Normal,LNNLLNLLLLLL,Late,sacfall,NA,CVP,Fall,2025-04-14
C250246CVP,2025-03-22 06:00:00,90,266,sacfall,0.814,190,Normal,EWWEEWEEEEEL,Early-Winter,Spring,Feather River,CVP,Spring,2025-04-14
C250247CVP,2025-03-22 20:00:00,110,266,sacfall,0.45,190,Normal,EHHEEHEEEEEH,Hybrid,sacfall,NA,CVP,Spring,2025-04-14
C250248CVP,2025-03-22 23:59:00,59,266,sacfall,0.918,191,Normal,LNNLLNLLLLLL,Late,sacfall,NA,CVP,Fall,2025-04-14
C250250CVP,2025-03-23 04:00:00,55,267,sacfall,0.93,190,Normal,LNNLLNLLLLLL,Late,sacfall,NA,CVP,Fall,2025-04-14
C250251CVP,2025-03-23 04:00:00,52,267,sacfall,0.405,185,Normal,LNNLLNLLLLLL,Late,sacfall,NA,CVP,Fall,2025-04-14
C250250SWP,2025-03-23 05:00:00,105,267,sacfall,0.93,187,Normal,EHHEEHEEEEEH,Hybrid,sacfall,NA,SWP,Spring,2025-04-14
C250252CVP,2025-03-23 06:00:00,58,267,sacfall,0.853,193,Normal,LNNLLNLLLLLL,Late,sacfall,NA,CVP,Fall,2025-04-14
C250253CVP,2025-03-23 06:00:00,68,267,sacfall,0.555,192,Normal,ENNEENEEEEEL,Early-Spring,Spring,Feather River,CVP,Fall,2025-04-14
C250254CVP,2025-03-23 23:59:00,89,267,sacfall,0.868,191,Normal,HNNHHNHHHHHH,Hybrid,sacfall,NA,CVP,Spring,2025-04-14
C250255CVP,2025-03-24 02:00:00,57,268,sacfall,0.916,191,Normal,HNNHHNHHHHHH,Hybrid,sacfall,NA,CVP,Fall,2025-04-14
C250256CVP,2025-03-24 04:00:00,64,268,sacfall,0.588,192,Normal,LNNLLNLLLLLL,Late,sacfall,NA,CVP,Fall,2025-04-14
C250257CVP,2025-03-24 06:00:00,82,268,sacfall,0.973,192,Normal,LNNLLNLLLLLL,Late,sacfall,NA,CVP,Spring,2025-04-14
C250259CVP,2025-03-24 12:00:00,66,268,sacfall,0.758,184,Normal,LNNLLNLLLLLL,Late,sacfall,NA,CVP,Fall,2025-04-14
C250261CVP,2025-03-24 20:00:00,105,268,sacfall,0.934,192,Normal,EHHEEHEEEEEH,Hybrid,sacfall,NA,CVP,Spring,2025-04-14
C250260CVP,2025-03-24 20:00:00,64,268,sacfall,0.639,188,Normal,LNNLLNLLLLLL,Late,sacfall,NA,CVP,Fall,2025-04-14
C250262CVP,2025-03-24 22:00:00,97,268,sacfall,0.581,189,Normal,EHHEEHEEEHHH,Hybrid,sacfall,NA,CVP,Spring,2025-04-14
C250263CVP,2025-03-24 23:59:00,90,268,sacfall,0.989,190,Unusual,LNNLLNLLLLLL,Late,sacfall,NA,CVP,Spring,2025-04-14
C250264CVP,2025-03-24 23:59:00,101,268,sacfall,0.93,192,Normal,ENNEENEEEEEE,Early-Spring,Spring,Feather River,CVP,Spring,2025-04-14
C250265CVP,2025-03-25 12:00:00,86,269,sacfall,0.961,180,Normal,ENNEENEEEEEE,Early-Spring,Spring,Feather River,CVP,Spring,2025-04-14
C250266CVP,2025-03-25 20:00:00,84,269,sacfall,0.872,187,Normal,HNNHHNHHHHHL,Hybrid,sacfall,NA,CVP,Spring,2025-04-14
C250267CVP,2025-03-25 23:59:00,97,269,sacfall,0.792,186,Normal,EHHEEHEEEEEH,Hybrid,sacfall,NA,CVP,Spring,2025-04-14
C250268CVP,2025-03-26 04:00:00,83,270,sacfall,0.999,184,Normal,LNNHLNHLLLLL,Hybrid,sacfall,NA,CVP,Spring,2025-04-14
C250269CVP,2025-03-26 04:00:00,85,270,sacfall,0.558,181,Normal,HNNLLNLLLLLL,Hybrid,sacfall,NA,CVP,Spring,2025-04-14
C250270CVP,2025-03-27 02:00:00,100,271,sacfall,0.495,187,Normal,HNNHHNHHHHHH,Hybrid,sacfall,NA,CVP,Spring,2025-04-14
C250275CVP,2025-03-27 04:00:00,100,271,sacfall,0.974,170,Unusual,ENNHHNHEEHHE,Hybrid,sacfall,NA,CVP,Spring,2025-04-14
C250274CVP,2025-03-27 04:00:00,60,271,sacfall,0.846,168,Normal,LNNLLNLLLHHL,Hybrid,sacfall,NA,CVP,Fall,2025-04-14
C250271CVP,2025-03-27 04:00:00,104,271,sacfall,0.763,184,Normal,EHHEEHEEEEEH,Hybrid,sacfall,NA,CVP,Spring,2025-04-14
C250273CVP,2025-03-27 04:00:00,61,271,sacfall,0.743,177,Normal,HNNHHNHHHHHH,Hybrid,sacfall,NA,CVP,Fall,2025-04-14
C250272CVP,2025-03-27 04:00:00,103,271,sacfall,0.463,181,Normal,ENNEENEEEEEE,Early-Spring,Spring,Feather River,CVP,Spring,2025-04-14
C250276CVP,2025-03-27 06:00:00,86,271,sacfall,0.952,191,Normal,LNNLLNLLLLLL,Late,sacfall,NA,CVP,Spring,2025-04-14
C250163SWP,2025-03-27 16:30:00,96,271,sacfall,0.979,188,Normal,HHHHHHHHHHHL,Hybrid,sacfall,NA,SWP,Spring,2025-04-14
C250277CVP,2025-03-27 22:00:00,95,271,sacfall,0.795,187,Normal,HNNHHNHHHHHL,Hybrid,sacfall,NA,CVP,Spring,2025-04-14
C250325CVP,2025-03-28 20:00:00,102,272,sacfall,0.713,191,Normal,LNNLLNLLLLLL,Late,sacfall,NA,CVP,Spring,2025-04-14
C250326CVP,2025-03-29 06:00:00,105,273,sacfall,0.627,191,Unusual,LNNLLNLLLLLL,Late,sacfall,NA,CVP,Spring,2025-04-14
C250328CVP,2025-03-29 16:00:00,100,273,sacfall,0.999,190,Unusual,ENNEENEEEEEE,Early-Spring,Spring,Feather River,CVP,Spring,2025-04-14
C250327CVP,2025-03-29 16:00:00,109,273,sacfall,0.702,187,Normal,ENNEENEEEEEE,Early-Spring,Spring,Feather River,CVP,Spring,2025-04-14
C250329CVPa,2025-03-30 10:00:00,86,274,sacfall,0.513,189,Normal,LNNLLNLLLLLL,Late,sacfall,NA,CVP,Spring,2025-04-14
C250330CVP,2025-03-31 04:00:00,90,275,sacfall,0.542,175,Normal,HNNHHNHHHHHL,Hybrid,sacfall,NA,CVP,Spring,2025-04-14
C250325SWP,2025-03-31 09:00:00,79,275,sacfall,0.848,190,Normal,LNNLLNLLLLLL,Late,sacfall,NA,SWP,Spring,2025-04-14
C250326SWP,2025-03-31 11:00:00,81,275,sacfall,0.8,189,Normal,LNNLLNLLLLLL,Late,sacfall,NA,SWP,Spring,2025-04-14
C250331CVP,2025-03-31 18:00:00,82,275,sacfall,0.991,192,Normal,HNNHHNHHHHHH,Hybrid,sacfall,NA,CVP,Spring,2025-04-14
C250332CVP,2025-03-31 18:00:00,86,275,sacfall,0.959,190,Unusual,HNNHHNHHHHHL,Hybrid,sacfall,NA,CVP,Spring,2025-04-14
C250333CVP,2025-04-01 06:00:00,84,276,sacfall,0.6,187,Normal,LNNLLNLLLLLL,Late,sacfall,NA,CVP,Spring,2025-04-14
C250327SWP,2025-04-01 16:00:00,83,276,sacfall,0.526,184,Normal,LNNLLNLLLLLL,Late,sacfall,NA,SWP,Spring,2025-04-14
C250335CVP,2025-04-01 20:00:00,96,276,sacfall,0.772,189,Normal,LNNLLNLLLLLL,Late,sacfall,NA,CVP,Spring,2025-04-14
C250334CVP,2025-04-01 20:00:00,82,276,sacfall,0.672,189,Normal,LNNLLNLLLLLL,Late,sacfall,NA,CVP,Spring,2025-04-14
C250336CVP,2025-04-02 08:00:00,89,277,sacfall,0.996,190,Extreme,LNNLLNLLLLLL,Late,sacfall,NA,CVP,Spring,2025-04-14
C250339CVP,2025-04-02 22:00:00,82,277,sacfall,0.767,190,Unusual,EHHEEHEEEEEH,Hybrid,sacfall,NA,CVP,Spring,2025-04-14
C250340CVP,2025-04-02 23:59:00,87,277,sacfall,0.974,192,Normal,ENNEENEEEEEE,Early-Spring,Spring,Feather River,CVP,Spring,2025-04-14
C250341CVP,2025-04-03 02:00:00,61,278,sacfall,0.986,191,Normal,LNNLLNLLLLLL,Late,sacfall,NA,CVP,Fall,2025-04-14
C250342CVP,2025-04-03 04:00:00,82,278,sacfall,0.806,188,Normal,ENNEENEEEEEE,Early-Spring,Spring,Feather River,CVP,Spring,2025-04-14
C250328SWP,2025-04-03 11:00:00,93,278,sacfall,0.641,190,Normal,LNNLLNLLLLLL,Late,sacfall,NA,SWP,Spring,2025-04-14
C250329SWP,2025-04-03 23:59:00,95,278,sacfall,0.75,190,Normal,LNNLLNLLLLLL,Late,sacfall,NA,SWP,Spring,2025-04-14
C250343CVP,2025-04-04 04:00:00,70,279,sacfall,0.922,186,Normal,HNNHHNHHHHHH,Hybrid,sacfall,NA,CVP,Fall,2025-04-14
C250344CVP,2025-04-04 04:00:00,83,279,sacfall,0.478,189,Normal,LNNLLNLLLLLL,Late,sacfall,NA,CVP,Spring,2025-04-14
C250330SWP,2025-04-04 09:00:00,93,279,sacfall,0.493,187,Normal,LNNLLNLLLLLL,Late,sacfall,NA,SWP,Spring,2025-04-14
C250333SWP,2025-04-04 11:00:00,111,279,sacfall,0.725,191,Unusual,ENNEENEEEEEH,Early-Spring,Spring,Feather River,SWP,Spring,2025-04-14
C250331SWP,2025-04-04 11:00:00,85,279,sacfall,0.703,187,Normal,LNNLLNLLLLLL,Late,sacfall,NA,SWP,Spring,2025-04-14
C250332SWP,2025-04-04 11:00:00,90,279,sacfall,0.615,191,Normal,ENNEENEEEEEE,Early-Spring,Spring,Feather River,SWP,Spring,2025-04-14
C250345CVP,2025-04-04 14:00:00,91,279,sacfall,0.961,190,Unusual,LNNLLNLLLLLL,Late,sacfall,NA,CVP,Spring,2025-04-14
C250334SWP,2025-04-04 18:30:00,83,279,sacfall,0.979,191,Normal,LNNLLNLLLLLL,Late,sacfall,NA,SWP,Spring,2025-04-14
C250346CVP,2025-04-05 02:00:00,89,280,sacfall,0.598,192,Normal,ENNEENEEEEEE,Early-Spring,Spring,Feather River,CVP,Spring,2025-04-14
C250348CVP,2025-04-05 04:00:00,66,280,sacfall,0.922,188,Normal,LNNLLNLLLLLL,Late,sacfall,NA,CVP,Fall,2025-04-14
C250347CVP,2025-04-05 04:00:00,86,280,sacfall,0.69,188,Normal,HNNHHNHHHHHH,Hybrid,sacfall,NA,CVP,Spring,2025-04-14
C250335SWP,2025-04-05 09:00:00,86,280,sacfall,0.56,184,Normal,HNNHHNHHHHHH,Hybrid,sacfall,NA,SWP,Spring,2025-04-14
C250336SWP,2025-04-05 09:00:00,102,280,sacfall,0.554,191,Normal,EWWEEWEEEEEL,Early-Winter,Spring,Feather River,SWP,Spring,2025-04-14
C250337SWP,2025-04-05 11:00:00,91,280,sacfall,0.62,191,Normal,LNNLLNLLLLLL,Late,sacfall,NA,SWP,Spring,2025-04-14
C259001SWP,2025-04-05 13:00:00,94,280,sacfall,0.768,174,Normal,HNNHHNHHHHHL,Hybrid,sacfall,NA,SWP,Spring,2025-04-14
C250339SWP,2025-04-05 15:00:00,93,280,sacfall,0.787,188,Unusual,ENNEENEEEEEE,Early-Spring,Spring,Feather River,SWP,Spring,2025-04-14
C250338SWP,2025-04-05 15:00:00,92,280,sacfall,0.402,191,Unusual,ENNEENEEEEEE,Early-Spring,Spring,Feather River,SWP,Spring,2025-04-14
C250340SWP,2025-04-05 17:00:00,91,280,sacfall,0.692,189,Normal,LNNLLNLLLLLL,Late,sacfall,NA,SWP,Spring,2025-04-14
C250349CVP,2025-04-05 22:00:00,84,280,sacfall,0.97,188,Normal,LNNLLNLLLLLL,Late,sacfall,NA,CVP,Spring,2025-04-14
C250350CVP,2025-04-05 22:00:00,76,280,sacfall,0.48,191,Normal,LNNLLNLLLLLL,Late,sacfall,NA,CVP,Spring,2025-04-14
C250351CVP,2025-04-05 23:59:00,69,280,sacfall,0.94,188,Normal,LNNLLNLLLLLL,Late,sacfall,NA,CVP,Fall,2025-04-14
C250352CVP,2025-04-05 23:59:00,82,280,sacfall,0.8,191,Normal,LNNLLNLLLLLL,Late,sacfall,NA,CVP,Spring,2025-04-14
C250353CVP,2025-04-06 02:00:00,78,281,sacfall,0.941,191,Normal,LNNLLNLLLLLL,Late,sacfall,NA,CVP,Spring,2025-04-14
C250354CVP,2025-04-06 06:00:00,96,281,sacfall,0.785,190,Extreme,ENNEENEEEEEE,Early-Spring,Spring,Feather River,CVP,Spring,2025-04-14
C250342SWP,2025-04-06 09:00:00,98,281,sacfall,0.557,190,Unusual,HNNHHNHHHHHL,Hybrid,sacfall,NA,SWP,Spring,2025-04-14
C250343SWP,2025-04-06 11:00:00,106,281,sacfall,0.805,190,Normal,ENNEENEEEEEH,Early-Spring,Spring,Feather River,SWP,Spring,2025-04-14
C250344SWP,2025-04-06 13:00:00,98,281,sacfall,0.512,191,Normal,LNNLLNLLLLLL,Late,sacfall,NA,SWP,Spring,2025-04-14
C250356CVP,2025-04-06 14:00:00,74,281,sacfall,0.971,191,Normal,LNNLLNLLLLLL,Late,sacfall,NA,CVP,Fall,2025-04-14
C250355CVP,2025-04-06 14:00:00,88,281,sacfall,0.915,189,Normal,LNNLLNLLLLLL,Late,sacfall,NA,CVP,Spring,2025-04-14
C250345SWP,2025-04-06 15:00:00,88,281,sacfall,0.829,191,Normal,ENNEENEEEEEE,Early-Spring,Spring,Feather River,SWP,Spring,2025-04-14
C250346SWP,2025-04-06 17:00:00,87,281,sacfall,0.492,189,Normal,LNNLLNLLLLLL,Late,sacfall,NA,SWP,Spring,2025-04-14
C250347SWP,2025-04-06 20:30:00,85,281,sacfall,0.634,190,Normal,ENNEENEEEEEE,Early-Spring,Spring,Feather River,SWP,Spring,2025-04-14
C250357CVP,2025-04-06 22:00:00,49,281,sacfall,0.992,186,Normal,LNNLLNLLLLLL,Late,sacfall,NA,CVP,Fall,2025-04-14
C250358CVP,2025-04-06 23:59:00,74,281,sacfall,0.789,191,Normal,LNNLLNLLLLLL,Late,sacfall,NA,CVP,Fall,2025-04-14
C250359CVP,2025-04-07 02:00:00,71,282,sacfall,0.985,190,Unusual,LNNLLNLLLLLL,Late,sacfall,NA,CVP,Fall,2025-04-14
C250360CVP,2025-04-07 02:00:00,77,282,sacfall,0.593,191,Unusual,LNNLLNLLLLLL,Late,sacfall,NA,CVP,Spring,2025-04-14
C250361CVP,2025-04-07 04:00:00,88,282,sacfall,0.94,192,Normal,HNNHHNHHHHHH,Hybrid,sacfall,NA,CVP,Spring,2025-04-14
C250362CVP,2025-04-07 04:00:00,86,282,sacfall,0.757,190,Normal,LNNLLNLLLLLL,Late,sacfall,NA,CVP,Spring,2025-04-14
C250366CVP,2025-04-07 06:00:00,87,282,sacfall,0.957,190,Unusual,ENNEENEEEEEE,Early-Spring,Spring,Feather River,CVP,Spring,2025-04-14
C250364CVP,2025-04-07 06:00:00,74,282,sacfall,0.853,189,Normal,LNNLLNLLLLLL,Late,sacfall,NA,CVP,Fall,2025-04-14
C250367CVP,2025-04-07 06:00:00,97,282,sacfall,0.849,189,Normal,HNNHHNHHHHHL,Hybrid,sacfall,NA,CVP,Spring,2025-04-14
C250365CVP,2025-04-07 06:00:00,84,282,sacfall,0.83,192,Normal,HNNHHNHHHHHH,Hybrid,sacfall,NA,CVP,Spring,2025-04-14
C250348SWP,2025-04-07 09:00:00,91,282,sacfall,0.901,189,Normal,ENNEENEEEEEE,Early-Spring,Spring,Feather River,SWP,Spring,2025-04-14
C250368CVP,2025-04-07 12:00:00,114,282,sacfall,0.991,186,Unusual,LNNLLNLLLLLL,Late,sacfall,NA,CVP,Spring,2025-04-24
C250350SWP,2025-04-07 13:00:00,84,282,sacfall,0.9,191,Normal,LNNLLNLLLLLL,Late,sacfall,NA,SWP,Spring,2025-04-24
C250349SWP,2025-04-07 13:00:00,95,282,sacfall,0.823,190,Unusual,EHHEEHEEEEEH,Hybrid,sacfall,NA,SWP,Spring,2025-04-24
C250351SWP,2025-04-07 13:00:00,91,282,sacfall,0.677,190,Normal,ENNEENEEEEEE,Early-Spring,Spring,Feather River,SWP,Spring,2025-04-24
C250352SWP,2025-04-07 18:00:00,89,282,sacfall,0.511,188,Normal,HHHHHHHHHHHL,Hybrid,sacfall,NA,SWP,Spring,2025-04-24
C250353SWP,2025-04-07 19:00:00,91,282,sacfall,0.98,188,Normal,ENNEENEEEEEE,Early-Spring,Spring,Feather River,SWP,Spring,2025-04-24
C250369CVP,2025-04-07 22:00:00,73,282,sacfall,0.798,188,Normal,LNNLLNLLLLLL,Late,sacfall,NA,CVP,Fall,2025-04-24
C250354SWP,2025-04-08 03:00:00,94,283,sacfall,0.449,192,Normal,ENNEENEEEEEE,Early-Spring,Spring,Feather River,SWP,Spring,2025-04-24
C250370CVP,2025-04-08 10:00:00,85,283,sacfall,0.628,188,Normal,LNNLLNLLLLLL,Late,sacfall,NA,CVP,Spring,2025-04-24
C250372CVP,2025-04-08 16:00:00,86,283,sacfall,0.813,193,Normal,LNNLLNLLLLLL,Late,sacfall,NA,CVP,Spring,2025-04-24
C250374CVP,2025-04-08 23:59:00,98,283,sacfall,0.633,186,Unusual,ENNEENEEEEEE,Early-Spring,Spring,Feather River,CVP,Spring,2025-04-24
C250375CVP,2025-04-09 02:00:00,57,284,sacfall,0.897,185,Normal,LNNLLNLLLLLL,Late,sacfall,NA,CVP,Fall,2025-04-24
C250376CVP,2025-04-09 02:00:00,72,284,sacfall,0.824,191,Normal,LNNLLNLLLLLL,Late,sacfall,NA,CVP,Fall,2025-04-24
C250378CVP,2025-04-09 04:00:00,65,284,sacfall,0.991,191,Normal,LNNLLNLLLLLL,Late,sacfall,NA,CVP,Fall,2025-04-24
C250377CVP,2025-04-09 04:00:00,85,284,sacfall,0.71,192,Normal,LNNLLNLLLLLL,Late,sacfall,NA,CVP,Spring,2025-04-24
C250379CVP,2025-04-09 04:00:00,93,284,sacfall,0.388,191,Normal,LNNLLNLLLLLL,Late,sacfall,NA,CVP,Spring,2025-04-24
C250380CVP,2025-04-09 14:00:00,82,284,sacfall,0.97,189,Normal,ENNEENEEEEEE,Early-Spring,Spring,Feather River,CVP,Spring,2025-04-24
C250355SWP,2025-04-09 19:00:00,75,284,sacfall,0.646,192,Normal,LNNLLNLLLLLL,Late,sacfall,NA,SWP,Fall,2025-04-24
C250381CVP,2025-04-09 22:00:00,101,284,sacfall,0.618,189,Normal,HNNHHNHHHHHL,Hybrid,sacfall,NA,CVP,Spring,2025-04-24
C250382CVP,2025-04-10 04:00:00,83,285,sacfall,0.942,190,Unusual,LNNLLNLLLLLL,Late,sacfall,NA,CVP,Spring,2025-04-24
C250383CVP,2025-04-10 04:00:00,87,285,sacfall,0.941,189,Unusual,LNNLLNLLLLLL,Late,sacfall,NA,CVP,Spring,2025-04-24
C250384CVP,2025-04-10 04:00:00,92,285,sacfall,0.887,188,Unusual,ENNEENEEEEEE,Early-Spring,Spring,Feather River,CVP,Spring,2025-04-24
C250387CVP,2025-04-11 04:00:00,72,286,sacfall,0.973,190,Normal,LNNLLNLLLLLL,Late,sacfall,NA,CVP,Fall,2025-04-24
C250386CVP,2025-04-11 04:00:00,77,286,sacfall,0.474,191,Unusual,LNNLLNLLLLLL,Late,sacfall,NA,CVP,Fall,2025-04-24
C250388CVP,2025-04-11 06:00:00,87,286,sacfall,0.537,190,Normal,HNNHHNHHHHHH,Hybrid,sacfall,NA,CVP,Spring,2025-04-24
C250389CVP,2025-04-11 14:00:00,72,286,sacfall,0.611,190,Normal,LNNLLNLLLLLL,Late,sacfall,NA,CVP,Fall,2025-04-24
C250356SWP,2025-04-11 15:00:00,89,286,sacfall,1,191,Normal,ENNEENEEEEEE,Early-Spring,Spring,Feather River,SWP,Spring,2025-04-24
C250357SWP,2025-04-11 16:30:00,99,286,sacfall,0.795,192,Normal,ENNEENEEEEEE,Early-Spring,Spring,Feather River,SWP,Spring,2025-04-24
C250390CVP,2025-04-12 04:00:00,84,287,sacfall,0.753,192,Normal,LNNLLNLLLLLL,Late,sacfall,NA,CVP,Spring,2025-04-24
C250391CVP,2025-04-12 14:00:00,87,287,sacfall,0.912,188,Normal,ENNEENEEEEEE,Early-Spring,Spring,Feather River,CVP,Spring,2025-04-24
C250392CVP,2025-04-12 16:00:00,96,287,sacfall,0.593,189,Normal,LNNLLNLLLLLL,Late,sacfall,NA,CVP,Spring,2025-04-24
C250393CVP,2025-04-13 02:00:00,85,288,sacfall,0.67,191,Normal,LNNLLNLLLLLL,Late,sacfall,NA,CVP,Spring,2025-04-24
C250394CVP,2025-04-13 04:00:00,93,288,sacfall,0.789,191,Normal,LNNLLNLLLLLL,Late,sacfall,NA,CVP,Spring,2025-04-24
C250395CVP,2025-04-13 04:00:00,75,288,sacfall,0.578,190,Normal,LNNLLNLLLLLL,Late,sacfall,NA,CVP,Fall,2025-04-24
C250396CVP,2025-04-13 04:00:00,83,288,sacfall,0.549,192,Normal,LNNLLNLLLLLL,Late,sacfall,NA,CVP,Spring,2025-04-24
C250358SWP,2025-04-13 13:00:00,72,288,sacfall,0.966,192,Normal,LNNLLNLLLLLL,Late,sacfall,NA,SWP,Fall,2025-04-24
C250397CVP,2025-04-13 14:00:00,72,288,sacfall,0.824,190,Normal,LNNLLNLLLLLL,Late,sacfall,NA,CVP,Fall,2025-04-24
C250359SWP,2025-04-13 18:00:00,88,288,sacfall,0.638,192,Normal,LNNLLNLLLLLL,Late,sacfall,NA,SWP,Spring,2025-04-24
C250398CVP,2025-04-13 20:00:00,77,288,sacfall,0.722,190,Normal,LNNLLNLLLLLL,Late,sacfall,NA,CVP,Fall,2025-04-24
C250399CVP,2025-04-13 22:00:00,80,288,sacfall,0.847,188,Normal,LNNLLNLLLLLL,Late,sacfall,NA,CVP,Spring,2025-04-24
C250400CVP,2025-04-13 22:00:00,84,288,sacfall,0.79,189,Normal,LNNLLNLLLLLL,Late,sacfall,NA,CVP,Spring,2025-04-24
C250401CVP,2025-04-14 12:00:00,81,289,sacfall,0.886,193,Normal,LNNLLNLLLLLL,Late,sacfall,NA,CVP,Spring,2025-04-24
C250402CVP,2025-04-14 12:00:00,90,289,sacfall,0.676,191,Unusual,LNNLLNLLLLLL,Late,sacfall,NA,CVP,Spring,2025-04-24
C250361SWP,2025-04-14 13:00:00,77,289,sacfall,0.976,191,Normal,LNNLLNLLLLLL,Late,sacfall,NA,SWP,Fall,2025-04-24
C250360SWP,2025-04-14 13:00:00,101,289,sacfall,0.817,186,Normal,LNNLLNLLLLLL,Late,sacfall,NA,SWP,Spring,2025-04-24
C250362SWP,2025-04-14 16:30:00,99,289,sacfall,0.941,192,Normal,HNNHHNHHHHHL,Hybrid,sacfall,NA,SWP,Spring,2025-04-24
C250364SWP,2025-04-14 16:30:00,77,289,sacfall,0.753,189,Unusual,LNNLLNLLLLLL,Late,sacfall,NA,SWP,Fall,2025-04-24
C250363SWP,2025-04-14 16:30:00,80,289,sacfall,0.704,189,Normal,HNNHHNHHHHHH,Hybrid,sacfall,NA,SWP,Spring,2025-04-24
C250403CVP,2025-04-14 18:00:00,80,289,sacfall,0.98,191,Extreme,LNNLLNLLLLLL,Late,sacfall,NA,CVP,Spring,2025-04-24
C250405CVP,2025-04-14 22:00:00,90,289,sacfall,0.995,178,Normal,LNNLLNLLLLLL,Late,sacfall,NA,CVP,Spring,2025-04-24
C250404CVP,2025-04-14 22:00:00,66,289,sacfall,0.939,190,Normal,LNNLLNLLLLLL,Late,sacfall,NA,CVP,Fall,2025-04-24
C250406CVP,2025-04-14 23:59:00,81,289,sacfall,0.47,190,Normal,LNNLLNLLLLLL,Late,sacfall,NA,CVP,Spring,2025-04-24
C250408CVP,2025-04-15 04:00:00,80,290,sacfall,0.979,186,Normal,LNNLLNLLLLLL,Late,sacfall,NA,CVP,Spring,2025-04-24
C250407CVP,2025-04-15 04:00:00,73,290,sacfall,0.968,186,Unusual,LNNLLNLLLLLL,Late,sacfall,NA,CVP,Fall,2025-04-24
C250410CVP,2025-04-15 04:00:00,71,290,sacfall,0.812,190,Normal,LNNLLNLLLLLL,Late,sacfall,NA,CVP,Fall,2025-04-24
C250409CVP,2025-04-15 04:00:00,75,290,sacfall,0.807,190,Normal,LNNLLNLLLLLL,Late,sacfall,NA,CVP,Fall,2025-04-24
C250411CVP,2025-04-15 04:00:00,70,290,sacfall,0.764,188,Normal,LNNLLNLLLLLL,Late,sacfall,NA,CVP,Fall,2025-04-24
C250406SWP,2025-04-15 15:00:00,82,290,sacfall,0.689,191,Normal,LNNLLNLLLLLL,Late,sacfall,NA,SWP,Spring,2025-04-28
C250413CVP,2025-04-15 18:00:00,76,290,sacfall,0.813,187,Normal,LNNLLNLLLLLL,Late,sacfall,NA,CVP,Fall,2025-04-28
C250414CVP,2025-04-15 18:00:00,78,290,sacfall,0.608,186,Normal,LNNLLNLLLLLL,Late,sacfall,NA,CVP,Fall,2025-04-28
C250407SWP,2025-04-15 18:00:00,77,290,sacfall,0.536,191,Normal,LNNLLNLLLLLL,Late,sacfall,NA,SWP,Fall,2025-04-28
C250412CVP,2025-04-15 18:00:00,85,290,sacfall,0.348,183,Normal,LNNLLNLLLLLL,Late,sacfall,NA,CVP,Spring,2025-04-28
C250415CVP,2025-04-15 20:00:00,92,290,sacfall,0.95,189,Normal,LNNLLNLLLLLL,Late,sacfall,NA,CVP,Spring,2025-04-28
C250417CVP,2025-04-15 20:00:00,76,290,sacfall,0.92,187,Normal,LNNLLNLLLLLL,Late,sacfall,NA,CVP,Fall,2025-04-28
C250416CVP,2025-04-15 20:00:00,80,290,sacfall,0.481,188,Unusual,LNNLLNLLLLLL,Late,sacfall,NA,CVP,Spring,2025-04-28
C250419CVP,2025-04-15 22:00:00,62,290,sacfall,0.679,179,Normal,LNNLLNLLLLLL,Late,sacfall,NA,CVP,Fall,2025-04-28
C250418CVP,2025-04-15 22:00:00,79,290,sacfall,0.658,183,Normal,LNNLLNLLLLLL,Late,sacfall,NA,CVP,Fall,2025-04-28
C250420CVP,2025-04-15 23:59:00,85,290,sacfall,0.546,184,Normal,LNNLLNLLLLLL,Late,sacfall,NA,CVP,Spring,2025-04-28
C250421CVP,2025-04-16 06:00:00,85,291,sacfall,0.988,190,Normal,LNNLLNLLLLLL,Late,sacfall,NA,CVP,Spring,2025-04-28
C250408SWPa,2025-04-16 11:00:00,73,291,sacfall,0.84,190,Normal,LNNLLNLLLLLL,Late,sacfall,NA,SWP,Fall,2025-04-28
C250409SWP,2025-04-16 16:30:00,78,291,sacfall,0.974,190,Normal,LNNLLNLLLLLL,Late,sacfall,NA,SWP,Fall,2025-04-28
C250422CVP,2025-04-16 20:00:00,83,291,sacfall,0.74,189,Normal,HNNHHNHHHHHH,Hybrid,sacfall,NA,CVP,Spring,2025-04-28
C250425CVP,2025-04-16 20:00:00,82,291,sacfall,0.5,190,Unusual,LNNLLNLLLLLL,Late,sacfall,NA,CVP,Spring,2025-04-28
C250423CVP,2025-04-16 20:00:00,77,291,sacfall,0.474,190,Normal,LNNLLNLLLLLL,Late,sacfall,NA,CVP,Fall,2025-04-28
C250424CVP,2025-04-16 20:00:00,82,291,sacfall,0.445,192,Normal,LNNLLNLLLLLL,Late,sacfall,NA,CVP,Spring,2025-04-28
C250428CVP,2025-04-16 22:00:00,81,291,sacfall,0.992,185,Normal,LNNLLNLLLLLL,Late,sacfall,NA,CVP,Spring,2025-04-28
C250426CVP,2025-04-16 22:00:00,83,291,sacfall,0.812,191,Normal,LNNLLNLLLLLL,Late,sacfall,NA,CVP,Spring,2025-04-28
C250427CVP,2025-04-16 22:00:00,83,291,sacfall,0.81,184,Normal,LNNLLNLLLLLL,Late,sacfall,NA,CVP,Spring,2025-04-28
C250429CVP,2025-04-17 04:00:00,89,292,sacfall,0.641,190,Normal,LNNLLNLLLLLL,Late,sacfall,NA,CVP,Spring,2025-04-28
C250430CVP,2025-04-17 04:00:00,90,292,sacfall,0.414,191,Normal,ENNEENEEEEEE,Early-Spring,Spring,Feather River,CVP,Spring,2025-04-28
C250431CVP,2025-04-17 06:00:00,70,292,sacfall,0.965,191,Normal,LNNLLNLLLLLL,Late,sacfall,NA,CVP,Fall,2025-04-28
C250365SWP,2025-04-17 15:00:00,86,292,sacfall,0.579,190,Normal,LNNLLNLLLLLL,Late,sacfall,NA,SWP,Spring,2025-04-28
C250432CVP,2025-04-17 16:00:00,79,292,sacfall,0.914,191,Normal,LNNLLNLLLLLL,Late,sacfall,NA,CVP,Fall,2025-04-28
C250433CVP,2025-04-17 16:00:00,84,292,sacfall,0.65,188,Normal,LNNLLNLLLLLL,Late,sacfall,NA,CVP,Spring,2025-04-28
C250369SWP,2025-04-17 16:30:00,82,292,sacfall,0.97,192,Normal,LNNLLNLLLLLL,Late,sacfall,NA,SWP,Spring,2025-04-28
C250374SWP,2025-04-17 16:30:00,81,292,sacfall,0.936,188,Normal,HNNHHNHHHHHH,Hybrid,sacfall,NA,SWP,Fall,2025-04-28
C250368SWP,2025-04-17 16:30:00,97,292,sacfall,0.833,190,Normal,LNNLLNLLLLLL,Late,sacfall,NA,SWP,Spring,2025-04-28
C250375SWP,2025-04-17 16:30:00,89,292,sacfall,0.797,191,Normal,HHHHHHHHHHHL,Hybrid,sacfall,NA,SWP,Spring,2025-04-28
C250373SWP,2025-04-17 16:30:00,75,292,sacfall,0.796,190,Normal,LNNLLNLLLLLL,Late,sacfall,NA,SWP,Fall,2025-04-28
C250371SWP,2025-04-17 16:30:00,103,292,sacfall,0.759,189,Unusual,ENNEENEEEEEE,Early-Spring,Spring,Feather River,SWP,Spring,2025-04-28
C250367SWP,2025-04-17 16:30:00,92,292,sacfall,0.747,190,Normal,HHHHHHHHHHHL,Hybrid,sacfall,NA,SWP,Spring,2025-04-28
C250372SWP,2025-04-17 16:30:00,93,292,sacfall,0.693,188,Normal,LNNLLNLLLLLL,Late,sacfall,NA,SWP,Spring,2025-04-28
C250366SWP,2025-04-17 16:30:00,75,292,sacfall,0.662,191,Normal,LNNLLNLLLLLL,Late,sacfall,NA,SWP,Fall,2025-04-28
C250370SWP,2025-04-17 16:30:00,103,292,sacfall,0.435,191,Normal,LNNLLNLLLLLL,Late,sacfall,NA,SWP,Spring,2025-04-28
C250434CVP,2025-04-17 22:00:00,78,292,sacfall,0.948,189,Unusual,LNNLLNLLLLLL,Late,sacfall,NA,CVP,Fall,2025-04-28
C250378SWP,2025-04-18 15:30:00,86,293,sacfall,0.998,190,Normal,LNNLLNLLLLLL,Late,sacfall,NA,SWP,Spring,2025-04-28
C250376SWP,2025-04-18 15:30:00,103,293,sacfall,0.968,190,Normal,LNNLLNLLLLLL,Late,sacfall,NA,SWP,Spring,2025-04-28
C250379SWP,2025-04-18 15:30:00,83,293,sacfall,0.939,187,Normal,LNNLLNLLLLLL,Late,sacfall,NA,SWP,Spring,2025-04-28
C250377SWP,2025-04-18 15:30:00,102,293,sacfall,0.668,192,Normal,LNNLLNLLLLLL,Late,sacfall,NA,SWP,Spring,2025-04-28
C250380SWP,2025-04-18 15:30:00,78,293,sacfall,0.545,186,Normal,LNNLLNLLLLLL,Late,sacfall,NA,SWP,Fall,2025-04-28
C250435CVP,2025-04-18 22:00:00,93,293,sacfall,0.991,188,Normal,LNNLLNLLLLLL,Late,sacfall,NA,CVP,Spring,2025-04-28
C250436CVP,2025-04-19 02:00:00,76,294,sacfall,0.996,187,Normal,LNNLLNLLLLLL,Late,sacfall,NA,CVP,Fall,2025-04-28
C250437CVP,2025-04-19 12:00:00,81,294,sacfall,0.921,190,Normal,LNNLLNLLLLLL,Late,sacfall,NA,CVP,Fall,2025-04-28
C250381SWP,2025-04-19 15:30:00,102,294,sacfall,0.986,189,Normal,LNNLLNLLLLLL,Late,sacfall,NA,SWP,Spring,2025-04-28
C250382SWP,2025-04-19 15:30:00,94,294,sacfall,0.65,189,Normal,LNNLLNLLLLLL,Late,sacfall,NA,SWP,Spring,2025-04-28
C250438CVP,2025-04-20 04:00:00,100,295,sacfall,0.565,189,Extreme,LNNLLNLLLLLL,Late,sacfall,NA,CVP,Spring,2025-04-28
C250443CVP,2025-04-20 23:59:00,83,295,sacfall,1,188,Normal,LNNLLNLLLLLL,Late,sacfall,NA,CVP,Spring,2025-04-28
C250440CVP,2025-04-20 23:59:00,81,295,sacfall,0.987,190,Normal,LNNLLNLLLLLL,Late,sacfall,NA,CVP,Fall,2025-04-28
C250441CVP,2025-04-20 23:59:00,78,295,sacfall,0.964,192,Normal,LNNLLNLLLLLL,Late,sacfall,NA,CVP,Fall,2025-04-28
C250444CVP,2025-04-20 23:59:00,89,295,sacfall,0.953,189,Normal,HHHHHHHHHHHL,Hybrid,sacfall,NA,CVP,Spring,2025-04-28
C250442CVP,2025-04-20 23:59:00,85,295,sacfall,0.926,190,Normal,LNNLLNLLLLLL,Late,sacfall,NA,CVP,Spring,2025-04-28
C250439CVP,2025-04-20 23:59:00,79,295,sacfall,0.822,190,Normal,LNNLLNLLLLLL,Late,sacfall,NA,CVP,Fall,2025-04-28
C250065CVP,2025-02-20 23:59:00,35,236,sacfall,0.517,152,Normal,LNNLLNLLLLLL,Late,sacfall,NA,CVP,Fall,2025-05-07
C250107CVP,2025-02-23 06:00:00,40,239,sacfall,0.826,191,Normal,HNNHHNHHHHHH,Hybrid,sacfall,NA,CVP,Fall,2025-05-07
C250127CVP,2025-02-25 22:00:00,48,241,sacfall,0.861,185,Normal,ENNEENEEEEEH,Early-Spring,Spring,Feather River,CVP,Fall,2025-05-07
C250337CVP,2025-04-02 04:00:00,78,277,sacfall,0.787,139,Normal,HNNHHNHHHLLH,Hybrid,sacfall,NA,CVP,Spring,2025-05-07
C250383SWP,2025-04-21 16:30:00,76,296,sacfall,0.997,193,Normal,LNNLLNLLLLLL,Late,sacfall,NA,SWP,Fall,2025-05-07
C250385SWP,2025-04-21 16:30:00,104,296,sacfall,0.622,182,Normal,LNNLLNLLLLLL,Late,sacfall,NA,SWP,Spring,2025-05-07
C250384SWP,2025-04-21 16:30:00,79,296,sacfall,0.515,186,Normal,LNNLLNLLLLLL,Late,sacfall,NA,SWP,Fall,2025-05-07
C250445CVP,2025-04-21 22:00:00,86,296,sacfall,0.46,184,Normal,LNNLLNLLLLLL,Late,sacfall,NA,CVP,Spring,2025-05-07
C250446CVP,2025-04-22 02:00:00,71,297,sacfall,0.931,186,Unusual,LNNLLNLLLLLL,Late,sacfall,NA,CVP,Fall,2025-05-07
C250447CVP,2025-04-22 02:00:00,81,297,sacfall,0.603,184,Normal,LNNLLNLLLLLL,Late,sacfall,NA,CVP,Fall,2025-05-07
C250448CVP,2025-04-22 02:00:00,84,297,sacfall,0.544,192,Normal,LNNLLNLLLLLL,Late,sacfall,NA,CVP,Spring,2025-05-07
C250452CVP,2025-04-22 04:00:00,84,297,sacfall,0.876,187,Unusual,LNNLLNLLLLLL,Late,sacfall,NA,CVP,Spring,2025-05-07
C250450CVP,2025-04-22 04:00:00,82,297,sacfall,0.862,188,Normal,LNNLLNLLLLLL,Late,sacfall,NA,CVP,Fall,2025-05-07
C250449CVP,2025-04-22 04:00:00,77,297,sacfall,0.629,186,Normal,LNNLLNLLLLLL,Late,sacfall,NA,CVP,Fall,2025-05-07
C250451CVP,2025-04-22 04:00:00,80,297,sacfall,0.447,188,Normal,LNNLLNLLLLLL,Late,sacfall,NA,CVP,Fall,2025-05-07
C250453CVP,2025-04-22 06:00:00,71,297,sacfall,0.824,185,Normal,LNNLLNLLLLLL,Late,sacfall,NA,CVP,Fall,2025-05-07
C250389SWP,2025-04-22 16:30:00,83,297,sacfall,0.952,189,Normal,LNNLLNLLLLLL,Late,sacfall,NA,SWP,Fall,2025-05-07
C250386SWP,2025-04-22 16:30:00,84,297,sacfall,0.895,187,Normal,LNNLLNLLLLLL,Late,sacfall,NA,SWP,Spring,2025-05-07
C250388SWP,2025-04-22 16:30:00,83,297,sacfall,0.647,192,Normal,LNNLLNLLLLLL,Late,sacfall,NA,SWP,Fall,2025-05-07
C250387SWP,2025-04-22 16:30:00,81,297,sacfall,0.521,189,Normal,LNNLLNLLLLLL,Late,sacfall,NA,SWP,Fall,2025-05-07
C250454CVP,2025-04-22 22:00:00,76,297,sacfall,0.739,190,Normal,LNNLLNLLLLLL,Late,sacfall,NA,CVP,Fall,2025-05-07
C250455CVP,2025-04-22 22:00:00,84,297,sacfall,0.526,189,Normal,LNNLLNLLLLLL,Late,sacfall,NA,CVP,Spring,2025-05-07
C250456CVP,2025-04-22 23:59:00,85,297,sacfall,0.552,192,Normal,LNNLLNLLLLLL,Late,sacfall,NA,CVP,Spring,2025-05-07
C250457CVP,2025-04-23 02:00:00,84,298,sacfall,1,191,Normal,LNNLLNLLLLLL,Late,sacfall,NA,CVP,Fall,2025-05-07
C250458CVP,2025-04-23 02:00:00,80,298,sacfall,0.932,188,Normal,LNNLLNLLLLLL,Late,sacfall,NA,CVP,Fall,2025-05-07
C250460CVP,2025-04-23 04:00:00,82,298,sacfall,0.778,185,Normal,LNNLLNLLLLLL,Late,sacfall,NA,CVP,Fall,2025-05-07
C250459CVP,2025-04-23 04:00:00,93,298,sacfall,0.662,191,Normal,HNNHHNHHHHHH,Hybrid,sacfall,NA,CVP,Spring,2025-05-07
C250461CVP,2025-04-23 10:00:00,80,298,sacfall,0.985,193,Normal,LNNLLNLLLLLL,Late,sacfall,NA,CVP,Fall,2025-05-07
C250462CVP,2025-04-23 16:00:00,73,298,sacfall,0.702,190,Normal,HNNHHNHHHHHH,Hybrid,sacfall,NA,CVP,Fall,2025-05-07
C250410SWP,2025-04-23 18:30:00,81,298,sacfall,0.531,190,Unusual,LNNLLNLLLLLL,Late,sacfall,NA,SWP,Fall,2025-05-07
C250463CVP,2025-04-23 23:59:00,85,298,sacfall,0.912,190,Normal,LNNLLNLLLLLL,Late,sacfall,NA,CVP,Spring,2025-05-07
C250391SWP,2025-04-24 16:30:00,98,299,sacfall,0.944,185,Normal,HNNHHNHHHHHH,Hybrid,sacfall,NA,SWP,Spring,2025-05-07
C250390SWP,2025-04-24 16:30:00,114,299,sacfall,0.78,187,Normal,HNNHHNHHHHHL,Hybrid,sacfall,NA,SWP,Spring,2025-05-07
C250464CVP,2025-04-24 22:00:00,100,299,sacfall,0.994,191,Normal,ENNEENEEEEEE,Early-Spring,Spring,Feather River,CVP,Spring,2025-05-07
C250465CVP,2025-04-24 23:59:00,76,299,sacfall,0.717,191,Normal,LNNLLNLLLLLL,Late,sacfall,NA,CVP,Fall,2025-05-07
C250466CVP,2025-04-25 02:00:00,86,300,sacfall,0.957,190,Normal,LNNLLNLLLLLL,Late,sacfall,NA,CVP,Spring,2025-05-07
C250467CVP,2025-04-25 04:00:00,71,300,sacfall,0.856,191,Normal,LNNLLNLLLLLL,Late,sacfall,NA,CVP,Fall,2025-05-07
C250468CVP,2025-04-25 04:00:00,90,300,sacfall,0.383,186,Normal,LNNLLNLLLLLL,Late,sacfall,NA,CVP,Spring,2025-05-07
C250469CVP,2025-04-25 06:00:00,94,300,sacfall,0.83,185,Normal,LNNLLNLLLLLL,Late,sacfall,NA,CVP,Spring,2025-05-07
C250470CVPa,2025-04-25 08:00:00,84,300,sacfall,0.653,192,Normal,LNNLLNLLLLLL,Late,sacfall,NA,CVP,Fall,2025-05-07
C250471CVP,2025-04-25 10:00:00,86,300,sacfall,0.939,190,Extreme,HNNHHNHHHHHL,Hybrid,sacfall,NA,CVP,Spring,2025-05-07
C250474CVP,2025-04-25 16:00:00,81,300,sacfall,0.989,192,Normal,LNNLLNLLLLLL,Late,sacfall,NA,CVP,Fall,2025-05-07
C250473CVP,2025-04-25 16:00:00,88,300,sacfall,0.855,189,Normal,LNNLLNLLLLLL,Late,sacfall,NA,CVP,Spring,2025-05-07
C250472CVP,2025-04-25 16:00:00,83,300,sacfall,0.623,189,Normal,LNNLLNLLLLLL,Late,sacfall,NA,CVP,Fall,2025-05-07
C250392SWPa,2025-04-25 16:30:00,82,300,sacfall,0.89,187,Normal,LNNLLNLLLLLL,Late,sacfall,NA,SWP,Fall,2025-05-07
C250393SWP,2025-04-25 16:30:00,82,300,sacfall,0.617,190,Normal,LNNLLNLLLLLL,Late,sacfall,NA,SWP,Fall,2025-05-07
C250394SWP,2025-04-25 16:30:00,85,300,sacfall,0.525,192,Normal,LNNLLNLLLLLL,Late,sacfall,NA,SWP,Fall,2025-05-07
C250475CVP,2025-04-25 22:00:00,95,300,sacfall,0.752,191,Extreme,HNNHHNHHHHHL,Hybrid,sacfall,NA,CVP,Spring,2025-05-07
C250476CVP,2025-04-25 22:00:00,88,300,sacfall,0.42,188,Normal,LNNLLNLLLLLL,Late,sacfall,NA,CVP,Spring,2025-05-07
C250478CVP,2025-04-25 23:59:00,89,300,sacfall,0.999,189,Normal,LNNLLNLLLLLL,Late,sacfall,NA,CVP,Spring,2025-05-07
C250479CVPa,2025-04-25 23:59:00,92,300,sacfall,0.984,189,Normal,LNNLLNLLLLLL,Late,sacfall,NA,CVP,Spring,2025-05-07
C250477CVP,2025-04-25 23:59:00,82,300,sacfall,0.968,187,Normal,LNNLLNLLLLLL,Late,sacfall,NA,CVP,Fall,2025-05-07
C250480CVP,2025-04-25 23:59:00,87,300,sacfall,0.965,191,Normal,LNNLLNLLLLLL,Late,sacfall,NA,CVP,Spring,2025-05-07
C250481CVP,2025-04-26 04:00:00,86,301,sacfall,0.959,191,Normal,LNNLLNLLLLLL,Late,sacfall,NA,CVP,Fall,2025-05-07
C250482CVP,2025-04-26 04:00:00,95,301,sacfall,0.762,190,Normal,HNNHHNHHHHHH,Hybrid,sacfall,NA,CVP,Spring,2025-05-07
C250484CVP,2025-04-26 04:00:00,95,301,sacfall,0.719,188,Normal,LNNLLNLLLLLL,Late,sacfall,NA,CVP,Spring,2025-05-07
C250483CVP,2025-04-26 04:00:00,100,301,sacfall,0.494,191,Normal,ENNEENEEEEEH,Early-Spring,Spring,Feather River,CVP,Spring,2025-05-07
C250395SWP,2025-04-26 11:00:00,89,301,sacfall,0.799,192,Normal,LNNLLNLLLLLL,Late,sacfall,NA,SWP,Spring,2025-05-07
C250485CVP,2025-04-26 12:00:00,102,301,sacfall,0.778,187,Normal,LNNLLNLLLLLL,Late,sacfall,NA,CVP,Spring,2025-05-07
C250397SWP,2025-04-26 14:30:00,97,301,sacfall,0.998,191,Normal,LNNLLNLLLLLL,Late,sacfall,NA,SWP,Spring,2025-05-07
C250401SWP,2025-04-26 14:30:00,87,301,sacfall,0.996,188,Normal,LNNLLNLLLLLL,Late,sacfall,NA,SWP,Spring,2025-05-07
C250398SWP,2025-04-26 14:30:00,88,301,sacfall,0.965,189,Normal,LNNLLNLLLLLL,Late,sacfall,NA,SWP,Spring,2025-05-07
C250396SWP,2025-04-26 14:30:00,119,301,sacfall,0.87,189,Normal,EHHEEHEEEEEH,Hybrid,sacfall,NA,SWP,Spring,2025-05-07
C250399SWP,2025-04-26 14:30:00,87,301,sacfall,0.858,191,Normal,LNNLLNLLLLLL,Late,sacfall,NA,SWP,Spring,2025-05-07
C250403SWP,2025-04-26 14:30:00,85,301,sacfall,0.592,191,Normal,LNNLLNLLLLLL,Late,sacfall,NA,SWP,Fall,2025-05-07
C250402SWP,2025-04-26 14:30:00,98,301,sacfall,0.582,191,Normal,LNNLLNLLLLLL,Late,sacfall,NA,SWP,Spring,2025-05-07
C250400SWP,2025-04-26 14:30:00,84,301,sacfall,0.565,190,Unusual,LNNLLNLLLLLL,Late,sacfall,NA,SWP,Fall,2025-05-07
C250488CVP,2025-04-26 16:00:00,75,301,sacfall,0.968,193,Normal,LNNLLNLLLLLL,Late,sacfall,NA,CVP,Fall,2025-05-07
C250487CVP,2025-04-26 16:00:00,94,301,sacfall,0.775,192,Unusual,ENNEENEEEEEE,Early-Spring,Spring,Feather River,CVP,Spring,2025-05-07
C250490CVP,2025-04-26 16:00:00,85,301,sacfall,0.729,190,Normal,LNNLLNLLLLLL,Late,sacfall,NA,CVP,Fall,2025-05-07
C250486CVP,2025-04-26 16:00:00,84,301,sacfall,0.642,189,Normal,LNNLLNLLLLLL,Late,sacfall,NA,CVP,Fall,2025-05-07
C250491CVP,2025-04-26 16:00:00,84,301,sacfall,0.571,185,Normal,LNNLLNLLLLLL,Late,sacfall,NA,CVP,Fall,2025-05-07
C250492CVP,2025-04-27 02:00:00,82,302,sacfall,0.865,186,Normal,ENNEENEEEEEH,Early-Spring,Spring,Feather River,CVP,Fall,2025-05-07
C250494CVP,2025-04-27 04:00:00,86,302,sacfall,1,190,Normal,LNNLLNLLLLLL,Late,sacfall,NA,CVP,Fall,2025-05-07
C250493CVP,2025-04-27 04:00:00,90,302,sacfall,0.957,185,Normal,LNNLLNLLLLLL,Late,sacfall,NA,CVP,Spring,2025-05-07
C250500CVP,2025-04-27 06:00:00,94,302,sacfall,1,188,Normal,LNNLLNLLLLLL,Late,sacfall,NA,CVP,Spring,2025-05-07
C250497CVP,2025-04-27 06:00:00,86,302,sacfall,0.986,193,Normal,LNNLLNLLLLLL,Late,sacfall,NA,CVP,Fall,2025-05-07
C250501CVP,2025-04-27 06:00:00,93,302,sacfall,0.885,187,Normal,LNNLLNLLLLLL,Late,sacfall,NA,CVP,Spring,2025-05-07
C250498CVP,2025-04-27 06:00:00,90,302,sacfall,0.764,190,Normal,LNNLLNLLLLLL,Late,sacfall,NA,CVP,Spring,2025-05-07
C250496CVP,2025-04-27 06:00:00,93,302,sacfall,0.708,191,Normal,LNNLLNLLLLLL,Late,sacfall,NA,CVP,Spring,2025-05-07
C250499CVP,2025-04-27 06:00:00,94,302,sacfall,0.699,188,Normal,LNNLLNLLLLLL,Late,sacfall,NA,CVP,Spring,2025-05-07
C250404SWP,2025-04-27 15:00:00,107,302,sacfall,0.642,190,Normal,LNNLLNLLLLLL,Late,sacfall,NA,SWP,Spring,2025-05-07
C250489SWP,2025-04-27 16:30:00,101,302,sacfall,0.883,191,Normal,LNNLLNLLLLLL,Late,sacfall,NA,SWP,Spring,2025-05-07
C250488SWP,2025-04-27 16:30:00,86,302,sacfall,0.832,188,Unusual,HNNHHNHHHHHL,Hybrid,sacfall,NA,SWP,Fall,2025-05-07
C250487SWP,2025-04-27 16:30:00,97,302,sacfall,0.788,192,Normal,LNNLLNLLLLLL,Late,sacfall,NA,SWP,Spring,2025-05-07
C250502CVP,2025-04-27 18:00:00,81,302,sacfall,0.997,190,Normal,LNNLLNLLLLLL,Late,sacfall,NA,CVP,Fall,2025-05-07
C250503CVP,2025-04-27 18:00:00,84,302,sacfall,0.782,191,Normal,LNNLLNLLLLLL,Late,sacfall,NA,CVP,Fall,2025-05-07
C250506CVP,2025-04-27 20:00:00,80,302,sacfall,0.823,192,Normal,LNNLLNLLLLLL,Late,sacfall,NA,CVP,Fall,2025-05-07
C250505CVP,2025-04-27 20:00:00,85,302,sacfall,0.803,191,Normal,LNNLLNLLLLLL,Late,sacfall,NA,CVP,Fall,2025-05-07
C250504CVP,2025-04-27 20:00:00,83,302,sacfall,0.519,192,Normal,LNNLLNLLLLLL,Late,sacfall,NA,CVP,Fall,2025-05-07
C250507CVP,2025-04-27 22:00:00,78,302,sacfall,0.979,190,Normal,LNNLLNLLLLLL,Late,sacfall,NA,CVP,Fall,2025-05-07
C250508CVP,2025-04-27 22:00:00,89,302,sacfall,0.913,188,Normal,LNNLLNLLLLLL,Late,sacfall,NA,CVP,Spring,2025-05-07
C250509CVP,2025-04-27 22:00:00,83,302,sacfall,0.801,185,Normal,LNNLLNLLLLLL,Late,sacfall,NA,CVP,Fall,2025-05-07
C250511CVP,2025-04-28 02:00:00,79,303,sacfall,0.999,190,Normal,HNNHHNHHHHHH,Hybrid,sacfall,NA,CVP,Fall,2025-05-07
C250510CVP,2025-04-28 02:00:00,77,303,sacfall,0.887,191,Normal,HNNHHNHHHHHH,Hybrid,sacfall,NA,CVP,Fall,2025-05-07
C250512CVP,2025-04-28 02:00:00,89,303,sacfall,0.454,191,Normal,HNNHHNHHHHHL,Hybrid,sacfall,NA,CVP,Spring,2025-05-07
C250516CVP,2025-04-28 04:00:00,88,303,sacfall,0.95,186,Normal,LNNLLNLLLLLL,Late,sacfall,NA,CVP,Spring,2025-05-07
C250513CVP,2025-04-28 04:00:00,85,303,sacfall,0.914,154,Normal,LNNLLNLLLLLL,Late,sacfall,NA,CVP,Fall,2025-05-07
C250522CVP,2025-04-28 04:00:00,83,303,sacfall,0.907,192,Normal,LNNLLNLLLLLL,Late,sacfall,NA,CVP,Fall,2025-05-07
C250515CVP,2025-04-28 04:00:00,87,303,sacfall,0.867,190,Normal,LNNLLNLLLLLL,Late,sacfall,NA,CVP,Fall,2025-05-07
C250514CVP,2025-04-28 04:00:00,93,303,sacfall,0.844,191,Unusual,LNNLLNLLLLLL,Late,sacfall,NA,CVP,Spring,2025-05-07
C250517CVP,2025-04-28 04:00:00,79,303,sacfall,0.71,185,Normal,LNNLLNLLLLLL,Late,sacfall,NA,CVP,Fall,2025-05-07
C250521CVP,2025-04-28 04:00:00,86,303,sacfall,0.618,191,Normal,LNNLLNLLLLLL,Late,sacfall,NA,CVP,Fall,2025-05-07
C250520CVP,2025-04-28 04:00:00,88,303,sacfall,0.601,189,Normal,LNNLLNLLLLLL,Late,sacfall,NA,CVP,Spring,2025-05-07
C250519CVP,2025-04-28 04:00:00,84,303,sacfall,0.556,190,Normal,LNNLLNLLLLLL,Late,sacfall,NA,CVP,Fall,2025-05-07
C250518CVP,2025-04-28 04:00:00,84,303,sacfall,0.544,192,Normal,LNNLLNLLLLLL,Late,sacfall,NA,CVP,Fall,2025-05-07
C250526CVP,2025-04-28 06:00:00,88,303,sacfall,0.99,192,Normal,LNNLLNLLLLLL,Late,sacfall,NA,CVP,Spring,2025-05-07
C250524CVP,2025-04-28 06:00:00,78,303,sacfall,0.984,191,Normal,LNNLLNLLLLLL,Late,sacfall,NA,CVP,Fall,2025-05-07
C250527CVP,2025-04-28 06:00:00,95,303,sacfall,0.944,190,Normal,LNNLLNLLLLLL,Late,sacfall,NA,CVP,Spring,2025-05-07
C250528CVP,2025-04-28 06:00:00,86,303,sacfall,0.942,191,Normal,LNNLLNLLLLLL,Late,sacfall,NA,CVP,Fall,2025-05-07
C250531CVP,2025-04-28 06:00:00,90,303,sacfall,0.851,191,Normal,LNNLLNLLLLLL,Late,sacfall,NA,CVP,Spring,2025-05-07
C250530CVP,2025-04-28 06:00:00,89,303,sacfall,0.81,191,Normal,LNNLLNLLLLLL,Late,sacfall,NA,CVP,Spring,2025-05-07
C250534CVP,2025-04-28 06:00:00,89,303,sacfall,0.711,191,Normal,LNNLLNLLLLLL,Late,sacfall,NA,CVP,Spring,2025-05-07
C250525CVP,2025-04-28 06:00:00,94,303,sacfall,0.691,187,Normal,LNNLLNLLLLLL,Late,sacfall,NA,CVP,Spring,2025-05-07
C250533CVP,2025-04-28 06:00:00,83,303,sacfall,0.645,182,Normal,LNNLLNLLLLLL,Late,sacfall,NA,CVP,Fall,2025-05-07
C250532CVP,2025-04-28 06:00:00,86,303,sacfall,0.481,188,Normal,LNNLLNLLLLLL,Late,sacfall,NA,CVP,Fall,2025-05-07
C250535CVP,2025-04-28 06:00:00,81,303,sacfall,0.459,190,Normal,LNNLLNLLLLLL,Late,sacfall,NA,CVP,Fall,2025-05-07
C250536CVP,2025-04-28 06:00:00,88,303,sacfall,0.418,186,Normal,LNNLLNLLLLLL,Late,sacfall,NA,CVP,Spring,2025-05-07
C250490SWP,2025-04-28 13:00:00,83,303,sacfall,0.984,180,Normal,LNNLLNLLLLLL,Late,sacfall,NA,SWP,Fall,2025-05-15
C250496SWP,2025-04-28 13:00:00,81,303,sacfall,0.98,140,Normal,LNNLLNLLLLLL,Late,sacfall,NA,SWP,Fall,2025-05-15
C250491SWP,2025-04-28 13:00:00,84,303,sacfall,0.865,183,Normal,LNNLLNLLLLLL,Late,sacfall,NA,SWP,Fall,2025-05-15
C250494SWP,2025-04-28 13:00:00,81,303,sacfall,0.629,174,Extreme,LNNLLNLLLLLL,Late,sacfall,NA,SWP,Fall,2025-05-15
C250495SWP,2025-04-28 13:00:00,88,303,sacfall,0.487,175,Normal,LNNLLNLLLLLL,Late,sacfall,NA,SWP,Spring,2025-05-15
C250497SWP,2025-04-28 13:00:00,80,303,sacfall,0.457,185,Normal,LNNLLNLLLLLL,Late,sacfall,NA,SWP,Fall,2025-05-15
C250493SWP,2025-04-28 13:00:00,90,303,sacfall,0.424,166,Normal,LNNLLNLLLLLL,Late,sacfall,NA,SWP,Spring,2025-05-15
C250498SWP,2025-04-28 14:00:00,88,303,sacfall,0.99,190,Normal,LNNLLNLLLLLL,Late,sacfall,NA,SWP,Spring,2025-05-15
C250499SWP,2025-04-28 14:00:00,90,303,sacfall,0.621,179,Unusual,LNNLLNLLLLLL,Late,sacfall,NA,SWP,Spring,2025-05-15
C250501SWP,2025-04-28 14:30:00,87,303,sacfall,0.975,180,Normal,LNNLLNLLLLLL,Late,sacfall,NA,SWP,Fall,2025-05-15
C250504SWP,2025-04-28 14:30:00,90,303,sacfall,0.97,177,Unusual,LNNLLNLLLLLL,Late,sacfall,NA,SWP,Spring,2025-05-15
C250506SWP,2025-04-28 14:30:00,85,303,sacfall,0.797,182,Unusual,LNNLLNLLLLLL,Late,sacfall,NA,SWP,Fall,2025-05-15
C250507SWP,2025-04-28 14:30:00,86,303,sacfall,0.786,175,Normal,LNNLLNLLLLLL,Late,sacfall,NA,SWP,Fall,2025-05-15
C250503SWP,2025-04-28 14:30:00,92,303,sacfall,0.655,148,Normal,LNNLLNLLLLLL,Late,sacfall,NA,SWP,Spring,2025-05-15
C250500SWP,2025-04-28 14:30:00,83,303,sacfall,0.613,176,Normal,LNNLLNLLLLLL,Late,sacfall,NA,SWP,Fall,2025-05-15
C250505SWP,2025-04-28 14:30:00,78,303,sacfall,0.601,176,Normal,LNNLLNLLLLLL,Late,sacfall,NA,SWP,Fall,2025-05-15
C250508SWP,2025-04-28 14:30:00,92,303,sacfall,0.563,183,Extreme,LNNLLNLLLLLL,Late,sacfall,NA,SWP,Spring,2025-05-15
C250537CVP,2025-04-28 18:00:00,81,303,sacfall,0.538,179,Unusual,LNNLLNLLLLLL,Late,sacfall,NA,CVP,Fall,2025-05-15
C250538CVP,2025-04-28 22:00:00,85,303,sacfall,0.737,180,Normal,LNNLLNLLLLLL,Late,sacfall,NA,CVP,Fall,2025-05-15
C250539CVP,2025-04-28 22:00:00,89,303,sacfall,0.644,184,Normal,LNNLLNLLLLLL,Late,sacfall,NA,CVP,Spring,2025-05-15
C250544CVP,2025-04-29 04:00:00,88,304,sacfall,0.972,179,Normal,LNNLLNLLLLLL,Late,sacfall,NA,CVP,Spring,2025-05-15
C250542CVP,2025-04-29 04:00:00,87,304,sacfall,0.865,186,Normal,LNNLLNLLLLLL,Late,sacfall,NA,CVP,Fall,2025-05-15
C250541CVP,2025-04-29 04:00:00,83,304,sacfall,0.829,181,Normal,LNNLLNLLLLLL,Late,sacfall,NA,CVP,Fall,2025-05-15
C250543CVP,2025-04-29 04:00:00,88,304,sacfall,0.481,187,Normal,LNNLLNLLLLLL,Late,sacfall,NA,CVP,Spring,2025-05-15
C250540CVP,2025-04-29 04:00:00,80,304,sacfall,0.454,188,Normal,LNNLLNLLLLLL,Late,sacfall,NA,CVP,Fall,2025-05-15
C250546CVP,2025-04-29 06:00:00,92,304,sacfall,0.998,191,Normal,LNNLLNLLLLLL,Late,sacfall,NA,CVP,Spring,2025-05-15
C250545CVP,2025-04-29 06:00:00,85,304,sacfall,0.909,188,Normal,LNNLLNLLLLLL,Late,sacfall,NA,CVP,Fall,2025-05-15
C250548CVP,2025-04-29 08:00:00,79,304,sacfall,0.967,176,Normal,LNNLLNLLLLLL,Late,sacfall,NA,CVP,Fall,2025-05-15
C250547CVP,2025-04-29 08:00:00,88,304,sacfall,0.932,190,Normal,LNNLLNLLLLLL,Late,sacfall,NA,CVP,Spring,2025-05-15
C250413SWP,2025-04-29 11:00:00,86,304,sacfall,0.988,180,Normal,LNNLLNLLLLLL,Late,sacfall,NA,SWP,Fall,2025-05-15
C250412SWP,2025-04-29 11:00:00,79,304,sacfall,0.806,182,Normal,LNNLLNLLLLLL,Late,sacfall,NA,SWP,Fall,2025-05-15
C250414SWP,2025-04-29 11:00:00,88,304,sacfall,0.651,186,Normal,LNNLLNLLLLLL,Late,sacfall,NA,SWP,Spring,2025-05-15
C250411SWP,2025-04-29 11:00:00,85,304,sacfall,0.48,179,Unusual,LNNLLNLLLLLL,Late,sacfall,NA,SWP,Fall,2025-05-15
C250416SWP,2025-04-29 13:00:00,88,304,sacfall,0.836,180,Normal,LNNLLNLLLLLL,Late,sacfall,NA,SWP,Spring,2025-05-15
C250415SWP,2025-04-29 13:00:00,73,304,sacfall,0.741,180,Normal,LNNLLNLLLLLL,Late,sacfall,NA,SWP,Fall,2025-05-15
C250418SWP,2025-04-29 13:00:00,79,304,sacfall,0.564,175,Normal,LNNLLNLLLLLL,Late,sacfall,NA,SWP,Fall,2025-05-15
C250417SWP,2025-04-29 13:00:00,84,304,sacfall,0.453,175,Normal,LNNLLNLLLLLL,Late,sacfall,NA,SWP,Fall,2025-05-15
C250425SWP,2025-04-29 15:00:00,90,304,sacfall,0.994,183,Unusual,LNNLLNLLLLLH,Late,sacfall,NA,SWP,Spring,2025-05-15
C250419SWP,2025-04-29 15:00:00,88,304,sacfall,0.982,178,Unusual,LNNLLNLLLLLL,Late,sacfall,NA,SWP,Spring,2025-05-15
C250423SWP,2025-04-29 15:00:00,87,304,sacfall,0.959,188,Normal,LNNLLNLLLLLL,Late,sacfall,NA,SWP,Fall,2025-05-15
C250426SWP,2025-04-29 15:00:00,100,304,sacfall,0.927,186,Normal,LNNLLNLLLLLL,Late,sacfall,NA,SWP,Spring,2025-05-15
C250422SWP,2025-04-29 15:00:00,78,304,sacfall,0.926,186,Normal,LNNLLNLLLLLL,Late,sacfall,NA,SWP,Fall,2025-05-15
C250420SWP,2025-04-29 15:00:00,85,304,sacfall,0.924,189,Normal,LNNLLNLLLLLL,Late,sacfall,NA,SWP,Fall,2025-05-15
C250428SWP,2025-04-29 15:00:00,91,304,sacfall,0.921,188,Normal,LNNLLNLLLLLL,Late,sacfall,NA,SWP,Spring,2025-05-15
C250421SWP,2025-04-29 15:00:00,75,304,sacfall,0.862,183,Normal,LNNLLNLLLLLL,Late,sacfall,NA,SWP,Fall,2025-05-15
C250427SWP,2025-04-29 15:00:00,87,304,sacfall,0.778,184,Normal,LNNLLNLLLLLL,Late,sacfall,NA,SWP,Fall,2025-05-15
C250424SWP,2025-04-29 15:00:00,79,304,sacfall,0.61,186,Normal,LNNLLNLLLLLL,Late,sacfall,NA,SWP,Fall,2025-05-15
C250429SWP,2025-04-29 16:00:00,86,304,sacfall,0.765,188,Normal,LNNLLNLLLLLL,Late,sacfall,NA,SWP,Fall,2025-05-15
C250432SWP,2025-04-29 16:30:00,87,304,sacfall,0.988,190,Normal,LNNLLNLLLLLL,Late,sacfall,NA,SWP,Fall,2025-05-15
C250442SWP,2025-04-29 16:30:00,117,304,sacfall,0.979,186,Unusual,ENNEENEEEEEE,Early-Spring,Spring,Feather River,SWP,Spring,2025-05-15
C250447SWP,2025-04-29 16:30:00,84,304,sacfall,0.978,184,Normal,LNNLLNLLLLLL,Late,sacfall,NA,SWP,Fall,2025-05-15
C250443SWP,2025-04-29 16:30:00,86,304,sacfall,0.964,180,Unusual,LNNLLNLLLLLL,Late,sacfall,NA,SWP,Fall,2025-05-15
C250436SWP,2025-04-29 16:30:00,87,304,sacfall,0.954,185,Normal,LNNLLNLLLLLL,Late,sacfall,NA,SWP,Fall,2025-05-15
C250433SWP,2025-04-29 16:30:00,81,304,sacfall,0.941,187,Normal,LNNLLNLLLLLL,Late,sacfall,NA,SWP,Fall,2025-05-15
C250440SWP,2025-04-29 16:30:00,74,304,sacfall,0.937,189,Normal,LNNLLNLLLLLL,Late,sacfall,NA,SWP,Fall,2025-05-15
C250445SWP,2025-04-29 16:30:00,115,304,sacfall,0.934,186,Normal,ENNEENEEEEEE,Early-Spring,Spring,Feather River,SWP,Spring,2025-05-15
C250435SWP,2025-04-29 16:30:00,91,304,sacfall,0.916,183,Normal,LNNLLNLLLLLL,Late,sacfall,NA,SWP,Spring,2025-05-15
C250439SWP,2025-04-29 16:30:00,88,304,sacfall,0.913,176,Normal,LNNLLNLLLLLL,Late,sacfall,NA,SWP,Spring,2025-05-15
C250438SWP,2025-04-29 16:30:00,86,304,sacfall,0.859,188,Unusual,LNNLLNLLLLLL,Late,sacfall,NA,SWP,Fall,2025-05-15
C250441SWP,2025-04-29 16:30:00,76,304,sacfall,0.82,189,Normal,LNNLLNLLLLLL,Late,sacfall,NA,SWP,Fall,2025-05-15
C250437SWP,2025-04-29 16:30:00,86,304,sacfall,0.816,189,Unusual,LNNLLNLLLLLL,Late,sacfall,NA,SWP,Fall,2025-05-15
C250431SWP,2025-04-29 16:30:00,83,304,sacfall,0.738,192,Normal,LNNLLNLLLLLL,Late,sacfall,NA,SWP,Fall,2025-05-15
C250430SWP,2025-04-29 16:30:00,72,304,sacfall,0.567,189,Normal,LNNLLNLLLLLL,Late,sacfall,NA,SWP,Fall,2025-05-15
C250444SWP,2025-04-29 16:30:00,78,304,sacfall,0.449,188,Normal,LNNLLNLLLLLL,Late,sacfall,NA,SWP,Fall,2025-05-15
C250446SWP,2025-04-29 16:30:00,86,304,sacfall,0.44,185,Normal,LNNLLNLLLLLL,Late,sacfall,NA,SWP,Fall,2025-05-15
C250434SWP,2025-04-29 16:30:00,79,304,sacfall,0.367,180,Normal,LNNLLNLLLLLL,Late,sacfall,NA,SWP,Fall,2025-05-15
C250549CVP,2025-04-29 18:00:00,83,304,sacfall,0.855,192,Normal,LNNLLNLLLLLL,Late,sacfall,NA,CVP,Fall,2025-05-15
C250550CVP,2025-04-29 18:00:00,84,304,sacfall,0.583,187,Normal,LNNLLNLLLLLL,Late,sacfall,NA,CVP,Fall,2025-05-15
C250552CVP,2025-04-29 22:00:00,87,304,sacfall,0.909,186,Normal,LNNLLNLLLLLL,Late,sacfall,NA,CVP,Fall,2025-05-15
C250551CVP,2025-04-29 22:00:00,86,304,sacfall,0.569,175,Unusual,LNNHHNHHHHHL,Hybrid,sacfall,NA,CVP,Fall,2025-05-15
C250555CVP,2025-04-30 04:00:00,82,305,sacfall,0.951,190,Normal,LNNLLNLLLLLL,Late,sacfall,NA,CVP,Fall,2025-05-15
C250557CVP,2025-04-30 04:00:00,94,305,sacfall,0.945,150,Normal,HNNHHNHHHHHL,Hybrid,sacfall,NA,CVP,Spring,2025-05-15
C250558CVP,2025-04-30 04:00:00,96,305,sacfall,0.631,191,Normal,LNNLLNLLLLLL,Late,sacfall,NA,CVP,Spring,2025-05-15
C250556CVP,2025-04-30 04:00:00,94,305,sacfall,0.61,190,Normal,LNNLLNLLLLLL,Late,sacfall,NA,CVP,Spring,2025-05-15
C250554CVP,2025-04-30 04:00:00,81,305,sacfall,0.478,119,Unusual,LNNLLNLLLLLL,Late,sacfall,NA,CVP,Fall,2025-05-15
C250562CVP,2025-04-30 06:00:00,85,305,sacfall,0.998,192,Normal,LNNLLNLLLLLL,Late,sacfall,NA,CVP,Fall,2025-05-15
C250559CVP,2025-04-30 06:00:00,83,305,sacfall,0.806,160,Normal,LNNLLNLLLLLL,Late,sacfall,NA,CVP,Fall,2025-05-15
C250561CVP,2025-04-30 06:00:00,84,305,sacfall,0.619,186,Normal,LNNLLNLLLLLL,Late,sacfall,NA,CVP,Fall,2025-05-15
C250560CVP,2025-04-30 06:00:00,81,305,sacfall,0.568,181,Normal,LNNLLNLLLLLL,Late,sacfall,NA,CVP,Fall,2025-05-15
C250451SWP,2025-04-30 13:00:00,92,305,sacfall,0.998,180,Normal,LNNLLNLLLLLL,Late,sacfall,NA,SWP,Spring,2025-05-15
C250449SWP,2025-04-30 13:00:00,86,305,sacfall,0.951,189,Normal,LNNLLNLLLLLL,Late,sacfall,NA,SWP,Fall,2025-05-15
C250448SWP,2025-04-30 13:00:00,92,305,sacfall,0.867,188,Normal,LNNLLNLLLLLL,Late,sacfall,NA,SWP,Spring,2025-05-15
C250452SWP,2025-04-30 13:00:00,83,305,sacfall,0.81,186,Normal,LNNLLNLLLLLL,Late,sacfall,NA,SWP,Fall,2025-05-15
C250450SWP,2025-04-30 13:00:00,91,305,sacfall,0.49,182,Normal,LNNLLNLLLLLL,Late,sacfall,NA,SWP,Spring,2025-05-15
C250453SWP,2025-04-30 17:00:00,93,305,sacfall,0.925,190,Normal,LNNLLNLLLLLL,Late,sacfall,NA,SWP,Spring,2025-05-15
C250456SWP,2025-04-30 17:00:00,78,305,sacfall,0.677,185,Normal,LNNLLNLLLLLL,Late,sacfall,NA,SWP,Fall,2025-05-15
C250455SWP,2025-04-30 17:00:00,91,305,sacfall,0.663,180,Normal,LNNLLNLLLLLL,Late,sacfall,NA,SWP,Spring,2025-05-15
C250454SWP,2025-04-30 17:00:00,84,305,sacfall,0.54,181,Normal,LNNLLNLLLLLL,Late,sacfall,NA,SWP,Fall,2025-05-15
C250465SWP,2025-04-30 17:30:00,79,305,sacfall,0.998,184,Normal,LNNLLNLLLLLL,Late,sacfall,NA,SWP,Fall,2025-05-15
C250461SWP,2025-04-30 17:30:00,93,305,sacfall,0.988,188,Normal,LNNLLNLLLLLL,Late,sacfall,NA,SWP,Spring,2025-05-15
C250460SWP,2025-04-30 17:30:00,79,305,sacfall,0.983,188,Normal,LNNLLNLLLLLL,Late,sacfall,NA,SWP,Fall,2025-05-15
C250457SWP,2025-04-30 17:30:00,81,305,sacfall,0.983,187,Normal,LNNLLNLLLLLL,Late,sacfall,NA,SWP,Fall,2025-05-15
C250464SWP,2025-04-30 17:30:00,90,305,sacfall,0.916,187,Normal,LNNLLNLLLLLL,Late,sacfall,NA,SWP,Spring,2025-05-15
C250468SWP,2025-04-30 17:30:00,93,305,sacfall,0.825,190,Normal,LNNLLNLLLLLL,Late,sacfall,NA,SWP,Spring,2025-05-15
C250458SWP,2025-04-30 17:30:00,86,305,sacfall,0.742,139,Normal,LNNLLNLLLLLL,Late,sacfall,NA,SWP,Fall,2025-05-15
C250467SWP,2025-04-30 17:30:00,86,305,sacfall,0.678,178,Normal,LNNLLNLLLLLL,Late,sacfall,NA,SWP,Fall,2025-05-15
C250469SWP,2025-04-30 17:30:00,82,305,sacfall,0.577,189,Normal,LNNLLNLLLLLL,Late,sacfall,NA,SWP,Fall,2025-05-15
C250463SWP,2025-04-30 17:30:00,81,305,sacfall,0.543,187,Unusual,LNNLLNLLLLLL,Late,sacfall,NA,SWP,Fall,2025-05-15
C250459SWP,2025-04-30 17:30:00,86,305,sacfall,0.495,180,Extreme,LNNLLNLLLLLL,Late,sacfall,NA,SWP,Fall,2025-05-15
C250466SWP,2025-04-30 17:30:00,93,305,sacfall,0.452,182,Extreme,HNNHHNHHHHHL,Hybrid,sacfall,NA,SWP,Spring,2025-05-15
C250462SWP,2025-04-30 17:30:00,76,305,sacfall,0.435,186,Normal,LNNLLNLLLLLL,Late,sacfall,NA,SWP,Fall,2025-05-15
C250565CVP,2025-04-30 22:00:00,81,305,sacfall,0.902,154,Normal,LNNLLNLLLLLL,Late,sacfall,NA,CVP,Fall,2025-05-15
C250566CVP,2025-04-30 22:00:00,86,305,sacfall,0.894,165,Normal,LNNLLNLLLLLL,Late,sacfall,NA,CVP,Fall,2025-05-15
C250564CVP,2025-04-30 22:00:00,83,305,sacfall,0.75,181,Normal,LNNLLNLLLLLL,Late,sacfall,NA,CVP,Fall,2025-05-15
C250563CVP,2025-04-30 22:00:00,86,305,sacfall,0.704,172,Normal,LNNLLNLLLLLL,Late,sacfall,NA,CVP,Fall,2025-05-15
C250567CVP,2025-04-30 23:59:00,91,305,sacfall,0.804,190,Normal,LNNLLNLLLLLL,Late,sacfall,NA,CVP,Spring,2025-05-15
C250568CVP,2025-05-01 04:00:00,86,306,sacfall,0.502,186,Normal,LNNLLNLLLLLL,Late,sacfall,NA,CVP,Fall,2025-05-15
C250570CVP,2025-05-01 06:00:00,89,306,sacfall,0.857,177,Normal,LNNLLNLLLLLL,Late,sacfall,NA,CVP,Spring,2025-05-15
C250569CVP,2025-05-01 06:00:00,83,306,sacfall,0.847,181,Normal,LNNLLNLLLLLL,Late,sacfall,NA,CVP,Fall,2025-05-15
C250571CVP,2025-05-01 08:00:00,90,306,sacfall,0.39,190,Normal,LNNLLNLLLLLL,Late,sacfall,NA,CVP,Spring,2025-05-15
C250470SWP,2025-05-01 13:00:00,91,306,sacfall,0.982,185,Unusual,LNNLLNLLLLLL,Late,sacfall,NA,SWP,Spring,2025-05-15
C250473SWP,2025-05-01 13:00:00,90,306,sacfall,0.968,188,Normal,LNNLLNLLLLLL,Late,sacfall,NA,SWP,Spring,2025-05-15
C250475SWP,2025-05-01 13:00:00,86,306,sacfall,0.924,183,Normal,LNNLLNLLLLLL,Late,sacfall,NA,SWP,Fall,2025-05-15
C250478SWP,2025-05-01 13:00:00,94,306,sacfall,0.907,183,Unusual,LNNLLNLLLLLL,Late,sacfall,NA,SWP,Spring,2025-05-15
C250476SWP,2025-05-01 13:00:00,91,306,sacfall,0.781,191,Normal,LNNLLNLLLLLL,Late,sacfall,NA,SWP,Spring,2025-05-15
C250477SWP,2025-05-01 13:00:00,87,306,sacfall,0.669,188,Normal,LNNLLNLLLLLL,Late,sacfall,NA,SWP,Fall,2025-05-15
C250472SWP,2025-05-01 13:00:00,96,306,sacfall,0.66,188,Normal,LNNLLNLLLLLL,Late,sacfall,NA,SWP,Spring,2025-05-15
C250471SWP,2025-05-01 13:00:00,88,306,sacfall,0.658,190,Normal,LNNLLNLLLLLL,Late,sacfall,NA,SWP,Fall,2025-05-15
C250474SWP,2025-05-01 13:00:00,82,306,sacfall,0.636,178,Normal,LNNLLNLLLLLL,Late,sacfall,NA,SWP,Fall,2025-05-15
C250480SWP,2025-05-01 15:00:00,88,306,sacfall,0.972,181,Normal,LNNLLNLLLLLL,Late,sacfall,NA,SWP,Fall,2025-05-15
C250479SWP,2025-05-01 15:00:00,79,306,sacfall,0.457,188,Normal,LNNLLNLLLLLL,Late,sacfall,NA,SWP,Fall,2025-05-15
C250485SWP,2025-05-01 16:30:00,87,306,sacfall,0.983,188,Normal,LNNLLNLLLLLL,Late,sacfall,NA,SWP,Fall,2025-05-15
C250483SWP,2025-05-01 16:30:00,89,306,sacfall,0.659,182,Normal,LNNLLNLLLLLL,Late,sacfall,NA,SWP,Spring,2025-05-15
C250484SWP,2025-05-01 16:30:00,93,306,sacfall,0.657,183,Normal,LNNLLNLLLLLL,Late,sacfall,NA,SWP,Spring,2025-05-15
C250481SWP,2025-05-01 16:30:00,93,306,sacfall,0.542,186,Normal,LNNLLNLLLLLL,Late,sacfall,NA,SWP,Spring,2025-05-15
C250482SWP,2025-05-01 16:30:00,88,306,sacfall,0.472,180,Normal,LNNLLNLLLLLL,Late,sacfall,NA,SWP,Fall,2025-05-15
C250574CVP,2025-05-01 22:00:00,90,306,sacfall,0.541,188,Normal,LNNLLNLLLLLL,Late,sacfall,NA,CVP,Spring,2025-05-15
C250573CVP,2025-05-01 22:00:00,81,306,sacfall,0.47,182,Normal,LNNLLNLLLLLL,Late,sacfall,NA,CVP,Fall,2025-05-15
C250572CVP,2025-05-01 22:20:00,74,306,sacfall,0.945,178,Normal,LNNLLNLLLLLL,Late,sacfall,NA,CVP,Fall,2025-05-15
C250575CVP,2025-05-02 02:00:00,83,307,sacfall,0.817,189,Normal,LNNLLNLLLLLL,Late,sacfall,NA,CVP,Fall,2025-05-15
C250576CVP,2025-05-02 06:00:00,89,307,sacfall,0.978,189,Normal,LNNLLNLLLLLL,Late,sacfall,NA,CVP,Fall,2025-05-15
C250579CVP,2025-05-02 16:00:00,78,307,sacfall,0.999,184,Normal,LNNLLNLLLLLL,Late,sacfall,NA,CVP,Fall,2025-05-15
C250587CVP,2025-05-02 22:00:00,87,307,sacfall,0.997,175,Normal,LNNLLNLLLLLL,Late,sacfall,NA,CVP,Fall,2025-05-15
C250593CVP,2025-05-02 22:00:00,91,307,sacfall,0.736,178,Normal,LNNLLNLLLLLL,Late,sacfall,NA,CVP,Spring,2025-05-15
C250597CVP,2025-05-02 22:00:00,73,307,sacfall,0.613,181,Unusual,LNNLLNLLLLLL,Late,sacfall,NA,CVP,Fall,2025-05-15
C250586CVP,2025-05-02 22:00:00,89,307,sacfall,0.595,152,Normal,HNNHHNHHHLLH,Hybrid,sacfall,NA,CVP,Fall,2025-05-15
C250588CVP,2025-05-02 22:00:00,88,307,sacfall,0.586,176,Unusual,LNNLLNLLLLLL,Late,sacfall,NA,CVP,Fall,2025-05-15
C250594CVP,2025-05-02 22:00:00,84,307,sacfall,0.534,141,Normal,HNNHHNHHHHHL,Hybrid,sacfall,NA,CVP,Fall,2025-05-15
C250585CVP,2025-05-02 22:00:00,116,307,sacfall,0.479,125,Extreme,ENNEENEEEHHE,Hybrid,sacfall,NA,CVP,Spring,2025-05-15
C250582CVP,2025-05-02 22:00:00,90,307,sacfall,0.479,181,Normal,LNNLLNLLLLLL,Late,sacfall,NA,CVP,Spring,2025-05-15
C250589CVP,2025-05-02 22:00:00,83,307,sacfall,0.394,128,Unusual,LNNLLNLLLLLL,Late,sacfall,NA,CVP,Fall,2025-05-15
C250598CVP,2025-05-02 23:59:00,93,307,sacfall,0.995,190,Normal,LNNLLNLLLLLL,Late,sacfall,NA,CVP,Spring,2025-05-15
C250599CVP,2025-05-02 23:59:00,83,307,sacfall,0.516,190,Normal,LNNLLNLLLLLL,Late,sacfall,NA,CVP,Fall,2025-05-15
C250600CVP,2025-05-03 06:00:00,93,308,sacfall,0.654,187,Normal,LNNLLNLLLLLL,Late,sacfall,NA,CVP,Spring,2025-05-15
C250602CVP,2025-05-03 16:00:00,92,308,sacfall,1,181,Unusual,LNNLLNLLLLLL,Late,sacfall,NA,CVP,Spring,2025-05-15
C250601CVP,2025-05-03 16:00:00,89,308,sacfall,0.652,124,Normal,LNNLLNLLLLLL,Late,sacfall,NA,CVP,Fall,2025-05-15
C250605CVP,2025-05-03 18:00:00,87,308,sacfall,0.476,118,Normal,LNNLLNLLLLLL,Late,sacfall,NA,CVP,Fall,2025-05-15
C250614CVP,2025-05-03 22:00:00,87,308,sacfall,0.997,183,Unusual,LNNLLNLLLLLL,Late,sacfall,NA,CVP,Fall,2025-05-15
C250615CVP,2025-05-03 22:00:00,85,308,sacfall,0.994,176,Unusual,LNNLLNLLLLLL,Late,sacfall,NA,CVP,Fall,2025-05-15
C250612CVP,2025-05-03 22:00:00,92,308,sacfall,0.993,182,Normal,LNNLLNLLLLLL,Late,sacfall,NA,CVP,Spring,2025-05-15
C250610CVP,2025-05-03 22:00:00,89,308,sacfall,0.938,178,Normal,LNNLLNLLLLLL,Late,sacfall,NA,CVP,Fall,2025-05-15
C250609CVP,2025-05-03 22:00:00,92,308,sacfall,0.937,172,Normal,LNNLLNLLLLLL,Late,sacfall,NA,CVP,Spring,2025-05-15
C250606CVP,2025-05-03 22:00:00,83,308,sacfall,0.851,109,Normal,LNNLLNLLLLLL,Late,sacfall,NA,CVP,Fall,2025-05-15
C250611CVP,2025-05-03 22:00:00,91,308,sacfall,0.845,189,Extreme,LNNLLNLLLLLL,Late,sacfall,NA,CVP,Spring,2025-05-15
C250607CVP,2025-05-03 22:00:00,85,308,sacfall,0.76,155,Normal,LNNLLNLLLLLL,Late,sacfall,NA,CVP,Fall,2025-05-15
C250613CVP,2025-05-03 22:00:00,88,308,sacfall,0.716,190,Normal,LNNLLNLLLLLL,Late,sacfall,NA,CVP,Fall,2025-05-15
C250608CVP,2025-05-03 22:00:00,95,308,sacfall,0.613,162,Normal,LNNLLNLLLLLL,Late,sacfall,NA,CVP,Spring,2025-05-15
C250622CVP,2025-05-03 23:59:00,86,308,sacfall,0.988,189,Unusual,LNNLLNLLLLLL,Late,sacfall,NA,CVP,Fall,2025-05-15
C250621CVP,2025-05-03 23:59:00,90,308,sacfall,0.981,188,Normal,LNNLLNLLLLLL,Late,sacfall,NA,CVP,Fall,2025-05-15
C250626CVP,2025-05-03 23:59:00,99,308,sacfall,0.968,186,Normal,LNNLLNLLLLLL,Late,sacfall,NA,CVP,Spring,2025-05-15
C250627CVP,2025-05-03 23:59:00,97,308,sacfall,0.921,183,Normal,LNNLLNLLLLLL,Late,sacfall,NA,CVP,Spring,2025-05-15
C250624CVP,2025-05-03 23:59:00,88,308,sacfall,0.892,184,Normal,LNNLLNLLLLLL,Late,sacfall,NA,CVP,Fall,2025-05-15
C250617CVP,2025-05-03 23:59:00,83,308,sacfall,0.868,180,Normal,LNNLLNLLLLLL,Late,sacfall,NA,CVP,Fall,2025-05-15
C250619CVP,2025-05-03 23:59:00,90,308,sacfall,0.838,192,Normal,LNNLLNLLLLLL,Late,sacfall,NA,CVP,Fall,2025-05-15
C250628CVP,2025-05-03 23:59:00,91,308,sacfall,0.815,186,Normal,HNNHHNHHHHHL,Hybrid,sacfall,NA,CVP,Spring,2025-05-15
C250616CVP,2025-05-03 23:59:00,88,308,sacfall,0.807,164,Unusual,LNNLLNLLLLLL,Late,sacfall,NA,CVP,Fall,2025-05-15
C250623CVP,2025-05-03 23:59:00,91,308,sacfall,0.634,190,Normal,LNNLLNLLLLLL,Late,sacfall,NA,CVP,Spring,2025-05-15
C250620CVP,2025-05-03 23:59:00,88,308,sacfall,0.499,189,Normal,LNNLLNLLLLLL,Late,sacfall,NA,CVP,Fall,2025-05-15
C250625CVP,2025-05-03 23:59:00,85,308,sacfall,0.462,177,Normal,LNNLLNLLLLLL,Late,sacfall,NA,CVP,Fall,2025-05-15
C250618CVP,2025-05-03 23:59:00,83,308,sacfall,0.378,184,Normal,LNNLLNLLLLLL,Late,sacfall,NA,CVP,Fall,2025-05-15
C250629CVP,2025-05-04 02:00:00,136,309,sacfall,0.958,178,Normal,EHHEEHEEEEEH,Hybrid,sacfall,NA,CVP,Spring,2025-05-15
C250631CVP,2025-05-04 02:00:00,84,309,sacfall,0.879,171,Normal,LNNLLNLLLLLL,Late,sacfall,NA,CVP,Fall,2025-05-15
C250633CVP,2025-05-04 02:00:00,92,309,sacfall,0.822,178,Normal,LNNLLNLLLLLL,Late,sacfall,NA,CVP,Spring,2025-05-15
C250630CVP,2025-05-04 02:00:00,91,309,sacfall,0.777,186,Unusual,LNNLLNLLLLLL,Late,sacfall,NA,CVP,Spring,2025-05-15
C250634CVP,2025-05-04 02:00:00,84,309,sacfall,0.653,184,Normal,LNNLLNLLLLLL,Late,sacfall,NA,CVP,Fall,2025-05-15
C250632CVP,2025-05-04 02:00:00,89,309,sacfall,0.579,170,Normal,LNNLLNLLLLLL,Late,sacfall,NA,CVP,Fall,2025-05-15
C250638CVP,2025-05-04 08:00:00,77,309,sacfall,0.994,172,Normal,LNNLLNLLLLLL,Late,sacfall,NA,CVP,Fall,2025-05-15
C250636CVP,2025-05-04 08:00:00,81,309,sacfall,0.956,183,Normal,LNNLLNLLLLLL,Late,sacfall,NA,CVP,Fall,2025-05-15
C250637CVP,2025-05-04 08:00:00,79,309,sacfall,0.943,181,Extreme,LNNLLNLLLLLL,Late,sacfall,NA,CVP,Fall,2025-05-15
C250635CVP,2025-05-04 08:00:00,83,309,sacfall,0.853,183,Normal,LNNLLNLLLLLL,Late,sacfall,NA,CVP,Fall,2025-05-15
C250639CVP,2025-05-04 10:00:00,96,309,sacfall,0.956,181,Unusual,LNNLLNLLLLLL,Late,sacfall,NA,CVP,Spring,2025-05-15
C250640CVP,2025-05-04 10:00:00,77,309,sacfall,0.687,178,Normal,LNNLLNLLLLLL,Late,sacfall,NA,CVP,Fall,2025-05-15
C250641CVP,2025-05-04 12:00:00,84,309,sacfall,0.867,190,Unusual,LNNLLNLLLLLL,Late,sacfall,NA,CVP,Fall,2025-05-15
C250644CVP,2025-05-04 14:00:00,71,309,sacfall,1,190,Normal,LNNLLNLLLLLL,Late,sacfall,NA,CVP,Fall,2025-05-15
C250645CVP,2025-05-04 14:00:00,82,309,sacfall,0.933,186,Normal,LNNLLNLLLLLL,Late,sacfall,NA,CVP,Fall,2025-05-15
C250642CVP,2025-05-04 14:00:00,77,309,sacfall,0.666,189,Normal,LNNLLNLLLLLL,Late,sacfall,NA,CVP,Fall,2025-05-15
C250646CVP,2025-05-04 14:00:00,83,309,sacfall,0.5,178,Normal,LNNLLNLLLLLL,Late,sacfall,NA,CVP,Fall,2025-05-15
C250643CVP,2025-05-04 14:00:00,83,309,sacfall,0.44,183,Normal,LNNLLNLLLLLL,Late,sacfall,NA,CVP,Fall,2025-05-15
C250649CVP,2025-05-04 16:00:00,86,309,sacfall,0.996,185,Normal,LNNLLNLLLLLL,Late,sacfall,NA,CVP,Fall,2025-05-15
C250647CVP,2025-05-04 16:00:00,92,309,sacfall,0.983,131,Normal,LNNLLNLLLLLL,Late,sacfall,NA,CVP,Spring,2025-05-15
C250650CVP,2025-05-04 16:00:00,81,309,sacfall,0.769,174,Normal,LNNLLNLLLLLL,Late,sacfall,NA,CVP,Fall,2025-05-15
C250648CVP,2025-05-04 16:00:00,88,309,sacfall,0.566,181,Normal,LNNLLNLLLLLL,Late,sacfall,NA,CVP,Fall,2025-05-15
C250651CVP,2025-05-04 20:00:00,84,309,sacfall,0.609,170,Normal,LNNLLNLLLLLL,Late,sacfall,NA,CVP,Fall,2025-05-15
C250669CVP,2025-05-04 22:00:00,78,309,sacfall,0.985,113,Normal,LNNLLNLLLLLL,Late,sacfall,NA,CVP,Fall,2025-05-15
C250677CVP,2025-05-04 22:00:00,88,309,sacfall,0.984,176,Normal,LNNLLNLLLLLL,Late,sacfall,NA,CVP,Fall,2025-05-15
C250660CVP,2025-05-04 22:00:00,73,309,sacfall,0.979,129,Normal,LNNLLNLLLLLL,Late,sacfall,NA,CVP,Fall,2025-05-15
C250672CVP,2025-05-04 22:00:00,81,309,sacfall,0.978,186,Normal,LNNLLNLLLLLL,Late,sacfall,NA,CVP,Fall,2025-05-15
C250671CVP,2025-05-04 22:00:00,84,309,sacfall,0.973,145,Normal,LNNLLNLLLLLL,Late,sacfall,NA,CVP,Fall,2025-05-15
C250652CVP,2025-05-04 22:00:00,86,309,sacfall,0.955,182,Normal,LNNLLNLLLLLL,Late,sacfall,NA,CVP,Fall,2025-05-15
C250664CVP,2025-05-04 22:00:00,90,309,sacfall,0.948,175,Normal,LNNLLNLLLLLL,Late,sacfall,NA,CVP,Fall,2025-05-15
C250662CVP,2025-05-04 22:00:00,82,309,sacfall,0.946,168,Normal,LNNLLNLLLLLL,Late,sacfall,NA,CVP,Fall,2025-05-15
C250656CVP,2025-05-04 22:00:00,77,309,sacfall,0.942,112,Normal,LNNLLNLLLLLL,Late,sacfall,NA,CVP,Fall,2025-05-15
C250673CVP,2025-05-04 22:00:00,82,309,sacfall,0.931,172,Unusual,LNNLLNLLLLLL,Late,sacfall,NA,CVP,Fall,2025-05-15
C250674CVP,2025-05-04 22:00:00,82,309,sacfall,0.913,162,Unusual,LNNLLNLLLLLL,Late,sacfall,NA,CVP,Fall,2025-05-15
C250668CVP,2025-05-04 22:00:00,82,309,sacfall,0.905,156,Normal,LNNLLNLLLLLL,Late,sacfall,NA,CVP,Fall,2025-05-15
C250675CVP,2025-05-04 22:00:00,75,309,sacfall,0.874,121,Unusual,LNNLLNLLLLLL,Late,sacfall,NA,CVP,Fall,2025-05-15
C250653CVP,2025-05-04 22:00:00,80,309,sacfall,0.874,154,Normal,LNNLLNLLLLLL,Late,sacfall,NA,CVP,Fall,2025-05-15
C250658CVP,2025-05-04 22:00:00,79,309,sacfall,0.86,188,Normal,LNNLLNLLLLLL,Late,sacfall,NA,CVP,Fall,2025-05-15
C250676CVP,2025-05-04 22:00:00,84,309,sacfall,0.813,165,Normal,LNNLLNLLLLLL,Late,sacfall,NA,CVP,Fall,2025-05-15
C250670CVP,2025-05-04 22:00:00,88,309,sacfall,0.803,178,Normal,LNNLLNLLLLLL,Late,sacfall,NA,CVP,Fall,2025-05-15
C250665CVP,2025-05-04 22:00:00,84,309,sacfall,0.698,154,Normal,LNNLLNLLLLLL,Late,sacfall,NA,CVP,Fall,2025-05-15
C250666CVP,2025-05-04 22:00:00,97,309,sacfall,0.695,152,Normal,LNNLLNLLLLLL,Late,sacfall,NA,CVP,Spring,2025-05-15
C250655CVP,2025-05-04 22:00:00,84,309,sacfall,0.691,164,Normal,LNNLLNLLLLLL,Late,sacfall,NA,CVP,Fall,2025-05-15
C250667CVP,2025-05-04 22:00:00,85,309,sacfall,0.65,118,Normal,LNNLLNLLLLLL,Late,sacfall,NA,CVP,Fall,2025-05-15
C250659CVP,2025-05-04 22:00:00,77,309,sacfall,0.595,167,Normal,LNNLLNLLLLLL,Late,sacfall,NA,CVP,Fall,2025-05-15
C250661CVP,2025-05-04 22:00:00,75,309,sacfall,0.538,168,Normal,LNNLLNLLLLLL,Late,sacfall,NA,CVP,Fall,2025-05-15
C250654CVP,2025-05-04 22:00:00,103,309,sacfall,0.511,119,Normal,LNNLLNLLLLLL,Late,sacfall,NA,CVP,Spring,2025-05-15
C250657CVP,2025-05-04 22:00:00,91,309,sacfall,0.49,122,Unusual,LNNLLNLLLLLL,Late,sacfall,NA,CVP,Spring,2025-05-15
C250682CVP,2025-05-04 23:59:00,94,309,sacfall,0.947,189,Normal,LNNLLNLLLLLL,Late,sacfall,NA,CVP,Spring,2025-05-15
C250688CVP,2025-05-04 23:59:00,95,309,sacfall,0.943,188,Normal,LNNLLNLLLLLL,Late,sacfall,NA,CVP,Spring,2025-05-15
C250689CVP,2025-05-04 23:59:00,87,309,sacfall,0.86,189,Normal,LNNLLNLLLLLL,Late,sacfall,NA,CVP,Fall,2025-05-15
C250678CVP,2025-05-04 23:59:00,99,309,sacfall,0.838,183,Normal,LNNLLNLLLLLL,Late,sacfall,NA,CVP,Spring,2025-05-15
C250680CVP,2025-05-04 23:59:00,92,309,sacfall,0.819,185,Normal,LNNLLNLLLLLL,Late,sacfall,NA,CVP,Spring,2025-05-15
C250679CVP,2025-05-04 23:59:00,90,309,sacfall,0.751,182,Normal,LNNLLNLLLLLL,Late,sacfall,NA,CVP,Fall,2025-05-15
C250687CVP,2025-05-04 23:59:00,88,309,sacfall,0.731,181,Normal,LNNLLNLLLLLL,Late,sacfall,NA,CVP,Fall,2025-05-15
C250684CVP,2025-05-04 23:59:00,88,309,sacfall,0.685,188,Normal,LNNLLNLLLLLL,Late,sacfall,NA,CVP,Fall,2025-05-15
C250681CVP,2025-05-04 23:59:00,92,309,sacfall,0.559,185,Normal,LNNLLNLLLLLL,Late,sacfall,NA,CVP,Spring,2025-05-15
C250685CVP,2025-05-04 23:59:00,83,309,sacfall,0.511,185,Normal,LNNLLNLLLLLL,Late,sacfall,NA,CVP,Fall,2025-05-15
C250683CVP,2025-05-04 23:59:00,94,309,sacfall,0.506,188,Normal,LNNLLNLLLLLL,Late,sacfall,NA,CVP,Spring,2025-05-15
C250686CVP,2025-05-04 23:59:00,87,309,sacfall,0.363,144,Normal,LNNLLNLLLLLL,Late,sacfall,NA,CVP,Fall,2025-05-15
C250692CVP,2025-05-05 02:00:00,96,310,sacfall,0.999,187,Unusual,LNNLLNLLLLLL,Late,sacfall,NA,CVP,Spring,2025-05-15
C250698CVP,2025-05-05 02:00:00,95,310,sacfall,0.997,186,Normal,LNNLLNLLLLLL,Late,sacfall,NA,CVP,Spring,2025-05-15
C250691CVP,2025-05-05 02:00:00,85,310,sacfall,0.98,191,Normal,LNNLLNLLLLLL,Late,sacfall,NA,CVP,Fall,2025-05-15
C250695CVP,2025-05-05 02:00:00,86,310,sacfall,0.979,181,Normal,LNNLLNLLLLLL,Late,sacfall,NA,CVP,Fall,2025-05-15
C250697CVP,2025-05-05 02:00:00,93,310,sacfall,0.96,187,Normal,LNNLLNLLLLLL,Late,sacfall,NA,CVP,Spring,2025-05-15
C250699CVP,2025-05-05 02:00:00,88,310,sacfall,0.931,187,Normal,LNNLLNLLLLLL,Late,sacfall,NA,CVP,Fall,2025-05-15
C250694CVP,2025-05-05 02:00:00,95,310,sacfall,0.927,182,Normal,LNNLLNLLLLLL,Late,sacfall,NA,CVP,Spring,2025-05-15
C250693CVP,2025-05-05 02:00:00,97,310,sacfall,0.815,182,Normal,LNNLLNLLLLLL,Late,sacfall,NA,CVP,Spring,2025-05-15
C250701CVP,2025-05-05 02:00:00,85,310,sacfall,0.655,189,Normal,LNNLLNLLLLLL,Late,sacfall,NA,CVP,Fall,2025-05-15
C250696CVP,2025-05-05 02:00:00,94,310,sacfall,0.652,187,Normal,LNNLLNLLLLLL,Late,sacfall,NA,CVP,Spring,2025-05-15
C250703CVP,2025-05-05 02:00:00,92,310,sacfall,0.58,180,Normal,LNNLLNLLLLLL,Late,sacfall,NA,CVP,Spring,2025-05-15
C250690CVP,2025-05-05 02:00:00,87,310,sacfall,0.491,182,Normal,LNNLLNLLLLLL,Late,sacfall,NA,CVP,Fall,2025-05-15
C250700CVP,2025-05-05 02:00:00,91,310,sacfall,0.408,188,Normal,LNNLLNLLLLLL,Late,sacfall,NA,CVP,Fall,2025-05-15
C250704CVP,2025-05-05 04:00:00,86,310,sacfall,0.991,188,Normal,LNNLLNLLLLLL,Late,sacfall,NA,CVP,Fall,2025-05-15
C250705CVP,2025-05-05 04:00:00,88,310,sacfall,0.934,189,Normal,LNNLLNLLLLLL,Late,sacfall,NA,CVP,Fall,2025-05-15
C250707CVP,2025-05-05 04:00:00,87,310,sacfall,0.833,189,Normal,LNNLLNLLLLLL,Late,sacfall,NA,CVP,Fall,2025-05-15
C250706CVP,2025-05-05 04:00:00,96,310,sacfall,0.756,189,Normal,LNNLLNLLLLLL,Late,sacfall,NA,CVP,Spring,2025-05-15
C250709CVP,2025-05-05 06:00:00,94,310,sacfall,0.991,179,Normal,LNNLLNLLLLLL,Late,sacfall,NA,CVP,Spring,2025-05-15
C250712CVP,2025-05-05 06:00:00,92,310,sacfall,0.977,183,Normal,LNNLLNLLLLLL,Late,sacfall,NA,CVP,Spring,2025-05-15
C250708CVP,2025-05-05 06:00:00,81,310,sacfall,0.971,175,Normal,LNNLLNLLLLLL,Late,sacfall,NA,CVP,Fall,2025-05-15
C250710CVP,2025-05-05 06:00:00,86,310,sacfall,0.756,172,Normal,LNNLLNLLLLLL,Late,sacfall,NA,CVP,Fall,2025-05-15
C250711CVP,2025-05-05 06:00:00,90,310,sacfall,0.613,177,Normal,LNNLLNLLLLLL,Late,sacfall,NA,CVP,Fall,2025-05-15
C250713CVP,2025-05-05 08:00:00,78,310,sacfall,0.695,188,Normal,LNNLLNLLLLLL,Late,sacfall,NA,CVP,Fall,2025-05-15
C250495CVP,2025-04-27 06:00:00,84,302,sacfall,0.964,170,Normal,LNNLLNLLLLLL,Late,sacfall,NA,CVP,Fall,2025-05-20
C250523CVP,2025-04-28 06:00:00,91,303,sacfall,0.854,174,Unusual,LNNLLNLLLLLL,Late,sacfall,NA,CVP,Spring,2025-05-20
C250510SWP,2025-04-28 14:30:00,83,303,sacfall,0.843,188,Normal,LNNLLNLLLLLL,Late,sacfall,NA,SWP,Fall,2025-05-20
C250502SWP,2025-04-28 14:30:00,80,303,sacfall,0.783,166,Extreme,LNNLLNLLLLLL,Late,sacfall,NA,SWP,Fall,2025-05-20
C250509SWP,2025-04-28 14:30:00,82,303,sacfall,0.52,190,Unusual,LNNLLNLLLLLL,Late,sacfall,NA,SWP,Fall,2025-05-20
C250553CVP,2025-04-29 22:00:00,79,304,sacfall,0.682,181,Normal,LNNLLNLLLLLL,Late,sacfall,NA,CVP,Fall,2025-05-20
C250511SWP,2025-05-02 09:00:00,86,307,sacfall,0.998,189,Normal,LNNLLNLLLLLL,Late,sacfall,NA,SWP,Fall,2025-05-20
C250512SWP,2025-05-02 09:00:00,86,307,sacfall,0.508,189,Normal,LNNLLNLLLLLL,Late,sacfall,NA,SWP,Fall,2025-05-20
C250513SWP,2025-05-02 13:00:00,82,307,sacfall,0.637,186,Normal,LNNLLNLLLLLL,Late,sacfall,NA,SWP,Fall,2025-05-20
C250514SWP,2025-05-02 15:00:00,89,307,sacfall,0.996,188,Unusual,LNNLLNLLLLLL,Late,sacfall,NA,SWP,Fall,2025-05-20
C250515SWP,2025-05-02 16:00:00,83,307,sacfall,0.981,186,Normal,LNNLLNLLLLLL,Late,sacfall,NA,SWP,Fall,2025-05-20
C250578CVP,2025-05-02 16:00:00,79,307,sacfall,0.686,185,Normal,LNNLLNLLLLLL,Late,sacfall,NA,CVP,Fall,2025-05-20
C250577CVP,2025-05-02 16:00:00,86,307,sacfall,0.638,186,Normal,HNNHHNHHHHHH,Hybrid,sacfall,NA,CVP,Fall,2025-05-20
C250528SWP,2025-05-02 16:30:00,87,307,sacfall,0.999,186,Normal,LNNLLNLLLLLL,Late,sacfall,NA,SWP,Fall,2025-05-20
C250521SWP,2025-05-02 16:30:00,91,307,sacfall,0.995,189,Normal,LNNLLNLLLLLL,Late,sacfall,NA,SWP,Spring,2025-05-20
C250520SWP,2025-05-02 16:30:00,86,307,sacfall,0.995,190,Normal,LNNLLNLLLLLL,Late,sacfall,NA,SWP,Fall,2025-05-20
C250518SWP,2025-05-02 16:30:00,83,307,sacfall,0.991,187,Normal,LNNLLNLLLLLL,Late,sacfall,NA,SWP,Fall,2025-05-20
C250524SWP,2025-05-02 16:30:00,90,307,sacfall,0.87,184,Normal,LNNLLNLLLLLL,Late,sacfall,NA,SWP,Spring,2025-05-20
C250522SWP,2025-05-02 16:30:00,93,307,sacfall,0.864,190,Normal,LNNLLNLLLLLL,Late,sacfall,NA,SWP,Spring,2025-05-20
C250526SWP,2025-05-02 16:30:00,88,307,sacfall,0.805,188,Normal,LNNLLNLLLLLL,Late,sacfall,NA,SWP,Fall,2025-05-20
C250527SWP,2025-05-02 16:30:00,81,307,sacfall,0.731,189,Normal,LNNLLNLLLLLL,Late,sacfall,NA,SWP,Fall,2025-05-20
C250516SWP,2025-05-02 16:30:00,87,307,sacfall,0.675,183,Unusual,LNNLLNLLLLLL,Late,sacfall,NA,SWP,Fall,2025-05-20
C250529SWP,2025-05-02 16:30:00,77,307,sacfall,0.642,188,Normal,LNNLLNLLLLLL,Late,sacfall,NA,SWP,Fall,2025-05-20
C250517SWP,2025-05-02 16:30:00,121,307,sacfall,0.623,187,Normal,ENNEENEEEEEE,Early-Spring,Spring,Feather River,SWP,Spring,2025-05-20
C250519SWP,2025-05-02 16:30:00,85,307,sacfall,0.585,190,Normal,LNNLLNLLLLLL,Late,sacfall,NA,SWP,Fall,2025-05-20
C250525SWP,2025-05-02 16:30:00,83,307,sacfall,0.506,183,Normal,LNNLLNLLLLLL,Late,sacfall,NA,SWP,Fall,2025-05-20
C250523SWP,2025-05-02 16:30:00,78,307,sacfall,0.486,187,Normal,LNNLLNLLLLLL,Late,sacfall,NA,SWP,Fall,2025-05-20
C250580CVP,2025-05-02 18:00:00,87,307,sacfall,0.485,176,Normal,LNNLLNLLLLLL,Late,sacfall,NA,CVP,Fall,2025-05-20
C250581CVP,2025-05-02 20:00:00,89,307,sacfall,0.846,181,Unusual,LNNLLNLLLLLL,Late,sacfall,NA,CVP,Fall,2025-05-20
C250596CVP,2025-05-02 22:00:00,85,307,sacfall,0.955,148,Normal,LNNLLNLLLLLL,Late,sacfall,NA,CVP,Fall,2025-05-20
C250591CVP,2025-05-02 22:00:00,80,307,sacfall,0.844,161,Normal,LNNLLNLLLLLL,Late,sacfall,NA,CVP,Fall,2025-05-20
C250590CVP,2025-05-02 22:00:00,86,307,sacfall,0.679,104,Normal,LNNLLNLLLLLL,Late,sacfall,NA,CVP,Fall,2025-05-20
C250584CVP,2025-05-02 22:00:00,87,307,sacfall,0.473,181,Extreme,LNNLLNLLLLLL,Late,sacfall,NA,CVP,Fall,2025-05-20
C250583CVP,2025-05-02 22:00:00,83,307,sacfall,0.467,183,Normal,LNNLLNLLLLLL,Late,sacfall,NA,CVP,Fall,2025-05-20
C250530SWP,2025-05-03 15:00:00,79,308,sacfall,0.576,186,Normal,LNNLLNLLLLLL,Late,sacfall,NA,SWP,Fall,2025-05-20
C250603CVP,2025-05-03 16:00:00,88,308,sacfall,0.997,186,Normal,LNNLLNLLLLLL,Late,sacfall,NA,CVP,Fall,2025-05-20
C250604CVP,2025-05-03 16:00:00,77,308,sacfall,0.984,185,Unusual,LNNLLNLLLLLL,Late,sacfall,NA,CVP,Fall,2025-05-20
C250534SWP,2025-05-05 13:00:00,85,310,sacfall,0.992,192,Normal,LNNLLNLLLLLL,Late,sacfall,NA,SWP,Fall,2025-05-20
C250535SWP,2025-05-05 13:00:00,82,310,sacfall,0.908,193,Normal,LNNLLNLLLLLL,Late,sacfall,NA,SWP,Fall,2025-05-20
C250532SWP,2025-05-05 13:00:00,89,310,sacfall,0.625,178,Normal,HNNHHNHHHHHH,Hybrid,sacfall,NA,SWP,Fall,2025-05-20
C250533SWP,2025-05-05 13:00:00,88,310,sacfall,0.527,192,Unusual,LNNLLNLLLLLL,Late,sacfall,NA,SWP,Fall,2025-05-20
C250714CVP,2025-05-05 16:00:00,93,310,sacfall,0.905,181,Normal,LNNLLNLLLLLL,Late,sacfall,NA,CVP,Spring,2025-05-20
C250718CVP,2025-05-05 18:00:00,101,310,sacfall,0.964,172,Normal,LNNLLNLLLLLL,Late,sacfall,NA,CVP,Spring,2025-05-20
C250715CVP,2025-05-05 18:00:00,81,310,sacfall,0.921,181,Normal,LNNLLNLLLLLL,Late,sacfall,NA,CVP,Fall,2025-05-20
C250717CVP,2025-05-05 18:00:00,93,310,sacfall,0.756,181,Normal,LNNLLNLLLLLL,Late,sacfall,NA,CVP,Spring,2025-05-20
C250719CVP,2025-05-05 18:00:00,81,310,sacfall,0.75,181,Unusual,LNNLLNLLLLLL,Late,sacfall,NA,CVP,Fall,2025-05-20
C250716CVP,2025-05-05 18:00:00,83,310,sacfall,0.737,182,Normal,LNNLLNLLLLLL,Late,sacfall,NA,CVP,Fall,2025-05-20
C250725CVP,2025-05-05 20:00:00,88,310,sacfall,1,189,Normal,LNNLLNLLLLLL,Late,sacfall,NA,CVP,Fall,2025-05-20
C250724CVP,2025-05-05 20:00:00,93,310,sacfall,0.99,184,Normal,LNNLLNLLLLLL,Late,sacfall,NA,CVP,Spring,2025-05-20
C250723CVP,2025-05-05 20:00:00,91,310,sacfall,0.626,190,Normal,LNNLLNLLLLLL,Late,sacfall,NA,CVP,Fall,2025-05-20
C250721CVP,2025-05-05 20:00:00,89,310,sacfall,0.622,183,Normal,LNNLLNLLLLLL,Late,sacfall,NA,CVP,Fall,2025-05-20
C250722CVP,2025-05-05 20:00:00,84,310,sacfall,0.468,188,Unusual,LNNLLNLLLLLL,Late,sacfall,NA,CVP,Fall,2025-05-20
C250727CVP,2025-05-05 22:00:00,84,310,sacfall,0.987,186,Normal,LNNLLNLLLLLL,Late,sacfall,NA,CVP,Fall,2025-05-20
C250730CVP,2025-05-05 22:00:00,90,310,sacfall,0.947,187,Normal,LNNLLNLLLLLL,Late,sacfall,NA,CVP,Fall,2025-05-20
C250733CVP,2025-05-05 22:00:00,84,310,sacfall,0.901,186,Normal,LNNLLNLLLLLL,Late,sacfall,NA,CVP,Fall,2025-05-20
C250726CVP,2025-05-05 22:00:00,113,310,sacfall,0.688,172,Normal,LNNLLNLLLLLL,Late,sacfall,NA,CVP,Spring,2025-05-20
C250731CVP,2025-05-05 22:00:00,98,310,sacfall,0.598,188,Unusual,LNNLLNLLLLLL,Late,sacfall,NA,CVP,Spring,2025-05-20
C250732CVP,2025-05-05 22:00:00,85,310,sacfall,0.546,190,Normal,LNNLLNLLLLLL,Late,sacfall,NA,CVP,Fall,2025-05-20
C250728CVP,2025-05-05 22:00:00,84,310,sacfall,0.408,152,Normal,LNNLLNLLLLLL,Late,sacfall,NA,CVP,Fall,2025-05-20
C250729CVP,2025-05-05 22:00:00,87,310,sacfall,0.34,175,Unusual,LNNLLNLLLLLL,Late,sacfall,NA,CVP,Fall,2025-05-20
C250734CVP,2025-05-05 23:59:00,82,310,sacfall,0.999,186,Normal,LNNLLNLLLLLL,Late,sacfall,NA,CVP,Fall,2025-05-20
C250735CVP,2025-05-06 02:00:00,79,311,sacfall,0.984,189,Normal,LNNLLNLLLLLL,Late,sacfall,NA,CVP,Fall,2025-05-20
C250736CVP,2025-05-06 02:00:00,86,311,sacfall,0.925,184,Normal,LNNLLNLLLLLL,Late,sacfall,NA,CVP,Fall,2025-05-20
C250738CVP,2025-05-06 02:00:00,95,311,sacfall,0.898,189,Normal,LNNLLNLLLLLL,Late,sacfall,NA,CVP,Spring,2025-05-20
C250737CVP,2025-05-06 02:00:00,89,311,sacfall,0.68,183,Normal,LNNLLNLLLLLL,Late,sacfall,NA,CVP,Fall,2025-05-20
C250739CVP,2025-05-06 02:00:00,98,311,sacfall,0.571,189,Normal,LNNLLNLLLLLL,Late,sacfall,NA,CVP,Spring,2025-05-20
C250747CVP,2025-05-06 04:00:00,85,311,sacfall,0.997,191,Normal,LNNLLNLLLLLL,Late,sacfall,NA,CVP,Fall,2025-05-20
C250740CVP,2025-05-06 04:00:00,76,311,sacfall,0.97,189,Normal,LNNLLNLLLLLL,Late,sacfall,NA,CVP,Fall,2025-05-20
C250750CVP,2025-05-06 04:00:00,103,311,sacfall,0.957,191,Normal,LNNLLNLLLLLL,Late,sacfall,NA,CVP,Spring,2025-05-20
C250741CVP,2025-05-06 04:00:00,77,311,sacfall,0.942,186,Unusual,LNNLLNLLLLLL,Late,sacfall,NA,CVP,Fall,2025-05-20
C250745CVP,2025-05-06 04:00:00,85,311,sacfall,0.858,184,Normal,LNNLLNLLLLLL,Late,sacfall,NA,CVP,Fall,2025-05-20
C250746CVP,2025-05-06 04:00:00,85,311,sacfall,0.789,187,Normal,LNNLLNLLLLLL,Late,sacfall,NA,CVP,Fall,2025-05-20
C250742CVP,2025-05-06 04:00:00,79,311,sacfall,0.732,189,Normal,LNNLLNLLLLLL,Late,sacfall,NA,CVP,Fall,2025-05-20
C250749CVP,2025-05-06 04:00:00,89,311,sacfall,0.652,189,Normal,LNNLLNLLLLLL,Late,sacfall,NA,CVP,Fall,2025-05-20
C250744CVP,2025-05-06 04:00:00,85,311,sacfall,0.606,177,Normal,LNNLLNLLLLLL,Late,sacfall,NA,CVP,Fall,2025-05-20
C250743CVP,2025-05-06 04:00:00,82,311,sacfall,0.595,187,Normal,LNNLLNLLLLLL,Late,sacfall,NA,CVP,Fall,2025-05-20
C250748CVP,2025-05-06 04:00:00,88,311,sacfall,0.474,187,Normal,LNNLLNLLLLLL,Late,sacfall,NA,CVP,Fall,2025-05-20
C250752CVP,2025-05-06 06:00:00,86,311,sacfall,0.976,180,Unusual,LNNLLNLLLLLL,Late,sacfall,NA,CVP,Fall,2025-05-20
C250751CVP,2025-05-06 06:00:00,84,311,sacfall,0.86,184,Normal,LNNLLNLLLLLL,Late,sacfall,NA,CVP,Fall,2025-05-20
C250753CVP,2025-05-06 08:00:00,91,311,sacfall,0.979,183,Normal,LNNLLNLLLLLL,Late,sacfall,NA,CVP,Fall,2025-05-20
C250754CVP,2025-05-06 14:00:00,81,311,sacfall,0.902,188,Normal,LNNLLNLLLLLL,Late,sacfall,NA,CVP,Fall,2025-05-20
C250755CVP,2025-05-06 18:00:00,94,311,sacfall,0.989,190,Normal,LNNLLNLLLLLL,Late,sacfall,NA,CVP,Spring,2025-05-20
C250758CVP,2025-05-06 18:00:00,88,311,sacfall,0.929,187,Normal,LNNLLNLLLLLL,Late,sacfall,NA,CVP,Fall,2025-05-20
C250764CVP,2025-05-06 18:00:00,84,311,sacfall,0.914,188,Normal,LNNLLNLLLLLL,Late,sacfall,NA,CVP,Fall,2025-05-20
C250759CVP,2025-05-06 18:00:00,94,311,sacfall,0.905,191,Normal,LNNLLNLLLLLL,Late,sacfall,NA,CVP,Spring,2025-05-20
C250756CVP,2025-05-06 18:00:00,81,311,sacfall,0.898,190,Normal,LNNLLNLLLLLL,Late,sacfall,NA,CVP,Fall,2025-05-20
C250762CVP,2025-05-06 18:00:00,92,311,sacfall,0.835,184,Normal,LNNLLNLLLLLL,Late,sacfall,NA,CVP,Spring,2025-05-20
C250760CVP,2025-05-06 18:00:00,79,311,sacfall,0.795,180,Normal,LNNLLNLLLLLL,Late,sacfall,NA,CVP,Fall,2025-05-20
C250757CVP,2025-05-06 18:00:00,86,311,sacfall,0.66,186,Normal,LNNLLNLLLLLL,Late,sacfall,NA,CVP,Fall,2025-05-20
C250761CVP,2025-05-06 18:00:00,91,311,sacfall,0.581,180,Normal,HNNHHNHHHHHH,Hybrid,sacfall,NA,CVP,Fall,2025-05-20
C250763CVP,2025-05-06 18:00:00,95,311,sacfall,0.541,186,Normal,LNNLLNLLLLLL,Late,sacfall,NA,CVP,Spring,2025-05-20
C250766CVP,2025-05-06 22:00:00,85,311,sacfall,0.979,187,Normal,LNNLLNLLLLLL,Late,sacfall,NA,CVP,Fall,2025-05-20
C250768CVP,2025-05-06 22:00:00,77,311,sacfall,0.889,182,Normal,LNNLLNLLLLLL,Late,sacfall,NA,CVP,Fall,2025-05-20
C250767CVP,2025-05-06 22:00:00,81,311,sacfall,0.793,189,Normal,LNNLLNLLLLLL,Late,sacfall,NA,CVP,Fall,2025-05-20
C250765CVP,2025-05-06 22:00:00,77,311,sacfall,0.541,184,Normal,LNNLLNLLLLLL,Late,sacfall,NA,CVP,Fall,2025-05-20
C250769CVP,2025-05-06 23:59:00,84,311,sacfall,0.938,119,Normal,LNNLLNLLLLLL,Late,sacfall,NA,CVP,Fall,2025-05-20
C250770CVP,2025-05-07 04:00:00,93,312,sacfall,0.968,189,Normal,LNNLLNLLLLLL,Late,sacfall,NA,CVP,Spring,2025-05-20
C250771CVP,2025-05-07 08:00:00,85,312,sacfall,0.677,190,Normal,LNNLLNLLLLLL,Late,sacfall,NA,CVP,Fall,2025-05-20
C250772CVP,2025-05-07 14:00:00,92,312,sacfall,0.798,190,Normal,LNNLLNLLLLLL,Late,sacfall,NA,CVP,Fall,2025-05-20
C250773CVP,2025-05-08 04:00:00,93,313,sacfall,0.565,186,Normal,LNNLLNLLLLLL,Late,sacfall,NA,CVP,Fall,2025-05-20
C250776CVP,2025-05-08 08:00:00,81,313,sacfall,0.963,180,Unusual,LNNLLNLLLLLL,Late,sacfall,NA,CVP,Fall,2025-05-20
C250777CVP,2025-05-08 23:59:00,87,313,sacfall,0.764,183,Unusual,LNNLLNLLLLLL,Late,sacfall,NA,CVP,Fall,2025-05-20
C250778CVP,2025-05-09 02:00:00,84,314,sacfall,0.696,190,Unusual,LNNLLNLLLLLL,Late,sacfall,NA,CVP,Fall,2025-05-20
C250779CVP,2025-05-09 06:00:00,86,314,sacfall,0.957,188,Normal,LNNLLNLLLLLL,Late,sacfall,NA,CVP,Fall,2025-05-20
C250780CVP,2025-05-09 23:59:00,84,314,sacfall,0.592,186,Unusual,LNNLLNLLLLLL,Late,sacfall,NA,CVP,Fall,2025-05-20
C250781CVP,2025-05-10 04:00:00,85,315,sacfall,0.687,189,Normal,LNNLLNLLLLLL,Late,sacfall,NA,CVP,Fall,2025-05-20
C250536SWP,2025-05-10 09:00:00,87,315,sacfall,0.952,191,Normal,LNNLLNLLLLLL,Late,sacfall,NA,SWP,Fall,2025-05-20
C250540SWP,2025-05-10 15:30:00,93,315,sacfall,0.999,182,Normal,LNNLLNLLLLLL,Late,sacfall,NA,SWP,Fall,2025-05-20
C250541SWP,2025-05-10 15:30:00,84,315,sacfall,0.998,184,Normal,LNNLLNLLLLLL,Late,sacfall,NA,SWP,Fall,2025-05-20
C250538SWP,2025-05-10 15:30:00,91,315,sacfall,0.991,191,Normal,LNNLLNLLLLLL,Late,sacfall,NA,SWP,Fall,2025-05-20
C250539SWP,2025-05-10 15:30:00,98,315,sacfall,0.94,191,Normal,LNNLLNLLLLLL,Late,sacfall,NA,SWP,Spring,2025-05-20
C250543SWP,2025-05-10 15:30:00,85,315,sacfall,0.84,192,Normal,LNNLLNLLLLLL,Late,sacfall,NA,SWP,Fall,2025-05-20
C250537SWP,2025-05-10 15:30:00,97,315,sacfall,0.788,192,Normal,LNNLLNLLLLLL,Late,sacfall,NA,SWP,Spring,2025-05-20
C250542SWP,2025-05-10 15:30:00,86,315,sacfall,0.666,189,Extreme,LNNLLNLLLLLL,Late,sacfall,NA,SWP,Fall,2025-05-20
C250782CVP,2025-05-10 16:00:00,92,315,sacfall,0.803,188,Normal,LNNLLNLLLLLL,Late,sacfall,NA,CVP,Fall,2025-05-20
C250783CVP,2025-05-10 22:00:00,97,315,sacfall,0.749,190,Normal,LNNLLNLLLLLL,Late,sacfall,NA,CVP,Spring,2025-05-20
C250784CVP,2025-05-10 23:59:00,88,315,sacfall,0.721,183,Normal,LNNLLNLLLLLL,Late,sacfall,NA,CVP,Fall,2025-05-20
C250785CVP,2025-05-11 02:00:00,87,316,sacfall,0.995,183,Normal,LNNLLNLLLLLL,Late,sacfall,NA,CVP,Fall,2025-05-20
C250787CVP,2025-05-11 04:00:00,76,316,sacfall,0.516,188,Normal,LNNLLNLLLLLL,Late,sacfall,NA,CVP,Fall,2025-05-20
C250788CVP,2025-05-11 06:00:00,79,316,sacfall,1,185,Normal,LNNLLNLLLLLL,Late,sacfall,NA,CVP,Fall,2025-05-20
C250789CVP,2025-05-11 14:00:00,78,316,sacfall,0.782,167,Normal,LNNLLNLLLLLL,Late,sacfall,NA,CVP,Fall,2025-05-20
C250544SWP,2025-05-11 16:00:00,84,316,sacfall,0.99,188,Normal,LNNLLNLLLLLL,Late,sacfall,NA,SWP,Fall,2025-05-20
C250790CVP,2025-05-11 16:00:00,83,316,sacfall,0.794,176,Normal,LNNLLNLLLLLL,Late,sacfall,NA,CVP,Fall,2025-05-20
C250791CVP,2025-05-11 16:00:00,80,316,sacfall,0.779,120,Unusual,LNNLLNLLLLLL,Late,sacfall,NA,CVP,Fall,2025-05-20
C250792CVP,2025-05-11 16:00:00,97,316,sacfall,0.526,166,Normal,LNNLLNLLLLLL,Late,sacfall,NA,CVP,Spring,2025-05-20
C250794CVP,2025-05-11 16:00:00,86,316,sacfall,0.521,172,Normal,LNNLLNLLLLLL,Late,sacfall,NA,CVP,Fall,2025-05-20
C250793CVP,2025-05-11 16:00:00,91,316,sacfall,0.502,174,Unusual,LNNLLNLLLLLL,Late,sacfall,NA,CVP,Fall,2025-05-20
C250545SWP,2025-05-11 16:30:00,90,316,sacfall,1,190,Normal,LNNLLNLLLLLL,Late,sacfall,NA,SWP,Fall,2025-05-20
C250555SWP,2025-05-11 16:30:00,85,316,sacfall,0.999,191,Normal,LNNLLNLLLLLL,Late,sacfall,NA,SWP,Fall,2025-05-20
C250546SWP,2025-05-11 16:30:00,89,316,sacfall,0.983,190,Normal,LNNLLNLLLLLL,Late,sacfall,NA,SWP,Fall,2025-05-20
C250548SWP,2025-05-11 16:30:00,85,316,sacfall,0.883,186,Normal,LNNLLNLLLLLL,Late,sacfall,NA,SWP,Fall,2025-05-20
C250547SWP,2025-05-11 16:30:00,82,316,sacfall,0.83,190,Normal,LNNLLNLLLLLL,Late,sacfall,NA,SWP,Fall,2025-05-20
C250550SWP,2025-05-11 16:30:00,83,316,sacfall,0.763,193,Normal,LNNLLNLLLLLL,Late,sacfall,NA,SWP,Fall,2025-05-20
C250553SWP,2025-05-11 16:30:00,84,316,sacfall,0.752,191,Normal,LNNLLNLLLLLL,Late,sacfall,NA,SWP,Fall,2025-05-20
C250551SWP,2025-05-11 16:30:00,91,316,sacfall,0.719,190,Normal,LNNLLNLLLLLL,Late,sacfall,NA,SWP,Fall,2025-05-20
C250552SWP,2025-05-11 16:30:00,80,316,sacfall,0.661,191,Normal,LNNLLNLLLLLL,Late,sacfall,NA,SWP,Fall,2025-05-20
C250549SWP,2025-05-11 16:30:00,84,316,sacfall,0.655,187,Normal,LNNLLNLLLLLL,Late,sacfall,NA,SWP,Fall,2025-05-20
C250556SWP,2025-05-11 16:30:00,91,316,sacfall,0.632,185,Normal,LNNLLNLLLLLL,Late,sacfall,NA,SWP,Fall,2025-05-20
C250554SWP,2025-05-11 16:30:00,82,316,sacfall,0.62,187,Normal,HNNHHNHHHHHH,Hybrid,sacfall,NA,SWP,Fall,2025-05-20
C250795CVP,2025-05-11 20:00:00,81,316,sacfall,0.974,187,Normal,LNNLLNLLLLLL,Late,sacfall,NA,CVP,Fall,2025-05-20
C250796CVP,2025-05-11 20:00:00,90,316,sacfall,0.947,187,Normal,LNNLLNLLLLLL,Late,sacfall,NA,CVP,Fall,2025-05-20
C250797CVP,2025-05-11 20:00:00,87,316,sacfall,0.902,183,Normal,LNNLLNLLLLLL,Late,sacfall,NA,CVP,Fall,2025-05-20
C250800CVP,2025-05-11 22:00:00,84,316,sacfall,0.968,185,Normal,LNNLLNLLLLLL,Late,sacfall,NA,CVP,Fall,2025-05-20
C250799CVP,2025-05-11 22:00:00,79,316,sacfall,0.902,183,Normal,LNNLLNLLLLLL,Late,sacfall,NA,CVP,Fall,2025-05-20
C250798CVP,2025-05-11 22:00:00,91,316,sacfall,0.849,156,Normal,LNNLLNLLLLLL,Late,sacfall,NA,CVP,Fall,2025-05-20
C250803CVP,2025-05-11 22:00:00,79,316,sacfall,0.726,178,Normal,LNNLLNLLLLLL,Late,sacfall,NA,CVP,Fall,2025-05-20
C250801CVP,2025-05-11 22:00:00,86,316,sacfall,0.563,171,Normal,LNNLLNLLLLLL,Late,sacfall,NA,CVP,Fall,2025-05-20
C250804CVP,2025-05-11 23:59:00,85,316,sacfall,0.528,182,Normal,LNNLLNLLLLLL,Late,sacfall,NA,CVP,Fall,2025-05-20
C250805CVP,2025-05-12 04:00:00,87,317,sacfall,0.852,182,Normal,LNNLLNLLLLLL,Late,sacfall,NA,CVP,Fall,2025-05-20
C250813CVP,2025-05-12 06:00:00,94,317,sacfall,0.879,186,Normal,LNNLLNLLLLLL,Late,sacfall,NA,CVP,Fall,2025-05-20
C250809CVP,2025-05-12 06:00:00,82,317,sacfall,0.865,170,Normal,LNNLLNLLLLLL,Late,sacfall,NA,CVP,Fall,2025-05-20
C250810CVP,2025-05-12 06:00:00,85,317,sacfall,0.853,187,Unusual,LNNLLNLLLLLL,Late,sacfall,NA,CVP,Fall,2025-05-20
C250811CVP,2025-05-12 06:00:00,81,317,sacfall,0.793,189,Unusual,LNNLLNLLLLLL,Late,sacfall,NA,CVP,Fall,2025-05-20
C250807CVP,2025-05-12 06:00:00,87,317,sacfall,0.77,180,Normal,LNNLLNLLLLLL,Late,sacfall,NA,CVP,Fall,2025-05-20
C250806CVP,2025-05-12 06:00:00,86,317,sacfall,0.477,181,Normal,LNNLLNLLLLLL,Late,sacfall,NA,CVP,Fall,2025-05-20
C250812CVP,2025-05-12 06:00:00,94,317,sacfall,0.347,187,Normal,LNNLLNLLLLLL,Late,sacfall,NA,CVP,Fall,2025-05-20
C250720CVP,2025-05-05 18:00:00,78,310,sacfall,0.581,177,Normal,LNNLLNLLLLLL,Late,sacfall,NA,CVP,Fall,2025-05-29
C250808CVP,2025-05-12 06:00:00,77,317,sacfall,0.769,191,Normal,LNNLLNLLLLLL,Late,sacfall,NA,CVP,Fall,2025-05-29
C250557SWP,2025-05-12 15:00:00,92,317,sacfall,0.757,182,Normal,LNNLLNLLLLLL,Late,sacfall,NA,SWP,Fall,2025-05-29
C250558SWP,2025-05-12 15:00:00,88,317,sacfall,0.7,184,Normal,LNNLLNLLLLLL,Late,sacfall,NA,SWP,Fall,2025-05-29
C250559SWP,2025-05-12 15:00:00,89,317,sacfall,0.512,182,Normal,LNNLLNLLLLLL,Late,sacfall,NA,SWP,Fall,2025-05-29
C250733SWP,2025-05-12 15:30:00,89,317,sacfall,0.998,182,Normal,LNNLLNLLLLLL,Late,sacfall,NA,SWP,Fall,2025-05-29
C250748SWP,2025-05-12 15:30:00,84,317,sacfall,0.991,186,Normal,LNNLLNLLLLLL,Late,sacfall,NA,SWP,Fall,2025-05-29
C250739SWP,2025-05-12 15:30:00,89,317,sacfall,0.985,179,Normal,LNNLLNLLLLLL,Late,sacfall,NA,SWP,Fall,2025-05-29
C250566SWP,2025-05-12 15:30:00,91,317,sacfall,0.981,185,Normal,LNNLLNLLLLLL,Late,sacfall,NA,SWP,Fall,2025-05-29
C250749SWP,2025-05-12 15:30:00,86,317,sacfall,0.98,180,Normal,LNNLLNLLLLLL,Late,sacfall,NA,SWP,Fall,2025-05-29
C250567SWP,2025-05-12 15:30:00,85,317,sacfall,0.973,184,Normal,LNNLLNLLLLLL,Late,sacfall,NA,SWP,Fall,2025-05-29
C250731SWP,2025-05-12 15:30:00,92,317,sacfall,0.967,179,Normal,LNNLLNLLLLLL,Late,sacfall,NA,SWP,Fall,2025-05-29
C250560SWP,2025-05-12 15:30:00,92,317,sacfall,0.964,190,Normal,LNNLLNLLLLLL,Late,sacfall,NA,SWP,Fall,2025-05-29
C250744SWP,2025-05-12 15:30:00,81,317,sacfall,0.899,183,Normal,LNNLLNLLLLLL,Late,sacfall,NA,SWP,Fall,2025-05-29
C250732SWP,2025-05-12 15:30:00,85,317,sacfall,0.853,170,Normal,LNNLLNLLLLLL,Late,sacfall,NA,SWP,Fall,2025-05-29
C250730SWP,2025-05-12 15:30:00,98,317,sacfall,0.85,178,Normal,LNNLLNLLLLLL,Late,sacfall,NA,SWP,Spring,2025-05-29
C250750SWP,2025-05-12 15:30:00,88,317,sacfall,0.833,180,Normal,LNNLLNLLLLLL,Late,sacfall,NA,SWP,Fall,2025-05-29
C250737SWP,2025-05-12 15:30:00,88,317,sacfall,0.764,153,Normal,LNNLLNLLLLLL,Late,sacfall,NA,SWP,Fall,2025-05-29
C250735SWP,2025-05-12 15:30:00,85,317,sacfall,0.759,170,Normal,LNNLLNLLLLLL,Late,sacfall,NA,SWP,Fall,2025-05-29
C250563SWP,2025-05-12 15:30:00,83,317,sacfall,0.758,180,Normal,LNNLLNLLLLLL,Late,sacfall,NA,SWP,Fall,2025-05-29
C250738SWP,2025-05-12 15:30:00,92,317,sacfall,0.736,174,Normal,LNNLLNLLLLLL,Late,sacfall,NA,SWP,Fall,2025-05-29
C250745SWP,2025-05-12 15:30:00,83,317,sacfall,0.725,184,Normal,LNNLLNLLLLLL,Late,sacfall,NA,SWP,Fall,2025-05-29
C250743SWP,2025-05-12 15:30:00,77,317,sacfall,0.683,160,Normal,LNNLLNLLLLLL,Late,sacfall,NA,SWP,Fall,2025-05-29
C250565SWP,2025-05-12 15:30:00,86,317,sacfall,0.683,182,Unusual,LNNLLNLLLLLL,Late,sacfall,NA,SWP,Fall,2025-05-29
C250746SWP,2025-05-12 15:30:00,77,317,sacfall,0.649,177,Normal,LNNLLNLLLLLL,Late,sacfall,NA,SWP,Fall,2025-05-29
C250736SWP,2025-05-12 15:30:00,101,317,sacfall,0.63,183,Normal,LNNLLNLLLLLL,Late,sacfall,NA,SWP,Spring,2025-05-29
C250742SWP,2025-05-12 15:30:00,79,317,sacfall,0.587,182,Normal,LNNLLNLLLLLL,Late,sacfall,NA,SWP,Fall,2025-05-29
C250561SWP,2025-05-12 15:30:00,80,317,sacfall,0.58,186,Normal,LNNLLNLLLLLL,Late,sacfall,NA,SWP,Fall,2025-05-29
C250741SWP,2025-05-12 15:30:00,85,317,sacfall,0.569,182,Normal,LNNLLNLLLLLL,Late,sacfall,NA,SWP,Fall,2025-05-29
C250564SWP,2025-05-12 15:30:00,86,317,sacfall,0.543,114,Normal,LNNLLNLLLLLL,Late,sacfall,NA,SWP,Fall,2025-05-29
C250751SWP,2025-05-12 15:30:00,82,317,sacfall,0.522,177,Normal,LNNLLNLLLLLL,Late,sacfall,NA,SWP,Fall,2025-05-29
C250747SWP,2025-05-12 15:30:00,90,317,sacfall,0.512,163,Unusual,LNNLLNLLLLLL,Late,sacfall,NA,SWP,Fall,2025-05-29
C250734SWP,2025-05-12 15:30:00,87,317,sacfall,0.471,165,Normal,LNNLLNLLLLLL,Late,sacfall,NA,SWP,Fall,2025-05-29
C250562SWP,2025-05-12 15:30:00,90,317,sacfall,0.415,186,Normal,LNNLLNLLLLLL,Late,sacfall,NA,SWP,Fall,2025-05-29
C250740SWP,2025-05-12 15:30:00,80,317,sacfall,0.412,164,Normal,LNNLLNLLLLLL,Late,sacfall,NA,SWP,Fall,2025-05-29
C250814CVP,2025-05-12 16:00:00,82,317,sacfall,0.502,114,Normal,?NNLLNLLLLLL,Late,sacfall,NA,CVP,Fall,2025-05-29
C250815CVP,2025-05-12 22:00:00,88,317,sacfall,0.597,177,Normal,LNNLLNLLLLLL,Late,sacfall,NA,CVP,Fall,2025-05-29
C250775SWP,2025-05-13 14:30:00,92,318,sacfall,0.997,182,Normal,LNNLLNLLLLLL,Late,sacfall,NA,SWP,Fall,2025-05-29
C250770SWP,2025-05-13 14:30:00,89,318,sacfall,0.995,178,Normal,LNNLLNLLLLLL,Late,sacfall,NA,SWP,Fall,2025-05-29
C250785SWP,2025-05-13 14:30:00,84,318,sacfall,0.985,179,Extreme,LNNLLNLLLLLL,Late,Late Fall,NA,SWP,Fall,2025-05-29
C250773SWP,2025-05-13 14:30:00,92,318,sacfall,0.976,181,Normal,LNNLLNLLLLLL,Late,sacfall,NA,SWP,Fall,2025-05-29
C250764SWP,2025-05-13 14:30:00,88,318,sacfall,0.962,162,Normal,LNNLLNLLLLLL,Late,sacfall,NA,SWP,Fall,2025-05-29
C250782SWP,2025-05-13 14:30:00,91,318,sacfall,0.947,181,Normal,HNNHHNHHHHHH,Hybrid,sacfall,NA,SWP,Fall,2025-05-29
C250774SWP,2025-05-13 14:30:00,86,318,sacfall,0.924,182,Normal,LNNLLNLLLLLL,Late,sacfall,NA,SWP,Fall,2025-05-29
C250765SWP,2025-05-13 14:30:00,79,318,sacfall,0.923,186,Normal,LNNLLNLLLLLL,Late,sacfall,NA,SWP,Fall,2025-05-29
C250761SWP,2025-05-13 14:30:00,82,318,sacfall,0.922,185,Normal,LNNLLNLLLLLL,Late,sacfall,NA,SWP,Fall,2025-05-29
C250760SWP,2025-05-13 14:30:00,88,318,sacfall,0.878,183,Normal,LNNLLNLLLLLL,Late,sacfall,NA,SWP,Fall,2025-05-29
C250772SWP,2025-05-13 14:30:00,100,318,sacfall,0.877,180,Normal,LNNLLNLLLLLL,Late,sacfall,NA,SWP,Spring,2025-05-29
C250763SWP,2025-05-13 14:30:00,92,318,sacfall,0.874,181,Unusual,LNNLLNLLLLLL,Late,sacfall,NA,SWP,Fall,2025-05-29
C250758SWP,2025-05-13 14:30:00,90,318,sacfall,0.869,184,Normal,LNNLLNLLLLLL,Late,sacfall,NA,SWP,Fall,2025-05-29
C250781SWP,2025-05-13 14:30:00,81,318,sacfall,0.846,184,Unusual,LNNLLNLLLLLL,Late,sacfall,NA,SWP,Fall,2025-05-29
C250755SWP,2025-05-13 14:30:00,82,318,sacfall,0.841,179,Normal,LNNLLNLLLLLL,Late,sacfall,NA,SWP,Fall,2025-05-29
C250780SWP,2025-05-13 14:30:00,75,318,sacfall,0.822,138,Unusual,LNNLLNLLLLLL,Late,sacfall,NA,SWP,Fall,2025-05-29
C250778SWP,2025-05-13 14:30:00,82,318,sacfall,0.766,184,Normal,LNNLLNLLLLLL,Late,sacfall,NA,SWP,Fall,2025-05-29
C250753SWP,2025-05-13 14:30:00,86,318,sacfall,0.738,180,Unusual,LNNLLNLLLLLL,Late,sacfall,NA,SWP,Fall,2025-05-29
C250784SWP,2025-05-13 14:30:00,84,318,sacfall,0.737,139,Normal,LNNLLNLLLLLL,Late,sacfall,NA,SWP,Fall,2025-05-29
C250776SWP,2025-05-13 14:30:00,95,318,sacfall,0.725,180,Normal,LNNLLNLLLLLL,Late,sacfall,NA,SWP,Fall,2025-05-29
C250759SWP,2025-05-13 14:30:00,89,318,sacfall,0.719,182,Normal,LNNLLNLLLLLL,Late,sacfall,NA,SWP,Fall,2025-05-29
C250786SWP,2025-05-13 14:30:00,82,318,sacfall,0.682,187,Normal,LNNLLNLLLLLL,Late,sacfall,NA,SWP,Fall,2025-05-29
C250762SWP,2025-05-13 14:30:00,115,318,sacfall,0.652,178,Normal,LNNLLNLLLLLL,Late,sacfall,NA,SWP,Spring,2025-05-29
C250752SWP,2025-05-13 14:30:00,75,318,sacfall,0.652,183,Unusual,LNNLLNLLLLLL,Late,sacfall,NA,SWP,Fall,2025-05-29
C250768SWP,2025-05-13 14:30:00,89,318,sacfall,0.616,182,Normal,LNNLLNLLLLLL,Late,sacfall,NA,SWP,Fall,2025-05-29
C250767SWP,2025-05-13 14:30:00,99,318,sacfall,0.616,185,Unusual,LNNLLNLLLLLL,Late,sacfall,NA,SWP,Spring,2025-05-29
C250783SWP,2025-05-13 14:30:00,88,318,sacfall,0.587,166,Normal,LNNLLNLLLLLL,Late,sacfall,NA,SWP,Fall,2025-05-29
C250771SWP,2025-05-13 14:30:00,93,318,sacfall,0.584,167,Normal,LNNLLNLLLLLL,Late,sacfall,NA,SWP,Fall,2025-05-29
C250756SWP,2025-05-13 14:30:00,83,318,sacfall,0.577,182,Normal,LNNLLNLLLLLL,Late,sacfall,NA,SWP,Fall,2025-05-29
C250777SWP,2025-05-13 14:30:00,90,318,sacfall,0.57,176,Unusual,LNNLLNLLLLLL,Late,sacfall,NA,SWP,Fall,2025-05-29
C250779SWP,2025-05-13 14:30:00,84,318,sacfall,0.519,182,Unusual,LNNLLNLLLLLL,Late,sacfall,NA,SWP,Fall,2025-05-29
C250766SWP,2025-05-13 14:30:00,79,318,sacfall,0.511,182,Unusual,LNNLLNLLLLLL,Late,sacfall,NA,SWP,Fall,2025-05-29
C250757SWP,2025-05-13 14:30:00,81,318,sacfall,0.482,186,Normal,LNNLLNLLLLLL,Late,sacfall,NA,SWP,Fall,2025-05-29
C250769SWP,2025-05-13 14:30:00,94,318,sacfall,0.384,181,Normal,LNNLLNLLLLLL,Late,sacfall,NA,SWP,Fall,2025-05-29
C250817CVP,2025-05-14 04:00:00,87,319,sacfall,0.769,178,Normal,LNNLLNLLLLLL,Late,sacfall,NA,CVP,Fall,2025-05-29
C250818CVP,2025-05-14 06:00:00,86,319,sacfall,0.879,178,Normal,LNNLLNLLLLLL,Late,sacfall,NA,CVP,Fall,2025-05-29
C250791SWP,2025-05-14 16:30:00,90,319,sacfall,0.991,187,Normal,LNNLLNLLLLLL,Late,sacfall,NA,SWP,Fall,2025-05-29
C250804SWP,2025-05-14 16:30:00,74,319,sacfall,0.982,185,Normal,LNNLLNLLLLLL,Late,sacfall,NA,SWP,Fall,2025-05-29
C250793SWP,2025-05-14 16:30:00,81,319,sacfall,0.957,181,Normal,LNNLLNLLLLLL,Late,sacfall,NA,SWP,Fall,2025-05-29
C250805SWP,2025-05-14 16:30:00,99,319,sacfall,0.946,186,Unusual,LNNLLNLLLLLL,Late,sacfall,NA,SWP,Spring,2025-05-29
C250790SWP,2025-05-14 16:30:00,78,319,sacfall,0.936,186,Normal,LNNLLNLLLLLL,Late,sacfall,NA,SWP,Fall,2025-05-29
C250801SWP,2025-05-14 16:30:00,89,319,sacfall,0.934,183,Normal,LNNLLNLLLLLL,Late,sacfall,NA,SWP,Fall,2025-05-29
C250795SWP,2025-05-14 16:30:00,85,319,sacfall,0.932,187,Normal,LNNLLNLLLLLL,Late,sacfall,NA,SWP,Fall,2025-05-29
C250792SWP,2025-05-14 16:30:00,84,319,sacfall,0.92,179,Unusual,LNNLLNLLLLLL,Late,sacfall,NA,SWP,Fall,2025-05-29
C250799SWP,2025-05-14 16:30:00,80,319,sacfall,0.879,184,Normal,HNNHHNHHHHHH,Hybrid,sacfall,NA,SWP,Fall,2025-05-29
C250797SWP,2025-05-14 16:30:00,88,319,sacfall,0.819,187,Unusual,LNNLLNLLLLLL,Late,sacfall,NA,SWP,Fall,2025-05-29
C250798SWP,2025-05-14 16:30:00,90,319,sacfall,0.775,187,Normal,LNNLLNLLLLLL,Late,sacfall,NA,SWP,Fall,2025-05-29
C250787SWP,2025-05-14 16:30:00,80,319,sacfall,0.768,189,Normal,LNNLLNLLLLLL,Late,sacfall,NA,SWP,Fall,2025-05-29
C250794SWP,2025-05-14 16:30:00,85,319,sacfall,0.737,186,Normal,LNNLLNLLLLLL,Late,sacfall,NA,SWP,Fall,2025-05-29
C250788SWP,2025-05-14 16:30:00,92,319,sacfall,0.735,189,Normal,LNNLLNLLLLLL,Late,sacfall,NA,SWP,Fall,2025-05-29
C250802SWP,2025-05-14 16:30:00,93,319,sacfall,0.585,188,Normal,LNNLLNLLLLLL,Late,sacfall,NA,SWP,Fall,2025-05-29
C250803SWP,2025-05-14 16:30:00,78,319,sacfall,0.546,188,Normal,LNNLLNLLLLLL,Late,sacfall,NA,SWP,Fall,2025-05-29
C250800SWP,2025-05-14 16:30:00,84,319,sacfall,0.523,179,Normal,LNNLLNLLLLLL,Late,sacfall,NA,SWP,Fall,2025-05-29
C250789SWP,2025-05-14 16:30:00,92,319,sacfall,0.486,192,Normal,LNNLLNLLLLLL,Late,sacfall,NA,SWP,Fall,2025-05-29
C250796SWP,2025-05-14 16:30:00,90,319,sacfall,0.395,183,Normal,LNNLLNLLLLLL,Late,sacfall,NA,SWP,Fall,2025-05-29
C250819CVP,2025-05-14 22:00:00,83,319,sacfall,0.839,180,Normal,LNNLLNLLLLLL,Late,sacfall,NA,CVP,Fall,2025-05-29
C250820CVP,2025-05-15 04:00:00,83,320,sacfall,0.99,173,Normal,LNNLLNLLLLLL,Late,sacfall,NA,CVP,Fall,2025-05-29
C250821CVP,2025-05-15 06:00:00,81,320,sacfall,0.827,144,Normal,LNNLLNLLLLLL,Late,sacfall,NA,CVP,Fall,2025-05-29
C250822CVP,2025-05-15 08:00:00,74,320,sacfall,0.912,179,Normal,LNNLLNLLLLLL,Late,sacfall,NA,CVP,Fall,2025-05-29
C250823CVP,2025-05-15 16:00:00,95,320,sacfall,0.907,185,Normal,LNNLLNLLLLLL,Late,sacfall,NA,CVP,Fall,2025-05-29
C250569SWP,2025-05-15 16:30:00,74,320,sacfall,0.953,180,Normal,LNNLLNLLLLLL,Late,sacfall,NA,SWP,Fall,2025-05-29
C250570SWP,2025-05-15 16:30:00,87,320,sacfall,0.853,188,Normal,LNNLLNLLLLLL,Late,sacfall,NA,SWP,Fall,2025-05-29
C250568SWP,2025-05-15 16:30:00,89,320,sacfall,0.503,186,Normal,HNNHHNHHHHHL,Hybrid,sacfall,NA,SWP,Fall,2025-05-29
C250824CVP,2025-05-15 20:00:00,91,320,sacfall,0.7,177,Normal,LNNLLNLLLLLL,Late,sacfall,NA,CVP,Fall,2025-05-29
C250812SWP,2025-05-16 16:30:00,103,321,sacfall,0.972,186,Normal,LNNLLNLLLLLL,Late,sacfall,NA,SWP,Spring,2025-05-29
C250813SWP,2025-05-16 16:30:00,95,321,sacfall,0.918,187,Normal,LNNLLNLLLLLL,Late,sacfall,NA,SWP,Fall,2025-05-29
C250809SWP,2025-05-16 16:30:00,88,321,sacfall,0.913,183,Normal,LNNLLNLLLLLL,Late,sacfall,NA,SWP,Fall,2025-05-29
C250816SWP,2025-05-16 16:30:00,96,321,sacfall,0.859,181,Normal,LNNLLNLLLLLL,Late,sacfall,NA,SWP,Fall,2025-05-29
C250810SWP,2025-05-16 16:30:00,87,321,sacfall,0.855,186,Normal,LNNLLNLLLLLL,Late,sacfall,NA,SWP,Fall,2025-05-29
C250811SWP,2025-05-16 16:30:00,79,321,sacfall,0.831,185,Normal,HNNHHNHHHHHL,Hybrid,sacfall,NA,SWP,Fall,2025-05-29
C250807SWP,2025-05-16 16:30:00,92,321,sacfall,0.789,189,Normal,HNNHHNHHHHHH,Hybrid,sacfall,NA,SWP,Fall,2025-05-29
C250817SWP,2025-05-16 16:30:00,90,321,sacfall,0.699,186,Normal,LNNLLNLLLLLL,Late,sacfall,NA,SWP,Fall,2025-05-29
C250815SWP,2025-05-16 16:30:00,84,321,sacfall,0.622,185,Unusual,LNNLLNLLLLLL,Late,sacfall,NA,SWP,Fall,2025-05-29
C250808SWP,2025-05-16 16:30:00,87,321,sacfall,0.533,179,Normal,LNNLLNLLLLLL,Late,sacfall,NA,SWP,Fall,2025-05-29
C250814SWP,2025-05-16 16:30:00,89,321,sacfall,0.527,190,Normal,HNNHHNHHHHHH,Hybrid,sacfall,NA,SWP,Fall,2025-05-29
C250806SWP,2025-05-16 16:30:00,93,321,sacfall,0.518,191,Normal,LNNLLNLLLLLL,Late,sacfall,NA,SWP,Fall,2025-05-29
C250826CVP,2025-05-16 18:00:00,84,321,sacfall,0.625,181,Normal,LNNLLNLLLLLL,Late,sacfall,NA,CVP,Fall,2025-05-29
C250827CVP,2025-05-16 22:00:00,82,321,sacfall,0.74,179,Normal,LNNLLNLLLLLL,Late,sacfall,NA,CVP,Fall,2025-05-29
C250828CVP,2025-05-16 22:00:00,109,321,sacfall,0.643,185,Normal,LNNLLNLLLLLL,Late,sacfall,NA,CVP,Spring,2025-05-29
C250829CVP,2025-05-17 16:00:00,83,322,sacfall,0.349,167,Normal,LNNLLNLLLLLL,Late,sacfall,NA,CVP,Fall,2025-05-29
C250818SWP,2025-05-17 16:30:00,89,322,sacfall,0.601,190,Normal,LNNLLNLLLLLL,Late,sacfall,NA,SWP,Fall,2025-05-29
C250820SWP,2025-05-17 16:30:00,92,322,sacfall,0.485,181,Normal,LNNLLNLLLLLL,Late,sacfall,NA,SWP,Fall,2025-05-29
C250819SWP,2025-05-17 16:30:00,87,322,sacfall,0.456,188,Normal,LNNLLNLLLLLL,Late,sacfall,NA,SWP,Fall,2025-05-29
C250835CVP,2025-05-17 22:00:00,95,322,sacfall,1,181,Normal,LNNLLNLLLLLL,Late,sacfall,NA,CVP,Fall,2025-05-29
C250838CVP,2025-05-17 22:00:00,87,322,sacfall,0.915,178,Normal,LNNLLNLLLLLL,Late,sacfall,NA,CVP,Fall,2025-05-29
C250834CVP,2025-05-17 22:00:00,80,322,sacfall,0.888,141,Normal,LNNLLNLLLLLL,Late,sacfall,NA,CVP,Fall,2025-05-29
C250836CVP,2025-05-17 22:00:00,81,322,sacfall,0.858,181,Normal,LNNLLNLLLLLL,Late,sacfall,NA,CVP,Fall,2025-05-29
C250830CVP,2025-05-17 22:00:00,90,322,sacfall,0.702,176,Unusual,LNNLLNLLLLLL,Late,sacfall,NA,CVP,Fall,2025-05-29
C250837CVP,2025-05-17 22:00:00,83,322,sacfall,0.693,180,Normal,LNNLLNLLLLLL,Late,sacfall,NA,CVP,Fall,2025-05-29
C250831CVP,2025-05-17 22:00:00,85,322,sacfall,0.687,184,Normal,LNNLLNLLLLLL,Late,sacfall,NA,CVP,Fall,2025-05-29
C250832CVP,2025-05-17 22:00:00,87,322,sacfall,0.517,185,Normal,LNNLLNLLLLLL,Late,sacfall,NA,CVP,Fall,2025-05-29
C250839CVP,2025-05-17 23:59:00,88,322,sacfall,0.661,182,Normal,LNNLLNLLLLLL,Late,sacfall,NA,CVP,Fall,2025-05-29
C250840CVP,2025-05-18 08:00:00,85,323,sacfall,0.995,181,Unusual,LNNLLNLLLLLL,Late,sacfall,NA,CVP,Fall,2025-05-29
C250842CVP,2025-05-18 12:00:00,90,323,sacfall,0.773,181,Normal,LNNLLNLLLLLL,Late,sacfall,NA,CVP,Fall,2025-05-29
C250821SWP,2025-05-18 16:30:00,95,323,sacfall,0.964,188,Unusual,LNNLLNLLLLLL,Late,sacfall,NA,SWP,Fall,2025-05-29
C250822SWP,2025-05-18 16:30:00,88,323,sacfall,0.707,190,Normal,LNNLLNLLLLLL,Late,sacfall,NA,SWP,Fall,2025-05-29
C250843CVP,2025-05-18 22:00:00,92,323,sacfall,0.988,186,Normal,LNNLLNLLLLLL,Late,sacfall,NA,CVP,Fall,2025-05-29
C250844CVP,2025-05-19 06:00:00,84,324,sacfall,0.902,184,Normal,LNNLLNLLLLLL,Late,sacfall,NA,CVP,Fall,2025-05-29
C250845CVP,2025-05-19 08:00:00,83,324,sacfall,0.523,173,Normal,LNNLLNLLLLLL,Late,sacfall,NA,CVP,Fall,2025-05-29
C250846CVP,2025-05-19 10:00:00,91,324,sacfall,0.917,183,Normal,LNNLLNLLLLLL,Late,sacfall,NA,CVP,Fall,2025-05-29
C250754SWP,2025-05-13 14:30:00,86,318,sacfall,0.535,182,Normal,LNNLLNLLLLLL,Late,sacfall,NA,SWP,Fall,2025-06-05
C250816CVP,2025-05-13 23:59:00,89,318,sacfall,0.834,179,Normal,LNNLLNLLLLLL,Late,sacfall,NA,CVP,Fall,2025-06-05
C250825CVP,2025-05-16 12:00:00,79,321,sacfall,0.67,187,Normal,LNNLLNLLLLLL,Late,sacfall,NA,CVP,Fall,2025-06-05
C250833CVP,2025-05-17 22:00:00,86,322,sacfall,0.983,187,Normal,LNNLLNLLLLLL,Late,sacfall,NA,CVP,Fall,2025-06-05
C250841CVP,2025-05-18 10:00:00,85,323,sacfall,0.967,183,Normal,LNNLLNLLLLLL,Late,sacfall,NA,CVP,Fall,2025-06-05
C250847CVP,2025-05-19 12:00:00,84,324,sacfall,1,190,Normal,LNNLLNLLLLLL,Late,sacfall,NA,CVP,Fall,2025-06-05
C250848CVP,2025-05-19 12:00:00,85,324,sacfall,0.993,171,Normal,LNNLLNLLLLLL,Late,sacfall,NA,CVP,Fall,2025-06-05
C250849CVP,2025-05-19 12:00:00,84,324,sacfall,0.811,183,Normal,LNNLLNLLLLLL,Late,sacfall,NA,CVP,Fall,2025-06-05
C250850CVP,2025-05-19 14:00:00,84,324,sacfall,0.983,190,Unusual,LNNLLNLLLLLL,Late,sacfall,NA,CVP,Fall,2025-06-05
C250571SWP,2025-05-19 18:30:00,99,324,sacfall,0.719,179,Normal,LNNLLNLLLLLL,Late,sacfall,NA,SWP,Fall,2025-06-05
C250572SWP,2025-05-19 18:30:00,87,324,sacfall,0.385,185,Normal,LNNLLNLLLLLL,Late,sacfall,NA,SWP,Fall,2025-06-05
C250851CVP,2025-05-19 22:00:00,88,324,sacfall,0.766,191,Normal,LNNLLNLLLLLL,Late,sacfall,NA,CVP,Fall,2025-06-05
C250853CVP,2025-05-19 23:59:00,80,324,sacfall,0.838,192,Normal,LNNLLNLLLLLL,Late,sacfall,NA,CVP,Fall,2025-06-05
C250852CVP,2025-05-19 23:59:00,82,324,sacfall,0.758,190,Unusual,LNNLLNLLLLLL,Late,sacfall,NA,CVP,Fall,2025-06-05
C250857CVP,2025-05-20 02:00:00,77,325,sacfall,0.999,186,Normal,LNNLLNLLLLLL,Late,sacfall,NA,CVP,Fall,2025-06-05
C250866CVP,2025-05-20 02:00:00,85,325,sacfall,0.999,191,Normal,LNNLLNLLLLLL,Late,sacfall,NA,CVP,Fall,2025-06-05
C250868CVP,2025-05-20 02:00:00,83,325,sacfall,0.998,190,Normal,LNNLLNLLLLLL,Late,sacfall,NA,CVP,Fall,2025-06-05
C250856CVP,2025-05-20 02:00:00,76,325,sacfall,0.996,186,Normal,LNNLLNLLLLLL,Late,sacfall,NA,CVP,Fall,2025-06-05
C250869CVP,2025-05-20 02:00:00,82,325,sacfall,0.993,189,Normal,LNNLLNLLLLLL,Late,sacfall,NA,CVP,Fall,2025-06-05
C250855CVP,2025-05-20 02:00:00,86,325,sacfall,0.989,193,Unusual,LNNLLNLLLLLL,Late,sacfall,NA,CVP,Fall,2025-06-05
C250858CVP,2025-05-20 02:00:00,83,325,sacfall,0.988,192,Normal,LNNLLNLLLLLL,Late,sacfall,NA,CVP,Fall,2025-06-05
C250870CVP,2025-05-20 02:00:00,82,325,sacfall,0.984,191,Unusual,LNNLLNLLLLLL,Late,sacfall,NA,CVP,Fall,2025-06-05
C250859CVP,2025-05-20 02:00:00,91,325,sacfall,0.97,189,Normal,LNNLLNLLLLLL,Late,sacfall,NA,CVP,Fall,2025-06-05
C250863CVP,2025-05-20 02:00:00,85,325,sacfall,0.955,191,Normal,LNNLLNLLLLLL,Late,sacfall,NA,CVP,Fall,2025-06-05
C250871CVP,2025-05-20 02:00:00,85,325,sacfall,0.823,187,Normal,LNNLLNLLLLLL,Late,sacfall,NA,CVP,Fall,2025-06-05
C250862CVP,2025-05-20 02:00:00,93,325,sacfall,0.787,190,Normal,LNNLLNLLLLLL,Late,sacfall,NA,CVP,Fall,2025-06-05
C250865CVP,2025-05-20 02:00:00,80,325,sacfall,0.766,188,Unusual,LNNLLNLLLLLL,Late,sacfall,NA,CVP,Fall,2025-06-05
C250854CVP,2025-05-20 02:00:00,83,325,sacfall,0.76,192,Normal,LNNLLNLLLLLL,Late,sacfall,NA,CVP,Fall,2025-06-05
C250867CVP,2025-05-20 02:00:00,87,325,sacfall,0.683,191,Normal,LNNLLNLLLLLL,Late,sacfall,NA,CVP,Fall,2025-06-05
C250861CVP,2025-05-20 02:00:00,82,325,sacfall,0.641,190,Normal,LNNLLNLLLLLL,Late,sacfall,NA,CVP,Fall,2025-06-05
C250864CVP,2025-05-20 02:00:00,82,325,sacfall,0.535,185,Normal,LNNLLNLLLLLL,Late,sacfall,NA,CVP,Fall,2025-06-05
C250860CVP,2025-05-20 02:00:00,78,325,sacfall,0.497,165,Normal,LNNLLNLLLLLL,Late,sacfall,NA,CVP,Fall,2025-06-05
C250873CVP,2025-05-20 04:00:00,79,325,sacfall,0.998,193,Normal,LNNLLNLLLLLL,Late,sacfall,NA,CVP,Fall,2025-06-05
C250881CVP,2025-05-20 04:00:00,91,325,sacfall,0.992,186,Normal,LNNLLNLLLLLL,Late,sacfall,NA,CVP,Fall,2025-06-05
C250880CVP,2025-05-20 04:00:00,88,325,sacfall,0.991,186,Normal,LNNLLNLLLLLL,Late,sacfall,NA,CVP,Fall,2025-06-05
C250876CVP,2025-05-20 04:00:00,74,325,sacfall,0.978,192,Normal,LNNLLNLLLLLL,Late,sacfall,NA,CVP,Fall,2025-06-05
C250879CVP,2025-05-20 04:00:00,75,325,sacfall,0.97,188,Normal,LNNLLNLLLLLL,Late,sacfall,NA,CVP,Fall,2025-06-05
C250878CVP,2025-05-20 04:00:00,77,325,sacfall,0.952,189,Normal,LNNLLNLLLLLL,Late,sacfall,NA,CVP,Fall,2025-06-05
C250872CVP,2025-05-20 04:00:00,89,325,sacfall,0.935,186,Normal,LNNLLNLLLLLL,Late,sacfall,NA,CVP,Fall,2025-06-05
C250884CVP,2025-05-20 04:00:00,92,325,sacfall,0.87,189,Unusual,LNNLLNLLLLLL,Late,sacfall,NA,CVP,Fall,2025-06-05
C250877CVP,2025-05-20 04:00:00,75,325,sacfall,0.834,192,Normal,LNNLLNLLLLLL,Late,sacfall,NA,CVP,Fall,2025-06-05
C250875CVP,2025-05-20 04:00:00,91,325,sacfall,0.812,191,Normal,LNNLLNLLLLLL,Late,sacfall,NA,CVP,Fall,2025-06-05
C250885CVP,2025-05-20 04:00:00,78,325,sacfall,0.712,190,Normal,HNNHHNHHHHHH,Hybrid,sacfall,NA,CVP,Fall,2025-06-05
C250886CVP,2025-05-20 04:00:00,81,325,sacfall,0.676,192,Normal,LNNLLNLLLLLL,Late,sacfall,NA,CVP,Fall,2025-06-05
C250883CVP,2025-05-20 04:00:00,85,325,sacfall,0.675,186,Normal,LNNLLNLLLLLL,Late,sacfall,NA,CVP,Fall,2025-06-05
C250874CVP,2025-05-20 04:00:00,82,325,sacfall,0.586,192,Normal,LNNLLNLLLLLL,Late,sacfall,NA,CVP,Fall,2025-06-05
C250882CVP,2025-05-20 04:00:00,84,325,sacfall,0.5,192,Unusual,LNNLLNLLLLLL,Late,sacfall,NA,CVP,Fall,2025-06-05
C250887CVP,2025-05-20 06:00:00,86,325,sacfall,0.996,190,Normal,LNNLLNLLLLLL,Late,sacfall,NA,CVP,Fall,2025-06-05
C250894CVP,2025-05-20 08:00:00,81,325,sacfall,0.995,190,Normal,LNNLLNLLLLLL,Late,sacfall,NA,CVP,Fall,2025-06-05
C250892CVP,2025-05-20 08:00:00,81,325,sacfall,0.952,192,Normal,LNNLLNLLLLLL,Late,sacfall,NA,CVP,Fall,2025-06-05
C250888CVP,2025-05-20 08:00:00,90,325,sacfall,0.938,186,Normal,LNNLLNLLLLLL,Late,sacfall,NA,CVP,Fall,2025-06-05
C250889CVP,2025-05-20 08:00:00,82,325,sacfall,0.884,187,Normal,LNNLLNLLLLLL,Late,sacfall,NA,CVP,Fall,2025-06-05
C250890CVP,2025-05-20 08:00:00,90,325,sacfall,0.865,189,Normal,LNNLLNLLLLLL,Late,sacfall,NA,CVP,Fall,2025-06-05
C250891CVP,2025-05-20 08:00:00,97,325,sacfall,0.859,188,Unusual,LNNLLNLLLLLL,Late,sacfall,NA,CVP,Fall,2025-06-05
C250893CVP,2025-05-20 08:00:00,97,325,sacfall,0.466,192,Unusual,LNNLLNLLLLLL,Late,sacfall,NA,CVP,Fall,2025-06-05
C250896CVP,2025-05-20 10:00:00,79,325,sacfall,0.917,188,Normal,LNNLLNLLLLLL,Late,sacfall,NA,CVP,Fall,2025-06-05
C250895CVP,2025-05-20 10:00:00,84,325,sacfall,0.645,188,Normal,LNNLLNLLLLLL,Late,sacfall,NA,CVP,Fall,2025-06-05
C250897CVP,2025-05-20 10:00:00,82,325,sacfall,0.523,188,Normal,LNNLLNLLLLLL,Late,sacfall,NA,CVP,Fall,2025-06-05
C250898CVP,2025-05-20 16:00:00,87,325,sacfall,0.978,191,Normal,LNNLLNLLLLLL,Late,sacfall,NA,CVP,Fall,2025-06-05
C250824SWP,2025-05-20 18:30:00,93,325,sacfall,0.944,187,Normal,LNNLLNLLLLLL,Late,sacfall,NA,SWP,Fall,2025-06-05
C250823SWP,2025-05-20 18:30:00,92,325,sacfall,0.796,185,Normal,LNNLLNLLLLLL,Late,sacfall,NA,SWP,Fall,2025-06-05
C250826SWP,2025-05-20 18:30:00,86,325,sacfall,0.628,189,Normal,LNNLLNLLLLLL,Late,sacfall,NA,SWP,Fall,2025-06-05
C250825SWP,2025-05-20 18:30:00,72,325,sacfall,0.495,188,Normal,LNNLLNLLLLLL,Late,sacfall,NA,SWP,Fall,2025-06-05
C250899CVP,2025-05-20 22:00:00,92,325,sacfall,0.822,191,Normal,LNNLLNLLLLLL,Late,sacfall,NA,CVP,Fall,2025-06-05
C250906CVP,2025-05-20 23:59:00,91,325,sacfall,1,190,Normal,LNNLLNLLLLLL,Late,sacfall,NA,CVP,Fall,2025-06-05
C250905CVP,2025-05-20 23:59:00,87,325,sacfall,0.987,190,Normal,LNNLLNLLLLLL,Late,sacfall,NA,CVP,Fall,2025-06-05
C250903CVP,2025-05-20 23:59:00,75,325,sacfall,0.979,189,Normal,LNNLLNLLLLLL,Late,sacfall,NA,CVP,Fall,2025-06-05
C250909CVP,2025-05-20 23:59:00,95,325,sacfall,0.964,190,Normal,LNNLLNLLLLLL,Late,sacfall,NA,CVP,Fall,2025-06-05
C250908CVP,2025-05-20 23:59:00,89,325,sacfall,0.944,191,Normal,LNNLLNLLLLLL,Late,sacfall,NA,CVP,Fall,2025-06-05
C250901CVP,2025-05-20 23:59:00,85,325,sacfall,0.909,189,Normal,LNNLLNLLLLLL,Late,sacfall,NA,CVP,Fall,2025-06-05
C250904CVP,2025-05-20 23:59:00,86,325,sacfall,0.775,185,Normal,LNNLLNLLLLLL,Late,sacfall,NA,CVP,Fall,2025-06-05
C250907CVP,2025-05-20 23:59:00,88,325,sacfall,0.738,191,Normal,LNNLLNLLLLLL,Late,sacfall,NA,CVP,Fall,2025-06-05
C250902CVP,2025-05-20 23:59:00,84,325,sacfall,0.72,188,Normal,LNNLLNLLLLLL,Late,sacfall,NA,CVP,Fall,2025-06-05
C250900CVP,2025-05-20 23:59:00,88,325,sacfall,0.459,191,Extreme,LNNLLNLLLLLL,Late,sacfall,NA,CVP,Fall,2025-06-05
C250910CVP,2025-05-21 02:00:00,76,326,sacfall,0.997,192,Normal,LNNLLNLLLLLL,Late,sacfall,NA,CVP,Fall,2025-06-05
C250911CVP,2025-05-21 04:00:00,91,326,sacfall,1,188,Normal,LNNLLNLLLLLL,Late,sacfall,NA,CVP,Fall,2025-06-05
C250912CVP,2025-05-21 10:00:00,85,326,sacfall,0.999,185,Normal,LNNLLNLLLLLL,Late,sacfall,NA,CVP,Fall,2025-06-05
C250913CVP,2025-05-21 22:00:00,86,326,sacfall,0.995,187,Normal,LNNLLNLLLLLL,Late,sacfall,NA,CVP,Fall,2025-06-05
C250914CVP,2025-05-21 22:00:00,97,326,sacfall,0.931,192,Normal,LNNLLNLLLLLL,Late,sacfall,NA,CVP,Fall,2025-06-05
C250919CVP,2025-05-21 23:59:00,90,326,sacfall,0.995,189,Normal,LNNLLNLLLLLL,Late,sacfall,NA,CVP,Fall,2025-06-05
C250917CVP,2025-05-21 23:59:00,84,326,sacfall,0.981,192,Normal,LNNLLNLLLLLL,Late,sacfall,NA,CVP,Fall,2025-06-05
C250915CVP,2025-05-21 23:59:00,91,326,sacfall,0.895,190,Normal,LNNLLNLLLLLL,Late,sacfall,NA,CVP,Fall,2025-06-05
C250918CVP,2025-05-21 23:59:00,89,326,sacfall,0.778,191,Normal,LNNLLNLLLLLL,Late,sacfall,NA,CVP,Fall,2025-06-05
C250916CVP,2025-05-21 23:59:00,88,326,sacfall,0.588,192,Unusual,LNNLLNLLLLLL,Late,sacfall,NA,CVP,Fall,2025-06-05
C250920CVP,2025-05-21 23:59:00,100,326,sacfall,0.446,162,Normal,LNNLLNLLLLLL,Late,sacfall,NA,CVP,Fall,2025-06-05
C250921CVP,2025-05-22 09:00:00,83,327,sacfall,0.798,186,Normal,LNNLLNLLLLLL,Late,sacfall,NA,CVP,Fall,2025-06-05
C250924CVP,2025-05-22 12:00:00,85,327,sacfall,0.994,186,Normal,LNNLLNLLLLLL,Late,sacfall,NA,CVP,Fall,2025-06-05
C250923CVP,2025-05-22 12:00:00,84,327,sacfall,0.841,185,Normal,LNNLLNLLLLLL,Late,sacfall,NA,CVP,Fall,2025-06-05
C250922CVP,2025-05-22 12:00:00,91,327,sacfall,0.549,179,Normal,LNNLLNLLLLLL,Late,sacfall,NA,CVP,Fall,2025-06-05
C250925CVP,2025-05-22 12:00:00,88,327,sacfall,0.479,186,Normal,LNNLLNLLLLLL,Late,sacfall,NA,CVP,Fall,2025-06-05
C250926CVP,2025-05-22 22:00:00,95,327,sacfall,0.669,183,Normal,LNNLLNLLLLLL,Late,sacfall,NA,CVP,Fall,2025-06-05
C250927CVP,2025-05-23 10:00:00,103,328,sacfall,0.991,184,Normal,LNNLLNLLLLLL,Late,sacfall,NA,CVP,Spring,2025-06-05
C250928CVP,2025-05-23 23:59:00,88,328,sacfall,0.555,189,Normal,LNNLLNLLLLLL,Late,sacfall,NA,CVP,Fall,2025-06-05
C250932CVP,2025-05-24 14:00:00,83,329,sacfall,0.994,187,Normal,LNNLLNLLLLLL,Late,sacfall,NA,CVP,Fall,2025-06-05
C250931CVP,2025-05-24 14:00:00,80,329,sacfall,0.939,190,Normal,LNNLLNLLLLLL,Late,sacfall,NA,CVP,Fall,2025-06-05
C250935CVP,2025-05-24 14:00:00,82,329,sacfall,0.911,188,Normal,LNNLLNLLLLLL,Late,sacfall,NA,CVP,Fall,2025-06-05
C250933CVP,2025-05-24 14:00:00,87,329,sacfall,0.749,192,Normal,LNNLLNLLLLLL,Late,sacfall,NA,CVP,Fall,2025-06-05
C250930CVP,2025-05-24 14:00:00,82,329,sacfall,0.604,184,Normal,LNNLLNLLLLLL,Late,sacfall,NA,CVP,Fall,2025-06-05
C250934CVP,2025-05-24 14:00:00,93,329,sacfall,0.414,191,Normal,LNNLLNLLLLLL,Late,sacfall,NA,CVP,Fall,2025-06-05
C250936CVP,2025-05-24 16:00:00,94,329,sacfall,0.847,193,Normal,LNNLLNLLLLLL,Late,sacfall,NA,CVP,Fall,2025-06-05
C250937CVP,2025-05-24 16:00:00,88,329,sacfall,0.706,190,Normal,LNNLLNLLLLLL,Late,sacfall,NA,CVP,Fall,2025-06-05
C250938CVP,2025-05-24 18:00:00,87,329,sacfall,0.946,187,Normal,LNNLLNLLLLLL,Late,sacfall,NA,CVP,Fall,2025-06-05
C250939CVP,2025-05-24 20:00:00,85,329,sacfall,0.938,190,Normal,LNNLLNLLLLLL,Late,sacfall,NA,CVP,Fall,2025-06-05
C250942CVP,2025-05-24 22:00:00,84,329,sacfall,0.963,189,Normal,LNNLLNLLLLLL,Late,sacfall,NA,CVP,Fall,2025-06-05
C250940CVP,2025-05-24 22:00:00,86,329,sacfall,0.873,191,Normal,LNNLLNLLLLLL,Late,sacfall,NA,CVP,Fall,2025-06-05
C250941CVP,2025-05-24 22:00:00,99,329,sacfall,0.74,190,Normal,LNNLLNLLLLLL,Late,sacfall,NA,CVP,Fall,2025-06-05
C250943CVP,2025-05-25 02:00:00,89,330,sacfall,0.963,190,Normal,LNNLLNLLLLLL,Late,sacfall,NA,CVP,Fall,2025-06-05
C250945CVP,2025-05-25 14:00:00,89,330,sacfall,0.793,170,Normal,LNNLLNLLLLLL,Late,sacfall,NA,CVP,Fall,2025-06-05
C250944CVP,2025-05-25 14:00:00,88,330,sacfall,0.591,191,Normal,LNNLLNLLLLLL,Late,sacfall,NA,CVP,Fall,2025-06-05
C250946CVP,2025-05-25 16:00:00,86,330,sacfall,0.955,188,Normal,LNNLLNLLLLLL,Late,sacfall,NA,CVP,Fall,2025-06-05
C250950CVP,2025-05-25 16:00:00,87,330,sacfall,0.866,191,Normal,LNNLLNLLLLLL,Late,sacfall,NA,CVP,Fall,2025-06-05
C250947CVP,2025-05-25 16:00:00,92,330,sacfall,0.85,190,Normal,LNNLLNLLLLLL,Late,sacfall,NA,CVP,Fall,2025-06-05
C250949CVP,2025-05-25 16:00:00,81,330,sacfall,0.533,191,Normal,LNNLLNLLLLLL,Late,sacfall,NA,CVP,Fall,2025-06-05
C250948CVP,2025-05-25 16:00:00,82,330,sacfall,0.479,189,Normal,LNNLLNLLLLLL,Late,sacfall,NA,CVP,Fall,2025-06-05
C250951CVP,2025-05-25 22:00:00,91,330,sacfall,0.565,192,Normal,LNNLLNLLLLLL,Late,sacfall,NA,CVP,Fall,2025-06-05
C250952CVP,2025-05-25 23:59:00,90,330,sacfall,0.977,191,Normal,LNNLLNLLLLLL,Late,sacfall,NA,CVP,Fall,2025-06-05
C250956CVP,2025-05-25 23:59:00,82,330,sacfall,0.809,190,Normal,LNNLLNLLLLLL,Late,sacfall,NA,CVP,Fall,2025-06-05
C250955CVP,2025-05-25 23:59:00,80,330,sacfall,0.768,189,Normal,LNNLLNLLLLLL,Late,sacfall,NA,CVP,Fall,2025-06-05
C250953CVP,2025-05-25 23:59:00,93,330,sacfall,0.661,192,Unusual,LNNLLNLLLLLL,Late,sacfall,NA,CVP,Fall,2025-06-05
C250954CVP,2025-05-25 23:59:00,93,330,sacfall,0.549,185,Normal,LNNLLNLLLLLL,Late,sacfall,NA,CVP,Fall,2025-06-05
C250958CVP,2025-05-26 02:00:00,94,331,sacfall,1,189,Normal,LNNLLNLLLLLL,Late,sacfall,NA,CVP,Fall,2025-06-05
C250965CVP,2025-05-26 02:00:00,101,331,sacfall,0.993,189,Unusual,LNNLLNLLLLLL,Late,sacfall,NA,CVP,Fall,2025-06-05
C250960CVP,2025-05-26 02:00:00,96,331,sacfall,0.99,188,Normal,LNNLLNLLLLLL,Late,sacfall,NA,CVP,Fall,2025-06-05
C250961CVP,2025-05-26 02:00:00,93,331,sacfall,0.984,192,Normal,LNNLLNLLLLLL,Late,sacfall,NA,CVP,Fall,2025-06-05
C250963CVP,2025-05-26 02:00:00,84,331,sacfall,0.952,190,Normal,LNNLLNLLLLLL,Late,sacfall,NA,CVP,Fall,2025-06-05
C250964CVP,2025-05-26 02:00:00,86,331,sacfall,0.802,191,Normal,LNNLLNLLLLLL,Late,sacfall,NA,CVP,Fall,2025-06-05
C250962CVP,2025-05-26 02:00:00,90,331,sacfall,0.783,187,Normal,LNNLLNLLLLLL,Late,sacfall,NA,CVP,Fall,2025-06-05
C250959CVP,2025-05-26 02:00:00,97,331,sacfall,0.729,191,Normal,LNNLLNLLLLLL,Late,sacfall,NA,CVP,Fall,2025-06-05
C250967CVP,2025-05-26 04:00:00,90,331,sacfall,0.999,189,Normal,LNNLLNLLLLLL,Late,sacfall,NA,CVP,Fall,2025-06-05
C250966CVP,2025-05-26 04:00:00,97,331,sacfall,0.968,190,Normal,LNNLLNLLLLLL,Late,sacfall,NA,CVP,Fall,2025-06-05
C250976CVP,2025-05-26 16:00:00,79,331,sacfall,0.996,190,Normal,LNNLLNLLLLLL,Late,sacfall,NA,CVP,Fall,2025-06-05
C250975CVP,2025-05-26 16:00:00,83,331,sacfall,0.995,191,Normal,LNNLLNLLLLLL,Late,sacfall,NA,CVP,Fall,2025-06-05
C250973CVP,2025-05-26 16:00:00,86,331,sacfall,0.988,191,Normal,LNNLLNLLLLLL,Late,sacfall,NA,CVP,Fall,2025-06-05
C250968CVP,2025-05-26 16:00:00,89,331,sacfall,0.872,190,Normal,LNNLLNLLLLLL,Late,sacfall,NA,CVP,Fall,2025-06-05
C250971CVP,2025-05-26 16:00:00,87,331,sacfall,0.838,191,Normal,LNNLLNLLLLLL,Late,sacfall,NA,CVP,Fall,2025-06-05
C250974CVP,2025-05-26 16:00:00,88,331,sacfall,0.824,191,Unusual,LNNLLNLLLLLL,Late,sacfall,NA,CVP,Fall,2025-06-05
C250977CVP,2025-05-26 16:00:00,82,331,sacfall,0.801,187,Normal,LNNLLNLLLLLL,Late,sacfall,NA,CVP,Fall,2025-06-05
C250970CVP,2025-05-26 16:00:00,89,331,sacfall,0.747,186,Normal,LNNLLNLLLLLL,Late,sacfall,NA,CVP,Fall,2025-06-05
C250972CVP,2025-05-26 16:00:00,88,331,sacfall,0.552,191,Normal,LNNLLNLLLLLL,Late,sacfall,NA,CVP,Fall,2025-06-05
C250969CVP,2025-05-26 16:00:00,86,331,sacfall,0.435,186,Normal,LNNLLNLLLLLL,Late,sacfall,NA,CVP,Fall,2025-06-05
C250979CVP,2025-05-26 18:00:00,90,331,sacfall,0.984,190,Normal,LNNLLNLLLLLL,Late,sacfall,NA,CVP,Fall,2025-06-05
C250987CVP,2025-05-26 18:00:00,86,331,sacfall,0.979,191,Normal,LNNLLNLLLLLL,Late,sacfall,NA,CVP,Fall,2025-06-05
C250982CVP,2025-05-26 18:00:00,92,331,sacfall,0.953,190,Normal,LNNLLNLLLLLL,Late,sacfall,NA,CVP,Fall,2025-06-05
C250985CVP,2025-05-26 18:00:00,87,331,sacfall,0.937,190,Normal,LNNLLNLLLLLL,Late,sacfall,NA,CVP,Fall,2025-06-05
C250980CVP,2025-05-26 18:00:00,80,331,sacfall,0.919,187,Unusual,LNNLLNLLLLLL,Late,sacfall,NA,CVP,Fall,2025-06-05
C250984CVP,2025-05-26 18:00:00,101,331,sacfall,0.873,191,Normal,LNNLLNLLLLLL,Late,sacfall,NA,CVP,Fall,2025-06-05
C250978CVP,2025-05-26 18:00:00,79,331,sacfall,0.705,186,Normal,LNNLLNLLLLLL,Late,sacfall,NA,CVP,Fall,2025-06-05
C250981CVP,2025-05-26 18:00:00,79,331,sacfall,0.579,192,Unusual,LNNLLNLLLLLL,Late,sacfall,NA,CVP,Fall,2025-06-05
C250983CVP,2025-05-26 18:00:00,84,331,sacfall,0.551,193,Normal,LNNLLNLLLLLL,Late,sacfall,NA,CVP,Fall,2025-06-05
C250986CVP,2025-05-26 18:00:00,86,331,sacfall,0.521,184,Extreme,LNNLLNLLLLLL,Late,sacfall,NA,CVP,Fall,2025-06-05
C250988CVP,2025-05-26 20:00:00,84,331,sacfall,0.878,191,Normal,LNNLLNLLLLLL,Late,sacfall,NA,CVP,Fall,2025-06-05
C250989CVP,2025-05-26 22:00:00,81,331,sacfall,0.998,191,Normal,LNNLLNLLLLLL,Late,sacfall,NA,CVP,Fall,2025-06-05
C250990CVP,2025-05-26 22:00:00,82,331,sacfall,0.952,191,Normal,LNNLLNLLLLLL,Late,sacfall,NA,CVP,Fall,2025-06-05
C250991CVP,2025-05-26 23:59:00,95,331,sacfall,0.887,189,Unusual,LNNLLNLLLLLL,Late,sacfall,NA,CVP,Fall,2025-06-05
C250992CVP,2025-05-26 23:59:00,94,331,sacfall,0.747,190,Normal,LNNLLNLLLLLL,Late,sacfall,NA,CVP,Fall,2025-06-05
C251002CVP,2025-05-27 02:00:00,82,332,sacfall,0.998,187,Normal,LNNLLNLLLLLL,Late,sacfall,NA,CVP,Fall,2025-06-05
C250994CVP,2025-05-27 02:00:00,81,332,sacfall,0.987,185,Normal,LNNLLNLLLLLL,Late,sacfall,NA,CVP,Fall,2025-06-05
C251000CVP,2025-05-27 02:00:00,88,332,sacfall,0.971,192,Unusual,LNNLLNLLLLLL,Late,sacfall,NA,CVP,Fall,2025-06-05
C251001CVP,2025-05-27 02:00:00,79,332,sacfall,0.967,187,Normal,HNNLLNLLLHHL,Hybrid,sacfall,NA,CVP,Fall,2025-06-05
C250995CVP,2025-05-27 02:00:00,93,332,sacfall,0.935,189,Normal,LNNLLNLLLLLL,Late,sacfall,NA,CVP,Fall,2025-06-05
C250996CVP,2025-05-27 02:00:00,93,332,sacfall,0.846,189,Normal,LNNLLNLLLLLL,Late,sacfall,NA,CVP,Fall,2025-06-05
C250999CVP,2025-05-27 02:00:00,107,332,sacfall,0.845,190,Normal,LNNLLNLLLLLL,Late,sacfall,NA,CVP,Spring,2025-06-05
C250998CVP,2025-05-27 02:00:00,90,332,sacfall,0.794,187,Unusual,LNNLLNLLLLLL,Late,sacfall,NA,CVP,Fall,2025-06-05
C250993CVP,2025-05-27 02:00:00,87,332,sacfall,0.528,193,Normal,LNNLLNLLLLLL,Late,sacfall,NA,CVP,Fall,2025-06-05
C250997CVP,2025-05-27 02:00:00,82,332,sacfall,0.509,188,Extreme,LNNLLNLLLLLL,Late,sacfall,NA,CVP,Fall,2025-06-05
C251003CVP,2025-05-27 04:00:00,93,332,sacfall,0.974,187,Normal,LNNLLNLLLLLL,Late,sacfall,NA,CVP,Fall,2025-06-05
C251004CVP,2025-05-27 04:00:00,82,332,sacfall,0.726,188,Unusual,LNNLLNLLLLLL,Late,sacfall,NA,CVP,Fall,2025-06-05
C251005CVP,2025-05-27 14:00:00,79,332,sacfall,0.942,186,Normal,LNNLLNLLLLLL,Late,sacfall,NA,CVP,Fall,2025-07-01
C251007CVP,2025-05-27 18:00:00,88,332,sacfall,0.944,188,Unusual,LNNLLNLLLLLL,Late,sacfall,NA,CVP,Fall,2025-07-01
C251009CVP,2025-05-27 18:00:00,96,332,sacfall,0.942,191,Normal,LNNLLNLLLLLL,Late,sacfall,NA,CVP,Fall,2025-07-01
C251006CVP,2025-05-27 18:00:00,90,332,sacfall,0.542,187,Normal,LNNLLNLLLLLL,Late,sacfall,NA,CVP,Fall,2025-07-01
C251016CVP,2025-05-27 20:00:00,87,332,sacfall,1,192,Unusual,LNNLLNLLLLLL,Late,sacfall,NA,CVP,Fall,2025-07-01
C251012CVP,2025-05-27 20:00:00,97,332,sacfall,0.972,186,Normal,LNNLLNLLLLLL,Late,sacfall,NA,CVP,Fall,2025-07-01
C251010CVP,2025-05-27 20:00:00,83,332,sacfall,0.956,190,Normal,LNNLLNLLLLLL,Late,sacfall,NA,CVP,Fall,2025-07-01
C251013CVP,2025-05-27 20:00:00,76,332,sacfall,0.924,191,Normal,LNNLLNLLLLLL,Late,sacfall,NA,CVP,Fall,2025-07-01
C251011CVP,2025-05-27 20:00:00,86,332,sacfall,0.913,187,Normal,LNNLLNLLLLLL,Late,sacfall,NA,CVP,Fall,2025-07-01
C251017CVP,2025-05-27 20:00:00,99,332,sacfall,0.898,191,Normal,LNNLLNLLLLLL,Late,sacfall,NA,CVP,Fall,2025-07-01
C251015CVP,2025-05-27 20:00:00,84,332,sacfall,0.776,190,Normal,LNNLLNLLLLLL,Late,sacfall,NA,CVP,Fall,2025-07-01
C251018CVP,2025-05-27 20:00:00,93,332,sacfall,0.724,192,Normal,LNNLLNLLLLLL,Late,sacfall,NA,CVP,Fall,2025-07-01
C251014CVP,2025-05-27 20:00:00,90,332,sacfall,0.457,190,Normal,LNNLLNLLLLLL,Late,sacfall,NA,CVP,Fall,2025-07-01
C251021CVP,2025-05-27 22:00:00,82,332,sacfall,1,188,Normal,LNNLLNLLLLLL,Late,sacfall,NA,CVP,Fall,2025-07-01
C251022CVP,2025-05-27 22:00:00,91,332,sacfall,0.978,192,Normal,LNNLLNLLLLLL,Late,sacfall,NA,CVP,Fall,2025-07-01
C251019CVP,2025-05-27 22:00:00,87,332,sacfall,0.566,191,Normal,LNNLLNLLLLLL,Late,sacfall,NA,CVP,Fall,2025-07-01
C251023CVP,2025-05-28 02:00:00,88,333,sacfall,0.826,190,Normal,LNNLLNLLLLLL,Late,sacfall,NA,CVP,Fall,2025-07-01
C251024CVP,2025-05-28 02:00:00,93,333,sacfall,0.75,189,Normal,LNNLLNLLLLLL,Late,sacfall,NA,CVP,Fall,2025-07-01
C251025CVP,2025-05-28 04:00:00,87,333,sacfall,0.809,193,Unusual,LNNLLNLLLLLL,Late,sacfall,NA,CVP,Fall,2025-07-01
C251027CVP,2025-05-28 06:00:00,88,333,sacfall,0.839,191,Normal,LNNLLNLLLLLL,Late,sacfall,NA,CVP,Fall,2025-07-01
C251028CVP,2025-05-28 06:00:00,86,333,sacfall,0.818,191,Normal,LNNLLNLLLLLL,Late,sacfall,NA,CVP,Fall,2025-07-01
C251026CVP,2025-05-28 06:00:00,85,333,sacfall,0.545,191,Normal,LNNLLNLLLLLL,Late,sacfall,NA,CVP,Fall,2025-07-01
C251029CVP,2025-05-28 14:00:00,84,333,sacfall,0.873,187,Unusual,LNNLLNLLLLLL,Late,sacfall,NA,CVP,Fall,2025-07-01
C251030CVP,2025-05-28 16:00:00,84,333,sacfall,0.77,191,Normal,LNNLLNLLLLLL,Late,sacfall,NA,CVP,Fall,2025-07-01
C251031CVP,2025-05-28 16:00:00,89,333,sacfall,0.654,192,Normal,LNNLLNLLLLLL,Late,sacfall,NA,CVP,Fall,2025-07-01
C251035CVP,2025-05-28 18:00:00,80,333,sacfall,0.99,192,Normal,LNNLLNLLLLLL,Late,sacfall,NA,CVP,Fall,2025-07-01
C251034CVP,2025-05-28 18:00:00,97,333,sacfall,0.986,190,Normal,LNNLLNLLLLLL,Late,sacfall,NA,CVP,Fall,2025-07-01
C251036CVP,2025-05-28 18:00:00,82,333,sacfall,0.873,189,Normal,LNNLLNLLLLLL,Late,sacfall,NA,CVP,Fall,2025-07-01
C251037CVP,2025-05-28 18:00:00,84,333,sacfall,0.824,192,Normal,LNNLLNLLLLLL,Late,sacfall,NA,CVP,Fall,2025-07-01
C251033CVP,2025-05-28 18:00:00,89,333,sacfall,0.528,189,Normal,LNNLLNLLLLLL,Late,sacfall,NA,CVP,Fall,2025-07-01
C251032CVP,2025-05-28 18:00:00,84,333,sacfall,0.472,192,Normal,LNNLLNLLLLLL,Late,sacfall,NA,CVP,Fall,2025-07-01
C251038CVP,2025-05-28 20:00:00,83,333,sacfall,0.475,192,Unusual,LNNLLNLLLLLL,Late,sacfall,NA,CVP,Fall,2025-07-01
C251039CVP,2025-05-29 02:00:00,87,334,sacfall,0.696,191,Normal,LNNLLNLLLLLL,Late,sacfall,NA,CVP,Fall,2025-07-01
C251042CVP,2025-05-29 04:00:00,83,334,sacfall,0.943,191,Normal,LNNLLNLLLLLL,Late,sacfall,NA,CVP,Fall,2025-07-01
C251041CVP,2025-05-29 04:00:00,96,334,sacfall,0.925,190,Normal,LNNLLNLLLLLL,Late,sacfall,NA,CVP,Fall,2025-07-01
C251044CVP,2025-05-29 04:00:00,81,334,sacfall,0.886,186,Normal,LNNLLNLLLLLL,Late,sacfall,NA,CVP,Fall,2025-07-01
C251043CVP,2025-05-29 04:00:00,80,334,sacfall,0.86,184,Normal,LNNLLNLLLLLL,Late,sacfall,NA,CVP,Fall,2025-07-01
C251040CVP,2025-05-29 04:00:00,85,334,sacfall,0.671,189,Normal,LNNLLNLLLLLL,Late,sacfall,NA,CVP,Fall,2025-07-01
C251046CVP,2025-05-29 04:00:00,92,334,sacfall,0.5,193,Normal,LNNLLNLLLLLL,Late,sacfall,NA,CVP,Fall,2025-07-01
C251047CVP,2025-05-29 20:00:00,82,334,sacfall,0.98,191,Normal,LNNLLNLLLLLL,Late,sacfall,NA,CVP,Fall,2025-07-01
C251051CVP,2025-05-29 20:00:00,87,334,sacfall,0.874,193,Normal,LNNLLNLLLLLL,Late,sacfall,NA,CVP,Fall,2025-07-01
C251048CVP,2025-05-29 20:00:00,92,334,sacfall,0.677,191,Normal,LNNLLNLLLLLL,Late,sacfall,NA,CVP,Fall,2025-07-01
C251049CVP,2025-05-29 20:00:00,84,334,sacfall,0.477,187,Normal,LNNLLNLLLLLL,Late,sacfall,NA,CVP,Fall,2025-07-01
C251056CVP,2025-05-29 22:00:00,94,334,sacfall,0.991,191,Normal,LNNLLNLLLLLL,Late,sacfall,NA,CVP,Fall,2025-07-01
C251055CVP,2025-05-29 22:00:00,94,334,sacfall,0.98,191,Normal,LNNLLNLLLLLL,Late,sacfall,NA,CVP,Fall,2025-07-01
C251053CVP,2025-05-29 22:00:00,80,334,sacfall,0.87,186,Normal,LNNLLNLLLLLL,Late,sacfall,NA,CVP,Fall,2025-07-01
C251054CVP,2025-05-29 22:00:00,83,334,sacfall,0.567,191,Normal,LNNLLNLLLLLL,Late,sacfall,NA,CVP,Fall,2025-07-01
C251059CVP,2025-05-30 04:00:00,90,335,sacfall,0.997,190,Normal,LNNLLNLLLLLL,Late,sacfall,NA,CVP,Fall,2025-07-01
C251058CVP,2025-05-30 04:00:00,97,335,sacfall,0.992,192,Normal,LNNLLNLLLLLL,Late,sacfall,NA,CVP,Fall,2025-07-01
C251057CVP,2025-05-30 04:00:00,90,335,sacfall,0.848,189,Normal,LNNLLNLLLLLL,Late,sacfall,NA,CVP,Fall,2025-07-01
C251060CVP,2025-05-30 06:00:00,96,335,sacfall,0.577,190,Normal,LNNLLNLLLLLL,Late,sacfall,NA,CVP,Fall,2025-07-01
C251061CVP,2025-05-30 12:00:00,90,335,sacfall,0.969,185,Unusual,LNNLLNLLLLLL,Late,sacfall,NA,CVP,Fall,2025-07-01
C251063CVP,2025-05-30 20:00:00,91,335,sacfall,0.982,190,Normal,LNNLLNLLLLLL,Late,sacfall,NA,CVP,Fall,2025-07-01
C251062CVP,2025-05-30 20:00:00,93,335,sacfall,0.531,191,Normal,LNNLLNLLLLLL,Late,sacfall,NA,CVP,Fall,2025-07-01
C251064CVP,2025-05-30 20:00:00,86,335,sacfall,0.529,192,Normal,LNNLLNLLLLLL,Late,sacfall,NA,CVP,Fall,2025-07-01
C251069CVP,2025-05-30 22:00:00,90,335,sacfall,0.993,185,Normal,LNNLLNLLLLLL,Late,sacfall,NA,CVP,Fall,2025-07-01
C251068CVP,2025-05-30 22:00:00,84,335,sacfall,0.98,189,Normal,LNNLLNLLLLLL,Late,sacfall,NA,CVP,Fall,2025-07-01
C251067CVP,2025-05-30 22:00:00,90,335,sacfall,0.95,192,Normal,LNNLLNLLLLLL,Late,sacfall,NA,CVP,Fall,2025-07-01
C251066CVP,2025-05-30 22:00:00,86,335,sacfall,0.756,192,Normal,LNNLLNLLLLLL,Late,sacfall,NA,CVP,Fall,2025-07-01
C251065CVP,2025-05-30 22:00:00,94,335,sacfall,0.544,191,Normal,LNNLLNLLLLLL,Late,sacfall,NA,CVP,Fall,2025-07-01
C251071CVP,2025-05-31 14:00:00,88,336,sacfall,0.646,187,Normal,LNNLLNLLLLLL,Late,sacfall,NA,CVP,Fall,2025-07-01
C251073CVP,2025-05-31 20:00:00,88,336,sacfall,0.991,190,Normal,LNNLLNLLLLLL,Late,sacfall,NA,CVP,Fall,2025-07-01
C251072CVP,2025-05-31 20:00:00,97,336,sacfall,0.86,191,Normal,LNNLLNLLLLLL,Late,sacfall,NA,CVP,Fall,2025-07-01
C251076CVP,2025-05-31 20:00:00,93,336,sacfall,0.695,187,Normal,LNNLLNLLLLLL,Late,sacfall,NA,CVP,Fall,2025-07-01
C251075CVP,2025-05-31 20:00:00,95,336,sacfall,0.652,190,Normal,LNNLLNLLLLLL,Late,sacfall,NA,CVP,Fall,2025-07-01
C251074CVP,2025-05-31 20:00:00,82,336,sacfall,0.403,192,Normal,LNNLLNLLLLLL,Late,sacfall,NA,CVP,Fall,2025-07-01
C251078CVP,2025-05-31 22:00:00,89,336,sacfall,0.997,186,Normal,LNNLLNLLLLLL,Late,sacfall,NA,CVP,Fall,2025-07-01
C251080CVP,2025-05-31 22:00:00,103,336,sacfall,0.996,192,Normal,LNNLLNLLLLLL,Late,sacfall,NA,CVP,Fall,2025-07-01
C251079CVP,2025-05-31 22:00:00,93,336,sacfall,0.926,192,Normal,LNNLLNLLLLLL,Late,sacfall,NA,CVP,Fall,2025-07-01
C251077CVP,2025-05-31 22:00:00,93,336,sacfall,0.692,187,Normal,LNNLLNLLLLLL,Late,Late Fall,NA,CVP,Fall,2025-07-01
C251070CVP,2025-05-31 23:59:00,83,336,sacfall,0.849,191,Normal,LNNLLNLLLLLL,Late,sacfall,NA,CVP,Fall,2025-07-01
C251081CVP,2025-06-01 02:00:00,91,337,sacfall,0.64,190,Normal,LNNLLNLLLLLL,Late,sacfall,NA,CVP,Fall,2025-07-01
C251082CVP,2025-06-01 14:00:00,97,337,sacfall,0.912,191,Normal,LNNLLNLLLLLL,Late,sacfall,NA,CVP,Fall,2025-07-01
C251084CVP,2025-06-01 16:00:00,103,337,sacfall,0.992,185,Normal,LNNLLNLLLLLL,Late,sacfall,NA,CVP,Fall,2025-07-01
C251083CVP,2025-06-01 16:00:00,92,337,sacfall,0.564,191,Normal,LNNLLNLLLLLL,Late,sacfall,NA,CVP,Fall,2025-07-01
C251085CVP,2025-06-01 20:00:00,86,337,sacfall,0.938,186,Normal,LNNLLNLLLLLL,Late,sacfall,NA,CVP,Fall,2025-07-01
C251087CVP,2025-06-01 22:00:00,92,337,sacfall,0.72,192,Normal,LNNLLNLLLLLL,Late,sacfall,NA,CVP,Fall,2025-07-01
C251086CVP,2025-06-01 22:00:00,88,337,sacfall,0.578,192,Normal,LNNLLNLLLLLL,Late,sacfall,NA,CVP,Fall,2025-07-01
C251088CVP,2025-06-02 10:00:00,87,338,sacfall,0.909,191,Normal,LNNLLNLLLLLL,Late,sacfall,NA,CVP,Fall,2025-07-01
C251052CVP,2025-05-29 20:00:00,79,334,sacfall,0.889,192,Normal,LNNLLNLLLLLL,Late,sacfall,NA,CVP,Fall,2025-07-16
C251090CVP,2025-06-03 10:00:00,95,339,sacfall,0.859,188,Unusual,LNNLLNLLLLLL,Late,sacfall,NA,CVP,Fall,2025-07-16
C251089CVP,2025-06-03 10:00:00,90,339,sacfall,0.705,186,Normal,LNNLLNLLLLLL,Late,sacfall,NA,CVP,Fall,2025-07-16
C251092CVP,2025-06-03 10:00:00,87,339,sacfall,0.678,190,Unusual,LNNLLNLLLLLL,Late,sacfall,NA,CVP,Fall,2025-07-16
C251091CVP,2025-06-03 10:00:00,94,339,sacfall,0.642,190,Normal,LNNLLNLLLLLL,Late,sacfall,NA,CVP,Fall,2025-07-16
C251099CVP,2025-06-03 23:59:00,94,339,sacfall,0.999,192,Normal,LNNLLNLLLLLL,Late,sacfall,NA,CVP,Fall,2025-07-16
C251096CVP,2025-06-03 23:59:00,95,339,sacfall,0.932,132,Normal,LNNLLNLLLLLL,Late,sacfall,NA,CVP,Fall,2025-07-16
C251097CVP,2025-06-03 23:59:00,93,339,sacfall,0.825,185,Normal,LNNLLNLLLLLL,Late,sacfall,NA,CVP,Fall,2025-07-16
C251098CVP,2025-06-03 23:59:00,87,339,sacfall,0.824,190,Normal,LNNLLNLLLLLL,Late,sacfall,NA,CVP,Fall,2025-07-16
C251100CVP,2025-06-03 23:59:00,90,339,sacfall,0.667,189,Normal,LNNLLNLLLLLL,Late,sacfall,NA,CVP,Fall,2025-07-16
C251095CVPb,2025-06-03 23:59:00,93,339,sacfall,0.565,188,Normal,LNNLLNLLLLLL,Late,sacfall,NA,CVP,Fall,2025-07-16
C251095CVPa,2025-06-03 23:59:00,93,339,sacfall,0.511,192,Normal,LNNLLNLLLLLL,Late,sacfall,NA,CVP,Fall,2025-07-16
C251101CVP,2025-06-04 20:00:00,90,340,sacfall,0.757,190,Normal,LNNLLNLLLLLL,Late,sacfall,NA,CVP,Fall,2025-07-16
C251102CVP,2025-06-04 23:59:00,78,340,sacfall,0.865,192,Normal,LNNLLNLLLLLL,Late,sacfall,NA,CVP,Fall,2025-07-16
C251103CVP,2025-06-04 23:59:00,88,340,sacfall,0.844,185,Extreme,LNNLLNLLLLLL,Late,sacfall,NA,CVP,Fall,2025-07-16
C251104CVP,2025-06-05 12:00:00,95,341,sacfall,0.916,183,Normal,LNNLLNLLLLLL,Late,sacfall,NA,CVP,Fall,2025-07-16
C251105CVP,2025-06-05 12:00:00,89,341,sacfall,0.834,187,Unusual,LNNLLNLLLLLL,Late,sacfall,NA,CVP,Fall,2025-07-16
C251106CVP,2025-06-05 23:59:00,98,341,sacfall,0.701,188,Normal,LNNLLNLLLLLL,Late,sacfall,NA,CVP,Fall,2025-07-16
C251108CVP,2025-06-06 23:59:00,82,342,sacfall,0.856,191,Normal,LNNLLNLLLLLL,Late,sacfall,NA,CVP,Fall,2025-07-16
C251107CVP,2025-06-06 23:59:00,92,342,sacfall,0.782,191,Normal,LNNLLNLLLLLL,Late,sacfall,NA,CVP,Fall,2025-07-16
C251109CVP,2025-06-07 18:00:00,79,343,sacfall,0.956,185,Normal,LNNLLNLLLLLL,Late,sacfall,NA,CVP,Fall,2025-07-16
C251110CVP,2025-06-08 23:59:00,90,344,sacfall,0.765,191,Unusual,LNNLLNLLLLLL,Late,sacfall,NA,CVP,Fall,2025-07-16
C251111CVP,2025-06-09 18:00:00,77,345,sacfall,0.954,182,Unusual,LNNLLNLLLLLL,Late,sacfall,NA,CVP,Fall,2025-07-16
C251112CVP,2025-06-10 16:00:00,87,346,sacfall,0.849,189,Unusual,LNNLLNLLLLLL,Late,sacfall,NA,CVP,Fall,2025-07-16
C251113CVP,2025-06-13 04:00:00,98,349,sacfall,0.948,189,Unusual,LNNLLNLLLLLL,Late,sacfall,NA,CVP,Fall,2025-07-16
C251114CVP,2025-06-13 14:00:00,115,349,sacfall,0.641,189,Extreme,LNNLLNLLLLLL,Late,sacfall,NA,CVP,Fall,2025-07-16
C251115CVP,2025-06-13 18:00:00,93,349,sacfall,0.914,182,Normal,LNNLLNLLLLLL,Late,sacfall,NA,CVP,Fall,2025-07-16
C251116CVP,2025-06-14 04:00:00,82,350,sacfall,0.509,189,Extreme,LNNLLNLLLLLL,Late,sacfall,NA,CVP,Fall,2025-07-16
C251117CVP,2025-06-15 14:00:00,90,351,sacfall,0.944,190,Normal,LNNLLNLLLLLL,Late,sacfall,NA,CVP,Fall,2025-07-16
C251118CVP,2025-06-16 06:00:00,93,352,sacfall,0.504,185,Normal,LNNLLNLLLLLL,Late,sacfall,NA,CVP,Fall,2025-07-16
C251119CVP,2025-06-17 06:00:00,85,353,sacfall,0.837,185,Normal,LNNLLNLLLLLL,Late,sacfall,NA,CVP,Fall,2025-07-16
C251120CVP,2025-06-21 12:00:00,103,357,sacfall,0.961,186,Normal,LNNLLNLLLLLL,Late,sacfall,NA,CVP,Fall,2025-07-16
C251121CVP,2025-06-21 22:00:00,80,357,sacfall,0.725,187,Normal,LNNLLNLLLLLL,Late,sacfall,NA,CVP,Fall,2025-07-16
C251122CVP,2025-06-23 16:00:00,92,359,sacfall,0.547,187,Unusual,LNNLLNLLLLLL,Late,sacfall,NA,CVP,Fall,2025-07-16
C250929CVP,2023-05-23 23:59:00,94,327,sacfall,0.464,190,Unusual,LNNLLNLLLLLL,Late,sacfall,NA,CVP,Fall,2025-07-28
C250492SWP,2025-04-28 13:00:00,88,303,sacfall,0.474,186,Extreme,LNNLLNLLLLLL,Late,sacfall,NA,SWP,Spring,2025-07-28
C250702CVP,2025-05-05 02:00:00,93,310,sacfall,0.899,186,Unusual,LNNLLNLLLLLL,Late,sacfall,NA,CVP,Spring,2025-07-28
C250774CVP,2025-05-08 04:00:00,89,313,sacfall,0.558,191,Unusual,LNNLLNLLLLLL,Late,sacfall,NA,CVP,Fall,2025-07-28
C250775CVP,2025-05-08 06:00:00,86,313,sacfall,0.41,186,Unusual,LNNLLNLLLLLL,Late,sacfall,NA,CVP,Fall,2025-07-28
C251008CVP,2025-05-27 18:00:00,83,332,sacfall,0.745,182,Normal,LNNLLNLLLLLL,Late,sacfall,NA,CVP,Fall,2025-07-28
C251045CVP,2025-05-29 04:00:00,91,334,sacfall,0.439,190,Normal,LNNLLNLLLLLL,Late,sacfall,NA,CVP,Fall,2025-07-28
C251093CVP,2025-06-03 20:00:00,85,339,sacfall,0.848,184,Unusual,LNNLLNLLLLLL,Late,sacfall,NA,CVP,Fall,2025-07-28
C251094CVP,2025-06-03 20:00:00,81,339,sacfall,0.447,193,Unusual,LNNLLNLLLLLL,Late,sacfall,NA,CVP,Fall,2025-07-28
